{
  "id": "0913c3da-fee3-451a-8fe5-ed8268d2b877",
  "pid": "fc6e547f-514a-4abb-88d7-8a843ad24da2",
  "dblevel": 4,
  "location": "/VGMV/01_BaiGiang/HocTheoSachTrongKinhThanh/CongVuCacSuDo-MSNguyenThi",
  "isVideo": true,
  "url": "01-bai-giang.hoc-theo-sach-trong-kinh-thanh.cong-vu-cac-su-do-ms-nguyen-thi",
  "name": "Công Vụ Các Sứ Đồ - MS Nguyễn Thỉ",
  "count": 28,
  "isLeaf": true,
  "keyword": null,
  "hash": null,
  "khash": null,
  "viewCount": null,
  "duration": null,
  "size": null,
  "children": [
    {
      "id": "a22a6eee-c3e7-4f8e-84f4-2197bac91c1b",
      "pid": "0913c3da-fee3-451a-8fe5-ed8268d2b877",
      "dblevel": 5,
      "location": "/VGMV/01_BaiGiang/HocTheoSachTrongKinhThanh/CongVuCacSuDo-MSNguyenThi/01_Cong010111",
      "isVideo": true,
      "url": "01-bai-giang.hoc-theo-sach-trong-kinh-thanh.cong-vu-cac-su-do-ms-nguyen-thi.01-cong010111",
      "name": "01_Cong010111",
      "count": 0,
      "isLeaf": null,
      "keyword": null,
      "hash": "U2FsdGVkX19ArnVPzMAvfIwoIivq+eNNcqk0Z/eUSeYCL1E+LsGx1Lv4+Q6y5UOvutNzUmAKmu+VHT7VDX5eiw==",
      "khash": "U2FsdGVkX1/LV97pL8w7kabY1lpoxLaf+2K1gba0LX5Xm7mc8+xMvca8icmVI/kSPTNycoIMulvLpcRnW/yDwA==",
      "viewCount": null,
      "duration": "51:8",
      "size": 543503315
    },
    {
      "id": "b5250479-fc34-478c-b9bf-0429c2e0b268",
      "pid": "0913c3da-fee3-451a-8fe5-ed8268d2b877",
      "dblevel": 5,
      "location": "/VGMV/01_BaiGiang/HocTheoSachTrongKinhThanh/CongVuCacSuDo-MSNguyenThi/02_Cong011226",
      "isVideo": true,
      "url": "01-bai-giang.hoc-theo-sach-trong-kinh-thanh.cong-vu-cac-su-do-ms-nguyen-thi.02-cong011226",
      "name": "02_Cong011226",
      "count": 0,
      "isLeaf": null,
      "keyword": null,
      "hash": "U2FsdGVkX1/EgWe5ShtpdLoIv4VzyUrfeh2U6W6VwNRQWJPM/bZQ/GRNZ7i5+qARMiFpcov4Dvhxxu+GM4uBqg==",
      "khash": "U2FsdGVkX19rSJ4JjhC4kGzoyrRVRiqQW6LBRJZa6tTscMHs4aqRgrosXcMopcfzyzEM+7NqXurxaEGo7XrWrA==",
      "viewCount": null,
      "duration": "42:1",
      "size": 321144883
    },
    {
      "id": "6154c81d-5c6e-4cd6-8b93-d416fd63f5e3",
      "pid": "0913c3da-fee3-451a-8fe5-ed8268d2b877",
      "dblevel": 5,
      "location": "/VGMV/01_BaiGiang/HocTheoSachTrongKinhThanh/CongVuCacSuDo-MSNguyenThi/03_Cong020113",
      "isVideo": true,
      "url": "01-bai-giang.hoc-theo-sach-trong-kinh-thanh.cong-vu-cac-su-do-ms-nguyen-thi.03-cong020113",
      "name": "03_Cong020113",
      "count": 0,
      "isLeaf": null,
      "keyword": null,
      "hash": "U2FsdGVkX1+fXoAGUz4nZkGm+WWwe2tIRFOan543TLZWNfyRvnmt8Y8Jin90gzfYzh3QT/RoXxrxnYXVBpCR1Q==",
      "khash": "U2FsdGVkX1+MckYKlZaRkCf7GJpPZQBNNQhaCjCM+XHmJg4MpT6TdiJnI8ovcvR8p+0JRlD3Uu7NDyrh7+uFew==",
      "viewCount": null,
      "duration": "50:36",
      "size": 386757170
    },
    {
      "id": "ba645105-06a5-4d92-8940-a3c69835ee3e",
      "pid": "0913c3da-fee3-451a-8fe5-ed8268d2b877",
      "dblevel": 5,
      "location": "/VGMV/01_BaiGiang/HocTheoSachTrongKinhThanh/CongVuCacSuDo-MSNguyenThi/04_Cong021441",
      "isVideo": true,
      "url": "01-bai-giang.hoc-theo-sach-trong-kinh-thanh.cong-vu-cac-su-do-ms-nguyen-thi.04-cong021441",
      "name": "04_Cong021441",
      "count": 0,
      "isLeaf": null,
      "keyword": null,
      "hash": "U2FsdGVkX1889exZJ1dUJSBo9AA9f7NIx40UHjgHUZ3EWE1z18GFyjsF+PDIcndEnq1egtZ1RDtgQ/p2CzLs4A==",
      "khash": "U2FsdGVkX19/hrGo9WLcncYlP/QyuYCqXQMTEwICihiuedkywDt9yQJ/v98t1PK6USGiZHTF3LfBjoG7UcB+7g==",
      "viewCount": null,
      "duration": "58:36",
      "size": 491667845
    },
    {
      "id": "086b35af-e08f-4f32-9b4a-2a9052e47d97",
      "pid": "0913c3da-fee3-451a-8fe5-ed8268d2b877",
      "dblevel": 5,
      "location": "/VGMV/01_BaiGiang/HocTheoSachTrongKinhThanh/CongVuCacSuDo-MSNguyenThi/05_Cong024247",
      "isVideo": true,
      "url": "01-bai-giang.hoc-theo-sach-trong-kinh-thanh.cong-vu-cac-su-do-ms-nguyen-thi.05-cong024247",
      "name": "05_Cong024247",
      "count": 0,
      "isLeaf": null,
      "keyword": null,
      "hash": "U2FsdGVkX19AxfSFRCYseO2R2B0+2/sYRRVEQoQPYpvtkGocsYwQ38P/pd5ERl9tOESjFxYczGcqCxW8W8VcnQ==",
      "khash": "U2FsdGVkX1/htzmygHfbtt2NEgenqC3m610lqP59MGtLX4Fg+Hzn7GvnjXCimWU8MG10t117SnG1M2u8S5wvDg==",
      "viewCount": null,
      "duration": "55:35",
      "size": 466161753
    },
    {
      "id": "9053083b-4ae4-4592-985b-4465949277aa",
      "pid": "0913c3da-fee3-451a-8fe5-ed8268d2b877",
      "dblevel": 5,
      "location": "/VGMV/01_BaiGiang/HocTheoSachTrongKinhThanh/CongVuCacSuDo-MSNguyenThi/06_Cong030126",
      "isVideo": true,
      "url": "01-bai-giang.hoc-theo-sach-trong-kinh-thanh.cong-vu-cac-su-do-ms-nguyen-thi.06-cong030126",
      "name": "06_Cong030126",
      "count": 0,
      "isLeaf": null,
      "keyword": null,
      "hash": "U2FsdGVkX19qorINifL66ksejYoTyLwmEW+Wkmmbp7KmTVAukKUSu+ckTNrtWtJi75A0rW+i3dGQbkQuqkr0rQ==",
      "khash": "U2FsdGVkX1/3s1KXvBt5aqZBZu+6fAlwlypd0yQqQpw3WKjUX/BoXTgR5qmy8Ow9UrieqkQoeja52fCoRLaKqA==",
      "viewCount": null,
      "duration": "58:36",
      "size": 488776354
    },
    {
      "id": "bb43f61a-d2a0-4aa2-8862-6f6b3a9b6c9e",
      "pid": "0913c3da-fee3-451a-8fe5-ed8268d2b877",
      "dblevel": 5,
      "location": "/VGMV/01_BaiGiang/HocTheoSachTrongKinhThanh/CongVuCacSuDo-MSNguyenThi/07_Cong040137",
      "isVideo": true,
      "url": "01-bai-giang.hoc-theo-sach-trong-kinh-thanh.cong-vu-cac-su-do-ms-nguyen-thi.07-cong040137",
      "name": "07_Cong040137",
      "count": 0,
      "isLeaf": null,
      "keyword": null,
      "hash": "U2FsdGVkX1+nVfSIkt/OKH6Ksrx/i3Er7wAyUaEG/nBwktDKPocJApmBDfvvllQYEuxY9gp7BoIw2rijSk1ggQ==",
      "khash": "U2FsdGVkX1+PlgNuFzPu8hAUMJwbkIqWIiKR4m3FvPXcjMm/Yl/Bzp59iTbXIVyo1mwcAvdnZkAm41b3g2uweg==",
      "viewCount": null,
      "duration": "54:50",
      "size": 419036291
    },
    {
      "id": "d2a26766-5650-47d9-a741-6a4c68753716",
      "pid": "0913c3da-fee3-451a-8fe5-ed8268d2b877",
      "dblevel": 5,
      "location": "/VGMV/01_BaiGiang/HocTheoSachTrongKinhThanh/CongVuCacSuDo-MSNguyenThi/08_Cong04380511",
      "isVideo": true,
      "url": "01-bai-giang.hoc-theo-sach-trong-kinh-thanh.cong-vu-cac-su-do-ms-nguyen-thi.08-cong04380511",
      "name": "08_Cong04380511",
      "count": 0,
      "isLeaf": null,
      "keyword": null,
      "hash": "U2FsdGVkX1+cNl7km1c8e5mJ3DQkOySH8+dxuOwtItXo7zFYhz0lVBX+GZS205YTnhh10rHz392MPs6rsPsAmg==",
      "khash": "U2FsdGVkX1839JuV7YJmMXaBbpHC+AJfZ4pWJf4PTDFC6I5oOe4DIVwGm3+w90tBBKvD+YrDvsivJog+/pVwNA==",
      "viewCount": null,
      "duration": "60:1",
      "size": 434929586
    },
    {
      "id": "339cc1ee-c72d-4d28-89e9-81fe63fbba2c",
      "pid": "0913c3da-fee3-451a-8fe5-ed8268d2b877",
      "dblevel": 5,
      "location": "/VGMV/01_BaiGiang/HocTheoSachTrongKinhThanh/CongVuCacSuDo-MSNguyenThi/09_Cong051242",
      "isVideo": true,
      "url": "01-bai-giang.hoc-theo-sach-trong-kinh-thanh.cong-vu-cac-su-do-ms-nguyen-thi.09-cong051242",
      "name": "09_Cong051242",
      "count": 0,
      "isLeaf": null,
      "keyword": null,
      "hash": "U2FsdGVkX1+0mjJp4jMq7C3GXKwkCB5HDbGd7Ox58Mmd1fR9jsyiKaSVYUM1msEs74zG4JsCf5S+ALsvKwRFOQ==",
      "khash": "U2FsdGVkX19gvgSKirKep+4dUf3C7Nb0FwnjVDeOwkGH+OgpsKvNq+NoqRewk7rZL9J8TmxvboBuo3MobHBkBw==",
      "viewCount": null,
      "duration": "45:54",
      "size": 350916013
    },
    {
      "id": "052f3ea1-1dfb-491e-a7a1-bd8b9dc6a5a4",
      "pid": "0913c3da-fee3-451a-8fe5-ed8268d2b877",
      "dblevel": 5,
      "location": "/VGMV/01_BaiGiang/HocTheoSachTrongKinhThanh/CongVuCacSuDo-MSNguyenThi/10_Cong060106",
      "isVideo": true,
      "url": "01-bai-giang.hoc-theo-sach-trong-kinh-thanh.cong-vu-cac-su-do-ms-nguyen-thi.10-cong060106",
      "name": "10_Cong060106",
      "count": 0,
      "isLeaf": null,
      "keyword": null,
      "hash": "U2FsdGVkX19JCM4tA84TWKAxDZjSHT6cfqK0jahvTg8tHHpJ/0FYGj3d++yJ84TSPAGq7UKZjJzqSiEZ2GOtww==",
      "khash": "U2FsdGVkX1+Zd9iIGz8JVhxa+Q46V02mNlOzZB15EEnaoRVucxV8p0Ofkkq/UxuWpfr3NpUuJhu85aUwdKlffw==",
      "viewCount": null,
      "duration": "42:31",
      "size": 307265037
    },
    {
      "id": "6b75b106-8bca-45a1-813b-f86643657f0f",
      "pid": "0913c3da-fee3-451a-8fe5-ed8268d2b877",
      "dblevel": 5,
      "location": "/VGMV/01_BaiGiang/HocTheoSachTrongKinhThanh/CongVuCacSuDo-MSNguyenThi/11_Cong060715",
      "isVideo": true,
      "url": "01-bai-giang.hoc-theo-sach-trong-kinh-thanh.cong-vu-cac-su-do-ms-nguyen-thi.11-cong060715",
      "name": "11_Cong060715",
      "count": 0,
      "isLeaf": null,
      "keyword": null,
      "hash": "U2FsdGVkX19Xpc+7STTupeRacq+9MSHpKs+kcubzuUr+WxTTmElSQyswTmFX1tAc6NdjBeT4gB5tU0BjGclqAw==",
      "khash": "U2FsdGVkX18c9jMnaPeGKd2cW4U1JQrKI1MBLiCanJk9MGKwHo3kPiWG8wJRwAtoX+5VMF4PJWGSGgIB+Jv3bA==",
      "viewCount": null,
      "duration": "57:0",
      "size": 393132183
    },
    {
      "id": "9e08f162-a5bf-4120-bd0b-b961894d9885",
      "pid": "0913c3da-fee3-451a-8fe5-ed8268d2b877",
      "dblevel": 5,
      "location": "/VGMV/01_BaiGiang/HocTheoSachTrongKinhThanh/CongVuCacSuDo-MSNguyenThi/12_Cong070153",
      "isVideo": true,
      "url": "01-bai-giang.hoc-theo-sach-trong-kinh-thanh.cong-vu-cac-su-do-ms-nguyen-thi.12-cong070153",
      "name": "12_Cong070153",
      "count": 0,
      "isLeaf": null,
      "keyword": null,
      "hash": "U2FsdGVkX18djBx1WCskK7C/RUXlz1V1GgWWgyebJtkB9KOkaVLA6+GaZMY4kBur6bJo9uQk7TL5Nv1w5VM0Ww==",
      "khash": "U2FsdGVkX1/ZIJWWl1ON/tm85kFygumh6l6cUZbrN0sDgc8LosdJUxqLDc7mKKky7IXq3e8hXNyq8YKxCMHD4g==",
      "viewCount": null,
      "duration": "50:25",
      "size": 422266438
    },
    {
      "id": "700ba9f2-98e9-4179-a51f-8ac5595a7a2a",
      "pid": "0913c3da-fee3-451a-8fe5-ed8268d2b877",
      "dblevel": 5,
      "location": "/VGMV/01_BaiGiang/HocTheoSachTrongKinhThanh/CongVuCacSuDo-MSNguyenThi/13_Cong080125",
      "isVideo": true,
      "url": "01-bai-giang.hoc-theo-sach-trong-kinh-thanh.cong-vu-cac-su-do-ms-nguyen-thi.13-cong080125",
      "name": "13_Cong080125",
      "count": 0,
      "isLeaf": null,
      "keyword": null,
      "hash": "U2FsdGVkX1/B8BQ4aHS9ODas4O5i+OOdZDTrkvqP6L0y6eRqICcfnstm/C9B9FKKhPE1f1Q86XhsCW0GB85hkQ==",
      "khash": "U2FsdGVkX19rWkpSuplAnJG4tRiDe7r/sg3GgIEiiK1Z7TQZtViU9le4Zfbo6m7bUUPPDILTqM23w3N2sNVHmQ==",
      "viewCount": null,
      "duration": "44:50",
      "size": 308919251
    },
    {
      "id": "83f49476-bc78-4fd6-bec0-dbc5e2b6539d",
      "pid": "0913c3da-fee3-451a-8fe5-ed8268d2b877",
      "dblevel": 5,
      "location": "/VGMV/01_BaiGiang/HocTheoSachTrongKinhThanh/CongVuCacSuDo-MSNguyenThi/14_Cong082640",
      "isVideo": true,
      "url": "01-bai-giang.hoc-theo-sach-trong-kinh-thanh.cong-vu-cac-su-do-ms-nguyen-thi.14-cong082640",
      "name": "14_Cong082640",
      "count": 0,
      "isLeaf": null,
      "keyword": null,
      "hash": "U2FsdGVkX18P+3n6inoN9/Xl+QgwGG90xkFbmvjRJ/THoRJuoaVJca0jij2diSgrl+Y26wiMQJRhtN2VS+qMyA==",
      "khash": "U2FsdGVkX1+I9qyuMKqMwA5SwtqUq0vRGs2EfP3AYfwFAks6IWBJdZThdWI0MKGtY3G3B6R9AoCNDah4e5WByw==",
      "viewCount": null,
      "duration": "44:44",
      "size": 325188546
    },
    {
      "id": "b7bdc39a-14f6-4e8f-8b8b-da59f84a7a37",
      "pid": "0913c3da-fee3-451a-8fe5-ed8268d2b877",
      "dblevel": 5,
      "location": "/VGMV/01_BaiGiang/HocTheoSachTrongKinhThanh/CongVuCacSuDo-MSNguyenThi/15_Cong090130",
      "isVideo": true,
      "url": "01-bai-giang.hoc-theo-sach-trong-kinh-thanh.cong-vu-cac-su-do-ms-nguyen-thi.15-cong090130",
      "name": "15_Cong090130",
      "count": 0,
      "isLeaf": null,
      "keyword": null,
      "hash": "U2FsdGVkX1/M2sxoL5xDFVkpmo6p3c3gpIA8YvXVuIwnKACLQfRHAOSmYU5ksU6SuYsmtuDil4Dr3sbtBWIYoA==",
      "khash": "U2FsdGVkX1/jEAJn67Wu0JofS2nKYjOPhD6Kt70VsVqVqj1YiY37m2GRc6GhAhGlcr011EY6Y1/vpcoskseo/g==",
      "viewCount": null,
      "duration": "55:9",
      "size": 399153804
    },
    {
      "id": "5ac430b0-1264-4075-9521-286c68d33dbb",
      "pid": "0913c3da-fee3-451a-8fe5-ed8268d2b877",
      "dblevel": 5,
      "location": "/VGMV/01_BaiGiang/HocTheoSachTrongKinhThanh/CongVuCacSuDo-MSNguyenThi/16_Cong093643",
      "isVideo": true,
      "url": "01-bai-giang.hoc-theo-sach-trong-kinh-thanh.cong-vu-cac-su-do-ms-nguyen-thi.16-cong093643",
      "name": "16_Cong093643",
      "count": 0,
      "isLeaf": null,
      "keyword": null,
      "hash": "U2FsdGVkX18kfpy0Rk8icaHLUkobSk7/dEHsGDx2Lan/iQwTRiMVFM/v+iD0Fa1Tgt3W+3PhKIOWc2WN8k0u8A==",
      "khash": "U2FsdGVkX19CM6AeYeZYQQL4RCYF2G0QIuIOyCP2gIREPN7O/CoXer/HpyPjHdz/xQRCIAbusx5y7WRpos1LFg==",
      "viewCount": null,
      "duration": "60:46",
      "size": 419020573
    },
    {
      "id": "62c8dbd1-8dea-4c8b-88d7-d566280f47dd",
      "pid": "0913c3da-fee3-451a-8fe5-ed8268d2b877",
      "dblevel": 5,
      "location": "/VGMV/01_BaiGiang/HocTheoSachTrongKinhThanh/CongVuCacSuDo-MSNguyenThi/17_Cong100148",
      "isVideo": true,
      "url": "01-bai-giang.hoc-theo-sach-trong-kinh-thanh.cong-vu-cac-su-do-ms-nguyen-thi.17-cong100148",
      "name": "17_Cong100148",
      "count": 0,
      "isLeaf": null,
      "keyword": null,
      "hash": "U2FsdGVkX188IxaDtjOol/fQSauXxxQlakrjFt0OhMt+BFP9TMbenqSOHV1dH98iBda8hUAzrvY8N65JUyRMvQ==",
      "khash": "U2FsdGVkX19ENo3foYiY3WrWiOYnC1nukNvW2ZA5Y1DZMQ4KLH5iIlnMy76o8lwhUNpW7D6BzL/gD/6RnIcLVg==",
      "viewCount": null,
      "duration": "53:37",
      "size": 395406976
    },
    {
      "id": "c7a6249f-3f31-49e0-a710-f82f8511a970",
      "pid": "0913c3da-fee3-451a-8fe5-ed8268d2b877",
      "dblevel": 5,
      "location": "/VGMV/01_BaiGiang/HocTheoSachTrongKinhThanh/CongVuCacSuDo-MSNguyenThi/18_Cong110130",
      "isVideo": true,
      "url": "01-bai-giang.hoc-theo-sach-trong-kinh-thanh.cong-vu-cac-su-do-ms-nguyen-thi.18-cong110130",
      "name": "18_Cong110130",
      "count": 0,
      "isLeaf": null,
      "keyword": null,
      "hash": "U2FsdGVkX199FCddcHVE6j7iHuM9g2ETpXAMol7L3bPUFOlEfxl6IBr2s8zkjJo3+2v6mFCoM1v+zukPgJ4nuA==",
      "khash": "U2FsdGVkX1+p2J6c7J1pk29T3e3gI3SDpEICRrC1iBP47XNXYua/vCv4KQbs1lS606AReMnsH7zUcKHNUtcDDw==",
      "viewCount": null,
      "duration": "56:22",
      "size": 515456730
    },
    {
      "id": "ffcfa13c-dd00-488c-a572-b974f5413179",
      "pid": "0913c3da-fee3-451a-8fe5-ed8268d2b877",
      "dblevel": 5,
      "location": "/VGMV/01_BaiGiang/HocTheoSachTrongKinhThanh/CongVuCacSuDo-MSNguyenThi/19_Cong120125",
      "isVideo": true,
      "url": "01-bai-giang.hoc-theo-sach-trong-kinh-thanh.cong-vu-cac-su-do-ms-nguyen-thi.19-cong120125",
      "name": "19_Cong120125",
      "count": 0,
      "isLeaf": null,
      "keyword": null,
      "hash": "U2FsdGVkX1+ZEOEhxPHZrFauVhmCyp18NzMXSp4O2w/P4p2ihYSSsn5sK4i3o0K2I6yeVyzxyVXSdQRvxrAaFA==",
      "khash": "U2FsdGVkX19eCYPJUGLOLOVmX5gHVrPBopmLU1bHp0EQ3N2wNdbo3GiVm4YjG7NKlPHUX7R8jXF5IKYc/2eb9Q==",
      "viewCount": null,
      "duration": "55:56",
      "size": 461905675
    },
    {
      "id": "8ad023fa-7cf0-44c2-848c-f33971ae6066",
      "pid": "0913c3da-fee3-451a-8fe5-ed8268d2b877",
      "dblevel": 5,
      "location": "/VGMV/01_BaiGiang/HocTheoSachTrongKinhThanh/CongVuCacSuDo-MSNguyenThi/20_Cong130112",
      "isVideo": true,
      "url": "01-bai-giang.hoc-theo-sach-trong-kinh-thanh.cong-vu-cac-su-do-ms-nguyen-thi.20-cong130112",
      "name": "20_Cong130112",
      "count": 0,
      "isLeaf": null,
      "keyword": null,
      "hash": "U2FsdGVkX1823aci5AHH9WahwO9udMASPHzi5QWQlnQoRlc9P2zVDVlfiyJJEICcvVqhF87mW2oShgUijLppYw==",
      "khash": "U2FsdGVkX19c0GT2gAVwE3w/0VS6crLQ355ipeO80iHJ60+vkwPt3PqKlkrD2TGZr79OV7+42aiTEPQRm8CgFQ==",
      "viewCount": null,
      "duration": "55:8",
      "size": 421671461
    },
    {
      "id": "023b30a9-b8bb-4d8a-8f68-486c1c68890c",
      "pid": "0913c3da-fee3-451a-8fe5-ed8268d2b877",
      "dblevel": 5,
      "location": "/VGMV/01_BaiGiang/HocTheoSachTrongKinhThanh/CongVuCacSuDo-MSNguyenThi/21_Cong131352",
      "isVideo": true,
      "url": "01-bai-giang.hoc-theo-sach-trong-kinh-thanh.cong-vu-cac-su-do-ms-nguyen-thi.21-cong131352",
      "name": "21_Cong131352",
      "count": 0,
      "isLeaf": null,
      "keyword": null,
      "hash": "U2FsdGVkX193tEpj9GFavR0RDXP+bXIwp4Ybp6VnUmojwwf8ntLvOrcTeCgBHk2CvLlbIpQqRejcMBRrQXqNVg==",
      "khash": "U2FsdGVkX1+mbfhh9Zp22fkCuGrfBhcMa2eTz8s50i/oKk33WZHqg0XThQYbohUpgvVx5uF2lmVJk81i/fnNLw==",
      "viewCount": null,
      "duration": "53:14",
      "size": 407061286
    },
    {
      "id": "128b09fa-a538-4c51-b1d1-30afc5d26ee3",
      "pid": "0913c3da-fee3-451a-8fe5-ed8268d2b877",
      "dblevel": 5,
      "location": "/VGMV/01_BaiGiang/HocTheoSachTrongKinhThanh/CongVuCacSuDo-MSNguyenThi/22_Cong140128",
      "isVideo": true,
      "url": "01-bai-giang.hoc-theo-sach-trong-kinh-thanh.cong-vu-cac-su-do-ms-nguyen-thi.22-cong140128",
      "name": "22_Cong140128",
      "count": 0,
      "isLeaf": null,
      "keyword": null,
      "hash": "U2FsdGVkX1+RIL1uqc0eQ2ivgDqbU425h8wYxY1IVH8srj/VkKwahebXYC9XBv2IZnjukjedFIywD2T+apwo0w==",
      "khash": "U2FsdGVkX19z5Lkddj9rqR0to4iQszf88rrC+YIHOzGVqGVglZjbr1TT6kVRqnZ7XroJcKruRtlKQrvyvbDlVQ==",
      "viewCount": null,
      "duration": "63:50",
      "size": 487877691
    },
    {
      "id": "bd6cfdb8-e344-4bc0-875e-efc056097f5a",
      "pid": "0913c3da-fee3-451a-8fe5-ed8268d2b877",
      "dblevel": 5,
      "location": "/VGMV/01_BaiGiang/HocTheoSachTrongKinhThanh/CongVuCacSuDo-MSNguyenThi/23_Cong150133",
      "isVideo": true,
      "url": "01-bai-giang.hoc-theo-sach-trong-kinh-thanh.cong-vu-cac-su-do-ms-nguyen-thi.23-cong150133",
      "name": "23_Cong150133",
      "count": 0,
      "isLeaf": null,
      "keyword": null,
      "hash": "U2FsdGVkX1+TVlfyshPqlvfuTpTKSp2CHk0mOc39y4lnvoNdtSxZvepmr4fprjjdVnA8EilMFFKpq96/+lPslw==",
      "khash": "U2FsdGVkX1+gXWyKVYPyzsRcdehFo4E32aeGu+VV1kYAWEwJCXqO/d4JXYf/V05nLUXCBJHK1oeJXknTEO3lbQ==",
      "viewCount": null,
      "duration": "75:5",
      "size": 627111494
    },
    {
      "id": "007d2575-41aa-4041-9685-0a037cd772ad",
      "pid": "0913c3da-fee3-451a-8fe5-ed8268d2b877",
      "dblevel": 5,
      "location": "/VGMV/01_BaiGiang/HocTheoSachTrongKinhThanh/CongVuCacSuDo-MSNguyenThi/24_Cong153541",
      "isVideo": true,
      "url": "01-bai-giang.hoc-theo-sach-trong-kinh-thanh.cong-vu-cac-su-do-ms-nguyen-thi.24-cong153541",
      "name": "24_Cong153541",
      "count": 0,
      "isLeaf": null,
      "keyword": null,
      "hash": "U2FsdGVkX1/MT9tHwsbhdSv7il4PxeB/Gy8PDN+qXdOHc7gHei2MEwA3nc9lmGdbS9RB9EFMfrPl+ld8t6utUw==",
      "khash": "U2FsdGVkX1+XgSXyEKSNGQr8QBeUPrxZjBOmjPCjCP0QHVl/tqxbrXQy8xTqrp8yX4CO3R41NDObesulc22h/A==",
      "viewCount": null,
      "duration": "67:27",
      "size": 666054888
    },
    {
      "id": "89f81b0e-3144-4ff3-9978-bfcb002bedab",
      "pid": "0913c3da-fee3-451a-8fe5-ed8268d2b877",
      "dblevel": 5,
      "location": "/VGMV/01_BaiGiang/HocTheoSachTrongKinhThanh/CongVuCacSuDo-MSNguyenThi/25_Cong15411610",
      "isVideo": true,
      "url": "01-bai-giang.hoc-theo-sach-trong-kinh-thanh.cong-vu-cac-su-do-ms-nguyen-thi.25-cong15411610",
      "name": "25_Cong15411610",
      "count": 0,
      "isLeaf": null,
      "keyword": null,
      "hash": "U2FsdGVkX18iQwiST0yNX9BPGaNKRBE6pqQmi/VSxLuGYfoJvqpYXQdbpH4hPGmZV3RB+J/RFDZ6mdpzQNhXAQ==",
      "khash": "U2FsdGVkX1/7VQ++SOuOcOXNi2XXu33pXxpmaPogSai1OUFK2NtyKIcMRWlyh0/XTO4Nu70NJGNpC5owRYDasw==",
      "viewCount": null,
      "duration": "64:49",
      "size": 495002567
    },
    {
      "id": "a1f83dd7-cf14-4d66-8076-8c33f89b34ee",
      "pid": "0913c3da-fee3-451a-8fe5-ed8268d2b877",
      "dblevel": 5,
      "location": "/VGMV/01_BaiGiang/HocTheoSachTrongKinhThanh/CongVuCacSuDo-MSNguyenThi/26_Cong161140",
      "isVideo": true,
      "url": "01-bai-giang.hoc-theo-sach-trong-kinh-thanh.cong-vu-cac-su-do-ms-nguyen-thi.26-cong161140",
      "name": "26_Cong161140",
      "count": 0,
      "isLeaf": null,
      "keyword": null,
      "hash": "U2FsdGVkX19IwNFyWGZ5BW8R1yGs7pXncrCEKajfzPtXx78q51yEIqNDkRj2bTU+kOusEDtPEPnlzQBdUEShgw==",
      "khash": "U2FsdGVkX1+X7pdZMO+s3xZLWfLsDL6IugvwhmNxp1ShlCAeueyaiZ7IRfAK6K5vr9e7lz4BXOU7ewUU6bF5/w==",
      "viewCount": null,
      "duration": "41:33",
      "size": 417125120
    },
    {
      "id": "8db414cd-d4b2-4530-b907-62f8d8ce0f41",
      "pid": "0913c3da-fee3-451a-8fe5-ed8268d2b877",
      "dblevel": 5,
      "location": "/VGMV/01_BaiGiang/HocTheoSachTrongKinhThanh/CongVuCacSuDo-MSNguyenThi/27_Cong170115",
      "isVideo": true,
      "url": "01-bai-giang.hoc-theo-sach-trong-kinh-thanh.cong-vu-cac-su-do-ms-nguyen-thi.27-cong170115",
      "name": "27_Cong170115",
      "count": 0,
      "isLeaf": null,
      "keyword": null,
      "hash": "U2FsdGVkX1/2NBCqKTQRrTTrBXFARAAZfEbfoJyHdiVeWszFWMRsNqKYDToIDV2jgNgUtBQ8K2rF15sl3hgcfA==",
      "khash": "U2FsdGVkX19K2g2hZiPBaYOlx8s5XA2mqu76mV6OL3DVbb93e28aAXrDMK5KyzQR0CwIKlZhS+B+jPvctTAEeg==",
      "viewCount": null,
      "duration": "39:7",
      "size": 391043991
    },
    {
      "id": "9194ae0a-e909-4d86-a0b0-3ed122e94147",
      "pid": "0913c3da-fee3-451a-8fe5-ed8268d2b877",
      "dblevel": 5,
      "location": "/VGMV/01_BaiGiang/HocTheoSachTrongKinhThanh/CongVuCacSuDo-MSNguyenThi/28_Cong171634",
      "isVideo": true,
      "url": "01-bai-giang.hoc-theo-sach-trong-kinh-thanh.cong-vu-cac-su-do-ms-nguyen-thi.28-cong171634",
      "name": "28_Cong171634",
      "count": 0,
      "isLeaf": null,
      "keyword": null,
      "hash": "U2FsdGVkX1/mDdcSOT3bBbVgkiSj3vG5QxnCa+Xv1pxFX3B9KbWvmGdHna7/uIEg0TYqU43g765ugeBD4QCOUQ==",
      "khash": "U2FsdGVkX1/KvHuBQ6Yfc8jySwuoSPCFRrbPU1TUBtqM4xbessp/W5JPTZmfdZSH37SsZsqGZ1tATYCvyjBW3w==",
      "viewCount": null,
      "duration": "46:28",
      "size": 466127686
    }
  ]
}