{
  "id": "38e9cb7d-8829-475d-8290-ea59707c370a",
  "pid": "898cfb55-51f0-4444-aebd-db94d9c550d8",
  "dblevel": 4,
  "location": "/VGMV/01_BaiGiang/MucsuNguyenThi/Nam2009",
  "isVideo": true,
  "url": "01-bai-giang.muc-su-nguyen-thi.nam-2009",
  "name": "Năm 2009",
  "count": 23,
  "isLeaf": true,
  "keyword": null,
  "hash": null,
  "khash": null,
  "viewCount": null,
  "duration": null,
  "size": null,
  "children": [
    {
      "id": "6e2f267a-02ec-407d-b264-2c8991fa0b54",
      "pid": "38e9cb7d-8829-475d-8290-ea59707c370a",
      "dblevel": 5,
      "location": "/VGMV/01_BaiGiang/MucsuNguyenThi/Nam2009/03222009NhungMoiQuanHeTrongHoiThanhITi050120",
      "isVideo": true,
      "url": "01-bai-giang.muc-su-nguyen-thi.nam-2009.03222009-nhung-moi-quan-he-trong-hoi-thanh-iti050120",
      "name": "03222009 Những Mối Quan Hệ Trong Hội Thánh ITi050120",
      "count": 0,
      "isLeaf": null,
      "keyword": null,
      "hash": "U2FsdGVkX1+zKQtMS63UciU/cQihkWu9v09pxi8m/vEu2X1+Tw8+2Px0baJrnW8ZAFKZZM5wgpui0+dLy3ycxg==",
      "khash": "U2FsdGVkX1+IVkfscKY6qgNLeamWVu3jIuXmbYW6aihHi2QmQVsuaE53Ld36CixpUU//LN/BUgtSZQg0jq0OyA==",
      "viewCount": null,
      "duration": "43:50",
      "size": 488643154
    },
    {
      "id": "270a44a0-d72e-488f-82d5-7657ec10a6d5",
      "pid": "38e9cb7d-8829-475d-8290-ea59707c370a",
      "dblevel": 5,
      "location": "/VGMV/01_BaiGiang/MucsuNguyenThi/Nam2009/03292009GiauHayNgheoITi060610-101719",
      "isVideo": true,
      "url": "01-bai-giang.muc-su-nguyen-thi.nam-2009.03292009-giau-hay-ngheo-iti060610-101719",
      "name": "03292009 Giàu Hay Nghèo ITi060610-101719",
      "count": 0,
      "isLeaf": null,
      "keyword": null,
      "hash": "U2FsdGVkX186YVLpRZVtpYiEF6TKDTIHEyu2J2IlUcsVDgjqr3M/A9IKjjFZ+tA1EifopX5SjnMJWqsSfhwDGQ==",
      "khash": "U2FsdGVkX1/LmCRY0apuzdrtSxMfi+1eD1LuPB/9zrs/A0YTEcEe+7l2gLD6HUpxZE0rR/JWWpvuddLd8vCF9g==",
      "viewCount": null,
      "duration": "35:43",
      "size": 397541854
    },
    {
      "id": "e634f573-4166-4761-bd98-142cd4b14958",
      "pid": "38e9cb7d-8829-475d-8290-ea59707c370a",
      "dblevel": 5,
      "location": "/VGMV/01_BaiGiang/MucsuNguyenThi/Nam2009/04052009KetQuaTrongSuChetGi121226",
      "isVideo": true,
      "url": "01-bai-giang.muc-su-nguyen-thi.nam-2009.04052009-ket-qua-trong-su-chet-gi121226",
      "name": "04052009 Kết Quả Trong Sự Chết Gi121226",
      "count": 0,
      "isLeaf": null,
      "keyword": null,
      "hash": "U2FsdGVkX194xYat6dO/K+J4/++SYg2ZstKP98lGdhzVLT6PxEJWew5u/UpGAbcdwYWi5L2LUeK9loM5jvbT2A==",
      "khash": "U2FsdGVkX1+XoCwmCyqIqKnsyqV6DhUgWv3NTAUrSjstUrpxpoCnxTV8O/+zZowAJ3bJdHzQP9bpKe/O8r7HPw==",
      "viewCount": null,
      "duration": "26:22",
      "size": 293728186
    },
    {
      "id": "16302b8e-ac91-45cb-9c6d-6cce79c87e71",
      "pid": "38e9cb7d-8829-475d-8290-ea59707c370a",
      "dblevel": 5,
      "location": "/VGMV/01_BaiGiang/MucsuNguyenThi/Nam2009/04102009TKBenChanThapGia",
      "isVideo": true,
      "url": "01-bai-giang.muc-su-nguyen-thi.nam-2009.04102009tk-ben-chan-thap-gia",
      "name": "04102009TK Bên Chân Thập Giá",
      "count": 0,
      "isLeaf": null,
      "keyword": null,
      "hash": "U2FsdGVkX19wHKUektWtSZSIan8GPODKEpIld7ofv2gpqBgOcBpX7zhZk+00db1sIFfS7SrDaw833njOcyFeig==",
      "khash": "U2FsdGVkX18xYTnSdWwe9vK/mej7r3Ix1lY32q5e8tVdJSUtbVF6idFr01oIoIw1vnk2pX+oXjijobJx+eRImw==",
      "viewCount": null,
      "duration": "24:57",
      "size": 278126850
    },
    {
      "id": "62b3a4ef-806f-46b7-9255-030bfb530b45",
      "pid": "38e9cb7d-8829-475d-8290-ea59707c370a",
      "dblevel": 5,
      "location": "/VGMV/01_BaiGiang/MucsuNguyenThi/Nam2009/04122009GapChuaPhucSinhGi200129",
      "isVideo": true,
      "url": "01-bai-giang.muc-su-nguyen-thi.nam-2009.04122009-gap-chua-phuc-sinh-gi200129",
      "name": "04122009 Gặp Chúa Phục Sinh Gi200129",
      "count": 0,
      "isLeaf": null,
      "keyword": null,
      "hash": "U2FsdGVkX1+RCFvl0PWhG0s/3Mv2c3ASB5G5PBOcmCqf3RmazFvWWVR8Yj9PSMLOPi6Scg5Y4tgi5F2CX1oXkQ==",
      "khash": "U2FsdGVkX1/vsbAxc5q7orXL9oOz0l5Rv8ZZi/j3vKBzQju/5lyPzmBNEXfsj3i66spVpKWW8TRWNeI2oj6UpA==",
      "viewCount": null,
      "duration": "33:6",
      "size": 367856750
    },
    {
      "id": "4d873713-16e3-4961-9e06-6206a560c1ed",
      "pid": "38e9cb7d-8829-475d-8290-ea59707c370a",
      "dblevel": 5,
      "location": "/VGMV/01_BaiGiang/MucsuNguyenThi/Nam2009/04192009LamGiSauPhucSinhGi210114",
      "isVideo": true,
      "url": "01-bai-giang.muc-su-nguyen-thi.nam-2009.04192009-lam-gi-sau-phuc-sinh-gi210114",
      "name": "04192009 Làm Gì Sau Phục Sinh Gi210114",
      "count": 0,
      "isLeaf": null,
      "keyword": null,
      "hash": "U2FsdGVkX1+rk6Xp6fI/AyFoBtgBw+JYWJhsIs+8cRVb/cJ8CIMYncNqFm8y5W/RnWTeWDaHj9PcjIz4419Z8g==",
      "khash": "U2FsdGVkX19FS7bnK5mFWItxSBZuEqP8mlLValdA/YRw9pnRNBx68VOXGTElcnRQCgNJlZex4upeaIfjZWAS8A==",
      "viewCount": null,
      "duration": "24:46",
      "size": 395801529
    },
    {
      "id": "5adb50f4-9aaa-4274-a90d-9f6b61af9750",
      "pid": "38e9cb7d-8829-475d-8290-ea59707c370a",
      "dblevel": 5,
      "location": "/VGMV/01_BaiGiang/MucsuNguyenThi/Nam2009/04262009SauCachToLongYeuKinhChuaMat223738",
      "isVideo": true,
      "url": "01-bai-giang.muc-su-nguyen-thi.nam-2009.04262009-sau-cach-to-long-yeu-kinh-chua-mat223738",
      "name": "04262009 Sáu Cách Tỏ Lòng Yêu Kính Chúa Mat223738",
      "count": 0,
      "isLeaf": null,
      "keyword": null,
      "hash": "U2FsdGVkX1+idb5PsvtU8hkkf512vhBp9+87LfkmvvWnoihxo/K4dq8KF+pcWyvYpSi525+bnumcGtWMclKPJQ==",
      "khash": "U2FsdGVkX1++d52WN0RpZDNXi1gwtpKZDw42enYLAwi6MvFxwVF2u0v1WK1sXzkmD3EzKAVby2/jbogByF0cxw==",
      "viewCount": null,
      "duration": "36:42",
      "size": 588894413
    },
    {
      "id": "158a19a8-6e81-4699-9f41-b539da0a5548",
      "pid": "38e9cb7d-8829-475d-8290-ea59707c370a",
      "dblevel": 5,
      "location": "/VGMV/01_BaiGiang/MucsuNguyenThi/Nam2009/05032009ToiTheoChuaGi013551",
      "isVideo": true,
      "url": "01-bai-giang.muc-su-nguyen-thi.nam-2009.05032009-toi-theo-chua-gi013551",
      "name": "05032009 Tôi Theo Chúa Gi013551",
      "count": 0,
      "isLeaf": null,
      "keyword": null,
      "hash": "U2FsdGVkX18C9q1xqwWpOF0gOKNFTz8yOQG9cXCHBQJy4yhrRARE+Tv6wQZQijysun5XeEXMsK8UqlKXBt0d2g==",
      "khash": "U2FsdGVkX1/ZADpHBGOA3cV+jYYwfM7tl7gsNyPL8YC9DhvNtGecI5ypi43jeiCV0sDiJ8IzkuCrbie8g7q2dw==",
      "viewCount": null,
      "duration": "33:39",
      "size": 536897032
    },
    {
      "id": "c0ad3163-874d-4d27-a7cd-eaceea3a1367",
      "pid": "38e9cb7d-8829-475d-8290-ea59707c370a",
      "dblevel": 5,
      "location": "/VGMV/01_BaiGiang/MucsuNguyenThi/Nam2009/05102009HonNhanHanhPhucEp052133",
      "isVideo": true,
      "url": "01-bai-giang.muc-su-nguyen-thi.nam-2009.05102009-hon-nhan-hanh-phuc-ep052133",
      "name": "05102009 Hôn Nhân Hạnh Phúc Ep052133",
      "count": 0,
      "isLeaf": null,
      "keyword": null,
      "hash": "U2FsdGVkX18P4hMxi+CMMzIggr3GzAfzaW4QLuE4UHY=",
      "khash": "U2FsdGVkX1/FGbNTa59NbAFzK1JTypW2fZPUO4yl0wVF26W8HEcGM+AC4YDF5APgtPlAJKkd7JNoAO261FIpXg==",
      "viewCount": null,
      "duration": "43:35",
      "size": 697162572
    },
    {
      "id": "1ccd1d53-98e4-4a45-a82b-d165cadf059d",
      "pid": "38e9cb7d-8829-475d-8290-ea59707c370a",
      "dblevel": 5,
      "location": "/VGMV/01_BaiGiang/MucsuNguyenThi/Nam2009/08302009ChuaHienDienVaSuCoDonThi1390112",
      "isVideo": true,
      "url": "01-bai-giang.muc-su-nguyen-thi.nam-2009.08302009-chua-hien-dien-va-su-co-don-thi1390112",
      "name": "08302009 Chúa Hiện Diện Và Sự Cô Đơn Thi1390112",
      "count": 0,
      "isLeaf": null,
      "keyword": null,
      "hash": "U2FsdGVkX19DnOAA366kYv7kbcyuRP4q9f464l2Y67qfwnnKKO+UPXRiugkwvFbEsS1KJO3CKzzm2D9sfkgGLQ==",
      "khash": "U2FsdGVkX1+o9RKhqIhdXHHQVPBoTNznl4yeRbiUMrZVbpPiQZ1pek503kN+G7Vf5vXk4eAtYsHBtNjP1Y0ghA==",
      "viewCount": null,
      "duration": "37:45",
      "size": 599108647
    },
    {
      "id": "ca2e0384-422c-4953-ad11-366c62ea1bb5",
      "pid": "38e9cb7d-8829-475d-8290-ea59707c370a",
      "dblevel": 5,
      "location": "/VGMV/01_BaiGiang/MucsuNguyenThi/Nam2009/09062009BaCauHoiMotCauTraLoiGi140114",
      "isVideo": true,
      "url": "01-bai-giang.muc-su-nguyen-thi.nam-2009.09062009-ba-cau-hoi-mot-cau-tra-loi-gi140114",
      "name": "09062009 Ba Câu Hỏi Một Câu Trả Lời Gi140114",
      "count": 0,
      "isLeaf": null,
      "keyword": null,
      "hash": "U2FsdGVkX19fPLI4VnyYAk+VkJkHwxd/2a2HnnnQ3rtsVVAs6MpZzeLp+6a6A7AK3YFGXb14m+HjAcO0TJbrnw==",
      "khash": "U2FsdGVkX185NaGU7Ld4QYCuzBPELnTEWbvmzmbxcA+CWPtIVD2r6FWVv6/WVTJeqvbu+NP2R9iBq2hAm6Z+BQ==",
      "viewCount": null,
      "duration": "35:48",
      "size": 571932897
    },
    {
      "id": "561b456c-167b-4955-93fa-2cff854261bb",
      "pid": "38e9cb7d-8829-475d-8290-ea59707c370a",
      "dblevel": 5,
      "location": "/VGMV/01_BaiGiang/MucsuNguyenThi/Nam2009/09272009ChuaYeuThuongvaVanDeToiLoiCh2813",
      "isVideo": true,
      "url": "01-bai-giang.muc-su-nguyen-thi.nam-2009.09272009-chua-yeu-thuong-va-van-de-toi-loi-ch2813",
      "name": "09272009 Chúa Yêu Thương và Vấn Đề Tội Lỗi Ch2813",
      "count": 0,
      "isLeaf": null,
      "keyword": null,
      "hash": "U2FsdGVkX18hGlfu7qrpHVDVMhwB9mbgkrNfBjJ3z+6Fy0oy7aecYYjNpVJdPsVCO+0KXWjJWJuFjfayKxT9CA==",
      "khash": "U2FsdGVkX1/BWNd5c1WDvGm8O1Fvh9THrxpLQdf54+o4aSLVnxtRAZK9FSr9Bfxe5o5sI+gECPGHF6hyJFYzjA==",
      "viewCount": null,
      "duration": "28:7",
      "size": 446194540
    },
    {
      "id": "232a158a-20c1-455a-908d-dd04444c6163",
      "pid": "38e9cb7d-8829-475d-8290-ea59707c370a",
      "dblevel": 5,
      "location": "/VGMV/01_BaiGiang/MucsuNguyenThi/Nam2009/10042009ChuaGie-xuVaCongTacTruyenGiaoMat093538",
      "isVideo": true,
      "url": "01-bai-giang.muc-su-nguyen-thi.nam-2009.10042009-chua-gie-xu-va-cong-tac-truyen-giao-mat093538",
      "name": "10042009 Chúa Giê-xu Và Công Tác Truyền Giáo Mat093538",
      "count": 0,
      "isLeaf": null,
      "keyword": null,
      "hash": "U2FsdGVkX18z1wu9kYH/DagUtzsBwsTQ8ViNd0xWXF1iPG45XyTbgyyN8uyAgBXZNmoUIIsTKmZZihgGLsPx2g==",
      "khash": "U2FsdGVkX19xX2WqRgT0qb0jZGXkhVTtajNMJbGDM/JRCdgU4lH6QVjQemuF9PSa6ffDcyM9XnF+EOJw/1SJHA==",
      "viewCount": null,
      "duration": "34:31",
      "size": 548195458
    },
    {
      "id": "6a854857-43a7-445e-a94c-b8928b0de0f7",
      "pid": "38e9cb7d-8829-475d-8290-ea59707c370a",
      "dblevel": 5,
      "location": "/VGMV/01_BaiGiang/MucsuNguyenThi/Nam2009/10182009NguoiTinChuavaCongTacTruyenGiaoCong010111",
      "isVideo": true,
      "url": "01-bai-giang.muc-su-nguyen-thi.nam-2009.10182009-nguoi-tin-chua-va-cong-tac-truyen-giao-cong010111",
      "name": "10182009 Người Tin Chúa và Công Tác Truyền Giáo Cong010111",
      "count": 0,
      "isLeaf": null,
      "keyword": null,
      "hash": "",
      "khash": null,
      "viewCount": null,
      "duration": "36:25",
      "size": 579399086
    },
    {
      "id": "a78877b5-f68c-48fc-adfa-5dcff8537c53",
      "pid": "38e9cb7d-8829-475d-8290-ea59707c370a",
      "dblevel": 5,
      "location": "/VGMV/01_BaiGiang/MucsuNguyenThi/Nam2009/10252009XayDungTinhBanChoCoiDoiDoiRo0511",
      "isVideo": true,
      "url": "01-bai-giang.muc-su-nguyen-thi.nam-2009.10252009-xay-dung-tinh-ban-cho-coi-doi-doi-ro0511",
      "name": "10252009 Xây Dựng Tình Bạn Cho Cõi Đời Đời Ro0511",
      "count": 0,
      "isLeaf": null,
      "keyword": null,
      "hash": "U2FsdGVkX1/D+DFVsqVsSlZTz/YTng4LScU0gVHvaM92K+W3FImBXobVP5WJ5vnIET6O+UJUX4Pc0oJBQbjX6g==",
      "khash": "U2FsdGVkX19xIX6HvyzpWnqBSrKE7U2bpS1m6ILzQWwlCMVTfXj8Zpcgp0uD2hI2YQDwlnFKTt4it+AsahAcOQ==",
      "viewCount": null,
      "duration": "24:17",
      "size": 386793621
    },
    {
      "id": "7848e5d2-e381-43ac-96d4-2dfd582d9054",
      "pid": "38e9cb7d-8829-475d-8290-ea59707c370a",
      "dblevel": 5,
      "location": "/VGMV/01_BaiGiang/MucsuNguyenThi/Nam2009/11012009SuMangTruyenGiaoMat281820",
      "isVideo": true,
      "url": "01-bai-giang.muc-su-nguyen-thi.nam-2009.11012009-su-mang-truyen-giao-mat281820",
      "name": "11012009 Sứ Mạng Truyền Giáo Mat281820",
      "count": 0,
      "isLeaf": null,
      "keyword": null,
      "hash": "U2FsdGVkX182Q34TihwC0WDUeI8qDyswt1PWJZUMNQ6lwY6BUuOtnHqqQyP3Ms/QSDlfbZ6S6N/qw+/KrOSdTQ==",
      "khash": "U2FsdGVkX1+3OX2yEhoRK8QptQvpPfBO9hZjPnI2ZyEqMjJck0QYqNg2fSVvWuCJUlg3LVY7gESLbEgidAWJNg==",
      "viewCount": null,
      "duration": "44:36",
      "size": 710029502
    },
    {
      "id": "a8d84d5f-458f-4237-80ee-12c3c50b78de",
      "pid": "38e9cb7d-8829-475d-8290-ea59707c370a",
      "dblevel": 5,
      "location": "/VGMV/01_BaiGiang/MucsuNguyenThi/Nam2009/11082009BietOnChuaTrungTinVoiChuaPhu060125",
      "isVideo": true,
      "url": "01-bai-giang.muc-su-nguyen-thi.nam-2009.11082009-biet-on-chua-trung-tin-voi-chua-phu060125",
      "name": "11082009 Biết Ơn Chúa Trung Tín Với Chúa Phu060125",
      "count": 0,
      "isLeaf": null,
      "keyword": null,
      "hash": "U2FsdGVkX1+C/bTUrH5ySCZRgYiGnE7ooZIu7hSRpyGP5ZwLXKShPvxqbGjMKeMWvWKR02VYu7BhHg83cQZZSQ==",
      "khash": "U2FsdGVkX19Z7KeHUlaKZvWIyZGpENdt7spgcw+HL9d/3pOsWABWgSGbm6iBYDXrCBB6QcN/GGEUi+Ia1PLviQ==",
      "viewCount": null,
      "duration": "39:32",
      "size": 629480288
    },
    {
      "id": "c23ef493-1911-4809-9037-8848414e40d7",
      "pid": "38e9cb7d-8829-475d-8290-ea59707c370a",
      "dblevel": 5,
      "location": "/VGMV/01_BaiGiang/MucsuNguyenThi/Nam2009/11152009BietOnChuaVangGiuLoiChuaPhu080120",
      "isVideo": true,
      "url": "01-bai-giang.muc-su-nguyen-thi.nam-2009.11152009-biet-on-chua-vang-giu-loi-chua-phu080120",
      "name": "11152009 Biết Ơn Chúa Vâng Giữ Lời Chúa Phu080120",
      "count": 0,
      "isLeaf": null,
      "keyword": null,
      "hash": "U2FsdGVkX19ibRxrqx1yRo5IbNBUTyiESKukpVGkErSs1lmHMR1hVPz2Nj5GJeTjOohSFXyRWIOtx9YC3LNr4A==",
      "khash": "U2FsdGVkX19WHjYHKhPYLFq0atr70jidHL+X+vvMY3r8H8SQwsntTznX1xASJeuhqxH4LQk0f6aAXqU15jZyhg==",
      "viewCount": null,
      "duration": "39:36",
      "size": 631946050
    },
    {
      "id": "0dc8644e-48b3-4845-8d96-ac84e9e2b47f",
      "pid": "38e9cb7d-8829-475d-8290-ea59707c370a",
      "dblevel": 5,
      "location": "/VGMV/01_BaiGiang/MucsuNguyenThi/Nam2009/11222009BietOnChuaPhucVuChuaGios240128",
      "isVideo": true,
      "url": "01-bai-giang.muc-su-nguyen-thi.nam-2009.11222009-biet-on-chua-phuc-vu-chua-gios240128",
      "name": "11222009 Biết Ơn Chúa Phục Vụ Chúa Gios240128",
      "count": 0,
      "isLeaf": null,
      "keyword": null,
      "hash": "U2FsdGVkX1+of0ZBmtv+DvEt4lthLY2DzSkTFi4jSlgAy/yJ57q9auELuoJCmozW89bTk5t/Kvp8DEqILh4Lmg==",
      "khash": "U2FsdGVkX19X37aCYABpfiDdRWerxmAyGs3iaNaNyXh35PkgiW0MNnNh8x7qNYYbOOAbQxQI06ZrLTzjQE3tAg==",
      "viewCount": null,
      "duration": "22:47",
      "size": 364368594
    },
    {
      "id": "33a0bed3-bf83-4385-9d27-2a52f434e799",
      "pid": "38e9cb7d-8829-475d-8290-ea59707c370a",
      "dblevel": 5,
      "location": "/VGMV/01_BaiGiang/MucsuNguyenThi/Nam2009/11292009PhuocHanhGiangSinhLu020120",
      "isVideo": true,
      "url": "01-bai-giang.muc-su-nguyen-thi.nam-2009.11292009-phuoc-hanh-giang-sinh-lu020120",
      "name": "11292009 Phước Hạnh Giáng Sinh Lu020120",
      "count": 0,
      "isLeaf": null,
      "keyword": null,
      "hash": "U2FsdGVkX1+mwjikiSSV9I5cOuYAYxUQuAOSj5AaFZbcC7p1qjlasSU2Y0rj2QNnMuy72M3vZ5XCc6qibAsBtA==",
      "khash": "U2FsdGVkX185WsPidCDb50su68IYJ4qWoOFqbkpue9ifYJ4MnEAMWjKwKqHEGXMg39JriGLVro5Gg+wi0VrKnQ==",
      "viewCount": null,
      "duration": "31:49",
      "size": 507682853
    },
    {
      "id": "0fbf715d-37fc-437c-9b53-39870c91d1a8",
      "pid": "38e9cb7d-8829-475d-8290-ea59707c370a",
      "dblevel": 5,
      "location": "/VGMV/01_BaiGiang/MucsuNguyenThi/Nam2009/12062009NgoiLoiTroNenXacThitGi010118",
      "isVideo": true,
      "url": "01-bai-giang.muc-su-nguyen-thi.nam-2009.12062009-ngoi-loi-tro-nen-xac-thit-gi010118",
      "name": "12062009 Ngôi Lời Trở Nên Xác Thịt Gi010118",
      "count": 0,
      "isLeaf": null,
      "keyword": null,
      "hash": "U2FsdGVkX1+EQuYCrtUN2T2k3fPj3GBSLjfs9IY+4RuIW9eIsxLcATCvsVOFTfWkJx5ncrf5Zu+pcMNNmEcQjQ==",
      "khash": "U2FsdGVkX19A83bVjVpMJy91WxsImHc3qbKXov7OsD9/j33cNThGhGv+az3wymB4nZ/ulpKdaPNe3quvXK0c+Q==",
      "viewCount": null,
      "duration": "37:3",
      "size": 592558685
    },
    {
      "id": "9b37f696-87cd-4f57-b8c2-98e4866933c0",
      "pid": "38e9cb7d-8829-475d-8290-ea59707c370a",
      "dblevel": 5,
      "location": "/VGMV/01_BaiGiang/MucsuNguyenThi/Nam2009/12132009NguoiDayOnLu012638",
      "isVideo": true,
      "url": "01-bai-giang.muc-su-nguyen-thi.nam-2009.12132009-nguoi-day-on-lu012638",
      "name": "12132009 Người Đầy Ơn Lu012638",
      "count": 0,
      "isLeaf": null,
      "keyword": null,
      "hash": "U2FsdGVkX19HDyKnFOWjIx9k8nY4icgUqcxWjexfy6NOWKyg4M9/VZXQuL5iwXlLx0FpcBuhgmft5MePyQKk+w==",
      "khash": "U2FsdGVkX1970nSgGPRO5ppudFMqWF5mutDNHF5dYIBPqvO+OX8jYJJ+c5DemRfylpbMmuFbWwWkNdwE+2cSoQ==",
      "viewCount": null,
      "duration": "33:52",
      "size": 540439670
    },
    {
      "id": "a954dbc3-2b64-4921-84dc-5979bf16fd63",
      "pid": "38e9cb7d-8829-475d-8290-ea59707c370a",
      "dblevel": 5,
      "location": "/VGMV/01_BaiGiang/MucsuNguyenThi/Nam2009/12242009TinhYeuGiangThe",
      "isVideo": true,
      "url": "01-bai-giang.muc-su-nguyen-thi.nam-2009.12242009-tinh-yeu-giang-the",
      "name": "12242009 Tình Yêu Giáng Thế",
      "count": 0,
      "isLeaf": null,
      "keyword": null,
      "hash": "U2FsdGVkX1/K8pxJkyTGJydWJJE6AwKFxYvskxVepWji+VqYN17andk2DMOzMsMBHAq+RICzLSvAa73Hq838uQ==",
      "khash": "U2FsdGVkX1++EACiP7ujNZWEyilLuEuYUsQbbOBvEICcSzwoxc5fOCLXoW3JyaemL+1EUTXZT4DOlUEQ7yC12A==",
      "viewCount": null,
      "duration": "25:43",
      "size": 411098779
    }
  ]
}