{
  "id": "5de8a03f-3734-49ac-9eed-f94ad7115cae",
  "pid": "71832048-cb5a-498b-a6d9-9d1831fd437b",
  "dblevel": 4,
  "location": "/VGMV/01_BaiGiang/HocTheoChuDe/09-KinhNghiemDoiSong",
  "isVideo": true,
  "url": "01-bai-giang.hoc-theo-chu-de.09-kinh-nghiem-doi-song",
  "name": "09-Kinh Nghiệm Đời Sống",
  "count": 17,
  "isLeaf": true,
  "keyword": null,
  "hash": null,
  "khash": null,
  "viewCount": null,
  "duration": null,
  "size": null,
  "children": [
    {
      "id": "ae89ae57-85a1-4067-99f3-d521b9d8c3f0",
      "pid": "5de8a03f-3734-49ac-9eed-f94ad7115cae",
      "dblevel": 5,
      "location": "/VGMV/01_BaiGiang/HocTheoChuDe/09-KinhNghiemDoiSong/01_CoDocNhanTrongSuLuuDay",
      "isVideo": true,
      "url": "01-bai-giang.hoc-theo-chu-de.09-kinh-nghiem-doi-song.01-co-doc-nhan-trong-su-luu-day",
      "name": "01_Cơ Đốc Nhân Trong Sự Lưu Đày",
      "count": 0,
      "isLeaf": null,
      "keyword": null,
      "hash": "U2FsdGVkX1/0d1avIfuS4RHEYbnzYLc7ogCcN5go7qKrHzpJrw3WB+2xBdVqnHXGum9eZwXVwbqtu9KtPFJEHg==",
      "khash": "U2FsdGVkX18CpW67Iw0cQURODNyE7ooX4misWj7+g1t9y5TkdvlFROAJwWMS3NWTjLviQInqqLERsoivOW4ktg==",
      "viewCount": null,
      "duration": "44:33",
      "size": 1238139145
    },
    {
      "id": "a946056b-6988-4a32-a6b7-c83184321ec5",
      "pid": "5de8a03f-3734-49ac-9eed-f94ad7115cae",
      "dblevel": 5,
      "location": "/VGMV/01_BaiGiang/HocTheoChuDe/09-KinhNghiemDoiSong/02_ChuaCoThatSuTeTri?",
      "isVideo": true,
      "url": "01-bai-giang.hoc-theo-chu-de.09-kinh-nghiem-doi-song.02-chua-co-that-su-te-tri-",
      "name": "02_Chúa Có Thật Sự Tể Trị ?",
      "count": 0,
      "isLeaf": null,
      "keyword": null,
      "hash": "U2FsdGVkX188Y91tRXn3GCRQdDj+ejW/bCtccc9ridy9dQNgxhp0fUQKHUeokv/EXeg1yXjv9U1GMcyutrCSnw==",
      "khash": "U2FsdGVkX1/LevKSX2KEHwc9qUHBiNAz2XuguPxf0KDzaU6KUHbwve621yMeET0dnQARH3BMNtqLZzCJs5GXKQ==",
      "viewCount": null,
      "duration": "46:39",
      "size": 1297994600
    },
    {
      "id": "29226e92-94e8-4b37-8666-1be796d40f84",
      "pid": "5de8a03f-3734-49ac-9eed-f94ad7115cae",
      "dblevel": 5,
      "location": "/VGMV/01_BaiGiang/HocTheoChuDe/09-KinhNghiemDoiSong/03_VuotTrenTuTuongCuaChungTa",
      "isVideo": true,
      "url": "01-bai-giang.hoc-theo-chu-de.09-kinh-nghiem-doi-song.03-vuot-tren-tu-tuong-cua-chung-ta",
      "name": "03_Vượt Trên Tư Tưởng Của Chúng Ta",
      "count": 0,
      "isLeaf": null,
      "keyword": null,
      "hash": "U2FsdGVkX18erQ9L4O61GBIbOMgOoASU5FNIQEw7NYpVUmr5ttWlov7WvWRwIyVsm4xZLkQcWjWRqMpMHstTcw==",
      "khash": "U2FsdGVkX19nLmXFOwQcOxyQRvJv0vzA3gmJ83gjJgwGbQyN9iqh3ZPBozF9u8rmyd9xJ5mdxRHpuzI926Qe6Q==",
      "viewCount": null,
      "duration": "44:14",
      "size": 1229358760
    },
    {
      "id": "cda335de-aa31-4431-b05d-6b96f85128fd",
      "pid": "5de8a03f-3734-49ac-9eed-f94ad7115cae",
      "dblevel": 5,
      "location": "/VGMV/01_BaiGiang/HocTheoChuDe/09-KinhNghiemDoiSong/04_SuNhamLanVeNuocTroi",
      "isVideo": true,
      "url": "01-bai-giang.hoc-theo-chu-de.09-kinh-nghiem-doi-song.04-su-nham-lan-ve-nuoc-troi",
      "name": "04_Sự Nhầm Lẫn Về Nước Trời",
      "count": 0,
      "isLeaf": null,
      "keyword": null,
      "hash": "U2FsdGVkX189g/r38l7x/kEWkjXVjXXSG1NhbvdPEc6aS8jK/fNKmpXtK59Qv3wNCr9KFp3YzwiqoZraksCtLw==",
      "khash": "U2FsdGVkX18S93yRXVToKJBMIuqr0wnsNqnWSOofD0WmQeM4fV5kNefEHvPlAKbPoMHHaCRONC/amwDDpGtLbA==",
      "viewCount": null,
      "duration": "45:42",
      "size": 1271316068
    },
    {
      "id": "a1d2e821-b0bb-4767-be52-abcbf3ec2e25",
      "pid": "5de8a03f-3734-49ac-9eed-f94ad7115cae",
      "dblevel": 5,
      "location": "/VGMV/01_BaiGiang/HocTheoChuDe/09-KinhNghiemDoiSong/05_KhiChuaTaiLam",
      "isVideo": true,
      "url": "01-bai-giang.hoc-theo-chu-de.09-kinh-nghiem-doi-song.05-khi-chua-tai-lam",
      "name": "05_Khi Chúa Tái Lâm",
      "count": 0,
      "isLeaf": null,
      "keyword": null,
      "hash": "U2FsdGVkX18qYnNijx3Zn8K1vG/jKeSwRoRKBWvZEwJmEsbOE085q5y/g4BU6xuGPUxRv/BslQYPQqMoY/n0Ww==",
      "khash": "U2FsdGVkX1+moqa5NerAMg4+n76ktCzr5OtwdBgm9UTXpX/OHMKOz8sArbV9FX2q6ylPnUy8O9RXmdCst5EP3A==",
      "viewCount": null,
      "duration": "44:6",
      "size": 1228617503
    },
    {
      "id": "6cf29a95-c10f-4372-92d5-632879a036fb",
      "pid": "5de8a03f-3734-49ac-9eed-f94ad7115cae",
      "dblevel": 5,
      "location": "/VGMV/01_BaiGiang/HocTheoChuDe/09-KinhNghiemDoiSong/06_TinCayLaSuLuaChon",
      "isVideo": true,
      "url": "01-bai-giang.hoc-theo-chu-de.09-kinh-nghiem-doi-song.06-tin-cay-la-su-lua-chon",
      "name": "06_Tin Cậy Là Sự Lựa Chọn",
      "count": 0,
      "isLeaf": null,
      "keyword": null,
      "hash": "U2FsdGVkX1+ViRy2Y0ERupj6uONu1KMKhX/u8gVpEWo0mx1+ImXESVQJk/zVSvBXcMVmBQb2hdSgMf1shZ4XCA==",
      "khash": "U2FsdGVkX1+sQgJPA3kFW5qA0pB3B2GQ+coory4WTmxhE0rCsPFJkE5c2z4E5rGx9Po2Esgvk154Sl+8yrwgww==",
      "viewCount": null,
      "duration": "44:25",
      "size": 1234367758
    },
    {
      "id": "9a7701e2-8971-4763-b307-ebe7cec39f74",
      "pid": "5de8a03f-3734-49ac-9eed-f94ad7115cae",
      "dblevel": 5,
      "location": "/VGMV/01_BaiGiang/HocTheoChuDe/09-KinhNghiemDoiSong/07_ChienThangTrongCuocTranhCu",
      "isVideo": true,
      "url": "01-bai-giang.hoc-theo-chu-de.09-kinh-nghiem-doi-song.07-chien-thang-trong-cuoc-tranh-cu",
      "name": "07_Chiến Thắng Trong Cuộc Tranh Cử",
      "count": 0,
      "isLeaf": null,
      "keyword": null,
      "hash": "U2FsdGVkX1/f//3ml06KfmTa4mPtL7HI9PbsbL0mKwm42Sz5gAwIKtLrNsDhYjSpMly3EYkx43VTnepe3edsnQ==",
      "khash": "U2FsdGVkX18og5kz0giz8OtrfCwdTDHyv2PiDrQ8tclPAi5LWs3gM4voGb9uP2YrgIeju9qNc6uShwvCwVPclA==",
      "viewCount": null,
      "duration": "49:12",
      "size": 1368202658
    },
    {
      "id": "27f2576c-8c47-4f37-89c3-8cc65ab1cc2d",
      "pid": "5de8a03f-3734-49ac-9eed-f94ad7115cae",
      "dblevel": 5,
      "location": "/VGMV/01_BaiGiang/HocTheoChuDe/09-KinhNghiemDoiSong/08_ChoDoiSuDoanXet",
      "isVideo": true,
      "url": "01-bai-giang.hoc-theo-chu-de.09-kinh-nghiem-doi-song.08-cho-doi-su-doan-xet",
      "name": "08_Chờ Đợi Sự Đoán Xét",
      "count": 0,
      "isLeaf": null,
      "keyword": null,
      "hash": "U2FsdGVkX18BZS2AyY5OZ/Art/VyzIimnCM4pkjAbS9TnK6j5lFH+kQ9RIpoy6AMyBrlTjKOdvtvCpw2al812Q==",
      "khash": "U2FsdGVkX18UblBL5sclotP0AVpFTMN/ak4Yh7Z640jp1Twrl7+uLoK6di6PlqpeEQCyyVGJjVD8qY0+ssDUig==",
      "viewCount": null,
      "duration": "43:53",
      "size": 1220755038
    },
    {
      "id": "50dba9c2-c472-4c75-99f0-963a129f22e3",
      "pid": "5de8a03f-3734-49ac-9eed-f94ad7115cae",
      "dblevel": 5,
      "location": "/VGMV/01_BaiGiang/HocTheoChuDe/09-KinhNghiemDoiSong/09_VuotQuaGianLao",
      "isVideo": true,
      "url": "01-bai-giang.hoc-theo-chu-de.09-kinh-nghiem-doi-song.09-vuot-qua-gian-lao",
      "name": "09_Vượt Qua Gian Lao",
      "count": 0,
      "isLeaf": null,
      "keyword": null,
      "hash": "U2FsdGVkX19AQej1aEOKSaixwvCxv06ETBpj1VwqHsYP4rIzVSSsarpmEEVvi6QSZjtyAPnaJc0HPfj/lCx9ug==",
      "khash": "U2FsdGVkX1/mOMTk1/i513Ub59GItvPBnzZVR5VMGkT6LVNFnjTcByCKTnYecWkIFq3WIEidL/Z49fpwVaY4VA==",
      "viewCount": null,
      "duration": "46:41",
      "size": 1301964393
    },
    {
      "id": "532dee09-ea3d-443b-acd0-86cdd736644c",
      "pid": "5de8a03f-3734-49ac-9eed-f94ad7115cae",
      "dblevel": 5,
      "location": "/VGMV/01_BaiGiang/HocTheoChuDe/09-KinhNghiemDoiSong/10_VungLong",
      "isVideo": true,
      "url": "01-bai-giang.hoc-theo-chu-de.09-kinh-nghiem-doi-song.10-vung-long",
      "name": "10_Vững Lòng",
      "count": 0,
      "isLeaf": null,
      "keyword": null,
      "hash": "U2FsdGVkX1/FWQ21PVu77x95gUPoUwEPnnB5Euv9La506j+9/xYbpPki1mGvKI1xwIcP5YtgLIyUxKxA7424og==",
      "khash": "U2FsdGVkX1/uWfYUN2mlGQ3lI9H0MnjKxaNbIeamu2uG3k4NvIpAYgnlmJlpmlTw5qZciixHYOMj5ycwvRCd8g==",
      "viewCount": null,
      "duration": "48:43",
      "size": 1357933351
    },
    {
      "id": "d04ca3db-f213-4d05-97d6-8ec4d8091274",
      "pid": "5de8a03f-3734-49ac-9eed-f94ad7115cae",
      "dblevel": 5,
      "location": "/VGMV/01_BaiGiang/HocTheoChuDe/09-KinhNghiemDoiSong/11_ChiuDungSuBatBo",
      "isVideo": true,
      "url": "01-bai-giang.hoc-theo-chu-de.09-kinh-nghiem-doi-song.11-chiu-dung-su-bat-bo",
      "name": "11_Chịu Đựng Sự Bắt Bớ",
      "count": 0,
      "isLeaf": null,
      "keyword": null,
      "hash": "U2FsdGVkX182XqwL0zNeXS6VLPnXHiQDj5czfiIoL/OqviOVwtN1Y327V3Yl4GHe1A3+UjBGJypT84weanXCEA==",
      "khash": "U2FsdGVkX196apML6uQc5Wz1iAh1UMShf1MdMRwHpGv2L2r2V+KRLHdz1YhqtnYTaVgKT3NeoK50GSL6pAVoWA==",
      "viewCount": null,
      "duration": "38:6",
      "size": 1062292285
    },
    {
      "id": "8e69c544-02ad-433c-959c-cebc166aabbb",
      "pid": "5de8a03f-3734-49ac-9eed-f94ad7115cae",
      "dblevel": 5,
      "location": "/VGMV/01_BaiGiang/HocTheoChuDe/09-KinhNghiemDoiSong/12_ChuaSeGiuLoiHua",
      "isVideo": true,
      "url": "01-bai-giang.hoc-theo-chu-de.09-kinh-nghiem-doi-song.12-chua-se-giu-loi-hua",
      "name": "12_Chúa Sẽ Giữ Lời Hứa",
      "count": 0,
      "isLeaf": null,
      "keyword": null,
      "hash": "U2FsdGVkX19rBwzfbXFJJu/17qudizjle5EiOdlehhsEYElFZ1IFIaP8VcH3TCARIRW8JDiD7H8ByxdxH9C7iQ==",
      "khash": "U2FsdGVkX19pQPSO/4bKinyuIqck3YCmnQNn+8n5NOgoLRO79Of5qncDLVuiM7MSFYVrwqPIrO3C+j8ceUahYg==",
      "viewCount": null,
      "duration": "38:3",
      "size": 1096227758
    },
    {
      "id": "a4b1532b-4208-4c3d-b940-a0b6d1a5883f",
      "pid": "5de8a03f-3734-49ac-9eed-f94ad7115cae",
      "dblevel": 5,
      "location": "/VGMV/01_BaiGiang/HocTheoChuDe/09-KinhNghiemDoiSong/13_NgungTuTrach",
      "isVideo": true,
      "url": "01-bai-giang.hoc-theo-chu-de.09-kinh-nghiem-doi-song.13-ngung-tu-trach",
      "name": "13_Ngưng Tự Trách",
      "count": 0,
      "isLeaf": null,
      "keyword": null,
      "hash": "U2FsdGVkX1+Jd6MPRrd2qSIq5/50qIMLXk6x+YVbKPBUwwC28XDMM8t4t7NUm6EzY1hIoeQp/SxnPGAaQfFyyg==",
      "khash": "U2FsdGVkX18g2kwYpUqQsSSTDam4axqZlG2uu2jUY0xk27O8VYX966Y0XBCMydJx6aYnqGGSwdUhkhRlpmCxcQ==",
      "viewCount": null,
      "duration": "45:16",
      "size": 1262630139
    },
    {
      "id": "ec6f7b52-5573-4f7d-96fa-e409a8edb6d8",
      "pid": "5de8a03f-3734-49ac-9eed-f94ad7115cae",
      "dblevel": 5,
      "location": "/VGMV/01_BaiGiang/HocTheoChuDe/09-KinhNghiemDoiSong/14_TranChienVoHinh",
      "isVideo": true,
      "url": "01-bai-giang.hoc-theo-chu-de.09-kinh-nghiem-doi-song.14-tran-chien-vo-hinh",
      "name": "14_Trận Chiến Vô Hình",
      "count": 0,
      "isLeaf": null,
      "keyword": null,
      "hash": "U2FsdGVkX194NvdjBjwCtdALwGEpxYcLxp9wdykvhrR235OuwiITN8aDCTfYM5hcNgv0RhQA5qbzAX4Ujeut1g==",
      "khash": "U2FsdGVkX19e5JIjjmlK9LzfQxaMYHDte5V1+FiIvrGtxBaw7flmysRSOCelkh+kSAfyiz3DfzJVhbnzMqyGBw==",
      "viewCount": null,
      "duration": "42:24",
      "size": 1180106133
    },
    {
      "id": "330c9100-9d78-4232-bb80-e806ec3c2b8d",
      "pid": "5de8a03f-3734-49ac-9eed-f94ad7115cae",
      "dblevel": 5,
      "location": "/VGMV/01_BaiGiang/HocTheoChuDe/09-KinhNghiemDoiSong/15_TuongLaiCuaChungTa",
      "isVideo": true,
      "url": "01-bai-giang.hoc-theo-chu-de.09-kinh-nghiem-doi-song.15-tuong-lai-cua-chung-ta",
      "name": "15_Tương Lai Của Chúng Ta",
      "count": 0,
      "isLeaf": null,
      "keyword": null,
      "hash": "U2FsdGVkX19/SybhDITAekgSsvwdq/+01D5/1iIv3tiq4wQol5kUpu4l8WhlcOTP3j2+3WpXx160Llx8rBcNDg==",
      "khash": "U2FsdGVkX1+bpzc2tedrPAbV45X1igbF+GY1Zq1jkQYL5vku71cMaqEjnHb7Fbdmqb5tcVDR0GbwL0vTazJpgA==",
      "viewCount": null,
      "duration": "38:56",
      "size": 1087954235
    },
    {
      "id": "21c00bf2-387d-4039-9883-a4c3914dcb7c",
      "pid": "5de8a03f-3734-49ac-9eed-f94ad7115cae",
      "dblevel": 5,
      "location": "/VGMV/01_BaiGiang/HocTheoChuDe/09-KinhNghiemDoiSong/16_DieuGiSeXayRaVaoNgaySauRot",
      "isVideo": true,
      "url": "01-bai-giang.hoc-theo-chu-de.09-kinh-nghiem-doi-song.16-dieu-gi-se-xay-ra-vao-ngay-sau-rot",
      "name": "16_Điều Gì Sẽ Xảy Ra Vào Ngày Sau Rốt",
      "count": 0,
      "isLeaf": null,
      "keyword": null,
      "hash": "U2FsdGVkX19Ca14+emV7s9OWcpWSQly6jDvta+gnNIylh3MNpvN36+tAdSwvbHh+oNufx/hVex75+VOLJp+wRw==",
      "khash": "U2FsdGVkX1/0ZgCBUzgGQm1XD3cl7EmzihRqPjVdmxy6Bq5Cp2jUNjpLf+1q9AyUELrB6lRtl3UGJINCbgOfeA==",
      "viewCount": null,
      "duration": "40:28",
      "size": 1128606385
    },
    {
      "id": "b292061c-4658-4512-a71c-eab07b6114d9",
      "pid": "5de8a03f-3734-49ac-9eed-f94ad7115cae",
      "dblevel": 5,
      "location": "/VGMV/01_BaiGiang/HocTheoChuDe/09-KinhNghiemDoiSong/17_BongToiCangDayDacChungTaCangToaSang",
      "isVideo": true,
      "url": "01-bai-giang.hoc-theo-chu-de.09-kinh-nghiem-doi-song.17-bong-toi-cang-day-dac-chung-ta-cang-toa-sang",
      "name": "17_Bóng Tối Càng Dày Đặc Chúng Ta Càng Tỏa Sáng",
      "count": 0,
      "isLeaf": null,
      "keyword": null,
      "hash": "U2FsdGVkX18Y0LJfL0kljzYRvVjfSsNin1Coc9oU1MjYENyAwUvKe88ZJHdFqtWkAnRnXpp6csjRE0Qc2yfcEA==",
      "khash": "U2FsdGVkX18Y5webIaTR/oxbLbdbXFV8/bNij8Im/sefSSTNWrx39SydKEDKCFk1s1WwomxMXSE2BKxa4KQKBw==",
      "viewCount": null,
      "duration": "40:29",
      "size": 1127622031
    }
  ]
}