{
  "id": "a0b781fc-0a65-4c8a-9577-70115fc6db7b",
  "pid": "fc6e547f-514a-4abb-88d7-8a843ad24da2",
  "dblevel": 4,
  "location": "/VGMV/01_BaiGiang/HocTheoSachTrongKinhThanh/Thu2Te-sa-lo-ni-ca-MSNguyenThi",
  "isVideo": true,
  "url": "01-bai-giang.hoc-theo-sach-trong-kinh-thanh.thu-2te-sa-lo-ni-ca-ms-nguyen-thi",
  "name": "Thư 2Tê-sa-lô-ni-ca - MS Nguyễn Thỉ",
  "count": 4,
  "isLeaf": true,
  "keyword": null,
  "hash": null,
  "khash": null,
  "viewCount": null,
  "duration": null,
  "size": null,
  "children": [
    {
      "id": "48963cd0-267b-476f-970b-34236dd22274",
      "pid": "a0b781fc-0a65-4c8a-9577-70115fc6db7b",
      "dblevel": 5,
      "location": "/VGMV/01_BaiGiang/HocTheoSachTrongKinhThanh/Thu2Te-sa-lo-ni-ca-MSNguyenThi/01_2Te010112",
      "isVideo": true,
      "url": "01-bai-giang.hoc-theo-sach-trong-kinh-thanh.thu-2te-sa-lo-ni-ca-ms-nguyen-thi.01-2te010112",
      "name": "01_2Te010112",
      "count": 0,
      "isLeaf": null,
      "keyword": null,
      "hash": "U2FsdGVkX18j0ZW8XHdEq/a9HjZGYJohlQ0XdZ7l9BEYmTgFpTy3UGyV1O2DAJR63tClH1BCTMfl3hUBx9pXTA==",
      "khash": "U2FsdGVkX1/0Vz8CIungM5L34RevHCUoVwa2Ic14ZvZu9Ap+1SrkxzQzmVoPRa1uoV/CC2yHEyOj+pUY2C5djw==",
      "viewCount": null,
      "duration": "58:25",
      "size": 586091888
    },
    {
      "id": "1d8035c9-13a3-4610-ae7a-5d277526a12c",
      "pid": "a0b781fc-0a65-4c8a-9577-70115fc6db7b",
      "dblevel": 5,
      "location": "/VGMV/01_BaiGiang/HocTheoSachTrongKinhThanh/Thu2Te-sa-lo-ni-ca-MSNguyenThi/02_2Te020112",
      "isVideo": true,
      "url": "01-bai-giang.hoc-theo-sach-trong-kinh-thanh.thu-2te-sa-lo-ni-ca-ms-nguyen-thi.02-2te020112",
      "name": "02_2Te020112",
      "count": 0,
      "isLeaf": null,
      "keyword": null,
      "hash": "U2FsdGVkX1+8L7lip36X2djL2QROoUdTrV6RhFitVELqabzdtWOV/lF3QS/688uiL87iEoRAoSIA7QaJpYSY+Q==",
      "khash": "U2FsdGVkX18vc5x6rUnpjKYH6URHTBAKRawK7JlRthh0WcW6aDC37KvVQEXKALXBSgxzH0G2rotkn9Srw8khWQ==",
      "viewCount": null,
      "duration": "52:6",
      "size": 520994335
    },
    {
      "id": "fe14a350-6e82-4bfb-b9ab-5eb5ecabb461",
      "pid": "a0b781fc-0a65-4c8a-9577-70115fc6db7b",
      "dblevel": 5,
      "location": "/VGMV/01_BaiGiang/HocTheoSachTrongKinhThanh/Thu2Te-sa-lo-ni-ca-MSNguyenThi/03_2Te021317",
      "isVideo": true,
      "url": "01-bai-giang.hoc-theo-sach-trong-kinh-thanh.thu-2te-sa-lo-ni-ca-ms-nguyen-thi.03-2te021317",
      "name": "03_2Te021317",
      "count": 0,
      "isLeaf": null,
      "keyword": null,
      "hash": "U2FsdGVkX1/S9LdDmham9ee7dMM0HCDI/+ZwCHG8dG8XyWMceYW96EGW78auPiWbPlILbYIZ8DohIv0oBCbGZA==",
      "khash": "U2FsdGVkX1/fvy8PVOrQINg9ssaZWCG33ZOX9k0u48PAhyzRNKJpgFsR1BB6adohswccjb2YXD5OQ3s+SXPKrg==",
      "viewCount": null,
      "duration": "29:55",
      "size": 299178729
    },
    {
      "id": "23dabd6d-95c1-4999-86d5-dca658a2520c",
      "pid": "a0b781fc-0a65-4c8a-9577-70115fc6db7b",
      "dblevel": 5,
      "location": "/VGMV/01_BaiGiang/HocTheoSachTrongKinhThanh/Thu2Te-sa-lo-ni-ca-MSNguyenThi/04_2Te030118",
      "isVideo": true,
      "url": "01-bai-giang.hoc-theo-sach-trong-kinh-thanh.thu-2te-sa-lo-ni-ca-ms-nguyen-thi.04-2te030118",
      "name": "04_2Te030118",
      "count": 0,
      "isLeaf": null,
      "keyword": null,
      "hash": "U2FsdGVkX1/oHueJhym0FE/7X9BRAL77P2qyzkaNVliQjB6BKxf43h2rr1svVFI7LuKE06m+q1rivFDN2xWTQg==",
      "khash": "U2FsdGVkX1//amr4DTThtiDF+4JwB8KAVlSaE/IcgOEdMMKFx1AXBMTGFH3jQLtZi56EaFqEhk825YKAEOfCbA==",
      "viewCount": null,
      "duration": "38:5",
      "size": 377092646
    }
  ]
}