{
  "id": "646636d9-4178-4159-bda6-635d816f0b3f",
  "pid": "71832048-cb5a-498b-a6d9-9d1831fd437b",
  "dblevel": 4,
  "location": "/VGMV/01_BaiGiang/HocTheoChuDe/05-CauNguyen-MSDangMinhTri",
  "isVideo": true,
  "url": "01-bai-giang.hoc-theo-chu-de.05-cau-nguyen-ms-dang-minh-tri",
  "name": "05-Cầu Nguyện - MS Đặng Minh Trí",
  "count": 10,
  "isLeaf": true,
  "keyword": null,
  "hash": null,
  "khash": null,
  "viewCount": null,
  "duration": null,
  "size": null,
  "children": [
    {
      "id": "1581c6d3-bcf5-49aa-b16f-78ed4dbd401d",
      "pid": "646636d9-4178-4159-bda6-635d816f0b3f",
      "dblevel": 5,
      "location": "/VGMV/01_BaiGiang/HocTheoChuDe/05-CauNguyen-MSDangMinhTri/01CN_2Te010110_RuonCotCauNguyen-P1",
      "isVideo": true,
      "url": "01-bai-giang.hoc-theo-chu-de.05-cau-nguyen-ms-dang-minh-tri.01cn-2te010110-ruon-cot-cau-nguyen-p1",
      "name": "01CN_2Te010110_Rườn Cột Cầu Nguyện-P1",
      "count": 0,
      "isLeaf": null,
      "keyword": null,
      "hash": "U2FsdGVkX1864BXJUJ7lQkA9ztdbZ7o+ptl2DaSYPveIJj+Yyvpq6xvlc+2d/kPaj0niphxhG8Dn+0MViEVT3A==",
      "khash": "U2FsdGVkX19tr1PzoZMHFnMTaj1M+LF/ybf3YTdoGisdO+BTjsLKptfDcPTBaKqyw5mrH1Qbn7e4ouP6LCNQIw==",
      "viewCount": null,
      "duration": "74:53",
      "size": 1082808062
    },
    {
      "id": "fcd3e458-bfc2-4877-9fb9-7041829be9f7",
      "pid": "646636d9-4178-4159-bda6-635d816f0b3f",
      "dblevel": 5,
      "location": "/VGMV/01_BaiGiang/HocTheoChuDe/05-CauNguyen-MSDangMinhTri/02CN_2Te010110_RuonCotCauNguyen-P2",
      "isVideo": true,
      "url": "01-bai-giang.hoc-theo-chu-de.05-cau-nguyen-ms-dang-minh-tri.02cn-2te010110-ruon-cot-cau-nguyen-p2",
      "name": "02CN_2Te010110_Rườn Cột Cầu Nguyện-P2",
      "count": 0,
      "isLeaf": null,
      "keyword": null,
      "hash": "U2FsdGVkX193gjmSjut4yVc5dUJgCmC1ai2IRdHkj1guvrj9xNpPZVqpVrOHnphJqYOcj908ELMYb1+jU7DnDA==",
      "khash": "U2FsdGVkX19ztnj7xMWudVTpvuyhEPl1ergMzY3hluGxdeNR7JLX6ToXjm4egbSFDme78Cr+0BRwOlNvDeV5tQ==",
      "viewCount": null,
      "duration": "73:38",
      "size": 1064853129
    },
    {
      "id": "ad5e5f62-e8a3-4b6b-8a54-094cb4a0ce53",
      "pid": "646636d9-4178-4159-bda6-635d816f0b3f",
      "dblevel": 5,
      "location": "/VGMV/01_BaiGiang/HocTheoChuDe/05-CauNguyen-MSDangMinhTri/03CN_2Te011112_NhungDieuCauXin",
      "isVideo": true,
      "url": "01-bai-giang.hoc-theo-chu-de.05-cau-nguyen-ms-dang-minh-tri.03cn-2te011112-nhung-dieu-cau-xin",
      "name": "03CN_2Te011112_Những Điều Cầu Xin",
      "count": 0,
      "isLeaf": null,
      "keyword": null,
      "hash": "U2FsdGVkX1/cnt2Vf2knj/HWxdKFmrP4HjvfOUndZta3eCggYAXc8po1kejMedoZYyG3XrTW//Q90qBduUfW8w==",
      "khash": "U2FsdGVkX1+1k9OyMTu955UXFAEDBlGBYpH9N3Trjdnckh6rR8xwOuDUd3edt006mka9tiGA3Gc0AIowhkSz2Q==",
      "viewCount": null,
      "duration": "69:43",
      "size": 1008104883
    },
    {
      "id": "b7d05cdb-07d1-4f21-994d-9d09a99244e6",
      "pid": "646636d9-4178-4159-bda6-635d816f0b3f",
      "dblevel": 5,
      "location": "/VGMV/01_BaiGiang/HocTheoChuDe/05-CauNguyen-MSDangMinhTri/04CN_1Te0217-0311_TinhCamTrongCauNguyen-P1",
      "isVideo": true,
      "url": "01-bai-giang.hoc-theo-chu-de.05-cau-nguyen-ms-dang-minh-tri.04cn-1te0217-0311-tinh-cam-trong-cau-nguyen-p1",
      "name": "04CN_1Te0217-0311_Tình Cảm Trong Cầu Nguyện-P1",
      "count": 0,
      "isLeaf": null,
      "keyword": null,
      "hash": "U2FsdGVkX19AXotgsI+JYnEX3MY8RUs/EWJ06HCPZaFc+2uoOdMRs3khJyKpoHy2TDPgVEP8snAOEB5VIlgO0w==",
      "khash": "U2FsdGVkX1+gp/mL1wjhRiEP2V365mrOeUOQUHUfFvrRm9GUVkMqHidR5B7DMLG9vt6tTP6r32I3JpWtAuMB4A==",
      "viewCount": null,
      "duration": "71:27",
      "size": 1140451571
    },
    {
      "id": "58b85ad3-0b8b-493a-bf92-c1f449f4fecd",
      "pid": "646636d9-4178-4159-bda6-635d816f0b3f",
      "dblevel": 5,
      "location": "/VGMV/01_BaiGiang/HocTheoChuDe/05-CauNguyen-MSDangMinhTri/05CN_1Te0217-0311_TinhCamTrongCauNguyen-P2",
      "isVideo": true,
      "url": "01-bai-giang.hoc-theo-chu-de.05-cau-nguyen-ms-dang-minh-tri.05cn-1te0217-0311-tinh-cam-trong-cau-nguyen-p2",
      "name": "05CN_1Te0217-0311_Tình Cảm Trong Cầu Nguyện-P2",
      "count": 0,
      "isLeaf": null,
      "keyword": null,
      "hash": "U2FsdGVkX1/Ndt24B/kMY6sjH998f/dENRLAvhLukS74e0WSEVpwyANAL08e6S5+C3TzdQHM+1qcjFJURixBAQ==",
      "khash": "U2FsdGVkX1//AGpm9wDtGyYOKNNCa90LAIx727sGaJ8/tmw6hg+wpqyo14WD7WO9IaykaG3xb6WxwsvaTi/0Hg==",
      "viewCount": null,
      "duration": "74:31",
      "size": 1189315073
    },
    {
      "id": "23f7a343-9412-4a9e-9507-3b4ad002991b",
      "pid": "646636d9-4178-4159-bda6-635d816f0b3f",
      "dblevel": 5,
      "location": "/VGMV/01_BaiGiang/HocTheoChuDe/05-CauNguyen-MSDangMinhTri/06CN_Co010314_YChuaTrongCauNguyen-P1",
      "isVideo": true,
      "url": "01-bai-giang.hoc-theo-chu-de.05-cau-nguyen-ms-dang-minh-tri.06cn-co010314-y-chua-trong-cau-nguyen-p1",
      "name": "06CN_Co010314_Ý Chúa Trong Cầu Nguyện-P1",
      "count": 0,
      "isLeaf": null,
      "keyword": null,
      "hash": "U2FsdGVkX1+FzURpp1SHY4shhDG8cVI5A0+BtaRB47rMr2XaK62D60fUOFl7pvLpfh2Aoab/+47bGlPLNKISlg==",
      "khash": "U2FsdGVkX1+l+DxmMudvRrZ9OYjgSD2LXyXBPyD9yILdS8UcnZlNFML26aBJLcR4+2I8vTvqiSAiILvgQhHK3A==",
      "viewCount": null,
      "duration": "65:38",
      "size": 1047753455
    },
    {
      "id": "b3d94fa1-4797-4f81-ac50-45a71d4bc762",
      "pid": "646636d9-4178-4159-bda6-635d816f0b3f",
      "dblevel": 5,
      "location": "/VGMV/01_BaiGiang/HocTheoChuDe/05-CauNguyen-MSDangMinhTri/07CN_Co010314_YChuaTrongCauNguyen-P2",
      "isVideo": true,
      "url": "01-bai-giang.hoc-theo-chu-de.05-cau-nguyen-ms-dang-minh-tri.07cn-co010314-y-chua-trong-cau-nguyen-p2",
      "name": "07CN_Co010314_Ý Chúa Trong Cầu Nguyện-P2",
      "count": 0,
      "isLeaf": null,
      "keyword": null,
      "hash": "U2FsdGVkX18iYFMlCdCIO7m8+CBJ9LiCv6JtiZWHa8tyKEI6m4MqWdRPVSNv70qmf5s4xgtDdrMW86OW7jTiGw==",
      "khash": "U2FsdGVkX18FQT6ST7kKvbi6NvzUMWdBkT/fyibIihPeovE8CE7D/sCobucAJuC3nR+VtiVMI877G5SjxL205w==",
      "viewCount": null,
      "duration": "72:21",
      "size": 1154697515
    },
    {
      "id": "751b3789-dd03-497a-be2c-9059cd1e5c56",
      "pid": "646636d9-4178-4159-bda6-635d816f0b3f",
      "dblevel": 5,
      "location": "/VGMV/01_BaiGiang/HocTheoChuDe/05-CauNguyen-MSDangMinhTri/08CN_Eph011523_CauNguyenVoiChuaTeTri-P1",
      "isVideo": true,
      "url": "01-bai-giang.hoc-theo-chu-de.05-cau-nguyen-ms-dang-minh-tri.08cn-eph011523-cau-nguyen-voi-chua-te-tri-p1",
      "name": "08CN_Eph011523_Cầu Nguyện Với Chúa Tể Trị-P1",
      "count": 0,
      "isLeaf": null,
      "keyword": null,
      "hash": "U2FsdGVkX19jT5dcmztGtS4GxcSX1UwwIYgceUlZT6f0kD/B9Ym0zIThphMPAri/RXKmqnJO2VJAWHi3uowMfw==",
      "khash": "U2FsdGVkX1/I1KuEWr9I0lzkvvO0INlvEYDHVGs9b878I+YxVJYaTLUNfYQGRGXQWBeof5B8yYXVoaNC1ZIPsw==",
      "viewCount": null,
      "duration": "70:38",
      "size": 1127378428
    },
    {
      "id": "825ce818-6579-49bb-a0b3-ba83c99b4e04",
      "pid": "646636d9-4178-4159-bda6-635d816f0b3f",
      "dblevel": 5,
      "location": "/VGMV/01_BaiGiang/HocTheoChuDe/05-CauNguyen-MSDangMinhTri/09CN_Eph011523_CauNguyenVoiChuaTeTri-P2",
      "isVideo": true,
      "url": "01-bai-giang.hoc-theo-chu-de.05-cau-nguyen-ms-dang-minh-tri.09cn-eph011523-cau-nguyen-voi-chua-te-tri-p2",
      "name": "09CN_Eph011523_Cầu Nguyện Với Chúa Tể Trị-P2",
      "count": 0,
      "isLeaf": null,
      "keyword": null,
      "hash": "U2FsdGVkX1+i12TEnA0eg+4DTHCVxqcssY0zMNqVtCuGelGWQYvjsyeZlTI3DktRfYVAVoXfTnfqidnT3I2/mA==",
      "khash": "U2FsdGVkX18VsWnKyE2ig3PlBlN8Rmmg2TLOML4KL8sCyHkdq/988obSIJEe0XfZFDnwPTxODImbxcIkQCAMFQ==",
      "viewCount": null,
      "duration": "76:32",
      "size": 1221577285
    },
    {
      "id": "06d24fd7-c05b-4cfe-9f64-d6e538355a1d",
      "pid": "646636d9-4178-4159-bda6-635d816f0b3f",
      "dblevel": 5,
      "location": "/VGMV/01_BaiGiang/HocTheoChuDe/05-CauNguyen-MSDangMinhTri/10CN_Ro153033_CauNguyenChoViecNhaChua",
      "isVideo": true,
      "url": "01-bai-giang.hoc-theo-chu-de.05-cau-nguyen-ms-dang-minh-tri.10cn-ro153033-cau-nguyen-cho-viec-nha-chua",
      "name": "10CN_Ro153033_Cầu Nguyện Cho Việc Nhà Chúa",
      "count": 0,
      "isLeaf": null,
      "keyword": null,
      "hash": "U2FsdGVkX1881JAw1ZRf+VM69YfZbJumNS5lnJfGMg6afv4ge2pY2IHJj0kegDbjqf0iycgWq+8d+DUpZuQPSw==",
      "khash": "U2FsdGVkX1/zApiwvwqBIIfPs7TAZgxAI21ew/+dggfgH4BAMRrhGI7GagjK/Bv/RiE7h96gZu9LxcY/P17qmQ==",
      "viewCount": null,
      "duration": "72:20",
      "size": 1258299748
    }
  ]
}