{
  "id": "1be99659-ab9c-45dc-8048-341d15377737",
  "pid": "418791c8-58d8-464d-8d6a-263831368705",
  "dblevel": 5,
  "location": "/VGMV/01_BaiGiang/HocTheoSachTrongKinhThanh/TimHieuThanhKinh/THTK01-SangTheky",
  "isVideo": true,
  "url": "01-bai-giang.hoc-theo-sach-trong-kinh-thanh.tim-hieu-thanh-kinh.thtk01-sang-the-ky",
  "name": "THTK01-Sáng Thế ký",
  "count": 16,
  "isLeaf": true,
  "keyword": null,
  "hash": null,
  "khash": null,
  "viewCount": null,
  "duration": null,
  "size": null,
  "children": [
    {
      "id": "f26b894a-e674-46c2-9cb3-d0cb3b5f8b79",
      "pid": "1be99659-ab9c-45dc-8048-341d15377737",
      "dblevel": 6,
      "location": "/VGMV/01_BaiGiang/HocTheoSachTrongKinhThanh/TimHieuThanhKinh/THTK01-SangTheky/Sa01-TimHieuKhaiQuat",
      "isVideo": true,
      "url": "01-bai-giang.hoc-theo-sach-trong-kinh-thanh.tim-hieu-thanh-kinh.thtk01-sang-the-ky.sa01-tim-hieu-khai-quat",
      "name": "Sa01-Tìm Hiểu Khái Quát",
      "count": 0,
      "isLeaf": null,
      "keyword": null,
      "hash": "U2FsdGVkX1/denB4P19/rxcfSAS0CXjLL777KcUYdgAxciNs8jHTgyC20LZp//BKVYrUnOkskNUBmaOUkulF5Q==",
      "khash": "U2FsdGVkX19bfD39+Xsy9XRkh8mNnrMRotdF+QPdGnP0NnxrL3BARihXVWubJs3GuAIb59szP5rsDMIYSBxXMQ==",
      "viewCount": null,
      "duration": "38:39",
      "size": 1139738200
    },
    {
      "id": "51753568-4bec-4d73-a40d-a8273ca4c34a",
      "pid": "1be99659-ab9c-45dc-8048-341d15377737",
      "dblevel": 6,
      "location": "/VGMV/01_BaiGiang/HocTheoSachTrongKinhThanh/TimHieuThanhKinh/THTK01-SangTheky/Sa02-BanDauDucChuaTroiDungNenTroiDat",
      "isVideo": true,
      "url": "01-bai-giang.hoc-theo-sach-trong-kinh-thanh.tim-hieu-thanh-kinh.thtk01-sang-the-ky.sa02-ban-dau-duc-chua-troi-dung-nen-troi-dat",
      "name": "Sa02-Ban Đầu Đức Chúa Trời Dựng Nên Trời Đất",
      "count": 0,
      "isLeaf": null,
      "keyword": null,
      "hash": "U2FsdGVkX1+8TXttPhr5vumFOMWN+LtvznHq4dNP8B2uJNBITAXuuYr9eFaR9zK5B3J5aG3hYyZUhJWaa6V1kw==",
      "khash": "U2FsdGVkX19Gzi0PYiqhIobzlSgkqV9y8VNuPjF8dxpGYbUr6lfywABQugLDE//xg1RrIKVFlIK88EgcCyC2og==",
      "viewCount": null,
      "duration": "44:2",
      "size": 1301222380
    },
    {
      "id": "2f2be529-7d33-4857-96ad-c19386738c16",
      "pid": "1be99659-ab9c-45dc-8048-341d15377737",
      "dblevel": 6,
      "location": "/VGMV/01_BaiGiang/HocTheoSachTrongKinhThanh/TimHieuThanhKinh/THTK01-SangTheky/Sa03-SuSangTaoP1",
      "isVideo": true,
      "url": "01-bai-giang.hoc-theo-sach-trong-kinh-thanh.tim-hieu-thanh-kinh.thtk01-sang-the-ky.sa03-su-sang-tao-p1",
      "name": "Sa03-Sự Sáng Tạo P1",
      "count": 0,
      "isLeaf": null,
      "keyword": null,
      "hash": "U2FsdGVkX1800wcWJ4LCbYBCeg+wGOVdAWr2nWTyrIl9RW4vkjgCMx6ZW9/vD2YjiXePLJNOIKtHGyCJXLcAAg==",
      "khash": "U2FsdGVkX1/dGC8c41ogfM+6AikGFu6fMRDf/dfuVCkR90ZMGnQyi7PUDB1iHahyiPP2VKB/vx73ppgzD8dTOA==",
      "viewCount": null,
      "duration": "39:1",
      "size": 1153500913
    },
    {
      "id": "e64b36f9-ba96-456d-a656-a5421ed5d88c",
      "pid": "1be99659-ab9c-45dc-8048-341d15377737",
      "dblevel": 6,
      "location": "/VGMV/01_BaiGiang/HocTheoSachTrongKinhThanh/TimHieuThanhKinh/THTK01-SangTheky/Sa04-SuSangTaoP2",
      "isVideo": true,
      "url": "01-bai-giang.hoc-theo-sach-trong-kinh-thanh.tim-hieu-thanh-kinh.thtk01-sang-the-ky.sa04-su-sang-tao-p2",
      "name": "Sa04-Sự Sáng Tạo P2",
      "count": 0,
      "isLeaf": null,
      "keyword": null,
      "hash": "U2FsdGVkX1/M59InlARqOoPzpd/IO8s1gBkfb1iii39IWltJnGfPF9NW1DWfwjj4QBk75BjiCJu0ZbkSi+99nQ==",
      "khash": "U2FsdGVkX19QRUn8jrOm6zijiZZ4wCescx6TfDPix1QDOQ5hkVsja5tpxU/c91CQGHHQmSEOlL9m3ForYJfOfg==",
      "viewCount": null,
      "duration": "40:47",
      "size": 1208635285
    },
    {
      "id": "0092c566-4681-44e4-abc7-4f261d57a41c",
      "pid": "1be99659-ab9c-45dc-8048-341d15377737",
      "dblevel": 6,
      "location": "/VGMV/01_BaiGiang/HocTheoSachTrongKinhThanh/TimHieuThanhKinh/THTK01-SangTheky/Sa05-SauNgaySangTao",
      "isVideo": true,
      "url": "01-bai-giang.hoc-theo-sach-trong-kinh-thanh.tim-hieu-thanh-kinh.thtk01-sang-the-ky.sa05-sau-ngay-sang-tao",
      "name": "Sa05-Sáu Ngày Sáng Tạo",
      "count": 0,
      "isLeaf": null,
      "keyword": null,
      "hash": "U2FsdGVkX1/1p3GpsUWUNmFOK4jE0nhX/iJBlKNM5xO7YzRV25QixbTjZ638LGOlNR61yeymNhFw5vgYjVy2RA==",
      "khash": "U2FsdGVkX1+Pbk2a/9BAHo2HjgI7G1xFvNm+3XxP/7/Gp59kLd4M4/CXO4LdU0je8jBfvmM3UM5CpsMzEsGvdA==",
      "viewCount": null,
      "duration": "48:1",
      "size": 1420370559
    },
    {
      "id": "95571ed1-2336-4f55-b0b5-00bae5f8909b",
      "pid": "1be99659-ab9c-45dc-8048-341d15377737",
      "dblevel": 6,
      "location": "/VGMV/01_BaiGiang/HocTheoSachTrongKinhThanh/TimHieuThanhKinh/THTK01-SangTheky/Sa06-TaoVatDacBietNhat",
      "isVideo": true,
      "url": "01-bai-giang.hoc-theo-sach-trong-kinh-thanh.tim-hieu-thanh-kinh.thtk01-sang-the-ky.sa06-tao-vat-dac-biet-nhat",
      "name": "Sa06-Tạo Vật Đặc Biệt Nhất",
      "count": 0,
      "isLeaf": null,
      "keyword": null,
      "hash": "U2FsdGVkX1/aOi8R8azkTCjCacfVhe4BRo4SLNmhXY1hKdvp0tsApcPj3odV1RtJ0YWXkYaytuiosmSLw3Fv7w==",
      "khash": "U2FsdGVkX185xxQoXc3T2DFgywwRj7EE8WNmnT5pqTH95IK1FHUytatLesKVbN0xfFeQwZYymM8nuxazwYw6ng==",
      "viewCount": null,
      "duration": "53:15",
      "size": 1577376455
    },
    {
      "id": "0209f89b-7ba8-4956-999a-e69929e8eb69",
      "pid": "1be99659-ab9c-45dc-8048-341d15377737",
      "dblevel": 6,
      "location": "/VGMV/01_BaiGiang/HocTheoSachTrongKinhThanh/TimHieuThanhKinh/THTK01-SangTheky/Sa07-NamNuVaMoiLienHeHonNhan",
      "isVideo": true,
      "url": "01-bai-giang.hoc-theo-sach-trong-kinh-thanh.tim-hieu-thanh-kinh.thtk01-sang-the-ky.sa07-nam-nu-va-moi-lien-he-hon-nhan",
      "name": "Sa07-Nam Nữ Và Mối Liên Hệ Hôn Nhân",
      "count": 0,
      "isLeaf": null,
      "keyword": null,
      "hash": "U2FsdGVkX1/UyCrROnL5u/a6oHLPXVKPtBCa57AFDq8k/t9B3H0bARZg3ZkKSALatrQuF8dy5o3oPlEn45QK3Q==",
      "khash": "U2FsdGVkX19XgSFgPRDE9W1B4Y8D+xn5qOYqVkKdchGoIICUw+13mke0hQbIV9MqiqOnZ8PwOnnSVQsix+FHjg==",
      "viewCount": null,
      "duration": "54:38",
      "size": 1617742646
    },
    {
      "id": "14d3321c-0a2f-4c51-a628-34602b62c709",
      "pid": "1be99659-ab9c-45dc-8048-341d15377737",
      "dblevel": 6,
      "location": "/VGMV/01_BaiGiang/HocTheoSachTrongKinhThanh/TimHieuThanhKinh/THTK01-SangTheky/Sa08-CamDoVaSaNga",
      "isVideo": true,
      "url": "01-bai-giang.hoc-theo-sach-trong-kinh-thanh.tim-hieu-thanh-kinh.thtk01-sang-the-ky.sa08-cam-do-va-sa-nga",
      "name": "Sa08-Cám Dỗ Và Sa Ngã",
      "count": 0,
      "isLeaf": null,
      "keyword": null,
      "hash": "U2FsdGVkX1/7KdGhgzc2sOqv5yf6mGhwCBxCWniepfh+mV5P7TtLCFIjNmJ9Rd7CowIezHvU/dg0a+OnHGETfA==",
      "khash": "U2FsdGVkX19ZGSiaoJy2qE3IVS4dGdGQG6/w90ZS3KGi4OvpUFMwXncCtSdB7PrYT1E1TT+70B24RYXyrA8ucQ==",
      "viewCount": null,
      "duration": "61:1",
      "size": 1808654309
    },
    {
      "id": "f526ba88-44b7-4e75-874c-1935c5847e06",
      "pid": "1be99659-ab9c-45dc-8048-341d15377737",
      "dblevel": 6,
      "location": "/VGMV/01_BaiGiang/HocTheoSachTrongKinhThanh/TimHieuThanhKinh/THTK01-SangTheky/Sa09-HauQuaToiLoiVaHyVongCuuRoi",
      "isVideo": true,
      "url": "01-bai-giang.hoc-theo-sach-trong-kinh-thanh.tim-hieu-thanh-kinh.thtk01-sang-the-ky.sa09-hau-qua-toi-loi-va-hy-vong-cuu-roi",
      "name": "Sa09-Hậu Quả Tội Lỗi Và Hy Vọng Cứu Rỗi",
      "count": 0,
      "isLeaf": null,
      "keyword": null,
      "hash": "U2FsdGVkX18KrlkWxIa1ft1WONLow/skxOV5KIJA8A4aoQftZoombXIa1Lhd3tTZMoMEWndCr05nkoDzxkKUtA==",
      "khash": "U2FsdGVkX19xLZ4YP/NMKqTStanwN1eU5QE1fF5+FwzOkK5J+dKAzJqf2AbXEMqRsqTVYD0hAV1XhN54V0+ctg==",
      "viewCount": null,
      "duration": "64:22",
      "size": 1904968142
    },
    {
      "id": "1e8aab0a-ddc9-4bbb-b0d3-bf9608f195d6",
      "pid": "1be99659-ab9c-45dc-8048-341d15377737",
      "dblevel": 6,
      "location": "/VGMV/01_BaiGiang/HocTheoSachTrongKinhThanh/TimHieuThanhKinh/THTK01-SangTheky/Sa10-ToiLoiThongTriLoaiNguoi",
      "isVideo": true,
      "url": "01-bai-giang.hoc-theo-sach-trong-kinh-thanh.tim-hieu-thanh-kinh.thtk01-sang-the-ky.sa10-toi-loi-thong-tri-loai-nguoi",
      "name": "Sa10-Tội Lỗi Thống Trị Loài Người",
      "count": 0,
      "isLeaf": null,
      "keyword": null,
      "hash": "U2FsdGVkX1/cRgeMi2hlQJpWgW2yc+t25T1gnN87nV6u9S71lUbVcqjAe6kz4xeO1ws+RhwPCqoIlKWBzCQI8w==",
      "khash": "U2FsdGVkX1+icr8AQGsFljyJ/VabOrTxnt+aq4Lc+e/+keptu4IzOWVbM02uWxqMyXLRKP6u5OTvrhBJqLwOvA==",
      "viewCount": null,
      "duration": "71:13",
      "size": 2110451989
    },
    {
      "id": "ae0f99d8-d0a6-4538-858c-61a8b15db457",
      "pid": "1be99659-ab9c-45dc-8048-341d15377737",
      "dblevel": 6,
      "location": "/VGMV/01_BaiGiang/HocTheoSachTrongKinhThanh/TimHieuThanhKinh/THTK01-SangTheky/Sa11-QuyenTeTriCuaDucChuaTroi",
      "isVideo": true,
      "url": "01-bai-giang.hoc-theo-sach-trong-kinh-thanh.tim-hieu-thanh-kinh.thtk01-sang-the-ky.sa11-quyen-te-tri-cua-duc-chua-troi",
      "name": "Sa11-Quyền Tể Trị Của Đức Chúa Trời",
      "count": 0,
      "isLeaf": null,
      "keyword": null,
      "hash": "U2FsdGVkX1+kXdFh1JO9SfSXWQNOawUPVKb4f5rM/08FWvZcJ/KZe9r1Hr0V0H+jrVIUtKINRpTt6bekVLC/TA==",
      "khash": "U2FsdGVkX1+SupEktddSMI2HHekmxIPeDjgK7rvxyKehc0jLcs/b4r+W0JgB/xOjc1C5bXjaaQtCDc3lc8RDkg==",
      "viewCount": null,
      "duration": "69:43",
      "size": 2065093540
    },
    {
      "id": "94aac4a7-2709-49fc-b539-9d86a4c632e7",
      "pid": "1be99659-ab9c-45dc-8048-341d15377737",
      "dblevel": 6,
      "location": "/VGMV/01_BaiGiang/HocTheoSachTrongKinhThanh/TimHieuThanhKinh/THTK01-SangTheky/Sa12-DoiDienVoiThamHoa",
      "isVideo": true,
      "url": "01-bai-giang.hoc-theo-sach-trong-kinh-thanh.tim-hieu-thanh-kinh.thtk01-sang-the-ky.sa12-doi-dien-voi-tham-hoa",
      "name": "Sa12-Đối Diện Với Thảm Họa",
      "count": 0,
      "isLeaf": null,
      "keyword": null,
      "hash": "U2FsdGVkX19egypHbtZNKwQhgyI0+cZoUl6b87Nv0PiRAOF6JhNvSNlU6pnnhJ5a9mRwXH9mAnCNJx+niqofYg==",
      "khash": "U2FsdGVkX1+S7jlZAQaIntsZrFAAFFBApUaukclRD61i196oUojf21bJmEvd4JlqP2FcILF4/iK417DCUFzeDw==",
      "viewCount": null,
      "duration": "66:14",
      "size": 1959574751
    },
    {
      "id": "86d9a317-46c8-45e3-8f55-e74199c5b445",
      "pid": "1be99659-ab9c-45dc-8048-341d15377737",
      "dblevel": 6,
      "location": "/VGMV/01_BaiGiang/HocTheoSachTrongKinhThanh/TimHieuThanhKinh/THTK01-SangTheky/Sa13-DucChuaTroiDangKinhSo",
      "isVideo": true,
      "url": "01-bai-giang.hoc-theo-sach-trong-kinh-thanh.tim-hieu-thanh-kinh.thtk01-sang-the-ky.sa13-duc-chua-troi-dang-kinh-so",
      "name": "Sa13-Đức Chúa Trời Đáng Kính Sợ",
      "count": 0,
      "isLeaf": null,
      "keyword": null,
      "hash": "U2FsdGVkX1/NrXNwGpWFnfZb8Lrg7CKe1dhoj07ptz2oDejaQ5JMCKUJ3X3z8lfWa76nQY3vEWos0INTib2FqA==",
      "khash": "U2FsdGVkX18tQybkTc4vGSYUVKW99GgSb7E0oGYzaAtlF5V0TkH4jL0nu3geajdGuxpcrQhHsFwgoia33wTJKw==",
      "viewCount": null,
      "duration": "67:52",
      "size": 2009608482
    },
    {
      "id": "b2ebc252-e11c-4a20-bdec-056840e34902",
      "pid": "1be99659-ab9c-45dc-8048-341d15377737",
      "dblevel": 6,
      "location": "/VGMV/01_BaiGiang/HocTheoSachTrongKinhThanh/TimHieuThanhKinh/THTK01-SangTheky/Sa14-MoiTruongMoi-BanChatCu",
      "isVideo": true,
      "url": "01-bai-giang.hoc-theo-sach-trong-kinh-thanh.tim-hieu-thanh-kinh.thtk01-sang-the-ky.sa14-moi-truong-moi-ban-chat-cu",
      "name": "Sa14-Môi Trường Mới - Bản Chất Cũ",
      "count": 0,
      "isLeaf": null,
      "keyword": null,
      "hash": "U2FsdGVkX1/J9gfnYwkWngavpSolq3EvorU7+XG1g70SVYQz0WHtf/dkc2tEEKrSw8v38JbV6lzS+EhvnImj/g==",
      "khash": "U2FsdGVkX1+YMx9BeWhn4aiUobswTxIjZWKzYIq98UD9Kco+8ShoChGQNSE/7ZgZl3BLFt4aqLL7T5xvmbxahw==",
      "viewCount": null,
      "duration": "74:6",
      "size": 2197177980
    },
    {
      "id": "6c288b70-94a1-4cc9-84da-8bf6ca943e76",
      "pid": "1be99659-ab9c-45dc-8048-341d15377737",
      "dblevel": 6,
      "location": "/VGMV/01_BaiGiang/HocTheoSachTrongKinhThanh/TimHieuThanhKinh/THTK01-SangTheky/Sa15-XaHoiLoaiNguoiHauNuocLut",
      "isVideo": true,
      "url": "01-bai-giang.hoc-theo-sach-trong-kinh-thanh.tim-hieu-thanh-kinh.thtk01-sang-the-ky.sa15-xa-hoi-loai-nguoi-hau-nuoc-lut",
      "name": "Sa15-Xã Hội Loài Người Hậu Nước Lụt",
      "count": 0,
      "isLeaf": null,
      "keyword": null,
      "hash": "U2FsdGVkX1/0/5I4sGslCCsFEmSgqgWQVNHnkPX5PEquey7FXC3xP5F3ns9GDTpHWVmkRyGCS4VCXqccsDL2Kw==",
      "khash": "U2FsdGVkX18e5hANPhL0lDxRAhssCfVkmBYWvtemnIyLq6c7xC0CyYqXVFLvFVqLPE1PfNz0e4cAdynolzquMw==",
      "viewCount": null,
      "duration": "75:44",
      "size": 2244110596
    },
    {
      "id": "f7da0b64-dbb8-4724-b403-23dcfabd9cd0",
      "pid": "1be99659-ab9c-45dc-8048-341d15377737",
      "dblevel": 6,
      "location": "/VGMV/01_BaiGiang/HocTheoSachTrongKinhThanh/TimHieuThanhKinh/THTK01-SangTheky/Sa16-SuChonLuaKyLa",
      "isVideo": true,
      "url": "01-bai-giang.hoc-theo-sach-trong-kinh-thanh.tim-hieu-thanh-kinh.thtk01-sang-the-ky.sa16-su-chon-lua-ky-la",
      "name": "Sa16-Sự Chọn Lựa Kỳ Lạ",
      "count": 0,
      "isLeaf": null,
      "keyword": null,
      "hash": "U2FsdGVkX1+4o3u0nMDTwXwRVQMl6az6QnkdaIFL+1KUE0+3Fei7BhP+TfavbnZbtFcaxnToYRszxoJI6iCVjQ==",
      "khash": "U2FsdGVkX19BGJnYB4HA0ePTU0M0RP2iI1pnqJYOGlMziAzN3r4Uak06UmDUlxpJQbjNpSHfjsjiet/TH5Z5lQ==",
      "viewCount": null,
      "duration": "66:4",
      "size": 1938483137
    }
  ]
}