{
  "id": "42ca4ebd-9658-42d7-99c3-6c9e9fdc3171",
  "pid": "fc6e547f-514a-4abb-88d7-8a843ad24da2",
  "dblevel": 4,
  "location": "/VGMV/01_BaiGiang/HocTheoSachTrongKinhThanh/SachE-xo-te-MSNguyenThi",
  "isVideo": true,
  "url": "01-bai-giang.hoc-theo-sach-trong-kinh-thanh.sach-e-xo-te-ms-nguyen-thi",
  "name": "Sách Ê-xơ-tê - MS Nguyễn Thỉ",
  "count": 5,
  "isLeaf": true,
  "keyword": null,
  "hash": null,
  "khash": null,
  "viewCount": null,
  "duration": null,
  "size": null,
  "children": [
    {
      "id": "6a7e683a-97a9-4c80-9db9-e114b5d36d1a",
      "pid": "42ca4ebd-9658-42d7-99c3-6c9e9fdc3171",
      "dblevel": 5,
      "location": "/VGMV/01_BaiGiang/HocTheoSachTrongKinhThanh/SachE-xo-te-MSNguyenThi/E-xo-te-01",
      "isVideo": true,
      "url": "01-bai-giang.hoc-theo-sach-trong-kinh-thanh.sach-e-xo-te-ms-nguyen-thi.e-xo-te-01",
      "name": "Ê-xơ-tê-01",
      "count": 0,
      "isLeaf": null,
      "keyword": null,
      "hash": "U2FsdGVkX1/vFG+AliB7zemZrE52x5LzNX5OB1A9XKzCYg/TLkShuNXnJgd33J/dz9zZSkHASwMG0lfzD/U/XA==",
      "khash": "U2FsdGVkX1+hi93nP/fAW1U7MKMbVwLKa/lHP2tnhT2nMW8XvkydtMOefya6kKsPuQbkrcOkOeiheIv0d3HSAw==",
      "viewCount": null,
      "duration": "69:10",
      "size": 1426315747
    },
    {
      "id": "395d3134-159d-4639-8a2f-66e87f34dc7c",
      "pid": "42ca4ebd-9658-42d7-99c3-6c9e9fdc3171",
      "dblevel": 5,
      "location": "/VGMV/01_BaiGiang/HocTheoSachTrongKinhThanh/SachE-xo-te-MSNguyenThi/E-xo-te-02",
      "isVideo": true,
      "url": "01-bai-giang.hoc-theo-sach-trong-kinh-thanh.sach-e-xo-te-ms-nguyen-thi.e-xo-te-02",
      "name": "Ê-xơ-tê-02",
      "count": 0,
      "isLeaf": null,
      "keyword": null,
      "hash": "U2FsdGVkX1/mys/ZHgCf6zMjre8QFL8Qs0VyqVO+uAzSqAcF2AmZSthuUcwoUn0lU+g77ikDBToaWYvChbR85g==",
      "khash": "U2FsdGVkX18hDTvOG/4/OsCnCwGDS13nNPed5hcebgXm/g3jC8KAjz0/iFHhQloIKJ2x/9C8Lu/Xjjv4PgFO9w==",
      "viewCount": null,
      "duration": "70:13",
      "size": 1185887857
    },
    {
      "id": "6be01c4b-b924-4a90-893c-6cec19bb40be",
      "pid": "42ca4ebd-9658-42d7-99c3-6c9e9fdc3171",
      "dblevel": 5,
      "location": "/VGMV/01_BaiGiang/HocTheoSachTrongKinhThanh/SachE-xo-te-MSNguyenThi/E-xo-te-03",
      "isVideo": true,
      "url": "01-bai-giang.hoc-theo-sach-trong-kinh-thanh.sach-e-xo-te-ms-nguyen-thi.e-xo-te-03",
      "name": "Ê-xơ-tê-03",
      "count": 0,
      "isLeaf": null,
      "keyword": null,
      "hash": "U2FsdGVkX18JmI7AOBFsqR+Xp5NLxCsI9xpTU6Aht9CJLvWaCBHn+Xfynjy9/orLKP0QUeadfmJrKhdVXMk1uQ==",
      "khash": "U2FsdGVkX19j7Z9F9dbUzn8CsM+W+eSSX4O2dCjdm78uDgCpn75JoqoGoNsihr0rpYhh0+k7BOFCBv3xe7Q+kw==",
      "viewCount": null,
      "duration": "74:6",
      "size": 1452431240
    },
    {
      "id": "bc068bfc-1481-4569-9652-089d2e84cd18",
      "pid": "42ca4ebd-9658-42d7-99c3-6c9e9fdc3171",
      "dblevel": 5,
      "location": "/VGMV/01_BaiGiang/HocTheoSachTrongKinhThanh/SachE-xo-te-MSNguyenThi/E-xo-te-04",
      "isVideo": true,
      "url": "01-bai-giang.hoc-theo-sach-trong-kinh-thanh.sach-e-xo-te-ms-nguyen-thi.e-xo-te-04",
      "name": "Ê-xơ-tê-04",
      "count": 0,
      "isLeaf": null,
      "keyword": null,
      "hash": "U2FsdGVkX18dzGrfM1dkrOZD041apeEUN3w92dfQHjG2RW5H2twD58ZadkiMrs2A5BsU4S66lfsH9Jjg2TtSoQ==",
      "khash": "U2FsdGVkX185sWuoosumKUZrBR1XSqu3Yol+ByI0nuJW1PGNfIU9ybbAyXnAByzkdOwoepztFnCI3YKsmYmKtQ==",
      "viewCount": null,
      "duration": "76:36",
      "size": 1560452852
    },
    {
      "id": "cff0c1f4-2a8d-4982-839e-4f31ffcce8bc",
      "pid": "42ca4ebd-9658-42d7-99c3-6c9e9fdc3171",
      "dblevel": 5,
      "location": "/VGMV/01_BaiGiang/HocTheoSachTrongKinhThanh/SachE-xo-te-MSNguyenThi/E-xo-te-05",
      "isVideo": true,
      "url": "01-bai-giang.hoc-theo-sach-trong-kinh-thanh.sach-e-xo-te-ms-nguyen-thi.e-xo-te-05",
      "name": "Ê-xơ-tê-05",
      "count": 0,
      "isLeaf": null,
      "keyword": null,
      "hash": "U2FsdGVkX19l0vU9rBmRRUDdO/MJblk+a9dikGbtalhv5wR8vWg/MtUVl1kEbN/xPU830ZG6g47U3yeqCvS3mg==",
      "khash": "U2FsdGVkX1/DBl97/5sv599OdfqPjHuIwYKwTlXarMSV5o3x/DJ5m2Y65Pk+oMgYiSWcmtdXKFP9p7QiEyrPyA==",
      "viewCount": null,
      "duration": "45:33",
      "size": 968898845
    }
  ]
}