{
  "id": "fb122c8d-d7e7-4a9a-b49f-facd5180e0bc",
  "pid": "fc6e547f-514a-4abb-88d7-8a843ad24da2",
  "dblevel": 4,
  "location": "/VGMV/01_BaiGiang/HocTheoSachTrongKinhThanh/ThuGa-la-ti-MSNguyenThi",
  "isVideo": true,
  "url": "01-bai-giang.hoc-theo-sach-trong-kinh-thanh.thu-ga-la-ti-ms-nguyen-thi",
  "name": "Thư Ga-la-ti - MS Nguyễn Thỉ",
  "count": 18,
  "isLeaf": true,
  "keyword": null,
  "hash": null,
  "khash": null,
  "viewCount": null,
  "duration": null,
  "size": null,
  "children": [
    {
      "id": "04fbc662-4c83-4272-a4ca-580882df53b0",
      "pid": "fb122c8d-d7e7-4a9a-b49f-facd5180e0bc",
      "dblevel": 5,
      "location": "/VGMV/01_BaiGiang/HocTheoSachTrongKinhThanh/ThuGa-la-ti-MSNguyenThi/01_Ga010105",
      "isVideo": true,
      "url": "01-bai-giang.hoc-theo-sach-trong-kinh-thanh.thu-ga-la-ti-ms-nguyen-thi.01-ga010105",
      "name": "01_Ga010105",
      "count": 0,
      "isLeaf": null,
      "keyword": null,
      "hash": "U2FsdGVkX1+8JvLv4Mle6GzRUsIagYM6Lsb3HtNFO66hyeAtRzIq5xV1wXz6iiMxQl6/U2zp2pDRMyTsVoig1A==",
      "khash": "U2FsdGVkX19TpfxBo1MBfF2tj6/WmEmeyv1QcuQkW1HKj52Ywciinnbft6EJPjN3/Pw3mtldHeDjjadMbD9gkA==",
      "viewCount": null,
      "duration": "51:27",
      "size": 222192419
    },
    {
      "id": "e6b1774b-be21-4122-9dcb-c0004cfbd3eb",
      "pid": "fb122c8d-d7e7-4a9a-b49f-facd5180e0bc",
      "dblevel": 5,
      "location": "/VGMV/01_BaiGiang/HocTheoSachTrongKinhThanh/ThuGa-la-ti-MSNguyenThi/02_Ga010612",
      "isVideo": true,
      "url": "01-bai-giang.hoc-theo-sach-trong-kinh-thanh.thu-ga-la-ti-ms-nguyen-thi.02-ga010612",
      "name": "02_Ga010612",
      "count": 0,
      "isLeaf": null,
      "keyword": null,
      "hash": "U2FsdGVkX18pJmOWDnXdyaMiDLJ3SPpUpsnssl8OPYvE15sY4Ql8BGyFSuc0X7ZeECLysq9eGkphgvcr8hQjKg==",
      "khash": "U2FsdGVkX1+lj0mUpOecTbM+Cof8c3nZfQ6i1LgcbVmoXs8w5EofCt8pXsp74wk9ZzlWXyl3fDnF2cMe+UC0vQ==",
      "viewCount": null,
      "duration": "49:58",
      "size": 288789378
    },
    {
      "id": "f59f6520-6405-45db-986d-c31c42eb2e7e",
      "pid": "fb122c8d-d7e7-4a9a-b49f-facd5180e0bc",
      "dblevel": 5,
      "location": "/VGMV/01_BaiGiang/HocTheoSachTrongKinhThanh/ThuGa-la-ti-MSNguyenThi/03_Ga011324",
      "isVideo": true,
      "url": "01-bai-giang.hoc-theo-sach-trong-kinh-thanh.thu-ga-la-ti-ms-nguyen-thi.03-ga011324",
      "name": "03_Ga011324",
      "count": 0,
      "isLeaf": null,
      "keyword": null,
      "hash": "U2FsdGVkX19Fdm/QUO4XyHN5iroHwmJVQilHEaIVf8mkb+u4Ru83SuMRculej1tFSAXieCzJBF8FlX48KydHfA==",
      "khash": "U2FsdGVkX1+yrh2oY2DQWkXQpfrmOJlMHdc/vSNZbFl6JOpa1sGkKVrjKr242vKywFYOtV3TFXmqMVlMTmy7NQ==",
      "viewCount": null,
      "duration": "49:46",
      "size": 315855509
    },
    {
      "id": "005edbb1-6bf0-4750-9adf-45dacf24f0e3",
      "pid": "fb122c8d-d7e7-4a9a-b49f-facd5180e0bc",
      "dblevel": 5,
      "location": "/VGMV/01_BaiGiang/HocTheoSachTrongKinhThanh/ThuGa-la-ti-MSNguyenThi/04_Ga020114",
      "isVideo": true,
      "url": "01-bai-giang.hoc-theo-sach-trong-kinh-thanh.thu-ga-la-ti-ms-nguyen-thi.04-ga020114",
      "name": "04_Ga020114",
      "count": 0,
      "isLeaf": null,
      "keyword": null,
      "hash": "U2FsdGVkX1+OIM6gnl4lydiYH0gWaa3x1piEmyZ/Jk6M8X/H5/fo08b/wfeaBiPO1r4nPezDLIHaj2/ZAWMnIg==",
      "khash": "U2FsdGVkX18MylyyS2lGZkbTWlEZgUpEZv9GkCh9kX2AFBJQPpkfhpi88OzdVM1axaMEmYB4yxrPHiDgAtrYxw==",
      "viewCount": null,
      "duration": "60:58",
      "size": 601007531
    },
    {
      "id": "c1e7f5d7-680c-473c-8273-062de2dc1204",
      "pid": "fb122c8d-d7e7-4a9a-b49f-facd5180e0bc",
      "dblevel": 5,
      "location": "/VGMV/01_BaiGiang/HocTheoSachTrongKinhThanh/ThuGa-la-ti-MSNguyenThi/05_Ga021114",
      "isVideo": true,
      "url": "01-bai-giang.hoc-theo-sach-trong-kinh-thanh.thu-ga-la-ti-ms-nguyen-thi.05-ga021114",
      "name": "05_Ga021114",
      "count": 0,
      "isLeaf": null,
      "keyword": null,
      "hash": "U2FsdGVkX1/xeCUeWqVdZE0PKzz1f2lvmTYboZ9ualydl61OWhzMktpRoIzAUviqPwS4jhEWegdFfy+isRPfzA==",
      "khash": "U2FsdGVkX19PgRQoO2MlC8JPDokq7MbsDVyoxPwgtZl4HKHs4ERrI6JdGI5IorA49EDKyTfOIg+R5aY5u2lFDQ==",
      "viewCount": null,
      "duration": "58:2",
      "size": 366421967
    },
    {
      "id": "d7f08421-47d7-4e2e-aae5-adf1224c1f3a",
      "pid": "fb122c8d-d7e7-4a9a-b49f-facd5180e0bc",
      "dblevel": 5,
      "location": "/VGMV/01_BaiGiang/HocTheoSachTrongKinhThanh/ThuGa-la-ti-MSNguyenThi/06_Ga021521",
      "isVideo": true,
      "url": "01-bai-giang.hoc-theo-sach-trong-kinh-thanh.thu-ga-la-ti-ms-nguyen-thi.06-ga021521",
      "name": "06_Ga021521",
      "count": 0,
      "isLeaf": null,
      "keyword": null,
      "hash": "U2FsdGVkX1+DqX7oCvAbIlNkSbdzT1v3TVEiWMmxPYjgrpfNtsN7Qme+/2lPQPS1TnhbMUppYBNiIQyjy67bHA==",
      "khash": "U2FsdGVkX1+0eUoiBwWQKaj6arTJN1Jw6fUAA/ilT3EGYbkaD/UZipFOeqCycPH/LOpQnAjxTUZ65yAKnBb95Q==",
      "viewCount": null,
      "duration": "58:42",
      "size": 408592946
    },
    {
      "id": "ad4ab9ed-59f6-465b-a752-d4c7690e028a",
      "pid": "fb122c8d-d7e7-4a9a-b49f-facd5180e0bc",
      "dblevel": 5,
      "location": "/VGMV/01_BaiGiang/HocTheoSachTrongKinhThanh/ThuGa-la-ti-MSNguyenThi/07_Ga300109",
      "isVideo": true,
      "url": "01-bai-giang.hoc-theo-sach-trong-kinh-thanh.thu-ga-la-ti-ms-nguyen-thi.07-ga300109",
      "name": "07_Ga300109",
      "count": 0,
      "isLeaf": null,
      "keyword": null,
      "hash": "U2FsdGVkX19ZvCaO9gD6wM+YNB+hxCpiAU+kQJp0uEv4J++HAP9HDOlHuQaw3LREVlgZz2VCEbpFfv8NTlcfmA==",
      "khash": "U2FsdGVkX1/pRvzRo8lv8xqXh4vf/vdHPbKwymWULjdxMxJD2iOhJyv52G38vEkvA2J2Hb290YRxp95XgJM+Yw==",
      "viewCount": null,
      "duration": "52:59",
      "size": 448722175
    },
    {
      "id": "d89e1ee3-08f9-4f97-a7ee-8a6c3ad47dd5",
      "pid": "fb122c8d-d7e7-4a9a-b49f-facd5180e0bc",
      "dblevel": 5,
      "location": "/VGMV/01_BaiGiang/HocTheoSachTrongKinhThanh/ThuGa-la-ti-MSNguyenThi/08_Ga030814",
      "isVideo": true,
      "url": "01-bai-giang.hoc-theo-sach-trong-kinh-thanh.thu-ga-la-ti-ms-nguyen-thi.08-ga030814",
      "name": "08_Ga030814",
      "count": 0,
      "isLeaf": null,
      "keyword": null,
      "hash": "U2FsdGVkX19Ho6uNQ83R3mJGuSbE2uvVC986QA7dEuOhwoQxDPPfQRJpzFi0gXRGt1okvDUm+4+q09omB4O2NA==",
      "khash": "U2FsdGVkX1/RAJZDdgG9fMKjdq2sag1fsIM5v5ZYkuGCh+n96RTyt3lk1btcMED1DfRQZNe4CDnk5V35cXhZxg==",
      "viewCount": null,
      "duration": "45:14",
      "size": 382881360
    },
    {
      "id": "0bb8adb1-da0f-4bc6-9323-8505a36ce47e",
      "pid": "fb122c8d-d7e7-4a9a-b49f-facd5180e0bc",
      "dblevel": 5,
      "location": "/VGMV/01_BaiGiang/HocTheoSachTrongKinhThanh/ThuGa-la-ti-MSNguyenThi/09_Ga031520",
      "isVideo": true,
      "url": "01-bai-giang.hoc-theo-sach-trong-kinh-thanh.thu-ga-la-ti-ms-nguyen-thi.09-ga031520",
      "name": "09_Ga031520",
      "count": 0,
      "isLeaf": null,
      "keyword": null,
      "hash": "U2FsdGVkX19hfX0TyRqkTKHAHbSWEBQChyQsWHJeQrM4qCwcqGer96mSVox8trXExTzK63uMhVb0Tjm4K1J5SA==",
      "khash": "U2FsdGVkX1/xWPhJhGnxdAttIgz0wq6OiRZ/q86Rctzn999c5ZWU/GZNi/Mwc9W/I1twINuaKPrnQy95vWm+sQ==",
      "viewCount": null,
      "duration": "46:1",
      "size": 353255720
    },
    {
      "id": "c10a45a1-36fa-464a-8832-fa05ecfb4e1f",
      "pid": "fb122c8d-d7e7-4a9a-b49f-facd5180e0bc",
      "dblevel": 5,
      "location": "/VGMV/01_BaiGiang/HocTheoSachTrongKinhThanh/ThuGa-la-ti-MSNguyenThi/10_Ga032129",
      "isVideo": true,
      "url": "01-bai-giang.hoc-theo-sach-trong-kinh-thanh.thu-ga-la-ti-ms-nguyen-thi.10-ga032129",
      "name": "10_Ga032129",
      "count": 0,
      "isLeaf": null,
      "keyword": null,
      "hash": "U2FsdGVkX1+oFpskb8lR8CloAuE6KlauexE72alBFbUzJdPwTWd/r4egIcwc8nKxSWr6oRLy7ThCrbebao+xzw==",
      "khash": "U2FsdGVkX1/6NdvwWxVhti8UIeE58qHESDTMfkYB3pgkF0Uea+PezDGKLMiXn2M0vd/0MZolwg6HQewF08tLMQ==",
      "viewCount": null,
      "duration": "51:50",
      "size": 398376250
    },
    {
      "id": "34cab074-f8bd-47c2-beed-5ef16453a6dc",
      "pid": "fb122c8d-d7e7-4a9a-b49f-facd5180e0bc",
      "dblevel": 5,
      "location": "/VGMV/01_BaiGiang/HocTheoSachTrongKinhThanh/ThuGa-la-ti-MSNguyenThi/11_Ga040111",
      "isVideo": true,
      "url": "01-bai-giang.hoc-theo-sach-trong-kinh-thanh.thu-ga-la-ti-ms-nguyen-thi.11-ga040111",
      "name": "11_Ga040111",
      "count": 0,
      "isLeaf": null,
      "keyword": null,
      "hash": "U2FsdGVkX189dW3mbc6ywd/bhWQHmYFb2ISX+1BH8MznJ2u/iNKbs8Imx5YA8K5QeesHkYIuefM/CfzUMmbGsg==",
      "khash": "U2FsdGVkX186nr3F9A1SxcWa4qGsRQ6L9cti8q7VS2hua7y2E1NPvk+A+ObmoJ6m53DEfI2fSnWo6eaycGDysw==",
      "viewCount": null,
      "duration": "49:36",
      "size": 495165190
    },
    {
      "id": "d75e9bdb-e4a7-41f2-bd94-9b4d2a1c7ce6",
      "pid": "fb122c8d-d7e7-4a9a-b49f-facd5180e0bc",
      "dblevel": 5,
      "location": "/VGMV/01_BaiGiang/HocTheoSachTrongKinhThanh/ThuGa-la-ti-MSNguyenThi/12_Ga041220",
      "isVideo": true,
      "url": "01-bai-giang.hoc-theo-sach-trong-kinh-thanh.thu-ga-la-ti-ms-nguyen-thi.12-ga041220",
      "name": "12_Ga041220",
      "count": 0,
      "isLeaf": null,
      "keyword": null,
      "hash": "U2FsdGVkX1/JalZuW8YFp/2/9z9NcmCCTFK+U+yIaic7PuFsTC1hQZL8YdMfdZ49WRXIEPu0i4WbH18Dw9oQFw==",
      "khash": "U2FsdGVkX19js+UaEu0N1SigbFjARlKIOQTxYg6/xa/8XycWagkzMxRWp8b4aBs+/EeG1EZfyqCcbGWXmLP9YQ==",
      "viewCount": null,
      "duration": "57:11",
      "size": 442709679
    },
    {
      "id": "53f08c06-9a70-4ac7-a91b-0d9cd2b83fd7",
      "pid": "fb122c8d-d7e7-4a9a-b49f-facd5180e0bc",
      "dblevel": 5,
      "location": "/VGMV/01_BaiGiang/HocTheoSachTrongKinhThanh/ThuGa-la-ti-MSNguyenThi/13_Ga042131",
      "isVideo": true,
      "url": "01-bai-giang.hoc-theo-sach-trong-kinh-thanh.thu-ga-la-ti-ms-nguyen-thi.13-ga042131",
      "name": "13_Ga042131",
      "count": 0,
      "isLeaf": null,
      "keyword": null,
      "hash": "U2FsdGVkX18iMD/t4kKi88gjNoc5cPm60NFQCB520EOpNvMrJgnF3Ry9WjYyehV15yrRY/Vl50bLQD/UpYHWEA==",
      "khash": "U2FsdGVkX190762S+gIRG6XaITJuWjI6tIjSv7rvEmAZq5Yt6NvPgFrhQSf8rwKui81tm3txIJ8SKdkt/Tt2IQ==",
      "viewCount": null,
      "duration": "38:51",
      "size": 299798852
    },
    {
      "id": "b2ea7f1c-ea1a-465e-8354-174f22468a74",
      "pid": "fb122c8d-d7e7-4a9a-b49f-facd5180e0bc",
      "dblevel": 5,
      "location": "/VGMV/01_BaiGiang/HocTheoSachTrongKinhThanh/ThuGa-la-ti-MSNguyenThi/14_Ga050112",
      "isVideo": true,
      "url": "01-bai-giang.hoc-theo-sach-trong-kinh-thanh.thu-ga-la-ti-ms-nguyen-thi.14-ga050112",
      "name": "14_Ga050112",
      "count": 0,
      "isLeaf": null,
      "keyword": null,
      "hash": "U2FsdGVkX18jBkTUyDfP4ij+sgOOi0ZxDUH+nCkdmAyX7t1UuNRS8PwgvBgmnWO4VHbLhj0KxgV5wZKwvy0EGQ==",
      "khash": "U2FsdGVkX19hVyBjAnpGvLFtLkWmX3446aFg5/s+JdqorQd/o3+ISiBjk7cDSDNkFARISeueLE5vmx2bXdgc8g==",
      "viewCount": null,
      "duration": "63:44",
      "size": 493263844
    },
    {
      "id": "6af2ecb3-36b9-44ea-b5e5-69a171b18ca0",
      "pid": "fb122c8d-d7e7-4a9a-b49f-facd5180e0bc",
      "dblevel": 5,
      "location": "/VGMV/01_BaiGiang/HocTheoSachTrongKinhThanh/ThuGa-la-ti-MSNguyenThi/15_Ga051626",
      "isVideo": true,
      "url": "01-bai-giang.hoc-theo-sach-trong-kinh-thanh.thu-ga-la-ti-ms-nguyen-thi.15-ga051626",
      "name": "15_Ga051626",
      "count": 0,
      "isLeaf": null,
      "keyword": null,
      "hash": "U2FsdGVkX18/NDaFFcFvnK1eKbO5lNQqMhrii+DZNf6SAG4Iy+raVU6nSvMUV/EAqCz4Rat2EseFlJ+IsB7PJQ==",
      "khash": "U2FsdGVkX19NHwv2ABIFeQfIfrzYkrDfmNuIISM5gvZsuDSHDy9tVxaeVw3Wdubk57ao+3vSJAyuYsSOKrK7Wg==",
      "viewCount": null,
      "duration": "49:16",
      "size": 490704074
    },
    {
      "id": "2c585927-d954-41eb-b694-e7a8890445b9",
      "pid": "fb122c8d-d7e7-4a9a-b49f-facd5180e0bc",
      "dblevel": 5,
      "location": "/VGMV/01_BaiGiang/HocTheoSachTrongKinhThanh/ThuGa-la-ti-MSNguyenThi/16_Ga05260605",
      "isVideo": true,
      "url": "01-bai-giang.hoc-theo-sach-trong-kinh-thanh.thu-ga-la-ti-ms-nguyen-thi.16-ga05260605",
      "name": "16_Ga05260605",
      "count": 0,
      "isLeaf": null,
      "keyword": null,
      "hash": "U2FsdGVkX1+cafDQpVffutW5vWgz51uCOi8Bi1BSOdeT1ONxXMtm22OhYeIPjHmUKQ1UPLMn4R2h3M4uNeGVpQ==",
      "khash": "U2FsdGVkX1/5ccL+FMhGJlP/W9lpunP6YrvbVUh7evJ0pnOuwZMbL0OeJGDObjCMegfwydBwuPwIdSBvuowUCQ==",
      "viewCount": null,
      "duration": "41:46",
      "size": 509094451
    },
    {
      "id": "7a49101a-7a48-4d94-96a1-b81820649203",
      "pid": "fb122c8d-d7e7-4a9a-b49f-facd5180e0bc",
      "dblevel": 5,
      "location": "/VGMV/01_BaiGiang/HocTheoSachTrongKinhThanh/ThuGa-la-ti-MSNguyenThi/17_Ga060610",
      "isVideo": true,
      "url": "01-bai-giang.hoc-theo-sach-trong-kinh-thanh.thu-ga-la-ti-ms-nguyen-thi.17-ga060610",
      "name": "17_Ga060610",
      "count": 0,
      "isLeaf": null,
      "keyword": null,
      "hash": "U2FsdGVkX18d6b0gJa14wo/QVIrtDcGyEOw/Sfbpj8hIlADo157BaC6BQOQJk9GjJt4wXvzVN67RaQUoW/tNVQ==",
      "khash": "U2FsdGVkX197ZafPW2dRI6mjz+KVLIt6XgpxKF24dzbhLqdO4+oF1aigK+HQfpT5mCWztlpwxgr85cMDcF+XJQ==",
      "viewCount": null,
      "duration": "34:0",
      "size": 262964358
    },
    {
      "id": "8d9f2b5d-f06c-4bd5-8a66-686258256a3c",
      "pid": "fb122c8d-d7e7-4a9a-b49f-facd5180e0bc",
      "dblevel": 5,
      "location": "/VGMV/01_BaiGiang/HocTheoSachTrongKinhThanh/ThuGa-la-ti-MSNguyenThi/18_Ga061118",
      "isVideo": true,
      "url": "01-bai-giang.hoc-theo-sach-trong-kinh-thanh.thu-ga-la-ti-ms-nguyen-thi.18-ga061118",
      "name": "18_Ga061118",
      "count": 0,
      "isLeaf": null,
      "keyword": null,
      "hash": "U2FsdGVkX1+Ed/QThz0s1urzyhHXGW5Cgu0yi867xyf18rVBz+uJODfnzFGfFChhbuGhyBAWN4LdQOiBr3GXWg==",
      "khash": "U2FsdGVkX19l6FnbHZsqGVurl68RgyQxtGWk8YVUJsk/BTewxlrXX9HbSsKW9c+WA0dNGsg+w8AZSvX2u07qcg==",
      "viewCount": null,
      "duration": "47:55",
      "size": 334207329
    }
  ]
}