{
  "id": "dd3820cb-fcae-4d48-9b04-de4606032557",
  "pid": "898cfb55-51f0-4444-aebd-db94d9c550d8",
  "dblevel": 4,
  "location": "/VGMV/01_BaiGiang/MucsuNguyenThi/Nam2014",
  "isVideo": true,
  "url": "01-bai-giang.muc-su-nguyen-thi.nam-2014",
  "name": "Năm 2014",
  "count": 48,
  "isLeaf": true,
  "keyword": null,
  "hash": null,
  "khash": null,
  "viewCount": null,
  "duration": null,
  "size": null,
  "children": [
    {
      "id": "41d7ea8c-3fd2-45ea-b57f-21a274c858ba",
      "pid": "dd3820cb-fcae-4d48-9b04-de4606032557",
      "dblevel": 5,
      "location": "/VGMV/01_BaiGiang/MucsuNguyenThi/Nam2014/01052014GapGoChuaGie-xuGi013551",
      "isVideo": true,
      "url": "01-bai-giang.muc-su-nguyen-thi.nam-2014.01052014-gap-go-chua-gie-xu-gi013551",
      "name": "01052014 Gặp Gỡ Chúa Giê-xu Gi013551",
      "count": 0,
      "isLeaf": null,
      "keyword": null,
      "hash": "",
      "khash": "U2FsdGVkX18llsmcahe1y3StIDaPaw32KLlJrA9qquqVbdJ0TC9RTO6+sqIjhzVYeztUUWeox93eluWvmbqwBA==",
      "viewCount": null,
      "duration": "35:5",
      "size": 560721281
    },
    {
      "id": "c1b38610-badd-42d8-b8cb-97b235f0628f",
      "pid": "dd3820cb-fcae-4d48-9b04-de4606032557",
      "dblevel": 5,
      "location": "/VGMV/01_BaiGiang/MucsuNguyenThi/Nam2014/01122014PhepLaThuNhatGi020112",
      "isVideo": true,
      "url": "01-bai-giang.muc-su-nguyen-thi.nam-2014.01122014-phep-la-thu-nhat-gi020112",
      "name": "01122014 Phép Lạ Thứ Nhất Gi020112",
      "count": 0,
      "isLeaf": null,
      "keyword": null,
      "hash": "",
      "khash": "U2FsdGVkX19Lf0PzNSjL7UlCKFLcqDGvuUb4Y1F4yPeeceCHo/dAZcabKSzZb0X3Zrh9umJUSzKVhQJKfbw1Gg==",
      "viewCount": null,
      "duration": "37:43",
      "size": 602719224
    },
    {
      "id": "a2734306-20e4-4663-99f3-2aab925c9a0d",
      "pid": "dd3820cb-fcae-4d48-9b04-de4606032557",
      "dblevel": 5,
      "location": "/VGMV/01_BaiGiang/MucsuNguyenThi/Nam2014/01192014DenThoCuaThanTheGi021322",
      "isVideo": true,
      "url": "01-bai-giang.muc-su-nguyen-thi.nam-2014.01192014-den-tho-cua-than-the-gi021322",
      "name": "01192014 Đền Thờ Của Thân Thể Gi021322",
      "count": 0,
      "isLeaf": null,
      "keyword": null,
      "hash": "",
      "khash": "U2FsdGVkX1+OF1+Z2OD6yaFGvhCkTWznhnwG9j7nQdIHQGrUu4PZC2gyQ5I9CWTK6Gv5GMWemJO1OShKgWbPAQ==",
      "viewCount": null,
      "duration": "32:24",
      "size": 500551412
    },
    {
      "id": "ac238fd5-02c0-43f9-b9cc-5e2c76589f03",
      "pid": "dd3820cb-fcae-4d48-9b04-de4606032557",
      "dblevel": 5,
      "location": "/VGMV/01_BaiGiang/MucsuNguyenThi/Nam2014/01262014ChuaDangNoiChuyenISa030118",
      "isVideo": true,
      "url": "01-bai-giang.muc-su-nguyen-thi.nam-2014.01262014-chua-dang-noi-chuyen-isa030118",
      "name": "01262014 Chúa Đang Nói Chuyện ISa030118",
      "count": 0,
      "isLeaf": null,
      "keyword": null,
      "hash": "",
      "khash": "U2FsdGVkX1+rxEqMnr3VMfVvzGoO+mJ4EM949WXu9RmhY3lqfVJQc2VMha0IAh27sAEFaICJyUAdAFuJhI3s9Q==",
      "viewCount": null,
      "duration": "37:18",
      "size": 595768938
    },
    {
      "id": "460fe0ee-a316-4d4a-bb13-b09e796d0c66",
      "pid": "dd3820cb-fcae-4d48-9b04-de4606032557",
      "dblevel": 5,
      "location": "/VGMV/01_BaiGiang/MucsuNguyenThi/Nam2014/02092014BenBoGiengGi040126",
      "isVideo": true,
      "url": "01-bai-giang.muc-su-nguyen-thi.nam-2014.02092014-ben-bo-gieng-gi040126",
      "name": "02092014 Bên Bờ Giếng Gi040126",
      "count": 0,
      "isLeaf": null,
      "keyword": null,
      "hash": "",
      "khash": "U2FsdGVkX1+EIEzMIgpNUhOMb99doZSgCKJs8UgOXNzQwv9bTIYgsPvSvoqD8R+ZN/j5RWLSpsQXnVqmJLxZ5Q==",
      "viewCount": null,
      "duration": "37:17",
      "size": 596277651
    },
    {
      "id": "882f6be2-19f8-4caf-ae36-a8435716f246",
      "pid": "dd3820cb-fcae-4d48-9b04-de4606032557",
      "dblevel": 5,
      "location": "/VGMV/01_BaiGiang/MucsuNguyenThi/Nam2014/02162014NhuongMatLenGi042742_cut",
      "isVideo": true,
      "url": "01-bai-giang.muc-su-nguyen-thi.nam-2014.02162014-nhuong-mat-len-gi042742-cut",
      "name": "02162014 Nhướng Mắt Lên Gi042742_cut",
      "count": 0,
      "isLeaf": null,
      "keyword": null,
      "hash": "",
      "khash": "U2FsdGVkX1+ubWbuGkzxwqvwlWGx0MsdFN7HlZ9bOTO6okaOfK2pIXq870eSqd/5/FulLmw//6M/OZ04A7oRWw==",
      "viewCount": null,
      "duration": "26:59",
      "size": 430571625
    },
    {
      "id": "bc610e50-461a-4747-8f3f-f37a9ca10782",
      "pid": "dd3820cb-fcae-4d48-9b04-de4606032557",
      "dblevel": 5,
      "location": "/VGMV/01_BaiGiang/MucsuNguyenThi/Nam2014/02232014DangHienRongRaiISu290109",
      "isVideo": true,
      "url": "01-bai-giang.muc-su-nguyen-thi.nam-2014.02232014-dang-hien-rong-rai-isu290109",
      "name": "02232014 Dâng Hiến Rộng Rãi ISu290109",
      "count": 0,
      "isLeaf": null,
      "keyword": null,
      "hash": "",
      "khash": "U2FsdGVkX18sFQ15H1RKxRlo3nDojfnkA6F11jozZ9UuqoyBerpGeKQA3J7dUDcv9VZt7m9io0aZ5+Rv+S7tAw==",
      "viewCount": null,
      "duration": "34:3",
      "size": 542074151
    },
    {
      "id": "b8ad0a6d-756b-45ad-b45c-805b8ab31621",
      "pid": "dd3820cb-fcae-4d48-9b04-de4606032557",
      "dblevel": 5,
      "location": "/VGMV/01_BaiGiang/MucsuNguyenThi/Nam2014/03022014PhepLaThuHaiGi044654",
      "isVideo": true,
      "url": "01-bai-giang.muc-su-nguyen-thi.nam-2014.03022014-phep-la-thu-hai-gi044654",
      "name": "03022014 Phép Lạ Thứ Hai Gi044654",
      "count": 0,
      "isLeaf": null,
      "keyword": null,
      "hash": "",
      "khash": "U2FsdGVkX1/+4OgQfa+sb1Mz6RvI15VKzhKp8xGQH6zeq2/rjwIglY0rEM5uniqmAx2xCIUm/hBhDlrDVTPXaw==",
      "viewCount": null,
      "duration": "30:17",
      "size": 484243278
    },
    {
      "id": "20b01238-0b59-424c-8c18-a4d9d5cb6651",
      "pid": "dd3820cb-fcae-4d48-9b04-de4606032557",
      "dblevel": 5,
      "location": "/VGMV/01_BaiGiang/MucsuNguyenThi/Nam2014/03092014PhepLaThuBaGi050118",
      "isVideo": true,
      "url": "01-bai-giang.muc-su-nguyen-thi.nam-2014.03092014-phep-la-thu-ba-gi050118",
      "name": "03092014 Phép Lạ Thứ Ba Gi050118",
      "count": 0,
      "isLeaf": null,
      "keyword": null,
      "hash": "",
      "khash": "U2FsdGVkX1+rWxzcv9AIvH4r5WphNiuhABilufUEu2/9g4wV7K14X8PxVvMWBq7a3/pNCcAee5+fsuEethB5GQ==",
      "viewCount": null,
      "duration": "30:47",
      "size": 493489567
    },
    {
      "id": "8964b3f6-3b96-4923-b339-5aa95dd47dbe",
      "pid": "dd3820cb-fcae-4d48-9b04-de4606032557",
      "dblevel": 5,
      "location": "/VGMV/01_BaiGiang/MucsuNguyenThi/Nam2014/03162014PheplaThuTuGi060115",
      "isVideo": true,
      "url": "01-bai-giang.muc-su-nguyen-thi.nam-2014.03162014-phep-la-thu-tu-gi060115",
      "name": "03162014 Phép lạ Thứ Tư Gi060115",
      "count": 0,
      "isLeaf": null,
      "keyword": null,
      "hash": "",
      "khash": "U2FsdGVkX19ZUycStclg2FXUGau1a2ceN6sWlpmkxcYubWTohTW0wcmB07bJrgANWzJHdhTzSG+8wJCq977vvg==",
      "viewCount": null,
      "duration": "38:43",
      "size": 620410785
    },
    {
      "id": "089a5cfb-7440-4466-b5f5-7bd80a2492f6",
      "pid": "dd3820cb-fcae-4d48-9b04-de4606032557",
      "dblevel": 5,
      "location": "/VGMV/01_BaiGiang/MucsuNguyenThi/Nam2014/03232014TheoDauChanChuaGi0530",
      "isVideo": true,
      "url": "01-bai-giang.muc-su-nguyen-thi.nam-2014.03232014-theo-dau-chan-chua-gi0530",
      "name": "03232014 Theo Dấu Chân Chúa Gi0530",
      "count": 0,
      "isLeaf": null,
      "keyword": null,
      "hash": "",
      "khash": "U2FsdGVkX19nc2mbA2S8MHdZs55dBF2rVk3xQhu3gWBBA5PncPZhZT60GHuX7F8z9nS121WlZ4DVRiCvWCnYDQ==",
      "viewCount": null,
      "duration": "35:54",
      "size": 573792385
    },
    {
      "id": "3910cc90-2f1a-4659-a3c3-a8376ff63dce",
      "pid": "dd3820cb-fcae-4d48-9b04-de4606032557",
      "dblevel": 5,
      "location": "/VGMV/01_BaiGiang/MucsuNguyenThi/Nam2014/03302014ChuaRuaChanChoToiSaoGi130117",
      "isVideo": true,
      "url": "01-bai-giang.muc-su-nguyen-thi.nam-2014.03302014-chua-rua-chan-cho-toi-sao-gi130117",
      "name": "03302014 Chúa Rửa Chân Cho Tôi Sao Gi130117",
      "count": 0,
      "isLeaf": null,
      "keyword": null,
      "hash": "",
      "khash": "U2FsdGVkX19adt7ZkiFEdVS1Q8zQmn1OLzmHPfAkblZsot3o+GrwiGw98P5baBuyGMa4CEHeYDVyL9P3rawmEA==",
      "viewCount": null,
      "duration": "32:37",
      "size": 521748664
    },
    {
      "id": "35d6f275-6713-4c77-bcc0-4f11f1ae2bfe",
      "pid": "dd3820cb-fcae-4d48-9b04-de4606032557",
      "dblevel": 5,
      "location": "/VGMV/01_BaiGiang/MucsuNguyenThi/Nam2014/04062014TanHienGi120108",
      "isVideo": true,
      "url": "01-bai-giang.muc-su-nguyen-thi.nam-2014.04062014-tan-hien-gi120108",
      "name": "04062014 Tận Hiến Gi120108",
      "count": 0,
      "isLeaf": null,
      "keyword": null,
      "hash": "",
      "khash": "U2FsdGVkX19pILBnip4ytExyHSX9rMslIEbsZCRuSFmfy2DA+B7LpjCYwxV3OkFJ1VULHH+ANDGFYxxhms64/Q==",
      "viewCount": null,
      "duration": "30:30",
      "size": 487377244
    },
    {
      "id": "383c5ca1-7130-44fa-85cd-236c7c52b36d",
      "pid": "dd3820cb-fcae-4d48-9b04-de4606032557",
      "dblevel": 5,
      "location": "/VGMV/01_BaiGiang/MucsuNguyenThi/Nam2014/04132014NghenhDonVuaHoaBinhGi121219",
      "isVideo": true,
      "url": "01-bai-giang.muc-su-nguyen-thi.nam-2014.04132014-nghenh-don-vua-hoa-binh-gi121219",
      "name": "04132014 Nghênh Đón Vua Hòa Bình Gi121219",
      "count": 0,
      "isLeaf": null,
      "keyword": null,
      "hash": "",
      "khash": "U2FsdGVkX18GBBhUvCI3UfnKpJ4LozXU3v2lz8+bOgJdSBc+erriMOfTrDlY+FKEWzpFXz6wcjVGV/Ksnoh60w==",
      "viewCount": null,
      "duration": "37:40",
      "size": 601728236
    },
    {
      "id": "8cba236c-e8a1-4ef6-a6e2-83a4309cd0b7",
      "pid": "dd3820cb-fcae-4d48-9b04-de4606032557",
      "dblevel": 5,
      "location": "/VGMV/01_BaiGiang/MucsuNguyenThi/Nam2014/04182014TKThapGiaVaToiIPhi0318",
      "isVideo": true,
      "url": "01-bai-giang.muc-su-nguyen-thi.nam-2014.04182014tk-thap-gia-va-toi-iphi0318",
      "name": "04182014TK Thập Giá Và Tôi IPhi0318",
      "count": 0,
      "isLeaf": null,
      "keyword": null,
      "hash": "",
      "khash": "U2FsdGVkX19J8Iz+KWtshaKpPBNHCl1KPeCfO1mcL9yamywWxumYae5jjEUPLk37vR/1NLSstTn6j57RQu/xiw==",
      "viewCount": null,
      "duration": "21:35",
      "size": 344065109
    },
    {
      "id": "5da32022-b397-4027-a173-59b452961f21",
      "pid": "dd3820cb-fcae-4d48-9b04-de4606032557",
      "dblevel": 5,
      "location": "/VGMV/01_BaiGiang/MucsuNguyenThi/Nam2014/04272014MoiTinHuuLaNguoiPhucVuChuaMat202028",
      "isVideo": true,
      "url": "01-bai-giang.muc-su-nguyen-thi.nam-2014.04272014-moi-tin-huu-la-nguoi-phuc-vu-chua-mat202028",
      "name": "04272014 Mỗi Tín Hữu Là Người Phục Vụ Chúa Mat202028",
      "count": 0,
      "isLeaf": null,
      "keyword": null,
      "hash": "",
      "khash": "U2FsdGVkX19A6/HL+7857m5GHV4TPejoubINqfUyzsXjxFYKq5dqA+Kv7UKqGdPNFaviSRgFgTQ5iWXMOtuMvg==",
      "viewCount": null,
      "duration": "31:57",
      "size": 511807017
    },
    {
      "id": "4871e6c2-06de-407d-a64b-a4b76adaad1d",
      "pid": "dd3820cb-fcae-4d48-9b04-de4606032557",
      "dblevel": 5,
      "location": "/VGMV/01_BaiGiang/MucsuNguyenThi/Nam2014/05042014MuHaySangGi090117",
      "isVideo": true,
      "url": "01-bai-giang.muc-su-nguyen-thi.nam-2014.05042014-mu-hay-sang-gi090117",
      "name": "05042014 Mù Hay Sáng Gi090117",
      "count": 0,
      "isLeaf": null,
      "keyword": null,
      "hash": "",
      "khash": "U2FsdGVkX197/H+J7PXja1GybisVGzF2nBiWYm5xrq0G7vZyg6ILQjQEYj215/x9VcvF7DtHkqzWLJlBEH6DSQ==",
      "viewCount": null,
      "duration": "40:33",
      "size": 649744207
    },
    {
      "id": "53eee671-4cf4-4095-813e-0e05c589c7ed",
      "pid": "dd3820cb-fcae-4d48-9b04-de4606032557",
      "dblevel": 5,
      "location": "/VGMV/01_BaiGiang/MucsuNguyenThi/Nam2014/05112014AnhHuongCuaNguoiMeSa270117",
      "isVideo": true,
      "url": "01-bai-giang.muc-su-nguyen-thi.nam-2014.05112014-anh-huong-cua-nguoi-me-sa270117",
      "name": "05112014 Ảnh Hưởng Của Người Mẹ Sa270117",
      "count": 0,
      "isLeaf": null,
      "keyword": null,
      "hash": "",
      "khash": "U2FsdGVkX1+DQeNDc8WdVpLJxEUEtqnmK0f/k8h7xWwT75/J8CzTjsqTnaQY/k/19sMkQluwkj9jH1h6ReCi8Q==",
      "viewCount": null,
      "duration": "37:37",
      "size": 604379944
    },
    {
      "id": "3e283463-6f70-4915-ae84-c88192b4c3b1",
      "pid": "dd3820cb-fcae-4d48-9b04-de4606032557",
      "dblevel": 5,
      "location": "/VGMV/01_BaiGiang/MucsuNguyenThi/Nam2014/05182014TaLaNguoiChanHienLanhGi100118",
      "isVideo": true,
      "url": "01-bai-giang.muc-su-nguyen-thi.nam-2014.05182014-ta-la-nguoi-chan-hien-lanh-gi100118",
      "name": "05182014 Ta Là Người Chăn Hiền Lành Gi100118",
      "count": 0,
      "isLeaf": null,
      "keyword": null,
      "hash": "",
      "khash": "U2FsdGVkX1+5F+tfp+/Twqi9eddDZF/ujUh5lRvCXKoS+PXmnhj0+F+Osg83ycfdLmcp8RT5aX8WyxogVDUIPQ==",
      "viewCount": null,
      "duration": "33:41",
      "size": 537731824
    },
    {
      "id": "e2b09d0d-ddcb-4b5a-b420-f03f7aa05465",
      "pid": "dd3820cb-fcae-4d48-9b04-de4606032557",
      "dblevel": 5,
      "location": "/VGMV/01_BaiGiang/MucsuNguyenThi/Nam2014/05252014TaiSaoPhaiGiaNhapVaoHoiThanhChuaITi031415",
      "isVideo": true,
      "url": "01-bai-giang.muc-su-nguyen-thi.nam-2014.05252014-tai-sao-phai-gia-nhap-vao-hoi-thanh-chua-iti031415",
      "name": "05252014 Tại Sao Phải Gia Nhập Vào Hội Thánh Chúa ITi031415",
      "count": 0,
      "isLeaf": null,
      "keyword": null,
      "hash": "",
      "khash": "U2FsdGVkX19KthA7A+4BXfJEzAktiyBLSeaA+4s0UtKqT8KMUbE75+zRdxwxacDUAltxIJw4PNHoKv9h/U37+w==",
      "viewCount": null,
      "duration": "36:22",
      "size": 581701575
    },
    {
      "id": "184158be-4421-4ec1-8cbe-08d52d3596bf",
      "pid": "dd3820cb-fcae-4d48-9b04-de4606032557",
      "dblevel": 5,
      "location": "/VGMV/01_BaiGiang/MucsuNguyenThi/Nam2014/06012014TaLaSuSongLaiVaSuSongGi1101061727",
      "isVideo": true,
      "url": "01-bai-giang.muc-su-nguyen-thi.nam-2014.06012014-ta-la-su-song-lai-va-su-song-gi1101061727",
      "name": "06012014 Ta Là Sự Sống Lại Và Sự Sống Gi1101061727",
      "count": 0,
      "isLeaf": null,
      "keyword": null,
      "hash": "",
      "khash": "U2FsdGVkX18iI5fL6bt4Sj63Tav1xrqo3dZF/dr21gcqIJ7EPiUrpL/gA3H5MwMx+7yH3auCPoPd4xYclgSwpg==",
      "viewCount": null,
      "duration": "38:15",
      "size": 613251054
    },
    {
      "id": "fcf81755-2c79-4a46-84fe-d629487fc8e9",
      "pid": "dd3820cb-fcae-4d48-9b04-de4606032557",
      "dblevel": 5,
      "location": "/VGMV/01_BaiGiang/MucsuNguyenThi/Nam2014/06082014DangYenUiGi160115",
      "isVideo": true,
      "url": "01-bai-giang.muc-su-nguyen-thi.nam-2014.06082014-dang-yen-ui-gi160115",
      "name": "06082014 Đấng Yên Ủi Gi160115",
      "count": 0,
      "isLeaf": null,
      "keyword": null,
      "hash": "",
      "khash": "U2FsdGVkX197AEro9R2KWYbo0oF6TzKW8EG+BoVgQmZJz5tIMdtF2fhe+6fKQMXLWvKIu0m0H9rzjkkqze9uWA==",
      "viewCount": null,
      "duration": "34:18",
      "size": 546744313
    },
    {
      "id": "a7400ad2-4e35-420c-8029-b7d09ad95f87",
      "pid": "dd3820cb-fcae-4d48-9b04-de4606032557",
      "dblevel": 5,
      "location": "/VGMV/01_BaiGiang/MucsuNguyenThi/Nam2014/06152014FDChanDungNguoiChaLu151124",
      "isVideo": true,
      "url": "01-bai-giang.muc-su-nguyen-thi.nam-2014.06152014fd-chan-dung-nguoi-cha-lu151124",
      "name": "06152014FD Chân Dung Người Cha Lu151124",
      "count": 0,
      "isLeaf": null,
      "keyword": null,
      "hash": "",
      "khash": "U2FsdGVkX1+tVVBJmamPFWRJdRvM32K46Cvy89SpQA89V+qc83sP4b1GMlJXF1IIpzOQJvsR0SsxPRmTlN2s9A==",
      "viewCount": null,
      "duration": "31:46",
      "size": 506546497
    },
    {
      "id": "7247636f-1c66-4a8a-85e8-4a5085e1135b",
      "pid": "dd3820cb-fcae-4d48-9b04-de4606032557",
      "dblevel": 5,
      "location": "/VGMV/01_BaiGiang/MucsuNguyenThi/Nam2014/06222014TaLaGocNhoThatGi150127",
      "isVideo": true,
      "url": "01-bai-giang.muc-su-nguyen-thi.nam-2014.06222014ta-la-goc-nho-that-gi150127",
      "name": "06222014Ta Là Gốc Nho Thật Gi150127",
      "count": 0,
      "isLeaf": null,
      "keyword": null,
      "hash": "",
      "khash": "U2FsdGVkX19CCrYLluaK3grAHTBwNXpTRTR/hbIN5KRTtmeIS+0xCN4l5RqF0CDAGPd44CwlacHH84M6t2Nr2A==",
      "viewCount": null,
      "duration": "38:29",
      "size": 598771842
    },
    {
      "id": "96c1ee69-4981-4b94-9ed0-2a274cea170b",
      "pid": "dd3820cb-fcae-4d48-9b04-de4606032557",
      "dblevel": 5,
      "location": "/VGMV/01_BaiGiang/MucsuNguyenThi/Nam2014/07062014ToiThayChuaEs060113thy",
      "isVideo": true,
      "url": "01-bai-giang.muc-su-nguyen-thi.nam-2014.07062014-toi-thay-chua-es060113-thy",
      "name": "07062014 Tôi Thấy Chúa Es060113 thy",
      "count": 0,
      "isLeaf": null,
      "keyword": null,
      "hash": "",
      "khash": "U2FsdGVkX191r+zsPJICtAhAm2f4pduF04CiCe0JCX4wch3hlQs34gkHhKeFgcwmGC3PoMpaT87bKke/ZckO0w==",
      "viewCount": null,
      "duration": "36:21",
      "size": 584566616
    },
    {
      "id": "9cb5618e-1f14-4884-bc2d-01b780bffe69",
      "pid": "dd3820cb-fcae-4d48-9b04-de4606032557",
      "dblevel": 5,
      "location": "/VGMV/01_BaiGiang/MucsuNguyenThi/Nam2014/07132014MotHoiThanhSongDongITe010110",
      "isVideo": true,
      "url": "01-bai-giang.muc-su-nguyen-thi.nam-2014.07132014-mot-hoi-thanh-song-dong-ite010110",
      "name": "07132014 Một Hội Thánh Sống Động ITe010110",
      "count": 0,
      "isLeaf": null,
      "keyword": null,
      "hash": "",
      "khash": "U2FsdGVkX1+7XS3KB6HF0yYv7T36reEy/wRMIxo11XfQhmDKpJnLduVxBCSyB3AeoRJbHDnW54O71F9OVvOEFQ==",
      "viewCount": null,
      "duration": "28:34",
      "size": 457270176
    },
    {
      "id": "00da3e9e-e291-490a-956d-7542f9ceee77",
      "pid": "dd3820cb-fcae-4d48-9b04-de4606032557",
      "dblevel": 5,
      "location": "/VGMV/01_BaiGiang/MucsuNguyenThi/Nam2014/07202014MotConTreSinhChoChungTaEs090106",
      "isVideo": true,
      "url": "01-bai-giang.muc-su-nguyen-thi.nam-2014.07202014-mot-con-tre-sinh-cho-chung-ta-es090106",
      "name": "07202014 Một Con Trẻ Sinh Cho Chúng Ta Es090106",
      "count": 0,
      "isLeaf": null,
      "keyword": null,
      "hash": "",
      "khash": "U2FsdGVkX19ZItzNLnHsSLTMswrW8mD99eCV2Sfz2Zh90FJoy7D3Hs8jvJEyafwEMOE3nBHrCJf3tIIxm9EJVQ==",
      "viewCount": null,
      "duration": "44:12",
      "size": 707013835
    },
    {
      "id": "99d4cb70-dfa2-4e50-9738-29577921e2fe",
      "pid": "dd3820cb-fcae-4d48-9b04-de4606032557",
      "dblevel": 5,
      "location": "/VGMV/01_BaiGiang/MucsuNguyenThi/Nam2014/07272014YenUiDanTaEs400111",
      "isVideo": true,
      "url": "01-bai-giang.muc-su-nguyen-thi.nam-2014.07272014-yen-ui-dan-ta-es400111",
      "name": "07272014 Yên Ủi Dân Ta Es400111",
      "count": 0,
      "isLeaf": null,
      "keyword": null,
      "hash": "",
      "khash": "U2FsdGVkX1+fbQg1eMZIlOefTuP5De/09JK16Yc3V0G+630z5UVCnLxYTdY9K7I2vaFhvhKrI+Z4v/H/PIGHug==",
      "viewCount": null,
      "duration": "33:40",
      "size": 523260998
    },
    {
      "id": "2caebc59-5689-444d-9c9f-ce030d5b4a2d",
      "pid": "dd3820cb-fcae-4d48-9b04-de4606032557",
      "dblevel": 5,
      "location": "/VGMV/01_BaiGiang/MucsuNguyenThi/Nam2014/08032014NguoiDayToEs530112",
      "isVideo": true,
      "url": "01-bai-giang.muc-su-nguyen-thi.nam-2014.08032014-nguoi-day-to-es530112",
      "name": "08032014 Người Đầy Tớ Es530112",
      "count": 0,
      "isLeaf": null,
      "keyword": null,
      "hash": "",
      "khash": "U2FsdGVkX19WVWi9eRvQyf9HpZydiOHOgohKwx33V3Kw9BCVfdBQq81dMTEzeUZ7puJ9sOjhtS7aRv0ixniycA==",
      "viewCount": null,
      "duration": "32:49",
      "size": 524759903
    },
    {
      "id": "e65b8590-f0e5-424c-97e1-c962cf0d6f63",
      "pid": "dd3820cb-fcae-4d48-9b04-de4606032557",
      "dblevel": 5,
      "location": "/VGMV/01_BaiGiang/MucsuNguyenThi/Nam2014/08102014LoiMoiAnCanEs550107",
      "isVideo": true,
      "url": "01-bai-giang.muc-su-nguyen-thi.nam-2014.08102014-loi-moi-an-can-es550107",
      "name": "08102014 Lời Mời Ân Cần Es550107",
      "count": 0,
      "isLeaf": null,
      "keyword": null,
      "hash": "",
      "khash": "U2FsdGVkX182xwHB/57mpA2mkKuJCs4AryrlxbesutQXqRPC8ODKRmFru0jl7Jiub7m4Uu68ltM6ImgwzHr4Jg==",
      "viewCount": null,
      "duration": "32:15",
      "size": 517575715
    },
    {
      "id": "7997efb3-ce21-429e-bac5-e9fdafa1fe86",
      "pid": "dd3820cb-fcae-4d48-9b04-de4606032557",
      "dblevel": 5,
      "location": "/VGMV/01_BaiGiang/MucsuNguyenThi/Nam2014/08172014TinLanhChoKeKhiemNhuongEs610103",
      "isVideo": true,
      "url": "01-bai-giang.muc-su-nguyen-thi.nam-2014.08172014-tin-lanh-cho-ke-khiem-nhuong-es610103",
      "name": "08172014 Tin Lành Cho Kẻ Khiêm Nhường Es610103",
      "count": 0,
      "isLeaf": null,
      "keyword": null,
      "hash": "",
      "khash": "U2FsdGVkX1+cabuz+cps17Mfs+m+Z4RAuh/JDj1kdrtcx/bO1M4fCvPN0d1QdmqLMd7QaV+CHzi9moh4o+hXWQ==",
      "viewCount": null,
      "duration": "35:0",
      "size": 559983317
    },
    {
      "id": "c39e0b78-d2b8-4106-86c9-6b4f702bb743",
      "pid": "dd3820cb-fcae-4d48-9b04-de4606032557",
      "dblevel": 5,
      "location": "/VGMV/01_BaiGiang/MucsuNguyenThi/Nam2014/08242014XinChuaPhucHungChungToiIISu0714",
      "isVideo": true,
      "url": "01-bai-giang.muc-su-nguyen-thi.nam-2014.08242014-xin-chua-phuc-hung-chung-toi-iisu0714",
      "name": "08242014 Xin Chúa Phục Hưng Chúng Tôi IISu0714",
      "count": 0,
      "isLeaf": null,
      "keyword": null,
      "hash": "",
      "khash": "U2FsdGVkX1/1ScelqiqwbpRqtSwKumeeiRFEfnCa4dmyn8iOVblb8YSED3wdzk/ZRNYGpWRyE4XX3SDF7l6+tQ==",
      "viewCount": null,
      "duration": "35:10",
      "size": 562665538
    },
    {
      "id": "4214d433-7637-4719-8fac-ce24c4ab68be",
      "pid": "dd3820cb-fcae-4d48-9b04-de4606032557",
      "dblevel": 5,
      "location": "/VGMV/01_BaiGiang/MucsuNguyenThi/Nam2014/08312014DauyeuBinhPhucTanDuongEs38",
      "isVideo": true,
      "url": "01-bai-giang.muc-su-nguyen-thi.nam-2014.08312014-dau-yeu-binh-phuc-tan-duong-es38",
      "name": "08312014 Dấu yêu Bình Phục Tán Dương Es38",
      "count": 0,
      "isLeaf": null,
      "keyword": null,
      "hash": "",
      "khash": "U2FsdGVkX19VuxRl4ypH1AjmMG36KxL7vNN9ZEiRbDlfRjXgLH5iYuxwljfBULlY3DvOaY1clv4VnV7Ue+JyPg==",
      "viewCount": null,
      "duration": "35:28",
      "size": 569283189
    },
    {
      "id": "2103f0c7-79b3-46d9-ad12-a9077f3d0e8a",
      "pid": "dd3820cb-fcae-4d48-9b04-de4606032557",
      "dblevel": 5,
      "location": "/VGMV/01_BaiGiang/MucsuNguyenThi/Nam2014/09072014LoiNguyenCauEs6307-6412",
      "isVideo": true,
      "url": "01-bai-giang.muc-su-nguyen-thi.nam-2014.09072014-loi-nguyen-cau-es6307-6412",
      "name": "09072014 Lời Nguyện Cầu Es6307-6412",
      "count": 0,
      "isLeaf": null,
      "keyword": null,
      "hash": "",
      "khash": "U2FsdGVkX1+nVND8r3nAF91VTJtn3k6XhkpBh97ZqS/BwPCgzDxZPu3R3Sgq3+9kRgHv+CHzUjoLH7seY3pA2A==",
      "viewCount": null,
      "duration": "41:55",
      "size": 671460170
    },
    {
      "id": "7586acf2-314d-4bc0-be23-cb7fab42b7f2",
      "pid": "dd3820cb-fcae-4d48-9b04-de4606032557",
      "dblevel": 5,
      "location": "/VGMV/01_BaiGiang/MucsuNguyenThi/Nam2014/09142014LoiChuaChoChinhToiThi119",
      "isVideo": true,
      "url": "01-bai-giang.muc-su-nguyen-thi.nam-2014.09142014-loi-chua-cho-chinh-toi-thi119",
      "name": "09142014 Lời Chúa Cho Chính Tôi Thi119",
      "count": 0,
      "isLeaf": null,
      "keyword": null,
      "hash": "",
      "khash": "U2FsdGVkX1/PmtJl7C3ay4cUvXCuLzghYpZ57XY3LLExL5C4qVAJIdXObbMPTLdtIfvhEh/u1NLiTTsLr95gVw==",
      "viewCount": null,
      "duration": "33:24",
      "size": 535236263
    },
    {
      "id": "25c97e66-e48a-4ebd-a281-0b5e1d761a69",
      "pid": "dd3820cb-fcae-4d48-9b04-de4606032557",
      "dblevel": 5,
      "location": "/VGMV/01_BaiGiang/MucsuNguyenThi/Nam2014/09212014ThienDangCoThatKhongHe111516",
      "isVideo": true,
      "url": "01-bai-giang.muc-su-nguyen-thi.nam-2014.09212014-thien-dang-co-that-khong-he111516",
      "name": "09212014 Thiên Đàng Có Thật Không He111516",
      "count": 0,
      "isLeaf": null,
      "keyword": null,
      "hash": "",
      "khash": "U2FsdGVkX198yTJjdxs/TZWYiAvrx4Y8Mf/dZDxxVZf826oi/JrT+7tctGS2mOrjsCNrQOWTJy/EutwosIZDFA==",
      "viewCount": null,
      "duration": "38:15",
      "size": 611276969
    },
    {
      "id": "089602bf-c151-4def-89a6-60309f9f0775",
      "pid": "dd3820cb-fcae-4d48-9b04-de4606032557",
      "dblevel": 5,
      "location": "/VGMV/01_BaiGiang/MucsuNguyenThi/Nam2014/09282014SuThoPhuongPhaiLeEs58",
      "isVideo": true,
      "url": "01-bai-giang.muc-su-nguyen-thi.nam-2014.09282014-su-tho-phuong-phai-le-es58",
      "name": "09282014 Sự Thờ Phượng Phải Lẽ Es58",
      "count": 0,
      "isLeaf": null,
      "keyword": null,
      "hash": "",
      "khash": "U2FsdGVkX1/r55+TDWuZ1/6MGYZouoTOouu68MiYtEtoucEtztyRxM3rvbZiTXcdPK6n/tY2fQRG0Fjm1QQZDQ==",
      "viewCount": null,
      "duration": "32:9",
      "size": 516396976
    },
    {
      "id": "1d9efec7-af98-438d-a2e4-a07c08dfc15d",
      "pid": "dd3820cb-fcae-4d48-9b04-de4606032557",
      "dblevel": 5,
      "location": "/VGMV/01_BaiGiang/MucsuNguyenThi/Nam2014/10052014GiaDinhCuaDucChuaTroiTit010116",
      "isVideo": true,
      "url": "01-bai-giang.muc-su-nguyen-thi.nam-2014.10052014-gia-dinh-cua-duc-chua-troi-tit010116",
      "name": "10052014 Gia Đình Của Đức Chúa Trời Tit010116",
      "count": 0,
      "isLeaf": null,
      "keyword": null,
      "hash": "",
      "khash": "U2FsdGVkX18wJ+hSEE7hHbk3psWbq4NX7AORajuDwWwXVV5BDQpPr0AiGuyJlfKeu95LMPJMk7sEUcY5QlPP4w==",
      "viewCount": null,
      "duration": "41:7",
      "size": 656015373
    },
    {
      "id": "8dc3019e-501c-4ed2-89d5-a63f6919b0d5",
      "pid": "dd3820cb-fcae-4d48-9b04-de4606032557",
      "dblevel": 5,
      "location": "/VGMV/01_BaiGiang/MucsuNguyenThi/Nam2014/10122014GiaDinhCuaDucChuaTroi2Tit020115",
      "isVideo": true,
      "url": "01-bai-giang.muc-su-nguyen-thi.nam-2014.10122014-gia-dinh-cua-duc-chua-troi2-tit020115",
      "name": "10122014 Gia Đình Của Đức Chúa Trời2 Tit020115",
      "count": 0,
      "isLeaf": null,
      "keyword": null,
      "hash": "",
      "khash": "U2FsdGVkX18I7HyUZwjK8UrPsolSVWEhEg1AmdPVo6MZfXmF4p/t5BekILzLPnwHfm117ASFtHetsIgwMOTE0Q==",
      "viewCount": null,
      "duration": "36:58",
      "size": 590380259
    },
    {
      "id": "1f22d2f5-140a-4e8f-8277-542c294c8447",
      "pid": "dd3820cb-fcae-4d48-9b04-de4606032557",
      "dblevel": 5,
      "location": "/VGMV/01_BaiGiang/MucsuNguyenThi/Nam2014/10192014DinhGiaTriCuaMotDoiSongMat251430",
      "isVideo": true,
      "url": "01-bai-giang.muc-su-nguyen-thi.nam-2014.10192014-dinh-gia-tri-cua-mot-doi-song-mat251430",
      "name": "10192014 Định Giá Trị Của Một Dời Sống Mat251430",
      "count": 0,
      "isLeaf": null,
      "keyword": null,
      "hash": "",
      "khash": "U2FsdGVkX1+9LVFe3N+7iraMcP11ZWy3jmn4SPn9/DKXmh6V1hJeB80YsRQY2SBfFkZ0/RRLNKG0Yp+96vXlfQ==",
      "viewCount": null,
      "duration": "35:54",
      "size": 574727034
    },
    {
      "id": "d9aa7ce9-778f-4a97-bf7b-6efbc39de97c",
      "pid": "dd3820cb-fcae-4d48-9b04-de4606032557",
      "dblevel": 5,
      "location": "/VGMV/01_BaiGiang/MucsuNguyenThi/Nam2014/10262014HoiThanhVaPhucAmITe010210",
      "isVideo": true,
      "url": "01-bai-giang.muc-su-nguyen-thi.nam-2014.10262014-hoi-thanh-va-phuc-am-ite010210",
      "name": "10262014 Hội Thánh Và Phúc Âm ITe010210",
      "count": 0,
      "isLeaf": null,
      "keyword": null,
      "hash": "",
      "khash": "U2FsdGVkX19nhZxvdLq/JCi1fVjFx7/L6ahPHK9glZYO68+Y5BGxO3QbHk9Eo2TFoLCW04LxGdNjPyroFLey2Q==",
      "viewCount": null,
      "duration": "21:33",
      "size": 345168626
    },
    {
      "id": "73110684-8dc0-40e8-af4b-1601ac8e6a8b",
      "pid": "dd3820cb-fcae-4d48-9b04-de4606032557",
      "dblevel": 5,
      "location": "/VGMV/01_BaiGiang/MucsuNguyenThi/Nam2014/11022014GiaDinhCuaDucChuaTroi3Tit030107",
      "isVideo": true,
      "url": "01-bai-giang.muc-su-nguyen-thi.nam-2014.11022014-gia-dinh-cua-duc-chua-troi3-tit030107",
      "name": "11022014 Gia Đình Của Đức Chúa Trời3 Tit030107",
      "count": 0,
      "isLeaf": null,
      "keyword": null,
      "hash": "",
      "khash": "U2FsdGVkX1+FHA+oFQH8I5Lgkc9DTGrKw6rNBt1mbk6dXL6O6ZcS8AL5QTDcDpYIyP8SKmC4NrNJXgeJ39BbRA==",
      "viewCount": null,
      "duration": "41:7",
      "size": 656011351
    },
    {
      "id": "d8c76ab1-2ee0-4135-a492-7758668c436c",
      "pid": "dd3820cb-fcae-4d48-9b04-de4606032557",
      "dblevel": 5,
      "location": "/VGMV/01_BaiGiang/MucsuNguyenThi/Nam2014/11092014NoiCoDonVaSuhienDienCuaChuaThi1390112",
      "isVideo": true,
      "url": "01-bai-giang.muc-su-nguyen-thi.nam-2014.11092014-noi-co-don-va-su-hien-dien-cua-chua-thi1390112",
      "name": "11092014 Nỗi Cô Đơn Và Sự hiện Diện Của Chúa Thi1390112",
      "count": 0,
      "isLeaf": null,
      "keyword": null,
      "hash": "",
      "khash": "U2FsdGVkX18ZlqZ0BevBxancHDkXyxE1GsPSSRgM0G+GBs6uoRcgaiEwJDk9IUZ6mubQr30hvh6Gxvp1DoitRA==",
      "viewCount": null,
      "duration": "36:14",
      "size": 558796573
    },
    {
      "id": "2ceb7a18-4e96-4df6-8a4a-a27124b8c038",
      "pid": "dd3820cb-fcae-4d48-9b04-de4606032557",
      "dblevel": 5,
      "location": "/VGMV/01_BaiGiang/MucsuNguyenThi/Nam2014/11162014GiaDinhCuaDucChuaTroii4Phile010112",
      "isVideo": true,
      "url": "01-bai-giang.muc-su-nguyen-thi.nam-2014.11162014-gia-dinh-cua-duc-chua-troii4-phile010112",
      "name": "11162014 Gia Đình Của Đức Chúa Trờii4 Phile010112",
      "count": 0,
      "isLeaf": null,
      "keyword": null,
      "hash": "",
      "khash": "U2FsdGVkX19tRTQsFE/bEsJVy5ukQW1G1+B6h5ttJWGDE0iGVgwZ0YbDX6ozjgIgxXdmn/cC02K8WnjUO+WF/Q==",
      "viewCount": null,
      "duration": "32:32",
      "size": 495375131
    },
    {
      "id": "279eecfa-89de-4f65-a26c-bacffbc85789",
      "pid": "dd3820cb-fcae-4d48-9b04-de4606032557",
      "dblevel": 5,
      "location": "/VGMV/01_BaiGiang/MucsuNguyenThi/Nam2014/11232014HayCamTaDucGie-ho-vaThi118",
      "isVideo": true,
      "url": "01-bai-giang.muc-su-nguyen-thi.nam-2014.11232014-hay-cam-ta-duc-gie-ho-va-thi118",
      "name": "11232014 Hãy Cảm Tạ Đức Giê-hô-va Thi118",
      "count": 0,
      "isLeaf": null,
      "keyword": null,
      "hash": "",
      "khash": "U2FsdGVkX1+0hawrKWa3M7hnw1eIPgFgsQ84gBIoiHceKOBRGpu5x01cHnuaNIIi9yKCEDUFHSM884hWd+6Oyg==",
      "viewCount": null,
      "duration": "21:20",
      "size": 342175625
    },
    {
      "id": "cf30a538-d3c6-4e58-9380-055fa39e49cd",
      "pid": "dd3820cb-fcae-4d48-9b04-de4606032557",
      "dblevel": 5,
      "location": "/VGMV/01_BaiGiang/MucsuNguyenThi/Nam2014/11302014NgoiLoiTroNenXacThitGi010118",
      "isVideo": true,
      "url": "01-bai-giang.muc-su-nguyen-thi.nam-2014.11302014-ngoi-loi-tro-nen-xac-thit-gi010118",
      "name": "11302014 Ngôi Lời Trở Nên Xác Thịt Gi010118",
      "count": 0,
      "isLeaf": null,
      "keyword": null,
      "hash": "",
      "khash": "U2FsdGVkX19aB3XxNYWdBrh2td3Xe6YIhbL6nOvwPTYj6mYKYIK1Y6r1xjKc2qca/1vOZsv9Gl4LINON7txPGA==",
      "viewCount": null,
      "duration": "35:30",
      "size": 566941022
    },
    {
      "id": "c14fcfc1-4c4f-4318-a76d-7b9c5d1bdc61",
      "pid": "dd3820cb-fcae-4d48-9b04-de4606032557",
      "dblevel": 5,
      "location": "/VGMV/01_BaiGiang/MucsuNguyenThi/Nam2014/12072014GiaPhaNhaVuaMat010157",
      "isVideo": true,
      "url": "01-bai-giang.muc-su-nguyen-thi.nam-2014.12072014-gia-pha-nha-vua-mat010157",
      "name": "12072014 Gia Phả Nhà Vua Mat010157",
      "count": 0,
      "isLeaf": null,
      "keyword": null,
      "hash": "",
      "khash": "U2FsdGVkX19X59vL9W4soENs1AaDBDyCBfi9FNG7Y8SIdteB7poNVqIgVuqw2TlahCdvKQesmF10J/Z3nOuYNw==",
      "viewCount": null,
      "duration": "27:54",
      "size": 446392262
    },
    {
      "id": "ae58f011-5799-4d38-9408-7e31c171dd47",
      "pid": "dd3820cb-fcae-4d48-9b04-de4606032557",
      "dblevel": 5,
      "location": "/VGMV/01_BaiGiang/MucsuNguyenThi/Nam2014/12142014TonThoChuaGiangSinhMat020112",
      "isVideo": true,
      "url": "01-bai-giang.muc-su-nguyen-thi.nam-2014.12142014-ton-tho-chua-giang-sinh-mat020112",
      "name": "12142014 Tôn Thờ Chúa Giáng Sinh Mat020112",
      "count": 0,
      "isLeaf": null,
      "keyword": null,
      "hash": "",
      "khash": "U2FsdGVkX1/R7O1l5ByZ3IU4PC/yqsKxRFmi+xEae0/rRClGjI7nifSwqzjISrdUcp1SyVuVs92sAjD5pxay+Q==",
      "viewCount": null,
      "duration": "30:2",
      "size": 481789323
    }
  ]
}