{
  "id": "f5b886c8-3edc-4795-a64b-1c6d113ca1bc",
  "pid": "a5d0dca7-9e00-4d8d-8c1e-6d68ed1f0496",
  "dblevel": 5,
  "location": "/VGMV/01_BaiGiang/HocTheoChuDe/15-ChuaGiangSinh/SuDiepGiangSinh-MucsuDangMinhTri",
  "isVideo": true,
  "url": "01-bai-giang.hoc-theo-chu-de.15-chua-giang-sinh.su-diep-giang-sinh-muc-su-dang-minh-tri",
  "name": "Sứ Điệp Giáng Sinh - Mục sư Đặng Minh Trí",
  "count": 38,
  "isLeaf": true,
  "keyword": null,
  "hash": null,
  "khash": null,
  "viewCount": null,
  "duration": null,
  "size": null,
  "children": [
    {
      "id": "3bb07b48-ab34-4b9a-a7a8-fb0f986c1e8a",
      "pid": "f5b886c8-3edc-4795-a64b-1c6d113ca1bc",
      "dblevel": 6,
      "location": "/VGMV/01_BaiGiang/HocTheoChuDe/15-ChuaGiangSinh/SuDiepGiangSinh-MucsuDangMinhTri/20161204_Lu013956_ChuaViDaiSangCa",
      "isVideo": true,
      "url": "01-bai-giang.hoc-theo-chu-de.15-chua-giang-sinh.su-diep-giang-sinh-muc-su-dang-minh-tri.20161204-lu013956-chua-vi-dai-sang-ca",
      "name": "20161204_Lu013956_Chúa Vĩ Đại Sang Cả",
      "count": 0,
      "isLeaf": null,
      "keyword": null,
      "hash": "U2FsdGVkX1/hS/luacDdfprKB8ng30UC1odLQgXjjoOFlUrD/l3ajdooXZnjI95YTgER7ehQV4ZVWxgPYWPSUg==",
      "khash": "U2FsdGVkX1+c3lyAxN8JcO2eX5CH+BZ4NIxq9EeRamBqWFK0YpRZwTCMrkhzkrupuc8OXQ0m5yF4juA4kywi1Q==",
      "viewCount": null,
      "duration": "64:6",
      "size": 1884778159
    },
    {
      "id": "8743146a-869d-480e-b75e-9469de09fb03",
      "pid": "f5b886c8-3edc-4795-a64b-1c6d113ca1bc",
      "dblevel": 6,
      "location": "/VGMV/01_BaiGiang/HocTheoChuDe/15-ChuaGiangSinh/SuDiepGiangSinh-MucsuDangMinhTri/20161211_Lu015766_NguoiDonDuong",
      "isVideo": true,
      "url": "01-bai-giang.hoc-theo-chu-de.15-chua-giang-sinh.su-diep-giang-sinh-muc-su-dang-minh-tri.20161211-lu015766-nguoi-don-duong",
      "name": "20161211_Lu015766_Người Dọn Đường",
      "count": 0,
      "isLeaf": null,
      "keyword": null,
      "hash": "U2FsdGVkX1+WRVea4FAbo+lLMlrJRJGQfsNirgnVQF6H8JNIHMzdoL/Xcdk3k48NvJI1j/6krhG60c5B8tDckQ==",
      "khash": "U2FsdGVkX1/37MjxpqguE5+DjGHeyOGbZWN6rONFEIXGN2hlp4VKSQoDYLEn+Dmk2IromyZx0tFhocb+jFfkGA==",
      "viewCount": null,
      "duration": "64:2",
      "size": 1930906162
    },
    {
      "id": "945dba5b-ed16-4ea8-b458-37aff89d3cf0",
      "pid": "f5b886c8-3edc-4795-a64b-1c6d113ca1bc",
      "dblevel": 6,
      "location": "/VGMV/01_BaiGiang/HocTheoChuDe/15-ChuaGiangSinh/SuDiepGiangSinh-MucsuDangMinhTri/20161218_Lu016780_Benedicus_",
      "isVideo": true,
      "url": "01-bai-giang.hoc-theo-chu-de.15-chua-giang-sinh.su-diep-giang-sinh-muc-su-dang-minh-tri.20161218-lu016780-benedicus-",
      "name": "20161218_Lu016780_Benedicus_",
      "count": 0,
      "isLeaf": null,
      "keyword": null,
      "hash": "U2FsdGVkX1/fE3yEbAlQ3f64iFpSgvXYZMOf5djFBlH5gS6OqUeNrceknYci+B9j9svt05WaorhdobJt6ZMeEA==",
      "khash": "U2FsdGVkX18G4HoF6vuBjLM7Mox3nTsDzWbiSpis2cCjojqDfQxPc1MkHlnJ8tTAF21b+xA6uXKiIkrwYff2WA==",
      "viewCount": null,
      "duration": "73:16",
      "size": 2264312753
    },
    {
      "id": "8026831d-762b-4839-a0be-6ab5ee62daba",
      "pid": "f5b886c8-3edc-4795-a64b-1c6d113ca1bc",
      "dblevel": 6,
      "location": "/VGMV/01_BaiGiang/HocTheoChuDe/15-ChuaGiangSinh/SuDiepGiangSinh-MucsuDangMinhTri/20161225_Lu020114_HaiNhiBet-le-hem",
      "isVideo": true,
      "url": "01-bai-giang.hoc-theo-chu-de.15-chua-giang-sinh.su-diep-giang-sinh-muc-su-dang-minh-tri.20161225-lu020114-hai-nhi-bet-le-hem",
      "name": "20161225_Lu020114_Hài Nhi Bết-lê-hem",
      "count": 0,
      "isLeaf": null,
      "keyword": null,
      "hash": "U2FsdGVkX1/6MxgcxwBSvn0r7tMIxGfaMRtv5YvjU41j9VGLlU6b2e9tUDFDUpHGTutydXFtLJazFObZidGo6Q==",
      "khash": "U2FsdGVkX1/YHFnc0zhuhe979BEM5/bWsaC+V2fjV2N/IAGlXFWSf8fjW7Ai+cw5wqLGJm91GQOQ5Ey6oTamEA==",
      "viewCount": null,
      "duration": "82:13",
      "size": 2294992440
    },
    {
      "id": "5ef17d57-5158-43a2-b828-d29f46b30f96",
      "pid": "f5b886c8-3edc-4795-a64b-1c6d113ca1bc",
      "dblevel": 6,
      "location": "/VGMV/01_BaiGiang/HocTheoChuDe/15-ChuaGiangSinh/SuDiepGiangSinh-MucsuDangMinhTri/20171203_Lu150103_TinhYeuPhanDinh",
      "isVideo": true,
      "url": "01-bai-giang.hoc-theo-chu-de.15-chua-giang-sinh.su-diep-giang-sinh-muc-su-dang-minh-tri.20171203-lu150103-tinh-yeu-phan-dinh",
      "name": "20171203_Lu150103_Tình Yêu Phân Định",
      "count": 0,
      "isLeaf": null,
      "keyword": null,
      "hash": "U2FsdGVkX1/XTXNjdmXM0WHdthv6NT1Ugf17uVbdiw48AY/ctpHyviS7LAnLU7jKcJciQ+DHWN5Vwkz7FWt2rQ==",
      "khash": "U2FsdGVkX19jKM1qdOBFUX8bfCtO8q7hhmojkPrRGYXAcFgRunHE2eYmfhgLXkotIAc3GSLeGDsHkMAyPk3/2g==",
      "viewCount": null,
      "duration": "72:39",
      "size": 882637241
    },
    {
      "id": "0b2987e9-5d2a-4654-a311-0ab4f9d1131f",
      "pid": "f5b886c8-3edc-4795-a64b-1c6d113ca1bc",
      "dblevel": 6,
      "location": "/VGMV/01_BaiGiang/HocTheoChuDe/15-ChuaGiangSinh/SuDiepGiangSinh-MucsuDangMinhTri/20171210_Lu150110_NiemVuiThienThuong",
      "isVideo": true,
      "url": "01-bai-giang.hoc-theo-chu-de.15-chua-giang-sinh.su-diep-giang-sinh-muc-su-dang-minh-tri.20171210-lu150110-niem-vui-thien-thuong",
      "name": "20171210_Lu150110_Niềm Vui Thiên Thượng",
      "count": 0,
      "isLeaf": null,
      "keyword": null,
      "hash": "U2FsdGVkX1+2j4b5dkf8h9Am87lZLaVweBRv0vMUrKDYTMqjXFvzMHlPJUkzy7lMBzyfjQONvc1mg4ucnkW86Q==",
      "khash": "U2FsdGVkX19Vj6v6x/rB/DCe5+Bz3I+4+xXKK01OfAPNpgOdEEt0MTrgv6/8VRe6W8GYjig17CtVGU1z/HdH5Q==",
      "viewCount": null,
      "duration": "70:29",
      "size": 697833717
    },
    {
      "id": "e766daad-e9dc-4483-b769-1315fdc55d93",
      "pid": "f5b886c8-3edc-4795-a64b-1c6d113ca1bc",
      "dblevel": 6,
      "location": "/VGMV/01_BaiGiang/HocTheoChuDe/15-ChuaGiangSinh/SuDiepGiangSinh-MucsuDangMinhTri/20171217_Lu151132_VongTayCha-P1",
      "isVideo": true,
      "url": "01-bai-giang.hoc-theo-chu-de.15-chua-giang-sinh.su-diep-giang-sinh-muc-su-dang-minh-tri.20171217-lu151132-vong-tay-cha-p1",
      "name": "20171217_Lu151132_Vòng Tay Cha-P1",
      "count": 0,
      "isLeaf": null,
      "keyword": null,
      "hash": "U2FsdGVkX1/kbRF7cN0tt/W2sx/nPsEV/k+BgBSeNgFfAHkOk+GNeVXr6rmnpJFjWJ33jOeDda6D2ufvlTHlUA==",
      "khash": "U2FsdGVkX19d7/YF944XzNiBWnAcsMYwgB30AnNE0ZshXjnkJonohpMwtSIZR0jqaSiSgd6v7m5sjFwTFJbs5g==",
      "viewCount": null,
      "duration": "75:7",
      "size": 743659862
    },
    {
      "id": "0bd9f974-5aeb-48e0-a92d-4e780ea32773",
      "pid": "f5b886c8-3edc-4795-a64b-1c6d113ca1bc",
      "dblevel": 6,
      "location": "/VGMV/01_BaiGiang/HocTheoChuDe/15-ChuaGiangSinh/SuDiepGiangSinh-MucsuDangMinhTri/20171224_Lu023952_ConTreConTroi",
      "isVideo": true,
      "url": "01-bai-giang.hoc-theo-chu-de.15-chua-giang-sinh.su-diep-giang-sinh-muc-su-dang-minh-tri.20171224-lu023952-con-tre-con-troi",
      "name": "20171224_Lu023952_Con Trẻ Con Trời",
      "count": 0,
      "isLeaf": null,
      "keyword": null,
      "hash": "U2FsdGVkX1+2fmaCELic/V/1S3+fF9F4PcBLNXq1Gba0dgUb2rdpXj8jwoneF9opFmdlCkDVVkCwvXsUWhdP+w==",
      "khash": "U2FsdGVkX19nGfJPQxmkIU7VNo9x0rG15Y1cZlpSV+VF3DRAU2r9OCNIhhbdLTQUINQm2/2rloRTyZN4CjxRvg==",
      "viewCount": null,
      "duration": "110:8",
      "size": 1090163546
    },
    {
      "id": "9c1f25da-81f5-4d5e-a92c-9da2d71dc45a",
      "pid": "f5b886c8-3edc-4795-a64b-1c6d113ca1bc",
      "dblevel": 6,
      "location": "/VGMV/01_BaiGiang/HocTheoChuDe/15-ChuaGiangSinh/SuDiepGiangSinh-MucsuDangMinhTri/20171231_Lu151132_VongTayCha-P2",
      "isVideo": true,
      "url": "01-bai-giang.hoc-theo-chu-de.15-chua-giang-sinh.su-diep-giang-sinh-muc-su-dang-minh-tri.20171231-lu151132-vong-tay-cha-p2",
      "name": "20171231_Lu151132_Vòng Tay Cha-P2",
      "count": 0,
      "isLeaf": null,
      "keyword": null,
      "hash": "U2FsdGVkX199BijocZyDIKVPmo2ZqLiDteliYH9wa4hYh4LWTmxQvBdOtIOVt9rD15O7kMDlVz5MHLVCOrC5Ug==",
      "khash": "U2FsdGVkX1/mrxuKOMcjEn/hJ9Q/sG6nTJB+3mV7vQulDkZDcEU9TU1y+LvwDEQsPEGnfAmagqnSWM3tcXIpMA==",
      "viewCount": null,
      "duration": "87:38",
      "size": 1064577467
    },
    {
      "id": "bd41dd65-2bee-4a01-b777-8f3f478bd59f",
      "pid": "f5b886c8-3edc-4795-a64b-1c6d113ca1bc",
      "dblevel": 6,
      "location": "/VGMV/01_BaiGiang/HocTheoChuDe/15-ChuaGiangSinh/SuDiepGiangSinh-MucsuDangMinhTri/20181202_Co010108_LeThatPhucAm-P1",
      "isVideo": true,
      "url": "01-bai-giang.hoc-theo-chu-de.15-chua-giang-sinh.su-diep-giang-sinh-muc-su-dang-minh-tri.20181202-co010108-le-that-phuc-am-p1",
      "name": "20181202_Co010108_Lẽ Thật Phúc Âm-P1",
      "count": 0,
      "isLeaf": null,
      "keyword": null,
      "hash": "U2FsdGVkX19MqxB9SHWDenZdSiJ+trDCF0Hi8C8xRQ1BuTJToNgp8xio1UvF2MIvwyPgMkef2SI8MrYlXyNv1Q==",
      "khash": "U2FsdGVkX19gV6R+hNf47wzrsIZdVh5tHbiCvlyeMscFGZgv3tYFspzi1k00dhv9yYlIqYbx/58TkaQLEd+/ZA==",
      "viewCount": null,
      "duration": "77:23",
      "size": 1925870077
    },
    {
      "id": "03ba3175-d494-44db-9506-f8de7c6499cf",
      "pid": "f5b886c8-3edc-4795-a64b-1c6d113ca1bc",
      "dblevel": 6,
      "location": "/VGMV/01_BaiGiang/HocTheoChuDe/15-ChuaGiangSinh/SuDiepGiangSinh-MucsuDangMinhTri/20181209_Co010108_LeThatPhucAm-P2",
      "isVideo": true,
      "url": "01-bai-giang.hoc-theo-chu-de.15-chua-giang-sinh.su-diep-giang-sinh-muc-su-dang-minh-tri.20181209-co010108-le-that-phuc-am-p2",
      "name": "20181209_Co010108_Lẽ Thật Phúc Âm-P2",
      "count": 0,
      "isLeaf": null,
      "keyword": null,
      "hash": "U2FsdGVkX193Mbgy+LE3pQpY+IbdwWCBRjawDJlrHfT9VFI3DCV9a51KlQYiqVpc0ZKKOYsnkTLfVvyUf43tQQ==",
      "khash": "U2FsdGVkX1+zONmlBAEZ4EizJqjaiSqSoM//whCcZTeLl/mldoWsVtJ6AzAzOzA46q+PRtOjkUE+qFpWL3wEAA==",
      "viewCount": null,
      "duration": "81:14",
      "size": 2037729706
    },
    {
      "id": "174a3d94-b8a2-4c25-ae22-a912c475deb9",
      "pid": "f5b886c8-3edc-4795-a64b-1c6d113ca1bc",
      "dblevel": 6,
      "location": "/VGMV/01_BaiGiang/HocTheoChuDe/15-ChuaGiangSinh/SuDiepGiangSinh-MucsuDangMinhTri/20181216_Co010112_CongViecCuaPhucAm-P1",
      "isVideo": true,
      "url": "01-bai-giang.hoc-theo-chu-de.15-chua-giang-sinh.su-diep-giang-sinh-muc-su-dang-minh-tri.20181216-co010112-cong-viec-cua-phuc-am-p1",
      "name": "20181216_Co010112_Công Việc Của Phúc Âm-P1",
      "count": 0,
      "isLeaf": null,
      "keyword": null,
      "hash": "U2FsdGVkX18WAys8LNwJzGf3WZIClmp4CyDrFN0bcPQeHrWoL9oGEBzm5TmsGLhk8rqXhZ6I+QW4owlvReIAiQ==",
      "khash": "U2FsdGVkX1+VD8j1ZA3SkEW+2b5P4UDU1KAGm9Ty5rNOYdvBt3lFnJQvCcv/8eGWCECcVuajIjLT0uczsrwW6w==",
      "viewCount": null,
      "duration": "69:14",
      "size": 1737045183
    },
    {
      "id": "9db13a9a-eae3-4e29-a0b5-7c2baa78da0e",
      "pid": "f5b886c8-3edc-4795-a64b-1c6d113ca1bc",
      "dblevel": 6,
      "location": "/VGMV/01_BaiGiang/HocTheoChuDe/15-ChuaGiangSinh/SuDiepGiangSinh-MucsuDangMinhTri/20181223_Co010112_CongViecCuaPhucAm-P2",
      "isVideo": true,
      "url": "01-bai-giang.hoc-theo-chu-de.15-chua-giang-sinh.su-diep-giang-sinh-muc-su-dang-minh-tri.20181223-co010112-cong-viec-cua-phuc-am-p2",
      "name": "20181223_Co010112_Công Việc Của Phúc Âm-P2",
      "count": 0,
      "isLeaf": null,
      "keyword": null,
      "hash": "U2FsdGVkX19trxbxX09RTNXLSPBAai875GyxuETEWtuCTLrZ82xKC87KSR1uM3PIdc8GsV5yBfXo8gdOiXAhfQ==",
      "khash": "U2FsdGVkX1+VnfRkQqABaev2lMEodSHht9JpCFjlYdCbk593nFSjI1X068pIALIl7Id2LV/Z8eCEEJ5hcIf1bg==",
      "viewCount": null,
      "duration": "71:43",
      "size": 1897452458
    },
    {
      "id": "f246c0e9-3847-4f7c-a881-8b907199a1dd",
      "pid": "f5b886c8-3edc-4795-a64b-1c6d113ca1bc",
      "dblevel": 6,
      "location": "/VGMV/01_BaiGiang/HocTheoChuDe/15-ChuaGiangSinh/SuDiepGiangSinh-MucsuDangMinhTri/20181224_Co011223_ChuaCuuTheToiThuong",
      "isVideo": true,
      "url": "01-bai-giang.hoc-theo-chu-de.15-chua-giang-sinh.su-diep-giang-sinh-muc-su-dang-minh-tri.20181224-co011223-chua-cuu-the-toi-thuong",
      "name": "20181224_Co011223_Chúa Cứu Thế Tối Thượng",
      "count": 0,
      "isLeaf": null,
      "keyword": null,
      "hash": "U2FsdGVkX1+AUqenBqwLA7dpP+rOBSqr8BYcNLkVDLVkUVlCoZ2W1R39xcpAVzboQIccHpm3JuLZTv3kChvzOA==",
      "khash": "U2FsdGVkX18oL/DnZoI8hGrq2dwCwxR3u1mAwyK9nozNzIXoMzt8eLbot//iErfzPJuwzTknQsWFj7w6HbJagQ==",
      "viewCount": null,
      "duration": "65:9",
      "size": 1728816937
    },
    {
      "id": "6c04bd14-efd6-4991-98e8-47daed2c6ca1",
      "pid": "f5b886c8-3edc-4795-a64b-1c6d113ca1bc",
      "dblevel": 6,
      "location": "/VGMV/01_BaiGiang/HocTheoChuDe/15-ChuaGiangSinh/SuDiepGiangSinh-MucsuDangMinhTri/20181230_Co012429_NguoiGiupViecTinLanhP1",
      "isVideo": true,
      "url": "01-bai-giang.hoc-theo-chu-de.15-chua-giang-sinh.su-diep-giang-sinh-muc-su-dang-minh-tri.20181230-co012429-nguoi-giup-viec-tin-lanh-p1",
      "name": "20181230_Co012429_Người Giúp Việc Tin Lành P1",
      "count": 0,
      "isLeaf": null,
      "keyword": null,
      "hash": "U2FsdGVkX1+AJvySx442RpirdknvL1oGpl2hBYcvT2lLvYR4qP4Jpg/LOSD3SqAAlb06N9OQVQgNYU/FfSKZsw==",
      "khash": "U2FsdGVkX1+23gkH2Qm4Z9l5nF7zsOwXABCyfl6/4wxCC/eO7PWZle1Ztp9gjZRLPLgthCOPRUFG5pFWfqF/EA==",
      "viewCount": null,
      "duration": "75:17",
      "size": 1886166458
    },
    {
      "id": "984f94b7-caff-4410-846c-07535fa7721e",
      "pid": "f5b886c8-3edc-4795-a64b-1c6d113ca1bc",
      "dblevel": 6,
      "location": "/VGMV/01_BaiGiang/HocTheoChuDe/15-ChuaGiangSinh/SuDiepGiangSinh-MucsuDangMinhTri/20190106_Co012429_NguoiGiupViecTinLanhP2",
      "isVideo": true,
      "url": "01-bai-giang.hoc-theo-chu-de.15-chua-giang-sinh.su-diep-giang-sinh-muc-su-dang-minh-tri.20190106-co012429-nguoi-giup-viec-tin-lanh-p2",
      "name": "20190106_Co012429_Người Giúp Việc Tin Lành P2",
      "count": 0,
      "isLeaf": null,
      "keyword": null,
      "hash": "U2FsdGVkX1940dDrprE++OkU6MavgCLkMyVT6cD3vxTgRwBm7DsS1f8DCfn5vyWj6QxIFbiwpK9vnJjflCKUaQ==",
      "khash": "U2FsdGVkX1/Tv5qj7rVEpvVl9W2hVfbt4jhF9abJwy1WZiuJgyv/PUOG9sbW2ad1GPoxPXmQgOjBoNwFngQEPQ==",
      "viewCount": null,
      "duration": "69:7",
      "size": 1733868191
    },
    {
      "id": "b9f898c9-3173-4d7f-b84d-c96086b5c97b",
      "pid": "f5b886c8-3edc-4795-a64b-1c6d113ca1bc",
      "dblevel": 6,
      "location": "/VGMV/01_BaiGiang/HocTheoChuDe/15-ChuaGiangSinh/SuDiepGiangSinh-MucsuDangMinhTri/20190113_Co012429_NguoiGiupViecTinLanhP3",
      "isVideo": true,
      "url": "01-bai-giang.hoc-theo-chu-de.15-chua-giang-sinh.su-diep-giang-sinh-muc-su-dang-minh-tri.20190113-co012429-nguoi-giup-viec-tin-lanh-p3",
      "name": "20190113_Co012429_Người Giúp Việc Tin Lành P3",
      "count": 0,
      "isLeaf": null,
      "keyword": null,
      "hash": "U2FsdGVkX19J7x5Q5RUNyc2/eNWTJSdBlHWVrxXQBF4Kg6LnQ7b4vPO2EfzSgUgWMNasWgWkUdtivq44BLKsfA==",
      "khash": "U2FsdGVkX19n7Bm0T/ZAk5UntCYhkXuCMCbs+svayEXvwDb9+NWpoHK2M70wBwQIt14RxnaZYvxk9wP3VbJShQ==",
      "viewCount": null,
      "duration": "76:37",
      "size": 1923431208
    },
    {
      "id": "70cd1675-bb08-4a7e-8ee5-2b031d075d0d",
      "pid": "f5b886c8-3edc-4795-a64b-1c6d113ca1bc",
      "dblevel": 6,
      "location": "/VGMV/01_BaiGiang/HocTheoChuDe/15-ChuaGiangSinh/SuDiepGiangSinh-MucsuDangMinhTri/20191201_Lu012638_TuyenRaoTinLanh",
      "isVideo": true,
      "url": "01-bai-giang.hoc-theo-chu-de.15-chua-giang-sinh.su-diep-giang-sinh-muc-su-dang-minh-tri.20191201-lu012638-tuyen-rao-tin-lanh",
      "name": "20191201_Lu012638_Tuyên Rao Tin Lành",
      "count": 0,
      "isLeaf": null,
      "keyword": null,
      "hash": "U2FsdGVkX1/zqWYgMdBv8b4c10Zab8024Q+h6fb5SHDA/2I9J0v5cfQmmN8c0aZ5g4ZkQp8zHq1Zd/LArT5zvA==",
      "khash": "U2FsdGVkX1+GCSe/NwC5dRYHsI2WkbBuDG3IekfvD7GNvBff47I7bi5UdMcykvDOmJEhrOWT8vqdMO7eKc2xrg==",
      "viewCount": null,
      "duration": "74:5",
      "size": 1971347694
    },
    {
      "id": "084ce1cd-1733-40f7-a4ea-23d38c38adb5",
      "pid": "f5b886c8-3edc-4795-a64b-1c6d113ca1bc",
      "dblevel": 6,
      "location": "/VGMV/01_BaiGiang/HocTheoChuDe/15-ChuaGiangSinh/SuDiepGiangSinh-MucsuDangMinhTri/20191208_Lu013956_ChuaViDaiSangCa",
      "isVideo": true,
      "url": "01-bai-giang.hoc-theo-chu-de.15-chua-giang-sinh.su-diep-giang-sinh-muc-su-dang-minh-tri.20191208-lu013956-chua-vi-dai-sang-ca",
      "name": "20191208_Lu013956_Chúa Vĩ Đại Sang Cả",
      "count": 0,
      "isLeaf": null,
      "keyword": null,
      "hash": "U2FsdGVkX18En6p/xPnuw4e18wi/46nd806ElDBdG73/v1im/ApkVDDFvO14+Ql4MR6xilxFNt8XizDAPqrLJg==",
      "khash": "U2FsdGVkX1/tzm8EAQDwiZsMbReTeNdWOtA97rVz+Ks7dd09TnAd/YYeTD3iufN7/iqtIyZaXqH8nNFlopENdw==",
      "viewCount": null,
      "duration": "68:23",
      "size": 2119303648
    },
    {
      "id": "4b6fe73f-2e73-4fdd-9836-ed6c6ee0c6d2",
      "pid": "f5b886c8-3edc-4795-a64b-1c6d113ca1bc",
      "dblevel": 6,
      "location": "/VGMV/01_BaiGiang/HocTheoChuDe/15-ChuaGiangSinh/SuDiepGiangSinh-MucsuDangMinhTri/20191215_Lu015766_NguoiDonDuong",
      "isVideo": true,
      "url": "01-bai-giang.hoc-theo-chu-de.15-chua-giang-sinh.su-diep-giang-sinh-muc-su-dang-minh-tri.20191215-lu015766-nguoi-don-duong",
      "name": "20191215_Lu015766_Người Dọn Đường",
      "count": 0,
      "isLeaf": null,
      "keyword": null,
      "hash": "U2FsdGVkX1+ALkGKMvG0DJG2XyazOh3HJBm8pG9aPbmBZJg6ob38XVZIoiybIhAiYPaHaO8uBNh41SGf6IQKKg==",
      "khash": "U2FsdGVkX183iXx5xqLGKVJgF+aXv7K2b4w77brjKPOxCgYOCGSCjw/Abq5sGLnTngaqoTbRQzeanqtPDu4pew==",
      "viewCount": null,
      "duration": "68:36",
      "size": 1873434466
    },
    {
      "id": "98146edd-3f38-422d-940e-5754a20acbb9",
      "pid": "f5b886c8-3edc-4795-a64b-1c6d113ca1bc",
      "dblevel": 6,
      "location": "/VGMV/01_BaiGiang/HocTheoChuDe/15-ChuaGiangSinh/SuDiepGiangSinh-MucsuDangMinhTri/20191222_Lu016780-Benedictus",
      "isVideo": true,
      "url": "01-bai-giang.hoc-theo-chu-de.15-chua-giang-sinh.su-diep-giang-sinh-muc-su-dang-minh-tri.20191222-lu016780-benedictus",
      "name": "20191222_Lu016780-Benedictus",
      "count": 0,
      "isLeaf": null,
      "keyword": null,
      "hash": "U2FsdGVkX1/fChxyJIMW9ybXvsuPGhoy1dhAdByYgOKKnZcl4MwSjPTaD5zWLWdPEglxjW35yRS99TIHhgMcBw==",
      "khash": "U2FsdGVkX1/5BuliDfFGqwyjfjBvxPkeqlbHXBkoL/NSJLoIPUS/Eeveki/KXmqdZ6Gb4jMsGtId1j8LUIkPPQ==",
      "viewCount": null,
      "duration": "77:43",
      "size": 2061019438
    },
    {
      "id": "71c4222e-6738-4f73-a180-102ad8b0f754",
      "pid": "f5b886c8-3edc-4795-a64b-1c6d113ca1bc",
      "dblevel": 6,
      "location": "/VGMV/01_BaiGiang/HocTheoChuDe/15-ChuaGiangSinh/SuDiepGiangSinh-MucsuDangMinhTri/20191224_Lu020114_HaiNhiBet-le-hem",
      "isVideo": true,
      "url": "01-bai-giang.hoc-theo-chu-de.15-chua-giang-sinh.su-diep-giang-sinh-muc-su-dang-minh-tri.20191224-lu020114-hai-nhi-bet-le-hem",
      "name": "20191224_Lu020114_Hài Nhi Bết-lê-hem",
      "count": 0,
      "isLeaf": null,
      "keyword": null,
      "hash": "U2FsdGVkX1+1PPstyi3rDgNKQM3NkYlRyyotQIRG0j1YvRd/sIl44a7h3M6BCKHpS+hde2hulogLSJuP0Ycgng==",
      "khash": "U2FsdGVkX19x7XxdNtl6QKnZfdEJE+QrY9+fydhReD9bRHpmEbDWYDZ/oodfVQ8SJG8IyUaLmIiFkYG3cS788A==",
      "viewCount": null,
      "duration": "62:7",
      "size": 1836173934
    },
    {
      "id": "2244639b-603d-413a-a946-52aad03449de",
      "pid": "f5b886c8-3edc-4795-a64b-1c6d113ca1bc",
      "dblevel": 6,
      "location": "/VGMV/01_BaiGiang/HocTheoChuDe/15-ChuaGiangSinh/SuDiepGiangSinh-MucsuDangMinhTri/20191229_Lu023952_ConTreConTroi",
      "isVideo": true,
      "url": "01-bai-giang.hoc-theo-chu-de.15-chua-giang-sinh.su-diep-giang-sinh-muc-su-dang-minh-tri.20191229-lu023952-con-tre-con-troi",
      "name": "20191229_Lu023952_Con Trẻ Con Trời",
      "count": 0,
      "isLeaf": null,
      "keyword": null,
      "hash": "U2FsdGVkX1/Ebh7fW356OybXY0mDLFd46mexvVj4zFXgH2mcIMUQXDc88o72S0LuckCxXQl6HkTGQPyJFUThIw==",
      "khash": "U2FsdGVkX1/iOs+LV5wpIQNmd60C3JKriY/xxYog6A0G2gqPMzOqlCA8O3RSsFjiorcuU62Z0/Lg8crGd9vnNw==",
      "viewCount": null,
      "duration": "70:16",
      "size": 1869084546
    },
    {
      "id": "077d6ef3-7f75-4cb1-a979-5283ea661f5d",
      "pid": "f5b886c8-3edc-4795-a64b-1c6d113ca1bc",
      "dblevel": 6,
      "location": "/VGMV/01_BaiGiang/HocTheoChuDe/15-ChuaGiangSinh/SuDiepGiangSinh-MucsuDangMinhTri/20201129_Ro082839_MoiSuCoIch-P1",
      "isVideo": true,
      "url": "01-bai-giang.hoc-theo-chu-de.15-chua-giang-sinh.su-diep-giang-sinh-muc-su-dang-minh-tri.20201129-ro082839-moi-su-co-ich-p1",
      "name": "20201129_Ro082839_Mọi Sự Có Ích-P1",
      "count": 0,
      "isLeaf": null,
      "keyword": null,
      "hash": "U2FsdGVkX19CTtuuvRXuaHmFkOrbk2Qrl4SIKiINFeXaG64YBY+1WhZmQCgxxVEVXs9juYlDqRaoPnsgvbfvjA==",
      "khash": "U2FsdGVkX1/SgJG712sPhtlCgaOkbQc2bhuW59rLqNe3VtfYzYgnSL1oLI93dTU4/1W12ZmrWaPUAQIeCBsfmQ==",
      "viewCount": null,
      "duration": "75:0",
      "size": 2050060621
    },
    {
      "id": "e7932ee4-0912-448b-b08b-df47f1002351",
      "pid": "f5b886c8-3edc-4795-a64b-1c6d113ca1bc",
      "dblevel": 6,
      "location": "/VGMV/01_BaiGiang/HocTheoChuDe/15-ChuaGiangSinh/SuDiepGiangSinh-MucsuDangMinhTri/20201206_Ro082839_MoiSuCoIch-P2",
      "isVideo": true,
      "url": "01-bai-giang.hoc-theo-chu-de.15-chua-giang-sinh.su-diep-giang-sinh-muc-su-dang-minh-tri.20201206-ro082839-moi-su-co-ich-p2",
      "name": "20201206_Ro082839_Mọi Sự Có Ích-P2",
      "count": 0,
      "isLeaf": null,
      "keyword": null,
      "hash": "U2FsdGVkX19DKWZsOFnDxMFP/gHH8d67eZErrRkxscqXdfvl6hsWUhbuSylJQKbk/rUNQoDQ1luSIRmrIEim6Q==",
      "khash": "U2FsdGVkX1+HfEdRdKA5qg1IFDnYRJ7gbO0iLR/lwngEkZ1FgHX1t0dzwwdejFxEpEVGkGp23Kr3jWAPkzuDow==",
      "viewCount": null,
      "duration": "88:33",
      "size": 2708989882
    },
    {
      "id": "3a6cfa70-b44d-40dd-9551-7e48e6811733",
      "pid": "f5b886c8-3edc-4795-a64b-1c6d113ca1bc",
      "dblevel": 6,
      "location": "/VGMV/01_BaiGiang/HocTheoChuDe/15-ChuaGiangSinh/SuDiepGiangSinh-MucsuDangMinhTri/20201225_Es090106_DanhTrenHetMoiDanh",
      "isVideo": true,
      "url": "01-bai-giang.hoc-theo-chu-de.15-chua-giang-sinh.su-diep-giang-sinh-muc-su-dang-minh-tri.20201225-es090106-danh-tren-het-moi-danh",
      "name": "20201225_Es090106_Danh Trên Hết Mọi Danh",
      "count": 0,
      "isLeaf": null,
      "keyword": null,
      "hash": "U2FsdGVkX1/J/FFEX3SqDohjYMJCyGmDJ6JRfmjtGRP4jh2dG68g+iKzu14/V4DdbI52Ztk0eCRjM86ETSEhZQ==",
      "khash": "U2FsdGVkX1/dWiMbFuEIf/cvT0zXsX9gEhSn6EKxf81plJsGj0dakCU5fLKlEt4J/JUpzf/b32/Dsm4j3U8V0g==",
      "viewCount": null,
      "duration": "45:31",
      "size": 1129466940
    },
    {
      "id": "b860622e-887e-4c37-afc7-62ed399941f8",
      "pid": "f5b886c8-3edc-4795-a64b-1c6d113ca1bc",
      "dblevel": 6,
      "location": "/VGMV/01_BaiGiang/HocTheoChuDe/15-ChuaGiangSinh/SuDiepGiangSinh-MucsuDangMinhTri/20211128_Eph010114_DuocGoiVaBietRieng",
      "isVideo": true,
      "url": "01-bai-giang.hoc-theo-chu-de.15-chua-giang-sinh.su-diep-giang-sinh-muc-su-dang-minh-tri.20211128-eph010114-duoc-goi-va-biet-rieng",
      "name": "20211128_Eph010114_Được Gọi Và Biệt Riêng",
      "count": 0,
      "isLeaf": null,
      "keyword": null,
      "hash": "U2FsdGVkX1/PuZh1fqBtkZendPg5JbF8ac+SrNDZiwq7l/DiWSjA3cQOJ2DA4SXaJUodg/CjCux1Ka7PZSYunA==",
      "khash": "U2FsdGVkX1/WNK881flAJR0g6rKLt+voCNh/WqrSBDj2IS+CjMsv7Q8Ep0/u+078xtz//ih1LgJMdvJt/9A9FA==",
      "viewCount": null,
      "duration": "61:13",
      "size": 1887557423
    },
    {
      "id": "f0f5a26e-d976-459f-b9c5-f81326408eab",
      "pid": "f5b886c8-3edc-4795-a64b-1c6d113ca1bc",
      "dblevel": 6,
      "location": "/VGMV/01_BaiGiang/HocTheoChuDe/15-ChuaGiangSinh/SuDiepGiangSinh-MucsuDangMinhTri/20211205_Eph010114_DuocChonVaDuocPhuocP1",
      "isVideo": true,
      "url": "01-bai-giang.hoc-theo-chu-de.15-chua-giang-sinh.su-diep-giang-sinh-muc-su-dang-minh-tri.20211205-eph010114-duoc-chon-va-duoc-phuoc-p1",
      "name": "20211205_Eph010114_Được Chọn Và Được Phước P1",
      "count": 0,
      "isLeaf": null,
      "keyword": null,
      "hash": "U2FsdGVkX1+GCByMeWT64XlqrFtKXayYqCn9QEG0bMtf7Jmiab3kGY0DXjO99fIs0RvF1p0PQ3LMZLdJbZXxZQ==",
      "khash": "U2FsdGVkX184znpCA0o1JKk/NoXRbdtSIpslfVeYw5HIQQ8mAeT9LUMSzTPvJlnl2/LWLd/X4UQGVS6GvomepA==",
      "viewCount": null,
      "duration": "63:41",
      "size": 1965308570
    },
    {
      "id": "f50ab90c-fe02-4b90-87bf-c4c096511b9d",
      "pid": "f5b886c8-3edc-4795-a64b-1c6d113ca1bc",
      "dblevel": 6,
      "location": "/VGMV/01_BaiGiang/HocTheoChuDe/15-ChuaGiangSinh/SuDiepGiangSinh-MucsuDangMinhTri/20211212_Eph010114_DuocChonVaDuocPhuocP2",
      "isVideo": true,
      "url": "01-bai-giang.hoc-theo-chu-de.15-chua-giang-sinh.su-diep-giang-sinh-muc-su-dang-minh-tri.20211212-eph010114-duoc-chon-va-duoc-phuoc-p2",
      "name": "20211212_Eph010114_Được Chọn Và Được Phước P2",
      "count": 0,
      "isLeaf": null,
      "keyword": null,
      "hash": "U2FsdGVkX19IKKHOTVflJG4l/QkcHrn8AyoRQ2Yjy8v9K4YASTyKsBp4WcxAuVDAJForRUg8dMI+HnE2HIapEg==",
      "khash": "U2FsdGVkX19JnYKyFKHHXKRzVt/dzAB10zgznWIY+0FMcmMzWEJXWYeTzBvd3neYK3HsDLQpKudeSxHO0nrA1A==",
      "viewCount": null,
      "duration": "69:45",
      "size": 2149594578
    },
    {
      "id": "474d9879-cfe9-40e3-bac4-fc2f2ec0d7e5",
      "pid": "f5b886c8-3edc-4795-a64b-1c6d113ca1bc",
      "dblevel": 6,
      "location": "",
      "isVideo": true,
      "url": "01-bai-giang.hoc-theo-chu-de.15-chua-giang-sinh.su-diep-giang-sinh-muc-su-dang-minh-tri.20211219-eph010114-duoc-tham-dinh-va-duoc-cuu",
      "name": "20211219_Eph010114_Được Thẩm Định Và Được Cứu",
      "count": 0,
      "isLeaf": null,
      "keyword": null,
      "hash": null,
      "khash": null,
      "viewCount": null,
      "duration": "61:26",
      "size": 1894070753
    },
    {
      "id": "27c66efd-5b44-49ac-a404-fc69760be4e3",
      "pid": "f5b886c8-3edc-4795-a64b-1c6d113ca1bc",
      "dblevel": 6,
      "location": "/VGMV/01_BaiGiang/HocTheoChuDe/15-ChuaGiangSinh/SuDiepGiangSinh-MucsuDangMinhTri/20211224_He010104_SuCuuRoiViDai",
      "isVideo": true,
      "url": "01-bai-giang.hoc-theo-chu-de.15-chua-giang-sinh.su-diep-giang-sinh-muc-su-dang-minh-tri.20211224-he010104-su-cuu-roi-vi-dai",
      "name": "20211224_He010104_Sự Cứu Rỗi Vĩ Đại",
      "count": 0,
      "isLeaf": null,
      "keyword": null,
      "hash": "U2FsdGVkX1+E+6WETP55ygWlvNKN+Trd6Ti7yc+Ban+kpRbpVx1k7X2upkaEbVnPIxEHGduIXM8G3DCtVOhVXA==",
      "khash": "U2FsdGVkX19VD9MNq3pafr1l2UdJDkplnG+PD6mo+nTxV4+Mp6+z56q7FjoIeel7M/yCOGXJQr+Ul6NX5v+v0Q==",
      "viewCount": null,
      "duration": "70:53",
      "size": 1439566889
    },
    {
      "id": "6d3b7ce0-edfd-413a-b8f8-ab5179e29a51",
      "pid": "f5b886c8-3edc-4795-a64b-1c6d113ca1bc",
      "dblevel": 6,
      "location": "/VGMV/01_BaiGiang/HocTheoChuDe/15-ChuaGiangSinh/SuDiepGiangSinh-MucsuDangMinhTri/20211226_Eph010114_DuocCuuVaDuocThaThu",
      "isVideo": true,
      "url": "01-bai-giang.hoc-theo-chu-de.15-chua-giang-sinh.su-diep-giang-sinh-muc-su-dang-minh-tri.20211226-eph010114-duoc-cuu-va-duoc-tha-thu",
      "name": "20211226_Eph010114_Được Cứu Và Được Tha Thứ",
      "count": 0,
      "isLeaf": null,
      "keyword": null,
      "hash": "U2FsdGVkX1/npU6qppq53nwDDwsGUYrpXPfKi+H3LDs/7MRP0LwlzS6jHa15qNfPmiD13BrEFYO6sG9cB/Zv1A==",
      "khash": "U2FsdGVkX18vDcBY+BaaUZdUXGJp8MwyyVSWeKoMBYOwddNYfU4dCIQ6zxyan0e6Tny0P8eg+7dS4R6ptd6/4w==",
      "viewCount": null,
      "duration": "63:18",
      "size": 1952102586
    },
    {
      "id": "ef0c5a1a-6bb7-4cd0-b351-de916db8bdb6",
      "pid": "f5b886c8-3edc-4795-a64b-1c6d113ca1bc",
      "dblevel": 6,
      "location": "/VGMV/01_BaiGiang/HocTheoChuDe/15-ChuaGiangSinh/SuDiepGiangSinh-MucsuDangMinhTri/20220102_Eph010114_ChoHyVongVaVinhHien",
      "isVideo": true,
      "url": "01-bai-giang.hoc-theo-chu-de.15-chua-giang-sinh.su-diep-giang-sinh---muc-su-dang-minh-tri.20220102-eph010114-cho-hy-vong-va-vinh-hien",
      "name": "20220102_Eph010114_Cho Hy Vọng Và Vinh Hiển",
      "count": 0,
      "isLeaf": null,
      "keyword": null,
      "hash": "U2FsdGVkX1+xWvG2be5YAFes590qFFalB7vz75a+SQekAZaKqGXdGxwQUn9i9u3uoYgH68qN7XavC6OuxKKp+g==",
      "khash": "U2FsdGVkX19Jg1tPMFd+4mZNaGKv+Sto+Pr/NBKHReemXH03PGQBHBHkX2P8G0vVYlLjOrekIJeZwC23tzeyeA==",
      "viewCount": null,
      "duration": "64:55",
      "size": 2003951695
    },
    {
      "id": "7965ff26-98df-4850-a673-91dca1016f68",
      "pid": "f5b886c8-3edc-4795-a64b-1c6d113ca1bc",
      "dblevel": 6,
      "location": "/VGMV/01_BaiGiang/HocTheoChuDe/15-ChuaGiangSinh/SuDiepGiangSinh-MucsuDangMinhTri/20220102_Eph010114_ChoHyVongVaVinhHien-P1",
      "isVideo": true,
      "url": "01-bai-giang.hoc-theo-chu-de.15-chua-giang-sinh.su-diep-giang-sinh-muc-su-dang-minh-tri.20220102-eph010114-cho-hy-vong-va-vinh-hien-p1",
      "name": "20220102_Eph010114_Cho Hy Vọng Và Vinh Hiển-P1",
      "count": 0,
      "isLeaf": null,
      "keyword": null,
      "hash": "",
      "khash": null,
      "viewCount": null,
      "duration": "64:55",
      "size": 2003951695
    },
    {
      "id": "6a869cb4-dc50-470d-ade9-d1968e86c6a2",
      "pid": "f5b886c8-3edc-4795-a64b-1c6d113ca1bc",
      "dblevel": 6,
      "location": "/VGMV/01_BaiGiang/HocTheoChuDe/15-ChuaGiangSinh/SuDiepGiangSinh-MucsuDangMinhTri/20220109_Eph010114_ChoHyVongVaVinhHien-P2",
      "isVideo": true,
      "url": "01-bai-giang.hoc-theo-chu-de.15-chua-giang-sinh.su-diep-giang-sinh-muc-su-dang-minh-tri.20220109-eph010114-cho-hy-vong-va-vinh-hien-p2",
      "name": "20220109_Eph010114_Cho Hy Vọng Và Vinh Hiển-P2",
      "count": 0,
      "isLeaf": null,
      "keyword": null,
      "hash": "",
      "khash": null,
      "viewCount": null,
      "duration": "64:9",
      "size": 1976136869
    },
    {
      "id": "223f4616-ca10-4b8e-8ea5-d8946247276f",
      "pid": "f5b886c8-3edc-4795-a64b-1c6d113ca1bc",
      "dblevel": 6,
      "location": "",
      "isVideo": true,
      "url": "01-bai-giang.hoc-theo-chu-de.15-chua-giang-sinh.su-diep-giang-sinh-muc-su-dang-minh-tri.20220116-eph010114-giau-co-va-bao-toan",
      "name": "20220116_Eph010114_Giàu Có Và Bảo Toàn",
      "count": 0,
      "isLeaf": null,
      "keyword": null,
      "hash": null,
      "khash": null,
      "viewCount": null,
      "duration": "63:28",
      "size": 1957049517
    },
    {
      "id": "33bb45b6-c146-4609-8b80-2de63d059517",
      "pid": "f5b886c8-3edc-4795-a64b-1c6d113ca1bc",
      "dblevel": 6,
      "location": "",
      "isVideo": true,
      "url": "01-bai-giang.hoc-theo-chu-de.15-chua-giang-sinh.su-diep-giang-sinh-muc-su-dang-minh-tri.20220123-eph010114-duoc-cuu-de-ca-ngoi-chua",
      "name": "20220123_Eph010114_Được Cứu Để Ca Ngợi Chúa",
      "count": 0,
      "isLeaf": null,
      "keyword": null,
      "hash": null,
      "khash": null,
      "viewCount": null,
      "duration": "67:27",
      "size": 2081262271
    }
  ]
}