{
  "id": "08fc6761-610b-4f15-a719-bc40f501e170",
  "pid": "3c99cef1-0b91-4cff-a01b-2aa3cc0ca1d4",
  "dblevel": 3,
  "location": "/VGMV/01_BaiGiang/CauChuyen",
  "isVideo": true,
  "url": "01-bai-giang.cau-chuyen",
  "name": "Câu Chuyện",
  "count": 31,
  "isLeaf": true,
  "keyword": null,
  "hash": null,
  "khash": null,
  "viewCount": null,
  "duration": null,
  "size": null,
  "children": [
    {
      "id": "bf276a82-31dc-4a86-bc52-184bb74d8781",
      "pid": "08fc6761-610b-4f15-a719-bc40f501e170",
      "dblevel": 4,
      "location": "/VGMV/01_BaiGiang/CauChuyen/01-SuSangTao",
      "isVideo": true,
      "url": "01-bai-giang.cau-chuyen.01-su-sang-tao",
      "name": "01-Sự Sáng Tạo",
      "count": 0,
      "isLeaf": null,
      "keyword": null,
      "hash": "U2FsdGVkX1/Friy67UgqQwyEhIHchWMfMtJHA93qMNdpXOuvQm8v3PUpvI1pri9rs85ujf5WWH9jzoKWSug+xg==",
      "khash": "U2FsdGVkX1+F48/aDtdeMUVRvyVD+6pGCNzcCBmC5Qv/lpLmWxB3sKcQIDjgv050odC91l7SVbXdrJIJ1mCXtg==",
      "viewCount": null,
      "duration": "39:40",
      "size": 393961086
    },
    {
      "id": "8f245c96-73ec-480a-80da-adae4797df6d",
      "pid": "08fc6761-610b-4f15-a719-bc40f501e170",
      "dblevel": 4,
      "location": "/VGMV/01_BaiGiang/CauChuyen/02-DucChuaTroiXayDungMotDanToc",
      "isVideo": true,
      "url": "01-bai-giang.cau-chuyen.02-duc-chua-troi-xay-dung-mot-dan-toc",
      "name": "02-Đức Chúa Trời Xây Dựng Một Dân Tộc",
      "count": 0,
      "isLeaf": null,
      "keyword": null,
      "hash": "U2FsdGVkX19ymSSnD3j/CotkFaSyXb/anvkS0Azw8cxKO5U4YsMhoB9yET+80q+78BAXKH4THfUiOFk7AtXQUg==",
      "khash": "U2FsdGVkX1+ATxXDHT0KNkA2jC6/eSudls93K6/l5wroRPW++81+fctf4zy3qO2l5UuAobvYeux5fuTxVpyH9g==",
      "viewCount": null,
      "duration": "41:17",
      "size": 410011074
    },
    {
      "id": "b6665051-8bbe-4081-8d4b-6846a584393b",
      "pid": "08fc6761-610b-4f15-a719-bc40f501e170",
      "dblevel": 4,
      "location": "/VGMV/01_BaiGiang/CauChuyen/03-Gio-sep-TuNoLeDenDaiDienPha-ra-on",
      "isVideo": true,
      "url": "01-bai-giang.cau-chuyen.03-gio-sep-tu-no-le-den-dai-dien-pha-ra-on",
      "name": "03-Giô-sép - Từ Nô Lệ Đến Đại Diện Pha-ra-ôn",
      "count": 0,
      "isLeaf": null,
      "keyword": null,
      "hash": "U2FsdGVkX1847f7GEmzDynL860ktQhpERf0F3AFL/Xx3SE4RJLnUfmzff1Iz9DL1jHrOH0GHABIvLl6dz6LweQ==",
      "khash": "U2FsdGVkX1+jFyEpXqFWYSR6b4z4nS56gR47yLG/Ai22CILLFoZq7GATvu4kgva3fmkjXCpge5ypsDy7sID59g==",
      "viewCount": null,
      "duration": "36:36",
      "size": 363991805
    },
    {
      "id": "44ee00a1-3964-4e05-8598-3602478ad835",
      "pid": "08fc6761-610b-4f15-a719-bc40f501e170",
      "dblevel": 4,
      "location": "/VGMV/01_BaiGiang/CauChuyen/04-SuGiaiCuu",
      "isVideo": true,
      "url": "01-bai-giang.cau-chuyen.04-su-giai-cuu",
      "name": "04-Sự Giải Cứu",
      "count": 0,
      "isLeaf": null,
      "keyword": null,
      "hash": "U2FsdGVkX19yFk1r3DfUP8y5XC+Kb/F7arj24wGkm6q5Cg/kHBUhq+R/Rz1b1gvqkj0uPyD/tmtThGZVtXUOlg==",
      "khash": "U2FsdGVkX18MukchxaIgUEJLXgyE3QhNGDYDaImlBoMKbxnB9amrRYodHrg2CrhGPGufy1XWSQ2p9rizkqlmyQ==",
      "viewCount": null,
      "duration": "37:5",
      "size": 368725704
    },
    {
      "id": "9eb6c0dc-1d78-4889-8ec8-0023303b9707",
      "pid": "08fc6761-610b-4f15-a719-bc40f501e170",
      "dblevel": 4,
      "location": "/VGMV/01_BaiGiang/CauChuyen/05-DieuRanMoiVaGiaoUocMoi",
      "isVideo": true,
      "url": "01-bai-giang.cau-chuyen.05-dieu-ran-moi-va-giao-uoc-moi",
      "name": "05-Điều Răn Mới Và Giao Ước Mới",
      "count": 0,
      "isLeaf": null,
      "keyword": null,
      "hash": "U2FsdGVkX1/zCdq/K6qcv+1Cy8VIJtUkAJ+gN1WlLSD3kBjKcA1tJlcwu1BGBbBsis5DsnVbQUXGSHxLNhnUzw==",
      "khash": "U2FsdGVkX18JWFEVvBSjbKHm9h/0+yw/rwS5/izTVrtO9+/pAcoAFruaD5DB06AWwPEWS+VcCBf9FDbQeinICQ==",
      "viewCount": null,
      "duration": "42:18",
      "size": 421094370
    },
    {
      "id": "94ad8a11-1de9-43dd-8b9d-5109fa4c6c54",
      "pid": "08fc6761-610b-4f15-a719-bc40f501e170",
      "dblevel": 4,
      "location": "/VGMV/01_BaiGiang/CauChuyen/06-LangThang",
      "isVideo": true,
      "url": "01-bai-giang.cau-chuyen.06-lang-thang",
      "name": "06-Lang Thang",
      "count": 0,
      "isLeaf": null,
      "keyword": null,
      "hash": "U2FsdGVkX18ToXQ7vi6ZL63xm6st8kKdSuffHzIFO/TdZ7p86EXay6JYgWz9JuvKjKnrOjG6XAgvCDHgZq05/w==",
      "khash": "U2FsdGVkX195I8STri1fqZhC4RFYbfWlsxH+qEmapMe+PgL25UbxDxWyOQsQcDnluQnyapAxSq7dQJaN6Jsb1g==",
      "viewCount": null,
      "duration": "25:46",
      "size": 256694108
    },
    {
      "id": "5229ec48-7f84-4ee1-82bf-beae86895e62",
      "pid": "08fc6761-610b-4f15-a719-bc40f501e170",
      "dblevel": 4,
      "location": "/VGMV/01_BaiGiang/CauChuyen/07-CuocChienBatDau",
      "isVideo": true,
      "url": "01-bai-giang.cau-chuyen.07-cuoc-chien-bat-dau",
      "name": "07-Cuộc Chiến Bắt Đầu",
      "count": 0,
      "isLeaf": null,
      "keyword": null,
      "hash": "U2FsdGVkX1+HoaqaYPYxMVlJ1pv7z/44Y4ZuAoLPj+hIek0Wht7u0ukMGQtZn3DQtjw1Wyz2vrSBtt1WV9a9Lg==",
      "khash": "U2FsdGVkX1+m/CMfRB+Y5SSoxkolBL5lkMvF4K1ZYIHK7EWpHgh+IkthdTB0ZeWQVHlnxUsJ1deV0fTuaMQ4dw==",
      "viewCount": null,
      "duration": "32:8",
      "size": 319958509
    },
    {
      "id": "61c5eb26-3ca0-48b4-ac61-7605ccefd503",
      "pid": "08fc6761-610b-4f15-a719-bc40f501e170",
      "dblevel": 4,
      "location": "/VGMV/01_BaiGiang/CauChuyen/08-MotVaiNguoiNamNguoiNuTinKinh",
      "isVideo": true,
      "url": "01-bai-giang.cau-chuyen.08-mot-vai-nguoi-nam-nguoi-nu-tin-kinh",
      "name": "08-Một Vài Người Nam Người Nữ Tin Kính",
      "count": 0,
      "isLeaf": null,
      "keyword": null,
      "hash": "U2FsdGVkX18PP5LmWRNf57aOKHxBlk+hA1J5/46Vl3vG2NIua3TzcCvCPtrSYL692DyXaedigYZpDcqZoNfLGQ==",
      "khash": "U2FsdGVkX19SBHK6b6Enbuvvbf9ySUlWBYNpqynCCk1Z9zaWWS1uf9lqUvDGLABnTVTWw6jGlVrsMJJ0j89+1w==",
      "viewCount": null,
      "duration": "35:16",
      "size": 351635810
    },
    {
      "id": "58940483-e82e-41ad-bc84-1fd95930a9e7",
      "pid": "08fc6761-610b-4f15-a719-bc40f501e170",
      "dblevel": 4,
      "location": "/VGMV/01_BaiGiang/CauChuyen/09-DucTinCuaMotNguoiNuNgoaiBang",
      "isVideo": true,
      "url": "01-bai-giang.cau-chuyen.09-duc-tin-cua-mot-nguoi-nu-ngoai-bang",
      "name": "09-Đức Tin Của Một Người Nữ Ngoại Bang",
      "count": 0,
      "isLeaf": null,
      "keyword": null,
      "hash": "U2FsdGVkX1/1ucMW7f2pT2bloEFp8Zi/7XfTeZrrTKyW58Il6E0DJlXA/7MTuuhNDW5vvE7EjaypkKV4XNdhMw==",
      "khash": "U2FsdGVkX1+JST9xN3eNQ8aKRgq5PufkGvkuSFMQwJtGj6hmT4dZem8xQFeIyyX3grnG0YzWfISph2RM51gssg==",
      "viewCount": null,
      "duration": "38:54",
      "size": 387212487
    },
    {
      "id": "ecd16474-53a2-416f-bb4c-9c1db9b60602",
      "pid": "08fc6761-610b-4f15-a719-bc40f501e170",
      "dblevel": 4,
      "location": "/VGMV/01_BaiGiang/CauChuyen/10-KeDungVungNguoiSaNga",
      "isVideo": true,
      "url": "01-bai-giang.cau-chuyen.10-ke-dung-vung-nguoi-sa-nga",
      "name": "10-Kẻ Đứng Vững Người Sa Ngã",
      "count": 0,
      "isLeaf": null,
      "keyword": null,
      "hash": "U2FsdGVkX1+aa60v8Fu44Pmpbzu9DO237dYFSZ/r2u50QNbdIencC6mmmgZY+2un7s7NcH7zansW178EWctWuw==",
      "khash": "U2FsdGVkX1+gvI6OCaM82sQHbBrFZhqvJwljD9lRMt4FpFbg9p/tEVObWcwEhx+xCj7FciEpnONI7j7C2Yfenw==",
      "viewCount": null,
      "duration": "36:17",
      "size": 360199815
    },
    {
      "id": "2ca3db05-89fd-4d4c-bb89-9aa78248d346",
      "pid": "08fc6761-610b-4f15-a719-bc40f501e170",
      "dblevel": 4,
      "location": "/VGMV/01_BaiGiang/CauChuyen/11-TuNguoiChanDenNgoiVua",
      "isVideo": true,
      "url": "01-bai-giang.cau-chuyen.11-tu-nguoi-chan-den-ngoi-vua",
      "name": "11-Từ Người Chăn Đến Ngôi Vua",
      "count": 0,
      "isLeaf": null,
      "keyword": null,
      "hash": "U2FsdGVkX1+vS/YiAVa9U3N1ME94dsjKJkZ3ZFOehaZxtvp49eG/w9jtJ0eqmEPc4IgrrU9mylDm/FHx8gkllQ==",
      "khash": "U2FsdGVkX188oXSpTLHq41zH2A7CPt3AwnrfaYDFL7zCYJgjrdC5wTKRLc/FMQLYOUOlwhbnyjyWh3/bbrctDg==",
      "viewCount": null,
      "duration": "36:54",
      "size": 367556419
    },
    {
      "id": "71535f35-2f43-4780-8eff-5fbcab50205a",
      "pid": "08fc6761-610b-4f15-a719-bc40f501e170",
      "dblevel": 4,
      "location": "/VGMV/01_BaiGiang/CauChuyen/12-NhungThachThucCuaMotViVua",
      "isVideo": true,
      "url": "01-bai-giang.cau-chuyen.12-nhung-thach-thuc-cua-mot-vi-vua",
      "name": "12-Những Thách Thức Của Một Vị Vua",
      "count": 0,
      "isLeaf": null,
      "keyword": null,
      "hash": "U2FsdGVkX18HJkqloADPvaSRF1H199e0ZAYpidZuEgX9lcY+G0ZVb8zP1WtMp3F5h9AOraWPEqAi6sEtNWHgKA==",
      "khash": "U2FsdGVkX1+UXdK8DydRy+NFrcQBny9FcI9qYYmeZjXjCLd68WHR8VP/QU8+qKcaOaKyCtrvM4g3TxeiN1vG2Q==",
      "viewCount": null,
      "duration": "40:22",
      "size": 400588302
    },
    {
      "id": "db960264-7ea0-4250-9196-70d3fd6a37e8",
      "pid": "08fc6761-610b-4f15-a719-bc40f501e170",
      "dblevel": 4,
      "location": "/VGMV/01_BaiGiang/CauChuyen/13-ViVuaDaCoTatCa",
      "isVideo": true,
      "url": "01-bai-giang.cau-chuyen.13-vi-vua-da-co-tat-ca",
      "name": "13-Vị Vua Đã Có Tất Cả",
      "count": 0,
      "isLeaf": null,
      "keyword": null,
      "hash": "U2FsdGVkX19T2/2tk+tX2qHl591jGeO5IfsMnQYM5TKXhAM/nVcqRd2s1H1u5Az+igmhvfJ+LmAYR/SRsx2CNg==",
      "khash": "U2FsdGVkX1+1o1CY62eSQRwoIIlD/EuyNq0L5VA+dNf4/864dgu0CHhRL1LCR98KsLFDYtx+rQhvjYMmqb/txg==",
      "viewCount": null,
      "duration": "39:12",
      "size": 390710213
    },
    {
      "id": "0dbb895c-6970-4298-82cd-9bab34e82330",
      "pid": "08fc6761-610b-4f15-a719-bc40f501e170",
      "dblevel": 4,
      "location": "/VGMV/01_BaiGiang/CauChuyen/14-VuongQuocBiXeLamDoi",
      "isVideo": true,
      "url": "01-bai-giang.cau-chuyen.14-vuong-quoc-bi-xe-lam-doi",
      "name": "14-Vương Quốc Bị Xé Làm Đôi",
      "count": 0,
      "isLeaf": null,
      "keyword": null,
      "hash": "U2FsdGVkX18OYmFI9qBY7aPCkupDejJRjkbdDwGvXpk6s3TWKuIOXpdnMQV7qqZaRRdVaCdqAQ992fnTlkDfyA==",
      "khash": "U2FsdGVkX19iP3+hQHEIN+8dQV4oVzOdbiWhUWgX8GG4YKE1qrym/Eo2wxk5CYB0pFjPh1TP2osHjI6XdTnasA==",
      "viewCount": null,
      "duration": "27:21",
      "size": 272676620
    },
    {
      "id": "b99803ff-f598-4950-8521-22d3b886d632",
      "pid": "08fc6761-610b-4f15-a719-bc40f501e170",
      "dblevel": 4,
      "location": "/VGMV/01_BaiGiang/CauChuyen/15-SuGiaCuaDucChuaTroi",
      "isVideo": true,
      "url": "01-bai-giang.cau-chuyen.15-su-gia-cua-duc-chua-troi",
      "name": "15-Sứ Giả Của Đức Chúa Trời",
      "count": 0,
      "isLeaf": null,
      "keyword": null,
      "hash": "U2FsdGVkX1/efnQ5GEZD7x4oY2mFYwgh27RuHSkKBoFaYP0rQD8Z10vsUDQ90xfOTxz5BrBtyhf/9epmNSZbcg==",
      "khash": "U2FsdGVkX1+b5THpnsxwfrnFIygD2LFsvgVS/LizY6YJTKToCx2m9buClFHIWkCoZfiaoD4EhYZ0jwi7iImw9g==",
      "viewCount": null,
      "duration": "38:1",
      "size": 378149647
    },
    {
      "id": "6e4e9ef2-127a-4158-95e3-c43cafcd0e96",
      "pid": "08fc6761-610b-4f15-a719-bc40f501e170",
      "dblevel": 4,
      "location": "/VGMV/01_BaiGiang/CauChuyen/16-KhoiDauCuaSuKetThuc",
      "isVideo": true,
      "url": "01-bai-giang.cau-chuyen.16-khoi-dau-cua-su-ket-thuc",
      "name": "16-Khởi Đầu Của Sự Kết Thúc",
      "count": 0,
      "isLeaf": null,
      "keyword": null,
      "hash": "U2FsdGVkX1+G4ew0+QYxObJoPBNo43Er9VEEV1ZHjcUlnhxCI2gUIG9b1v/DyLoDY+SsIuvzBGFaO7Hbk/DKwA==",
      "khash": "U2FsdGVkX1/3sFGVmAj9OI+M3TcgOPbSSh6czqLlLC11ohN67JDwx1d37B3sTlhRmSbuUaoQtER5zn6HrvFHFg==",
      "viewCount": null,
      "duration": "35:55",
      "size": 359261484
    },
    {
      "id": "2b4943c8-67e2-4611-9000-5c77d31985b8",
      "pid": "08fc6761-610b-4f15-a719-bc40f501e170",
      "dblevel": 4,
      "location": "/VGMV/01_BaiGiang/CauChuyen/17-VuongQuocSupDo",
      "isVideo": true,
      "url": "01-bai-giang.cau-chuyen.17-vuong-quoc-sup-do",
      "name": "17-Vương Quốc Sụp Đổ",
      "count": 0,
      "isLeaf": null,
      "keyword": null,
      "hash": "U2FsdGVkX1/F95Sel91CS3NmZawLDMQnJk0fT+xfZe8QLXvCKcUvLYsiRwFXVWBar+EljLyTh99LcL7zX/h18g==",
      "khash": "U2FsdGVkX19xlb2w1+bJ65iRD+kVcFe4ISRy2WBYC4E8kDUyQop/6luqzrJ/mBcgjsPoClx+x8S9QAx/oWlZ5Q==",
      "viewCount": null,
      "duration": "27:55",
      "size": 278670944
    },
    {
      "id": "1adf6e7f-d5f6-40f8-b18a-7cb722dc7343",
      "pid": "08fc6761-610b-4f15-a719-bc40f501e170",
      "dblevel": 4,
      "location": "/VGMV/01_BaiGiang/CauChuyen/18-Da-ni-enTrongSuLuuDay",
      "isVideo": true,
      "url": "01-bai-giang.cau-chuyen.18-da-ni-en-trong-su-luu-day",
      "name": "18-Đa-ni-ên Trong Sự Lưu Đày",
      "count": 0,
      "isLeaf": null,
      "keyword": null,
      "hash": "U2FsdGVkX19IcF7dBkft5RaSvsQT2K//XYy//qBjNmVAnv9gP2WkNaKI/D9jfTOixY09ON4NcmZLq37VhM9CPg==",
      "khash": "U2FsdGVkX19fA57z46bOZTKPdQBmYI6e9i5br9FLVWYYecwxt2U+IBimQo5KQLFREeEBogf38fxJeIKXtIkX6g==",
      "viewCount": null,
      "duration": "41:34",
      "size": 412387966
    },
    {
      "id": "3bfacf3e-2e18-45b5-ac25-d59a9bc7192d",
      "pid": "08fc6761-610b-4f15-a719-bc40f501e170",
      "dblevel": 4,
      "location": "/VGMV/01_BaiGiang/CauChuyen/19-TroVeQueHuong",
      "isVideo": true,
      "url": "01-bai-giang.cau-chuyen.19-tro-ve-que-huong",
      "name": "19-Trở Về Quê Hương",
      "count": 0,
      "isLeaf": null,
      "keyword": null,
      "hash": "U2FsdGVkX19y1MdOFZJepnKcahc2LX9qZJFDhDzU3k6gtWfShbjjnTJe8hP/RiA3m6PiY2sX9lLtUOLW45QbUA==",
      "khash": "U2FsdGVkX1+2jmVQjIQ/KXefDTNIBjAGRo7s9bizj/pgD0oGMw/jX5c0ii0v0wYJhZdUvada7UtRR3GKOhbaTQ==",
      "viewCount": null,
      "duration": "40:21",
      "size": 401642066
    },
    {
      "id": "c3192952-d5f0-4dba-84d1-381bf39018cf",
      "pid": "08fc6761-610b-4f15-a719-bc40f501e170",
      "dblevel": 4,
      "location": "/VGMV/01_BaiGiang/CauChuyen/20-HoangHauCuaSacDepVaCanDam",
      "isVideo": true,
      "url": "01-bai-giang.cau-chuyen.20-hoang-hau-cua-sac-dep-va-can-dam",
      "name": "20-Hoàng Hậu Của Sắc Đẹp Và Can Đảm",
      "count": 0,
      "isLeaf": null,
      "keyword": null,
      "hash": "U2FsdGVkX1+c4Xyi6Vurt0Xaetsk8PYuTEL/GQNFlB4Vw0bgbjVayCmJJkuYjKT7sAtlxt1+Xehc7qIT/UyT4w==",
      "khash": "U2FsdGVkX1+MavqWn00RyvtaDbmk70c6dbpoX+NznRjmrDAf8WiKLtkMwm85fwCwWSsCKpC430RCSSfQ9aHwLQ==",
      "viewCount": null,
      "duration": "35:11",
      "size": 349745363
    },
    {
      "id": "2653be6d-1e93-4348-ad7e-d834b5cdb768",
      "pid": "08fc6761-610b-4f15-a719-bc40f501e170",
      "dblevel": 4,
      "location": "/VGMV/01_BaiGiang/CauChuyen/21-XayDungLaiTuongThanh",
      "isVideo": true,
      "url": "01-bai-giang.cau-chuyen.21-xay-dung-lai-tuong-thanh",
      "name": "21-Xây Dựng Lại Tường Thành",
      "count": 0,
      "isLeaf": null,
      "keyword": null,
      "hash": "U2FsdGVkX18485KAH9O8ySTMNorhUKGq5qwSMSz3gUYWddtrxTLVePME8lUX7V0MQcveB8N6yqiTHkWw0kVSvw==",
      "khash": "U2FsdGVkX1/9m+CXm+q4ONGklezjg83f/Srm05ivyZJEk5zpqtS5s0LOQCadY2bQsUBKVVZ9+oZthF8UGh96fg==",
      "viewCount": null,
      "duration": "39:51",
      "size": 397610916
    },
    {
      "id": "bc89a1f4-b4c3-4b44-8608-a9c3a328ae71",
      "pid": "08fc6761-610b-4f15-a719-bc40f501e170",
      "dblevel": 4,
      "location": "/VGMV/01_BaiGiang/CauChuyen/22-SuRaDoiCuaViVua",
      "isVideo": true,
      "url": "01-bai-giang.cau-chuyen.22-su-ra-doi-cua-vi-vua",
      "name": "22-Sự Ra Đời Của Vị Vua",
      "count": 0,
      "isLeaf": null,
      "keyword": null,
      "hash": "U2FsdGVkX1/T6cYNGzt8ZfdK9PohMbwNF5YrGVPmcLLHfS5CwGwsy3HEPrcAOAErLdcDjvuJMsg8eRthyJaxmA==",
      "khash": "U2FsdGVkX1+C+u+WUa3YrJq8n8C6U1lAno/Khk/T+g2JdybxHwMS7DpI7bZtfMYMbEEttCmjdOs/6qof1Z+8qA==",
      "viewCount": null,
      "duration": "35:6",
      "size": 350688828
    },
    {
      "id": "ea807f5b-5cb9-4afc-a98a-8a6f9283bfcb",
      "pid": "08fc6761-610b-4f15-a719-bc40f501e170",
      "dblevel": 4,
      "location": "/VGMV/01_BaiGiang/CauChuyen/23-ChuaGie-xuBatDauChucVu",
      "isVideo": true,
      "url": "01-bai-giang.cau-chuyen.23-chua-gie-xu-bat-dau-chuc-vu",
      "name": "23-Chúa Giê-xu Bắt Đầu Chức Vụ",
      "count": 0,
      "isLeaf": null,
      "keyword": null,
      "hash": "U2FsdGVkX19punxa3vrKbRi3vEYY+RzVCPVLQ22rdiof75ENq3E8Fn47HLX6D68wwBSaQSViphM930EHTQtzSg==",
      "khash": "U2FsdGVkX1/BoabY2DbNrCWBOXIdJuwdNHmiOTVzeFSuSxiChpYSkBEHQb4Kl2MbetkAnav209rsUWxJK2vYZA==",
      "viewCount": null,
      "duration": "32:5",
      "size": 319414600
    },
    {
      "id": "c423187e-8ef5-46ce-bfc4-724b2c98f3da",
      "pid": "08fc6761-610b-4f15-a719-bc40f501e170",
      "dblevel": 4,
      "location": "/VGMV/01_BaiGiang/CauChuyen/24-KhongLaNguoiTamThuong",
      "isVideo": true,
      "url": "01-bai-giang.cau-chuyen.24-khong-la-nguoi-tam-thuong",
      "name": "24-Không Là Người Tầm Thường",
      "count": 0,
      "isLeaf": null,
      "keyword": null,
      "hash": "U2FsdGVkX1+0DxD7jRJQ9fkqftTjEvtfMHe4n2p24AsMkWOF+rmjQvPRY0k2zcuIfx1IUZExsZ6wFXH72ujMXg==",
      "khash": "U2FsdGVkX1/MMgnKrGNDXIJOjZw5mKZ+I/Cv3/mHqvR41GT09j6tbk8Aww0wKr/l9sE6mG4JkqLMcnhMjqBRKw==",
      "viewCount": null,
      "duration": "36:28",
      "size": 364972591
    },
    {
      "id": "8181f912-a3b3-4b1b-ace5-f50e8a207a00",
      "pid": "08fc6761-610b-4f15-a719-bc40f501e170",
      "dblevel": 4,
      "location": "/VGMV/01_BaiGiang/CauChuyen/25-ChuaGie-xuConDucChuaTroi",
      "isVideo": true,
      "url": "01-bai-giang.cau-chuyen.25-chua-gie-xu-con-duc-chua-troi",
      "name": "25-Chúa Giê-xu Con Đức Chúa Trời",
      "count": 0,
      "isLeaf": null,
      "keyword": null,
      "hash": "U2FsdGVkX1+oFX/vaI/2qPvbu0I0m1O9/Hzm1PZ45d/a/vkOXRS+BRQuM/VmyTDXfKpDNTPgwclO6fwjqdBI0w==",
      "khash": "U2FsdGVkX19SY+TzwYk+sl80f8qYxy0+1JNJ5oEQsTngYv0QyuBiK04GzicdfGSq5vDiz2rUugAl9gHz0An70g==",
      "viewCount": null,
      "duration": "35:44",
      "size": 358534189
    },
    {
      "id": "a009023b-4ba7-4176-a999-bf3e6af764f2",
      "pid": "08fc6761-610b-4f15-a719-bc40f501e170",
      "dblevel": 4,
      "location": "/VGMV/01_BaiGiang/CauChuyen/26-ThoiKhacDenToi",
      "isVideo": true,
      "url": "01-bai-giang.cau-chuyen.26-thoi-khac-den-toi",
      "name": "26-Thời Khắc Đen Tối",
      "count": 0,
      "isLeaf": null,
      "keyword": null,
      "hash": "U2FsdGVkX1+jEe6LvoVqy6r39v3SUs+za9ZKUEpZNwOBTHdiyE/a+S8aM0dpPsosiw3dFRFPZhOU3G3GLLk0tg==",
      "khash": "U2FsdGVkX19L09+c41JWokGBwLhuG9kP3JzhgcXyJChv8GHCS1wDgisJ4LbiHkvoMq0A6BE1r8CcjsqArFtCEA==",
      "viewCount": null,
      "duration": "31:28",
      "size": 312711662
    },
    {
      "id": "e796082f-895a-47e3-b9e7-715c0b3b319d",
      "pid": "08fc6761-610b-4f15-a719-bc40f501e170",
      "dblevel": 4,
      "location": "/VGMV/01_BaiGiang/CauChuyen/27-SuPhucSinh",
      "isVideo": true,
      "url": "01-bai-giang.cau-chuyen.27-su-phuc-sinh",
      "name": "27-Sự Phục Sinh",
      "count": 0,
      "isLeaf": null,
      "keyword": null,
      "hash": "U2FsdGVkX1+RAE75okBHhDHW18aB/oIeQIZPHEubA+F/Hzz32CGkKWQEc5G9gVFTsjVSGsDd8n1Pua/BwwTqXw==",
      "khash": "U2FsdGVkX1+4kI1niqfG/7JdFnIMJx811vFvydWOgGkGO+DBW7EbuVIVDcKYJivsLahJUSwmva2LB1PMOoSSGg==",
      "viewCount": null,
      "duration": "30:45",
      "size": 307381670
    },
    {
      "id": "3792d63a-fad6-4fcc-af64-7ddd2205493b",
      "pid": "08fc6761-610b-4f15-a719-bc40f501e170",
      "dblevel": 4,
      "location": "/VGMV/01_BaiGiang/CauChuyen/28-NhungKhoiDauMoi",
      "isVideo": true,
      "url": "01-bai-giang.cau-chuyen.28-nhung-khoi-dau-moi",
      "name": "28-Những Khởi Đầu Mới",
      "count": 0,
      "isLeaf": null,
      "keyword": null,
      "hash": "U2FsdGVkX1/T3vPvAdHthjjXVIHA1KykLnq8pkHGwHq0g3K+FAUgVWmHjb/FtGnnQf7Jhju/dS7zeRwOqv76Ag==",
      "khash": "U2FsdGVkX1/RymLSE6cg05Dq/kYOUNH63L+xikj42YEtVGX8e6dBvRWUndUdIk4DkG3NGot29nh2hRUcUx2gpA==",
      "viewCount": null,
      "duration": "35:54",
      "size": 357226253
    },
    {
      "id": "423d4b0c-5926-48d5-bc34-7c4dee894f82",
      "pid": "08fc6761-610b-4f15-a719-bc40f501e170",
      "dblevel": 4,
      "location": "/VGMV/01_BaiGiang/CauChuyen/29-SuMangCuaPhao-lo",
      "isVideo": true,
      "url": "01-bai-giang.cau-chuyen.29-su-mang-cua-phao-lo",
      "name": "29-Sứ Mang Của Phao-lô",
      "count": 0,
      "isLeaf": null,
      "keyword": null,
      "hash": "U2FsdGVkX19Mh6uoGP/7DwCSkXxCG6KwJJwC7xC9JKa0z2TwDpcnqLhEFHZ1PgWIPvpMejz8MmPKMCAJdZFblg==",
      "khash": "U2FsdGVkX1/ioRVKof5IlaLkHU9csbTVcSrS1vlftvyNoSS0/5nqCd630TTVKCBkImxKnwZ6AVuT4w43TOWNXA==",
      "viewCount": null,
      "duration": "37:21",
      "size": 373573202
    },
    {
      "id": "d40d4b20-19a2-4ae0-8e3f-2b747997a494",
      "pid": "08fc6761-610b-4f15-a719-bc40f501e170",
      "dblevel": 4,
      "location": "/VGMV/01_BaiGiang/CauChuyen/30-NhungNgayCuoiCuaPhao-lo",
      "isVideo": true,
      "url": "01-bai-giang.cau-chuyen.30-nhung-ngay-cuoi-cua-phao-lo",
      "name": "30-Những Ngày Cuối Của Phao-lô",
      "count": 0,
      "isLeaf": null,
      "keyword": null,
      "hash": "U2FsdGVkX1+/wGRRqd2JAa83glC6VX7SZzSiZI21dgxJo9rvdZ2/QOMPOuTEQsk90wuMhw6pAhm2lExWpSA+4A==",
      "khash": "U2FsdGVkX18NA1LXm9vqMv8JEdVpeJPVEHYg7oIvGwXU1gphG1tIzxkuwwM8rzsyUOezUY3f0U8rVBp+MJLqmw==",
      "viewCount": null,
      "duration": "38:11",
      "size": 382805367
    },
    {
      "id": "b31c8cd0-be3a-44f7-877f-f069a68f278d",
      "pid": "08fc6761-610b-4f15-a719-bc40f501e170",
      "dblevel": 4,
      "location": "/VGMV/01_BaiGiang/CauChuyen/31-TanThe",
      "isVideo": true,
      "url": "01-bai-giang.cau-chuyen.31-tan-the",
      "name": "31-Tận Thế",
      "count": 0,
      "isLeaf": null,
      "keyword": null,
      "hash": "U2FsdGVkX19PX5CHuKLGlyY0Ig4+8jt2jDzniHLupIl77Mibc5jbs03mqMk6JsJ6649dlBC4V3B+WceuEZZmjA==",
      "khash": "U2FsdGVkX1+JmkYo3Qh21mlEfYLjypI0DJqxsYbY7UOSPux5BDN90Jfm9x7IhKEe86HPaEXnPEg7fcNcYpGAEw==",
      "viewCount": null,
      "duration": "37:54",
      "size": 377366210
    }
  ]
}