{
  "id": "8fe3ce0c-5a1d-46f0-80b3-639b77a36e50",
  "pid": "fc6e547f-514a-4abb-88d7-8a843ad24da2",
  "dblevel": 4,
  "location": "/VGMV/01_BaiGiang/HocTheoSachTrongKinhThanh/ThuTinCo-rinh-tothunhat-MSDangMinhTri",
  "isVideo": true,
  "url": "01-bai-giang.hoc-theo-sach-trong-kinh-thanh.thu-tin-co-rinh-to-thu-nhat-ms-dang-minh-tri",
  "name": "Thư Tín Cô-rinh-tô thứ nhất - MS Đặng Minh Trí",
  "count": 86,
  "isLeaf": true,
  "keyword": null,
  "hash": null,
  "khash": null,
  "viewCount": null,
  "duration": null,
  "size": null,
  "children": [
    {
      "id": "51b500eb-3de6-46ef-a58c-1292afae7b8c",
      "pid": "8fe3ce0c-5a1d-46f0-80b3-639b77a36e50",
      "dblevel": 5,
      "location": "/VGMV/01_BaiGiang/HocTheoSachTrongKinhThanh/ThuTinCo-rinh-tothunhat-MSDangMinhTri/001-1Co010103_DuocChuaGoi-P1",
      "isVideo": true,
      "url": "01-bai-giang.hoc-theo-sach-trong-kinh-thanh.thu-tin-co-rinh-to-thu-nhat-ms-dang-minh-tri.001-1co010103-duoc-chua-goi-p1",
      "name": "001-1Co010103_Được Chúa Gọi-P1",
      "count": 0,
      "isLeaf": null,
      "keyword": null,
      "hash": "U2FsdGVkX1+Q+F1Z5to8p/R4LKBm2DJA/JskAiLuuCOsZ1d88H45j8IOEU1vlP9JolCxT0dV1WPm6uTaLseQkQ==",
      "khash": "U2FsdGVkX1+Nr7pzCi81UoyiQhyN7qG9LVZDMZafPRLIXFfVbBQRKgVlP5XuIPcaLRSwi/4ZkPzLmv17/J0GUQ==",
      "viewCount": null,
      "duration": "75:5",
      "size": 1980294922
    },
    {
      "id": "486271c6-07a9-497b-9719-af18bd27a00d",
      "pid": "8fe3ce0c-5a1d-46f0-80b3-639b77a36e50",
      "dblevel": 5,
      "location": "/VGMV/01_BaiGiang/HocTheoSachTrongKinhThanh/ThuTinCo-rinh-tothunhat-MSDangMinhTri/002-1Co010109_DuocChuaGoi-P2",
      "isVideo": true,
      "url": "01-bai-giang.hoc-theo-sach-trong-kinh-thanh.thu-tin-co-rinh-to-thu-nhat-ms-dang-minh-tri.002-1co010109-duoc-chua-goi-p2",
      "name": "002-1Co010109_Được Chúa Gọi-P2",
      "count": 0,
      "isLeaf": null,
      "keyword": null,
      "hash": "U2FsdGVkX1+r5OObljtwLvgkklKXTleKzj/d8Ik3kXoc1qAJ3acBBIpJjPib0ACpgmt4aqSrbgPjSd/CMHkZXg==",
      "khash": "U2FsdGVkX1+YFmU6t9+BLIQDGA3ezj6Z7KgZD4E9zQ6vfgzzbfTYDH5TghHwwW+uA0yK+N+XZHqpwagOPv+7dA==",
      "viewCount": null,
      "duration": "68:46",
      "size": 1831482796
    },
    {
      "id": "3993c6f1-3f4e-48e2-b0e8-cd51247b0fc7",
      "pid": "8fe3ce0c-5a1d-46f0-80b3-639b77a36e50",
      "dblevel": 5,
      "location": "/VGMV/01_BaiGiang/HocTheoSachTrongKinhThanh/ThuTinCo-rinh-tothunhat-MSDangMinhTri/003-1Co010409_GiauCoTrongChua-P1",
      "isVideo": true,
      "url": "01-bai-giang.hoc-theo-sach-trong-kinh-thanh.thu-tin-co-rinh-to-thu-nhat-ms-dang-minh-tri.003-1co010409-giau-co-trong-chua-p1",
      "name": "003-1Co010409_Giàu Có Trong Chúa-P1",
      "count": 0,
      "isLeaf": null,
      "keyword": null,
      "hash": "U2FsdGVkX1958QL9MZrFW20mZqFfnEvxpnEybUsbP6hKK0huGJhsMYSzPf8Kv4RrHqueGRhSPvdSvjSP1DGXPQ==",
      "khash": "U2FsdGVkX1/xUaj/Wklh4XmGUmU94VSkg/GjrRd/ap3zuApQ7XXhA7OKSPeJq7t58Gxuyxmvyd6iblah9hBhiw==",
      "viewCount": null,
      "duration": "69:9",
      "size": 2043928078
    },
    {
      "id": "c2448f40-8527-4bfd-a7e9-9c085aa78ca0",
      "pid": "8fe3ce0c-5a1d-46f0-80b3-639b77a36e50",
      "dblevel": 5,
      "location": "/VGMV/01_BaiGiang/HocTheoSachTrongKinhThanh/ThuTinCo-rinh-tothunhat-MSDangMinhTri/004-1Co010409_GiauCoTrongChua-P2",
      "isVideo": true,
      "url": "01-bai-giang.hoc-theo-sach-trong-kinh-thanh.thu-tin-co-rinh-to-thu-nhat-ms-dang-minh-tri.004-1co010409-giau-co-trong-chua-p2",
      "name": "004-1Co010409_Giàu Có Trong Chúa-P2",
      "count": 0,
      "isLeaf": null,
      "keyword": null,
      "hash": "U2FsdGVkX1+JorzjXYO8xhU78HJPSM/hXKDIHu/c60BDUbuu6Brs3gfhn7rwXlVQAWzFazRpG9Ejif+K5/NqmQ==",
      "khash": "U2FsdGVkX19nWQ76CNUSMwLeMj0CMqhlVwudekDX0hyW8ZQ9K/s80aSlXLKyzObq1MB5tfvAUYFmOEz+KwgSkA==",
      "viewCount": null,
      "duration": "66:50",
      "size": 1974566165
    },
    {
      "id": "d2cd9d8a-3ea7-4b7c-ae70-250ae69b716c",
      "pid": "8fe3ce0c-5a1d-46f0-80b3-639b77a36e50",
      "dblevel": 5,
      "location": "/VGMV/01_BaiGiang/HocTheoSachTrongKinhThanh/ThuTinCo-rinh-tothunhat-MSDangMinhTri/005-1Co011016_ChoPhanRe-P1",
      "isVideo": true,
      "url": "01-bai-giang.hoc-theo-sach-trong-kinh-thanh.thu-tin-co-rinh-to-thu-nhat-ms-dang-minh-tri.005-1co011016-cho-phan-re-p1",
      "name": "005-1Co011016_Chớ Phân Rẽ-P1",
      "count": 0,
      "isLeaf": null,
      "keyword": null,
      "hash": "U2FsdGVkX1/9Vt51oRSUMaEc827PsmsWy/A/Zlb+s5/KcJsUKBlBx3aW78x2JSwxmWA2PRkVUs/W5eiqSvOH6g==",
      "khash": "U2FsdGVkX1+/9sF5UGMNRPYZXSd9hwf9toKPI3TQ83+Z4oObJkhARsuQNdw5j1TrWh5UEee0++ow7hAERDfOJg==",
      "viewCount": null,
      "duration": "85:24",
      "size": 2265117854
    },
    {
      "id": "6aba539b-4666-4df3-8546-3634249be0a0",
      "pid": "8fe3ce0c-5a1d-46f0-80b3-639b77a36e50",
      "dblevel": 5,
      "location": "/VGMV/01_BaiGiang/HocTheoSachTrongKinhThanh/ThuTinCo-rinh-tothunhat-MSDangMinhTri/006-1Co011016_ChoPhanRe-P2",
      "isVideo": true,
      "url": "01-bai-giang.hoc-theo-sach-trong-kinh-thanh.thu-tin-co-rinh-to-thu-nhat-ms-dang-minh-tri.006-1co011016-cho-phan-re-p2",
      "name": "006-1Co011016_Chớ Phân Rẽ-P2",
      "count": 0,
      "isLeaf": null,
      "keyword": null,
      "hash": "U2FsdGVkX1/NR3SKso9dxDdfXjz4A3oFmaBhg0eGQ+Fl2AWlRTcgtfxkFfYC+7R2zKinMg4WRA/kd2Ob2xwNZg==",
      "khash": "U2FsdGVkX1/xnv/qmKhUOjuGdYl4jdZKd/Dg+qQ8JOTMmjSAvo0tDAkGP/TIyiKkynLYRsunoQh5wna2aJDAxg==",
      "viewCount": null,
      "duration": "75:50",
      "size": 2013225107
    },
    {
      "id": "02ff85b7-0e59-4bad-bd88-25cc6b42f25f",
      "pid": "8fe3ce0c-5a1d-46f0-80b3-639b77a36e50",
      "dblevel": 5,
      "location": "/VGMV/01_BaiGiang/HocTheoSachTrongKinhThanh/ThuTinCo-rinh-tothunhat-MSDangMinhTri/007-1Co011725_SuDiepDienDai-P1",
      "isVideo": true,
      "url": "01-bai-giang.hoc-theo-sach-trong-kinh-thanh.thu-tin-co-rinh-to-thu-nhat-ms-dang-minh-tri.007-1co011725-su-diep-dien-dai-p1",
      "name": "007-1Co011725_Sứ Điệp Điên Dại-P1",
      "count": 0,
      "isLeaf": null,
      "keyword": null,
      "hash": "U2FsdGVkX1+lZVQivgKHc1yAXK3VF4hE6H+lMDPlvRiQlyaS9FgA1bKsIu2XBWz+c/3gP32EYhZMW7krXTAQiQ==",
      "khash": "U2FsdGVkX196UWmYcHAoaSZqzpEG+yWj7YZqs2MB4hKqeAPaeca1j8UbT7km6tE0n+uHrzOpsiaISRoOTJGKkQ==",
      "viewCount": null,
      "duration": "75:11",
      "size": 1994859503
    },
    {
      "id": "293f4d81-f9eb-4ecb-ab1f-82bc42bd5fdc",
      "pid": "8fe3ce0c-5a1d-46f0-80b3-639b77a36e50",
      "dblevel": 5,
      "location": "/VGMV/01_BaiGiang/HocTheoSachTrongKinhThanh/ThuTinCo-rinh-tothunhat-MSDangMinhTri/008-1Co011725_SuDiepDienDai-P2",
      "isVideo": true,
      "url": "01-bai-giang.hoc-theo-sach-trong-kinh-thanh.thu-tin-co-rinh-to-thu-nhat-ms-dang-minh-tri.008-1co011725-su-diep-dien-dai-p2",
      "name": "008-1Co011725_Sứ Điệp Điên Dại-P2",
      "count": 0,
      "isLeaf": null,
      "keyword": null,
      "hash": "U2FsdGVkX18H6Gaysk2cs8EcrxpwqWXdCu2519KCWzya7wkYs/5HHd0TBf+8IE7WT1ng3QGOqZZFUAC+PYn7cw==",
      "khash": "U2FsdGVkX18MZAKuKqObtvmwyKG98ABy/vp4hXiar6QHywDXxYSCtaA/CC3YpknQvSiZxhyjzdPNcyT19YbQGQ==",
      "viewCount": null,
      "duration": "70:7",
      "size": 1862994959
    },
    {
      "id": "1c0f3aa0-00e9-44a1-9ce0-32b561a329a9",
      "pid": "8fe3ce0c-5a1d-46f0-80b3-639b77a36e50",
      "dblevel": 5,
      "location": "/VGMV/01_BaiGiang/HocTheoSachTrongKinhThanh/ThuTinCo-rinh-tothunhat-MSDangMinhTri/009-1Co011725_NhungNguoiNguDai",
      "isVideo": true,
      "url": "01-bai-giang.hoc-theo-sach-trong-kinh-thanh.thu-tin-co-rinh-to-thu-nhat-ms-dang-minh-tri.009-1co011725-nhung-nguoi-ngu-dai",
      "name": "009-1Co011725_Những Người Ngu Dại",
      "count": 0,
      "isLeaf": null,
      "keyword": null,
      "hash": "U2FsdGVkX1/2GLbk21jDH21Uyy//wNkXKbWjk51URgy+rXqR2T+9VNgDoZjORXZz49jFjLlh4EGj6w5GFeYwxg==",
      "khash": "U2FsdGVkX1/mfpwF5fhE1v7EP2jkrtRCrvWJmbohi3mw0HlUfmTHClsh3fmLEs80c4Lh2kTib7mFtbJ50pzptQ==",
      "viewCount": null,
      "duration": "68:34",
      "size": 1817378831
    },
    {
      "id": "da9ccc4a-a57d-40db-9d49-80109c9cda27",
      "pid": "8fe3ce0c-5a1d-46f0-80b3-639b77a36e50",
      "dblevel": 5,
      "location": "/VGMV/01_BaiGiang/HocTheoSachTrongKinhThanh/ThuTinCo-rinh-tothunhat-MSDangMinhTri/010-1Co01170205_NguoiGiangNguDai",
      "isVideo": true,
      "url": "01-bai-giang.hoc-theo-sach-trong-kinh-thanh.thu-tin-co-rinh-to-thu-nhat-ms-dang-minh-tri.010-1co01170205-nguoi-giang-ngu-dai",
      "name": "010-1Co01170205_Người Giảng Ngu Dại",
      "count": 0,
      "isLeaf": null,
      "keyword": null,
      "hash": "U2FsdGVkX18RNTXZ3tEgrCvvnCTDdqzBTsSDoDp/HEBPYrSVk7RqIX336gmORpU/vv8akKuWBZJR10nWIpSk6w==",
      "khash": "U2FsdGVkX1/rlHJ80u8MaOI+sxiTHfk2QeztJKx1JhmclV658x8zDnx6wsIfJa4KwkyAiyHSfP7G07iZTAEgnw==",
      "viewCount": null,
      "duration": "76:39",
      "size": 2035644252
    },
    {
      "id": "9700e3d3-9ce3-4abe-bcbd-fd18f54e1511",
      "pid": "8fe3ce0c-5a1d-46f0-80b3-639b77a36e50",
      "dblevel": 5,
      "location": "/VGMV/01_BaiGiang/HocTheoSachTrongKinhThanh/ThuTinCo-rinh-tothunhat-MSDangMinhTri/011-1Co020616_SuKhonNgoanCuaChua-P1",
      "isVideo": true,
      "url": "01-bai-giang.hoc-theo-sach-trong-kinh-thanh.thu-tin-co-rinh-to-thu-nhat-ms-dang-minh-tri.011-1co020616-su-khon-ngoan-cua-chua-p1",
      "name": "011-1Co020616_Sự Khôn Ngoan Của Chúa-P1",
      "count": 0,
      "isLeaf": null,
      "keyword": null,
      "hash": "U2FsdGVkX1+9fBGpHvfxCIkrsyBcllgC3Wtjk9VowFw8PEMmHH+3UvMSIIkun8YsvokdEK18EEI6onMRNgFeWQ==",
      "khash": "U2FsdGVkX18Zf4n0ItiV9C60dStrKWMH3VT48neFn1W7ccUD17Oqb4qqlfE5NR7CeYC0PAkMkUm43CPJbl9JRg==",
      "viewCount": null,
      "duration": "72:42",
      "size": 1931900054
    },
    {
      "id": "ecc6307b-52f3-4406-b5fd-ddb87b0944b4",
      "pid": "8fe3ce0c-5a1d-46f0-80b3-639b77a36e50",
      "dblevel": 5,
      "location": "/VGMV/01_BaiGiang/HocTheoSachTrongKinhThanh/ThuTinCo-rinh-tothunhat-MSDangMinhTri/012-1Co020616_SuKhonNgoanCuaChua-P2",
      "isVideo": true,
      "url": "01-bai-giang.hoc-theo-sach-trong-kinh-thanh.thu-tin-co-rinh-to-thu-nhat-ms-dang-minh-tri.012-1co020616-su-khon-ngoan-cua-chua-p2",
      "name": "012-1Co020616_Sự Khôn Ngoan Của Chúa-P2",
      "count": 0,
      "isLeaf": null,
      "keyword": null,
      "hash": "U2FsdGVkX1/fdspLCzAsl/sYoTOOJWRTCgTOHZK44dTl4Icq3reuo4S8dI/JnQYuIb9BsKyyP8OZVVjUgB9W0w==",
      "khash": "U2FsdGVkX19Znq4ll32/w0OspxuVeFaVRmwdWYC27bQrdmOVvcBpUACZF82+vrjB4Aa3ALfxp6NQ4fGfGZ4Lhw==",
      "viewCount": null,
      "duration": "71:44",
      "size": 1900299754
    },
    {
      "id": "705bd26b-de30-4c6e-a2b5-9ead9f851e40",
      "pid": "8fe3ce0c-5a1d-46f0-80b3-639b77a36e50",
      "dblevel": 5,
      "location": "/VGMV/01_BaiGiang/HocTheoSachTrongKinhThanh/ThuTinCo-rinh-tothunhat-MSDangMinhTri/013-1Co020616_SuKhonNgoanCuaChua-P3",
      "isVideo": true,
      "url": "01-bai-giang.hoc-theo-sach-trong-kinh-thanh.thu-tin-co-rinh-to-thu-nhat-ms-dang-minh-tri.013-1co020616-su-khon-ngoan-cua-chua-p3",
      "name": "013-1Co020616_Sự Khôn Ngoan Của Chúa-P3",
      "count": 0,
      "isLeaf": null,
      "keyword": null,
      "hash": "U2FsdGVkX1/abF45H1eB68Rs2wWjYQd7n1xAZ3OG38Rp5pTYs5hSPg15R9Ocyh8/fZlCrmdCYdgS6CbHzbhqNQ==",
      "khash": "U2FsdGVkX18BXwsobcU3NND3901/HnaErzS6DRdy0qmqT8MrqwuDN9fJ7u6nXRTcBQlJoEvV1q1/O0I61hy0rg==",
      "viewCount": null,
      "duration": "71:22",
      "size": 1895872627
    },
    {
      "id": "2e298068-74ee-4ab2-bd14-0ec8698eb5bc",
      "pid": "8fe3ce0c-5a1d-46f0-80b3-639b77a36e50",
      "dblevel": 5,
      "location": "/VGMV/01_BaiGiang/HocTheoSachTrongKinhThanh/ThuTinCo-rinh-tothunhat-MSDangMinhTri/014-1Co020616_SuKhonNgoanCuaChua-P4",
      "isVideo": true,
      "url": "01-bai-giang.hoc-theo-sach-trong-kinh-thanh.thu-tin-co-rinh-to-thu-nhat-ms-dang-minh-tri.014-1co020616-su-khon-ngoan-cua-chua-p4",
      "name": "014-1Co020616_Sự Khôn Ngoan Của Chúa-P4",
      "count": 0,
      "isLeaf": null,
      "keyword": null,
      "hash": "U2FsdGVkX1/YoplEufwDanNFlk63maCxTt7Vuo/8ylyuQMPqNmiCBOXuzJUFwd+McQyhXs7mOulvEShQ3NuPGw==",
      "khash": "U2FsdGVkX19RQYtsou+kD3vtShESWfhfndFnvWnONQRrwRHQ1qZ1bzA1QnQdUjEqaUxqj8BlHXEtQPD0SHo5+A==",
      "viewCount": null,
      "duration": "68:41",
      "size": 2028800967
    },
    {
      "id": "92200c66-f38c-412e-b285-babef4e467e0",
      "pid": "8fe3ce0c-5a1d-46f0-80b3-639b77a36e50",
      "dblevel": 5,
      "location": "/VGMV/01_BaiGiang/HocTheoSachTrongKinhThanh/ThuTinCo-rinh-tothunhat-MSDangMinhTri/015-1Co030104_TaiHoaAuTriThuocLinh-P1",
      "isVideo": true,
      "url": "01-bai-giang.hoc-theo-sach-trong-kinh-thanh.thu-tin-co-rinh-to-thu-nhat-ms-dang-minh-tri.015-1co030104-tai-hoa-au-tri-thuoc-linh-p1",
      "name": "015-1Co030104_Tai Họa Ấu Trĩ Thuộc Linh-P1",
      "count": 0,
      "isLeaf": null,
      "keyword": null,
      "hash": "U2FsdGVkX1/sSniF1ftmBnIoBfdDYcPYtI4Z6Fe46BD2qF885UPmJhLdHNSarkePvj3LmYGpBgulefb+wUJofg==",
      "khash": "U2FsdGVkX1/tzSXstOgtN0RMsqnDYpRCfwouvdYs9RbYQVJr3rhgIjdTgbzubZedeDVM+l9a1ajhb+hKRMRsRw==",
      "viewCount": null,
      "duration": "66:31",
      "size": 1963787277
    },
    {
      "id": "1cd47c46-8f20-479b-9102-9132e8a26c2e",
      "pid": "8fe3ce0c-5a1d-46f0-80b3-639b77a36e50",
      "dblevel": 5,
      "location": "/VGMV/01_BaiGiang/HocTheoSachTrongKinhThanh/ThuTinCo-rinh-tothunhat-MSDangMinhTri/016-1Co030104_TaiHoaAuTriThuocLinh-P2",
      "isVideo": true,
      "url": "01-bai-giang.hoc-theo-sach-trong-kinh-thanh.thu-tin-co-rinh-to-thu-nhat-ms-dang-minh-tri.016-1co030104-tai-hoa-au-tri-thuoc-linh-p2",
      "name": "016-1Co030104_Tai Họa Ấu Trĩ Thuộc Linh-P2",
      "count": 0,
      "isLeaf": null,
      "keyword": null,
      "hash": "U2FsdGVkX1/wz9YYXL9Uy98FqLgjwrUhhbQmm/rvU8ZUCw6KjCFTZrR7J5oeorEL4TOeOSXyCUDoeQU6kx4jtw==",
      "khash": "U2FsdGVkX1/IeRFyeW4+PR+csBLLNFPlR8vaxFZqcfxf8v5jMLXHS8HOWLhM4oDb7CHUsvf5ft29oWyXYTG0DA==",
      "viewCount": null,
      "duration": "69:4",
      "size": 2040126509
    },
    {
      "id": "c116eb7b-780f-4394-a499-eb14f208f817",
      "pid": "8fe3ce0c-5a1d-46f0-80b3-639b77a36e50",
      "dblevel": 5,
      "location": "/VGMV/01_BaiGiang/HocTheoSachTrongKinhThanh/ThuTinCo-rinh-tothunhat-MSDangMinhTri/017-1Co030515_SongHauViecCanTrong-P1",
      "isVideo": true,
      "url": "01-bai-giang.hoc-theo-sach-trong-kinh-thanh.thu-tin-co-rinh-to-thu-nhat-ms-dang-minh-tri.017-1co030515-song-hau-viec-can-trong-p1",
      "name": "017-1Co030515_Sống Hầu Việc Cẩn Trọng-P1",
      "count": 0,
      "isLeaf": null,
      "keyword": null,
      "hash": "U2FsdGVkX1/VYUS1KNiEXFICtkRqtTCHsU3AkcU9NrInckJOBc7zvRxROAg1ajKTTnPPkjCGo+et7sF2Y8sj2g==",
      "khash": "U2FsdGVkX1+fxfFQlD3saBoUpJ2oFCAlt4UTrOWTqbE28l+rVtehsQj43seLPn6Qahv6hTpzDyP3Z1fwYsjTOA==",
      "viewCount": null,
      "duration": "70:27",
      "size": 2081464661
    },
    {
      "id": "1a4ba8f1-47e5-4b1d-a6ee-7310d024a19b",
      "pid": "8fe3ce0c-5a1d-46f0-80b3-639b77a36e50",
      "dblevel": 5,
      "location": "/VGMV/01_BaiGiang/HocTheoSachTrongKinhThanh/ThuTinCo-rinh-tothunhat-MSDangMinhTri/018-1Co030515_SongHauViecCanTrong-P2",
      "isVideo": true,
      "url": "01-bai-giang.hoc-theo-sach-trong-kinh-thanh.thu-tin-co-rinh-to-thu-nhat-ms-dang-minh-tri.018-1co030515-song-hau-viec-can-trong-p2",
      "name": "018-1Co030515_Sống Hầu Việc Cẩn Trọng-P2",
      "count": 0,
      "isLeaf": null,
      "keyword": null,
      "hash": "U2FsdGVkX18hTd/160oglgJU2WpoPw+ekjnLbMEyHJryjtMIi8I/v1mG7trN7uXWcAEGlTyCWex5UQoPb1qiYQ==",
      "khash": "U2FsdGVkX1+CibqwqPrYtT27gCSDY7rVB+1rx0nvvN4c0mQt1OU+WFp9UiZSCILjXyfJfcqMX5fUPqvRK14jTQ==",
      "viewCount": null,
      "duration": "84:55",
      "size": 2252343959
    },
    {
      "id": "fa9ee1c2-cbde-46e1-aa6e-8f00c33f2e4c",
      "pid": "8fe3ce0c-5a1d-46f0-80b3-639b77a36e50",
      "dblevel": 5,
      "location": "/VGMV/01_BaiGiang/HocTheoSachTrongKinhThanh/ThuTinCo-rinh-tothunhat-MSDangMinhTri/019-1Co030515_DoLuongDoiSong-P1",
      "isVideo": true,
      "url": "01-bai-giang.hoc-theo-sach-trong-kinh-thanh.thu-tin-co-rinh-to-thu-nhat-ms-dang-minh-tri.019-1co030515-do-luong-doi-song-p1",
      "name": "019-1Co030515_Đo Lường Đời Sống-P1",
      "count": 0,
      "isLeaf": null,
      "keyword": null,
      "hash": "U2FsdGVkX1+N3J8HPTSUvVSuvV65kI1BN+ic9DTrk3+yWrlgsjCpAGMb0uW6EWn6W5W30f/5DsJtS5Jv7wGxRg==",
      "khash": "U2FsdGVkX19c5YdeL9Ea7jA9bfHokaoFZk7YXga4THVSD99+0W6bUVmbqVXv2+BnA2bIJPM8nVafPzoyZYW6fg==",
      "viewCount": null,
      "duration": "72:13",
      "size": 1921814198
    },
    {
      "id": "6b566efb-19c2-4db4-9709-279fcecc14ee",
      "pid": "8fe3ce0c-5a1d-46f0-80b3-639b77a36e50",
      "dblevel": 5,
      "location": "/VGMV/01_BaiGiang/HocTheoSachTrongKinhThanh/ThuTinCo-rinh-tothunhat-MSDangMinhTri/020-1Co030515_DoLuongDoiSong-P2",
      "isVideo": true,
      "url": "01-bai-giang.hoc-theo-sach-trong-kinh-thanh.thu-tin-co-rinh-to-thu-nhat-ms-dang-minh-tri.020-1co030515-do-luong-doi-song-p2",
      "name": "020-1Co030515_Đo Lường Đời Sống-P2",
      "count": 0,
      "isLeaf": null,
      "keyword": null,
      "hash": "U2FsdGVkX18TmFTYX270+ZXLH+jACh7/OVZO7OPq3xwLuqbp9q+CE+12RKtsNRQaGMykBw9SNEcK6O2wIIlKcg==",
      "khash": "U2FsdGVkX1/+UQYwt5FggpLyeGQIZL2pl7AnU/H1dfW221m4tt5zJBliR9Zq2kArK2em9LMm3A3Do7KOuB3V4Q==",
      "viewCount": null,
      "duration": "88:20",
      "size": 2341144397
    },
    {
      "id": "1e832282-cbd4-402f-8f90-33dc4cdac25e",
      "pid": "8fe3ce0c-5a1d-46f0-80b3-639b77a36e50",
      "dblevel": 5,
      "location": "/VGMV/01_BaiGiang/HocTheoSachTrongKinhThanh/ThuTinCo-rinh-tothunhat-MSDangMinhTri/021-1Co031623_NhanDinhDungDan-P1",
      "isVideo": true,
      "url": "01-bai-giang.hoc-theo-sach-trong-kinh-thanh.thu-tin-co-rinh-to-thu-nhat-ms-dang-minh-tri.021-1co031623-nhan-dinh-dung-dan-p1",
      "name": "021-1Co031623_Nhận Định Đúng Đắn-P1",
      "count": 0,
      "isLeaf": null,
      "keyword": null,
      "hash": "U2FsdGVkX1/Rmi0Gy75N4CAdzWB6tKLpytxJ9cycLIKawKmkbzP/qpYOyha3U2V2IF5fmqZT7uD/oCeOCZEDQw==",
      "khash": "U2FsdGVkX1/h9EcmA/hxUg7U0fu2hfplWlrQ7FWtReKhRbwl4VcZ+AL0jNtE48k2EOIZycf3lm97w9+8YeKpRA==",
      "viewCount": null,
      "duration": "75:14",
      "size": 1998073158
    },
    {
      "id": "3e32581d-c883-4d3a-b511-f485eeeaa373",
      "pid": "8fe3ce0c-5a1d-46f0-80b3-639b77a36e50",
      "dblevel": 5,
      "location": "/VGMV/01_BaiGiang/HocTheoSachTrongKinhThanh/ThuTinCo-rinh-tothunhat-MSDangMinhTri/022-1Co031623_NhanDinhDungDan-P2",
      "isVideo": true,
      "url": "01-bai-giang.hoc-theo-sach-trong-kinh-thanh.thu-tin-co-rinh-to-thu-nhat-ms-dang-minh-tri.022-1co031623-nhan-dinh-dung-dan-p2",
      "name": "022-1Co031623_Nhận Định Đúng Đắn-P2",
      "count": 0,
      "isLeaf": null,
      "keyword": null,
      "hash": "U2FsdGVkX19gkbpzsAl1ubh24d8/fQWUZBmjNKBq4CeiCq4OtkVsswU2YLP4SplCHWb+PpbttmKuPU7Mmfv4vA==",
      "khash": "U2FsdGVkX19W1nRV2QgydaIkJdqmf4L7x3hdYHdxJShOMZWowi0EFRk/pgjcomGDdGa4zTKMVv1JyNa/Bpvuyw==",
      "viewCount": null,
      "duration": "72:16",
      "size": 1912944449
    },
    {
      "id": "b5eefc70-5e07-40d2-a47b-d25ea9088503",
      "pid": "8fe3ce0c-5a1d-46f0-80b3-639b77a36e50",
      "dblevel": 5,
      "location": "/VGMV/01_BaiGiang/HocTheoSachTrongKinhThanh/ThuTinCo-rinh-tothunhat-MSDangMinhTri/023-1Co040105_ToiToDangChrist-P1",
      "isVideo": true,
      "url": "01-bai-giang.hoc-theo-sach-trong-kinh-thanh.thu-tin-co-rinh-to-thu-nhat-ms-dang-minh-tri.023-1co040105-toi-to-dang-christ-p1",
      "name": "023-1Co040105_Tôi Tớ Đấng Christ-P1",
      "count": 0,
      "isLeaf": null,
      "keyword": null,
      "hash": "U2FsdGVkX19I+2qkAjjdpGJLXFx9exEN2co7svSSfMBmvq2xb6nrDXEKRzAnv4IuicybvlgYmPTbRdcY+doFfQ==",
      "khash": "U2FsdGVkX1+6KyyEriRVZphLxWGFQ1gW62Qm9Vb4ezMBVkAv3RBuk1V+It4pDSVPpZ665Z1z/f5yxDR6NpeCoQ==",
      "viewCount": null,
      "duration": "76:25",
      "size": 2031153774
    },
    {
      "id": "4c03eccf-11f4-4672-a88d-3c0b92531b8f",
      "pid": "8fe3ce0c-5a1d-46f0-80b3-639b77a36e50",
      "dblevel": 5,
      "location": "/VGMV/01_BaiGiang/HocTheoSachTrongKinhThanh/ThuTinCo-rinh-tothunhat-MSDangMinhTri/024-1Co040105_ToiToDangChrist-P2",
      "isVideo": true,
      "url": "01-bai-giang.hoc-theo-sach-trong-kinh-thanh.thu-tin-co-rinh-to-thu-nhat-ms-dang-minh-tri.024-1co040105-toi-to-dang-christ-p2",
      "name": "024-1Co040105_Tôi Tớ Đấng Christ-P2",
      "count": 0,
      "isLeaf": null,
      "keyword": null,
      "hash": "U2FsdGVkX1+ltzPMUQKO8fWwZFE9B2TzCstX59vgPvjjBuRFQ3TepoIU2xZUipv0gpxnJAZxqtmXhUFmjQs6wA==",
      "khash": "U2FsdGVkX188Wj8up60P6L26Gi3XnIusPUGqRBVY0KLYlZLkhPSSmxaOw9/O7y7Rxge5yvKZYhjRxZJxgYpgwQ==",
      "viewCount": null,
      "duration": "77:18",
      "size": 2053965876
    },
    {
      "id": "cf51da71-8ec1-4d68-9c19-360982570154",
      "pid": "8fe3ce0c-5a1d-46f0-80b3-639b77a36e50",
      "dblevel": 5,
      "location": "/VGMV/01_BaiGiang/HocTheoSachTrongKinhThanh/ThuTinCo-rinh-tothunhat-MSDangMinhTri/025-1Co040613_AoTuongThuocLinh-P1",
      "isVideo": true,
      "url": "01-bai-giang.hoc-theo-sach-trong-kinh-thanh.thu-tin-co-rinh-to-thu-nhat-ms-dang-minh-tri.025-1co040613-ao-tuong-thuoc-linh-p1",
      "name": "025-1Co040613_Ảo Tưởng Thuộc Linh-P1",
      "count": 0,
      "isLeaf": null,
      "keyword": null,
      "hash": "U2FsdGVkX1/wvzzWtL/RljS5yXwr7djbpBzuK5dz7DCf4N7r5l7ME5YB6mn2Ox7IYeyoribEHLkawHxkhcKegw==",
      "khash": "U2FsdGVkX1+JjBn8FVYoRWkzhpjwUzbZnEP8syzQUul6l9nxLALPleLqaKD5xj2OKDN3t7EqTHK/9qZNfJOVbQ==",
      "viewCount": null,
      "duration": "61:24",
      "size": 1816763945
    },
    {
      "id": "f96d403f-4bfb-4204-adf7-74fe30dcc8d7",
      "pid": "8fe3ce0c-5a1d-46f0-80b3-639b77a36e50",
      "dblevel": 5,
      "location": "/VGMV/01_BaiGiang/HocTheoSachTrongKinhThanh/ThuTinCo-rinh-tothunhat-MSDangMinhTri/026-1Co040613_AoTuongThuocLinh-P2",
      "isVideo": true,
      "url": "01-bai-giang.hoc-theo-sach-trong-kinh-thanh.thu-tin-co-rinh-to-thu-nhat-ms-dang-minh-tri.026-1co040613-ao-tuong-thuoc-linh-p2",
      "name": "026-1Co040613_Ảo Tưởng Thuộc Linh-P2",
      "count": 0,
      "isLeaf": null,
      "keyword": null,
      "hash": "U2FsdGVkX1+5JP4to3fEjqEb9ugvF9Gq0AwXIfeJr9rvNIeSxgind3RGSS8Cu0Y6whYtrRuL+BfmR/xLLUhQVw==",
      "khash": "U2FsdGVkX1/cmvS5GKza5OHSavP1UQ3I6E+2VLgECE3xb6v2GndDGt78YITdjbJodYnpUbSH/C3qt8yvogddqA==",
      "viewCount": null,
      "duration": "59:57",
      "size": 1768867521
    },
    {
      "id": "10e12110-441b-468f-8dbe-bd922e3c1c89",
      "pid": "8fe3ce0c-5a1d-46f0-80b3-639b77a36e50",
      "dblevel": 5,
      "location": "/VGMV/01_BaiGiang/HocTheoSachTrongKinhThanh/ThuTinCo-rinh-tothunhat-MSDangMinhTri/027-1Co040621_GanhNangNguoiThiengLieng-P1",
      "isVideo": true,
      "url": "01-bai-giang.hoc-theo-sach-trong-kinh-thanh.thu-tin-co-rinh-to-thu-nhat-ms-dang-minh-tri.027-1co040621-ganh-nang-nguoi-thieng-lieng-p1",
      "name": "027-1Co040621_Gánh Nặng Người Thiêng Liêng-P1",
      "count": 0,
      "isLeaf": null,
      "keyword": null,
      "hash": "U2FsdGVkX19diJLiCxm4UTk0Xd6MGfo22eh2i9Dii2Cq6Dgq3w3P0X/ooGj4+ublRUYoAbe1pkfGhkmeUa9v4g==",
      "khash": "U2FsdGVkX1/zr3ALMUSUkYFFdOkHfUZds6jbKecM9uh8cDKAPTrQZbDdLJUc3iHXhq8/Rx2lVdU7Xk8oYNsQ/w==",
      "viewCount": null,
      "duration": "68:5",
      "size": 1997164690
    },
    {
      "id": "d2150f99-0bdc-4798-961b-91eb4ab3ee58",
      "pid": "8fe3ce0c-5a1d-46f0-80b3-639b77a36e50",
      "dblevel": 5,
      "location": "/VGMV/01_BaiGiang/HocTheoSachTrongKinhThanh/ThuTinCo-rinh-tothunhat-MSDangMinhTri/028-1Co040621_GanhNangNguoiThiengLieng-P2",
      "isVideo": true,
      "url": "01-bai-giang.hoc-theo-sach-trong-kinh-thanh.thu-tin-co-rinh-to-thu-nhat-ms-dang-minh-tri.028-1co040621-ganh-nang-nguoi-thieng-lieng-p2",
      "name": "028-1Co040621_Gánh Nặng Người Thiêng Liêng-P2",
      "count": 0,
      "isLeaf": null,
      "keyword": null,
      "hash": "U2FsdGVkX1/eavuGnogHUrPORtPmeEC1dQkOInWI5LBkjd7hugf/RKV3jugm2b7kB7CKm5wlUi92gMpw3SQMBg==",
      "khash": "U2FsdGVkX18YN/C8ydEJXFB8SE8eKbZalxRqEbNWsEPfQAgSmwIDTR2G5v3oEykQk7Q1pKb3i6Pel2XEqzQMbA==",
      "viewCount": null,
      "duration": "58:53",
      "size": 1737291990
    },
    {
      "id": "b1f645a3-f9af-44b7-9d65-bce7f4937392",
      "pid": "8fe3ce0c-5a1d-46f0-80b3-639b77a36e50",
      "dblevel": 5,
      "location": "/VGMV/01_BaiGiang/HocTheoSachTrongKinhThanh/ThuTinCo-rinh-tothunhat-MSDangMinhTri/029-1Co041421_GanhNangNguoiThiengLieng-P3",
      "isVideo": true,
      "url": "01-bai-giang.hoc-theo-sach-trong-kinh-thanh.thu-tin-co-rinh-to-thu-nhat-ms-dang-minh-tri.029-1co041421-ganh-nang-nguoi-thieng-lieng-p3",
      "name": "029-1Co041421_Gánh Nặng Người Thiêng Liêng-P3",
      "count": 0,
      "isLeaf": null,
      "keyword": null,
      "hash": "U2FsdGVkX18qbllqotkReQ47yuTYq2u5koupkfvXzkNLlNSqRh0/CDDkNyNaxbrjEAV4C2JHtICJshptpMcglA==",
      "khash": "U2FsdGVkX19EvCK5dh+YDUIL9GsFZtJz0B/4TXgL1W2Fw5fQDb2/9utZlZ4jXex+swUUZ22ckdPBtAHmuffTIQ==",
      "viewCount": null,
      "duration": "71:39",
      "size": 1896053221
    },
    {
      "id": "1241a042-ab78-4114-9abe-adc431a3c28b",
      "pid": "8fe3ce0c-5a1d-46f0-80b3-639b77a36e50",
      "dblevel": 5,
      "location": "/VGMV/01_BaiGiang/HocTheoSachTrongKinhThanh/ThuTinCo-rinh-tothunhat-MSDangMinhTri/030-1Co04140513_KhongChapNhanKhongChapChua-P1",
      "isVideo": true,
      "url": "01-bai-giang.hoc-theo-sach-trong-kinh-thanh.thu-tin-co-rinh-to-thu-nhat-ms-dang-minh-tri.030-1co04140513-khong-chap-nhan-khong-chap-chua-p1",
      "name": "030-1Co04140513_Không Chấp Nhận Không Chấp Chứa-P1",
      "count": 0,
      "isLeaf": null,
      "keyword": null,
      "hash": "U2FsdGVkX1+PU31Kv/z/aDvIggrhSXyByRbZv+cetlDAbCYiOk3qjCmWTfm2q9FJeYQNVecYZv8YiBrH4Ltjcw==",
      "khash": "U2FsdGVkX1+1U91w2xv8VHerdgBp8FbCNu4YjpcFnhgi79/NReKGF91+9bUv/oiraU/m4hNwX2CnPYqGG4DwBQ==",
      "viewCount": null,
      "duration": "68:35",
      "size": 2022019013
    },
    {
      "id": "7db09051-5fd3-4d0d-bfe8-67cab65107a3",
      "pid": "8fe3ce0c-5a1d-46f0-80b3-639b77a36e50",
      "dblevel": 5,
      "location": "/VGMV/01_BaiGiang/HocTheoSachTrongKinhThanh/ThuTinCo-rinh-tothunhat-MSDangMinhTri/031-1Co050113_KhongChapNhanKhongChapChua-P2",
      "isVideo": true,
      "url": "01-bai-giang.hoc-theo-sach-trong-kinh-thanh.thu-tin-co-rinh-to-thu-nhat-ms-dang-minh-tri.031-1co050113-khong-chap-nhan-khong-chap-chua-p2",
      "name": "031-1Co050113_Không Chấp Nhận Không Chấp Chứa-P2",
      "count": 0,
      "isLeaf": null,
      "keyword": null,
      "hash": "U2FsdGVkX19D9IfgX4OMDBs5dNTu354R9lAd96Ue9LM08CFEOSkqqTSMwf0vXF/yhS0LpkRK0xJS2Tenxwp0LQ==",
      "khash": "U2FsdGVkX19NUXM8NHLasuvUfvxIw1KaE0TqzgtLufaOYaMGFxTadr6UL7oAuAVMiGscA3NO/LAFmbnfF5csyg==",
      "viewCount": null,
      "duration": "88:30",
      "size": 2338461470
    },
    {
      "id": "d0051c38-8897-4b88-a103-1495a90d0ee1",
      "pid": "8fe3ce0c-5a1d-46f0-80b3-639b77a36e50",
      "dblevel": 5,
      "location": "/VGMV/01_BaiGiang/HocTheoSachTrongKinhThanh/ThuTinCo-rinh-tothunhat-MSDangMinhTri/032-1Co050113_KhongChapNhanKhongChapChua-P3",
      "isVideo": true,
      "url": "01-bai-giang.hoc-theo-sach-trong-kinh-thanh.thu-tin-co-rinh-to-thu-nhat-ms-dang-minh-tri.032-1co050113-khong-chap-nhan-khong-chap-chua-p3",
      "name": "032-1Co050113_Không Chấp Nhận Không Chấp Chứa-P3",
      "count": 0,
      "isLeaf": null,
      "keyword": null,
      "hash": "U2FsdGVkX1+ZMB92l63Bbqy4q02mSTC+UiQZEa6N19kQFhHhrjCLxAaVUmokUe56nKajOqEK03jImKliZJiMDg==",
      "khash": "U2FsdGVkX1828RyJYHrtkc3XZig3qQUd6Mj4IOvg5WhhUkIluRHjcCX06Fw7Nmg9FIzKFJRBtKbQu+ljlXpR3Q==",
      "viewCount": null,
      "duration": "86:34",
      "size": 2295762585
    },
    {
      "id": "a8dbeab2-29e3-41ba-959c-26374cd23963",
      "pid": "8fe3ce0c-5a1d-46f0-80b3-639b77a36e50",
      "dblevel": 5,
      "location": "/VGMV/01_BaiGiang/HocTheoSachTrongKinhThanh/ThuTinCo-rinh-tothunhat-MSDangMinhTri/033-1Co050113_PhoChoSa-tan-P1",
      "isVideo": true,
      "url": "01-bai-giang.hoc-theo-sach-trong-kinh-thanh.thu-tin-co-rinh-to-thu-nhat-ms-dang-minh-tri.033-1co050113-pho-cho-sa-tan-p1",
      "name": "033-1Co050113_Phó Cho Sa-tan-P1",
      "count": 0,
      "isLeaf": null,
      "keyword": null,
      "hash": "U2FsdGVkX19tOy/IfFfgOPFPzJbylxPz2XvGxn67MBLzA1loNzqybVD/lvLmUr9tApNySSemid5cdpb0gt9YpA==",
      "khash": "U2FsdGVkX1+8tm/lqBPfZdVW5sAYVGelLdbooYHmTy2kzHKEHwmnvtPD0h7idbaJVFwZ9WqMpAUHGkZIw3u0gg==",
      "viewCount": null,
      "duration": "84:51",
      "size": 2243645083
    },
    {
      "id": "ab1bfa7c-9970-486b-8e36-a4151fc7247b",
      "pid": "8fe3ce0c-5a1d-46f0-80b3-639b77a36e50",
      "dblevel": 5,
      "location": "/VGMV/01_BaiGiang/HocTheoSachTrongKinhThanh/ThuTinCo-rinh-tothunhat-MSDangMinhTri/034-1Co050113_PhoChoSa-tan-P2",
      "isVideo": true,
      "url": "01-bai-giang.hoc-theo-sach-trong-kinh-thanh.thu-tin-co-rinh-to-thu-nhat-ms-dang-minh-tri.034-1co050113-pho-cho-sa-tan-p2",
      "name": "034-1Co050113_Phó Cho Sa-tan-P2",
      "count": 0,
      "isLeaf": null,
      "keyword": null,
      "hash": "U2FsdGVkX1/uVwEpbe6lq3diR3v+oQEFcqE44/kEzTEhE+BQZgiMBDcyN4GvVNyNyWEfjWRxJSmT2FNp6opt6w==",
      "khash": "U2FsdGVkX1+8CLbc23gZLk1BgoBAh2kQ2pTaHj85gTtEKqHg31VBSZA/PdiC3+UGCiZVwyuvmskmBlXe3PW9PQ==",
      "viewCount": null,
      "duration": "88:14",
      "size": 2343143827
    },
    {
      "id": "af63a848-0f3c-40b1-a502-4dc025ad479c",
      "pid": "8fe3ce0c-5a1d-46f0-80b3-639b77a36e50",
      "dblevel": 5,
      "location": "/VGMV/01_BaiGiang/HocTheoSachTrongKinhThanh/ThuTinCo-rinh-tothunhat-MSDangMinhTri/035-1Co060111_ThuaThietHayThuaDu-P1",
      "isVideo": true,
      "url": "01-bai-giang.hoc-theo-sach-trong-kinh-thanh.thu-tin-co-rinh-to-thu-nhat-ms-dang-minh-tri.035-1co060111-thua-thiet-hay-thua-du-p1",
      "name": "035-1Co060111_Thua Thiệt Hay Thua Đủ-P1",
      "count": 0,
      "isLeaf": null,
      "keyword": null,
      "hash": "U2FsdGVkX1/nJC4jxIlSEYpZ0yeNDSHFB7b4r3BJZwbG4El+AuISzwJUI9iio/dZJlG3z/hBv9e37SLdG/ByMQ==",
      "khash": "U2FsdGVkX1+umzeeNOot/ek86ziAIWtaUvzqIIqMvOqe4Ypn6RVdXivTYkxyXTLl5o/siuNWvzIMqZsPII+Q8w==",
      "viewCount": null,
      "duration": "76:56",
      "size": 2038937583
    },
    {
      "id": "cd744cb2-234c-4b64-ae79-c4a7aa5347ab",
      "pid": "8fe3ce0c-5a1d-46f0-80b3-639b77a36e50",
      "dblevel": 5,
      "location": "/VGMV/01_BaiGiang/HocTheoSachTrongKinhThanh/ThuTinCo-rinh-tothunhat-MSDangMinhTri/036-1Co060111_ThuaThietHayThuaDu-P2",
      "isVideo": true,
      "url": "01-bai-giang.hoc-theo-sach-trong-kinh-thanh.thu-tin-co-rinh-to-thu-nhat-ms-dang-minh-tri.036-1co060111-thua-thiet-hay-thua-du-p2",
      "name": "036-1Co060111_Thua Thiệt Hay Thua Đủ-P2",
      "count": 0,
      "isLeaf": null,
      "keyword": null,
      "hash": "U2FsdGVkX19h0fOU69srbqdbSOcurm6WyCVbl+WGYXkOrT2j+hfbpYbYrk+JsbHYdLKYSH9KThmfZtASyfgvNg==",
      "khash": "U2FsdGVkX18gKjEhfN1gWtt7ZDSr1SYGoZ4XFFX78kgu2rS21Sys/T/Eoa0H9ZonOjS+Nt9YCLBjMNOibGvo6g==",
      "viewCount": null,
      "duration": "66:32",
      "size": 2041528695
    },
    {
      "id": "27d971e5-8a1a-4a30-8a04-178c79ebff8c",
      "pid": "8fe3ce0c-5a1d-46f0-80b3-639b77a36e50",
      "dblevel": 5,
      "location": "/VGMV/01_BaiGiang/HocTheoSachTrongKinhThanh/ThuTinCo-rinh-tothunhat-MSDangMinhTri/037-1Co061220_ThanXacThanhSach-P1",
      "isVideo": true,
      "url": "01-bai-giang.hoc-theo-sach-trong-kinh-thanh.thu-tin-co-rinh-to-thu-nhat-ms-dang-minh-tri.037-1co061220-than-xac-thanh-sach-p1",
      "name": "037-1Co061220_Thân Xác Thánh Sạch-P1",
      "count": 0,
      "isLeaf": null,
      "keyword": null,
      "hash": "U2FsdGVkX18dVoKFOyQ6dpqhshXg9KsdJHDJFTt09Eg1DC7rmfKcV++lpxKH0Jefyb8vDe3cL6a5JgD7HGOTyw==",
      "khash": "U2FsdGVkX1/7BAvYUB5Jtd8OON83LFEE91F3bETNOqgmCiFtJyLX7+cTa+L7UfzwmcXmeae1hAA1oMPI+9ryyw==",
      "viewCount": null,
      "duration": "68:56",
      "size": 2030485210
    },
    {
      "id": "2ef5924a-f8cb-40b1-9196-44bc41ebd68c",
      "pid": "8fe3ce0c-5a1d-46f0-80b3-639b77a36e50",
      "dblevel": 5,
      "location": "/VGMV/01_BaiGiang/HocTheoSachTrongKinhThanh/ThuTinCo-rinh-tothunhat-MSDangMinhTri/038-1Co061220_ThanXacThanhSach-P2",
      "isVideo": true,
      "url": "01-bai-giang.hoc-theo-sach-trong-kinh-thanh.thu-tin-co-rinh-to-thu-nhat-ms-dang-minh-tri.038-1co061220-than-xac-thanh-sach-p2",
      "name": "038-1Co061220_Thân Xác Thánh Sạch-P2",
      "count": 0,
      "isLeaf": null,
      "keyword": null,
      "hash": "U2FsdGVkX1/0DSzUjtwBevbE79dS+KRuGgoMDR9I4QQh945Zil2uuhcum17eEeg2Rwsqps92gFJrz2/74jahbA==",
      "khash": "U2FsdGVkX1+uMID8IdrXVj4YTx2bbIwC7OnlFKVCtjEL4j2bo785y6ad/by88yyNIyS615rsySTO1TOQL/poEg==",
      "viewCount": null,
      "duration": "74:54",
      "size": 1933102490
    },
    {
      "id": "cf552ebb-79b1-465e-91f0-8cee520550c2",
      "pid": "8fe3ce0c-5a1d-46f0-80b3-639b77a36e50",
      "dblevel": 5,
      "location": "/VGMV/01_BaiGiang/HocTheoSachTrongKinhThanh/ThuTinCo-rinh-tothunhat-MSDangMinhTri/039-1Co060920_GiaiPhapKinhThanhChoVanDeDongTinh",
      "isVideo": true,
      "url": "01-bai-giang.hoc-theo-sach-trong-kinh-thanh.thu-tin-co-rinh-to-thu-nhat-ms-dang-minh-tri.039-1co060920-giai-phap-kinh-thanh-cho-van-de-dong-tinh",
      "name": "039-1Co060920_Giải Pháp Kinh Thánh Cho Vấn Đề Đồng Tính",
      "count": 0,
      "isLeaf": null,
      "keyword": null,
      "hash": "U2FsdGVkX186P+awIZwqxGB3HzCsuBgmJAJkyCQrJOfXxYujXlZ/4ASe1G9CdvFK2PXB3lO+0mhzm/o9Krq9mA==",
      "khash": "U2FsdGVkX1/9U322znRcYFf9k5uelMYMZJOICvw0ZAbqPOAo44YCK9yhxAhPLZ7ubtOS8jn3ZffrRqaBOrhmUw==",
      "viewCount": null,
      "duration": "72:25",
      "size": 1769798746
    },
    {
      "id": "7388b133-b0af-4614-bd98-da432882fef0",
      "pid": "8fe3ce0c-5a1d-46f0-80b3-639b77a36e50",
      "dblevel": 5,
      "location": "/VGMV/01_BaiGiang/HocTheoSachTrongKinhThanh/ThuTinCo-rinh-tothunhat-MSDangMinhTri/040-1Co070107_LapGiaDinhHaySongDocThan-P1",
      "isVideo": true,
      "url": "01-bai-giang.hoc-theo-sach-trong-kinh-thanh.thu-tin-co-rinh-to-thu-nhat-ms-dang-minh-tri.040-1co070107-lap-gia-dinh-hay-song-doc-than-p1",
      "name": "040-1Co070107_Lập Gia Đình Hay Sống Độc Thân-P1",
      "count": 0,
      "isLeaf": null,
      "keyword": null,
      "hash": "U2FsdGVkX19P1YWqRcWH7BxCfiIIyMGMIR2jhN55+ys0oesxCWxBmP2xke3YDvgPUvgcc0PveJ6vmTSKXmIHsA==",
      "khash": "U2FsdGVkX18PrvA8N58ie3EKTynnDCBqTD34l95Ca9R66G3lqR6a+9ixrCNj37TljtGJjI47efbXG0KuOP1GWA==",
      "viewCount": null,
      "duration": "74:37",
      "size": 2182477853
    },
    {
      "id": "11777c4d-11bb-4758-8bd1-ab703cc584cd",
      "pid": "8fe3ce0c-5a1d-46f0-80b3-639b77a36e50",
      "dblevel": 5,
      "location": "/VGMV/01_BaiGiang/HocTheoSachTrongKinhThanh/ThuTinCo-rinh-tothunhat-MSDangMinhTri/041-1Co070107_LapGiaDinhHaySongDocThan-P2",
      "isVideo": true,
      "url": "01-bai-giang.hoc-theo-sach-trong-kinh-thanh.thu-tin-co-rinh-to-thu-nhat-ms-dang-minh-tri.041-1co070107-lap-gia-dinh-hay-song-doc-than-p2",
      "name": "041-1Co070107_Lập Gia Đình Hay Sống Độc Thân-P2",
      "count": 0,
      "isLeaf": null,
      "keyword": null,
      "hash": "U2FsdGVkX1/yyUka9SQauKmpdYkPD/JvOzZh3v4TgiMEzNWwTJKwmwazuv9/78TSJGIgd+94uF6wh5FlPwpRWw==",
      "khash": "U2FsdGVkX18ZZVm0voN77t6vD/zcy04GlJp9+lFUBf/CP7Uxg7DdArkQOv8dzL65LwwXTT8bHH39pkzQPq4KoA==",
      "viewCount": null,
      "duration": "75:49",
      "size": 2269323546
    },
    {
      "id": "8af49453-61c7-4ae2-97b6-1a4d1b25db1e",
      "pid": "8fe3ce0c-5a1d-46f0-80b3-639b77a36e50",
      "dblevel": 5,
      "location": "/VGMV/01_BaiGiang/HocTheoSachTrongKinhThanh/ThuTinCo-rinh-tothunhat-MSDangMinhTri/042-1Co070816_QuyetDinhHonNhan-P1",
      "isVideo": true,
      "url": "01-bai-giang.hoc-theo-sach-trong-kinh-thanh.thu-tin-co-rinh-to-thu-nhat-ms-dang-minh-tri.042-1co070816-quyet-dinh-hon-nhan-p1",
      "name": "042-1Co070816_Quyết Định Hôn Nhân-P1",
      "count": 0,
      "isLeaf": null,
      "keyword": null,
      "hash": "U2FsdGVkX18vdTCS40Guf8s5vsSrHgAP2nmNOzzFSeMVODwZXfkXZxRRecLtqnI/WkXs6ce2jkRC+NoiSL8PBA==",
      "khash": "U2FsdGVkX19YVwo0KT9uUfhXv8kzXcaRR05DkeRx3lbps4Wi1YKJZzRYoZNhWH6tY9OORufw0l+sCqJDq0128g==",
      "viewCount": null,
      "duration": "74:48",
      "size": 2191258730
    },
    {
      "id": "938d3c39-1bf6-49a2-8ffc-387e4755c9ca",
      "pid": "8fe3ce0c-5a1d-46f0-80b3-639b77a36e50",
      "dblevel": 5,
      "location": "/VGMV/01_BaiGiang/HocTheoSachTrongKinhThanh/ThuTinCo-rinh-tothunhat-MSDangMinhTri/043-1Co070816_QuyetDinhHonNhan-P2",
      "isVideo": true,
      "url": "01-bai-giang.hoc-theo-sach-trong-kinh-thanh.thu-tin-co-rinh-to-thu-nhat-ms-dang-minh-tri.043-1co070816-quyet-dinh-hon-nhan-p2",
      "name": "043-1Co070816_Quyết Định Hôn Nhân-P2",
      "count": 0,
      "isLeaf": null,
      "keyword": null,
      "hash": "U2FsdGVkX1822tHGUqDRyAKWybuqC1oCKZWIQu/8gL6mneQ8gW+CLFLqVXINx2wGCmbT0DzxmRa52/kJdkhKYA==",
      "khash": "U2FsdGVkX18a/LvoBv+f6DYUACLxypyEGWRrU18GNlBOhHaXnmKwUexRZt5XtTBeN866rJ38yiIUt6HgTBmlpw==",
      "viewCount": null,
      "duration": "71:9",
      "size": 2137904073
    },
    {
      "id": "839b3206-276e-4700-919e-2f184957a416",
      "pid": "8fe3ce0c-5a1d-46f0-80b3-639b77a36e50",
      "dblevel": 5,
      "location": "/VGMV/01_BaiGiang/HocTheoSachTrongKinhThanh/ThuTinCo-rinh-tothunhat-MSDangMinhTri/044-1Co070816_QuyetDinhHonNhan-P3",
      "isVideo": true,
      "url": "01-bai-giang.hoc-theo-sach-trong-kinh-thanh.thu-tin-co-rinh-to-thu-nhat-ms-dang-minh-tri.044-1co070816-quyet-dinh-hon-nhan-p3",
      "name": "044-1Co070816_Quyết Định Hôn Nhân-P3",
      "count": 0,
      "isLeaf": null,
      "keyword": null,
      "hash": "U2FsdGVkX19e+0zYcYuI07fU/mPQ4DUuHDWxO6as0mb0aXKxgdLfKOjQJydNPBb4Ghx2RZWQC9GkehHBy5fhVA==",
      "khash": "U2FsdGVkX1+ILdmtY6MjvdKBim3P+c+skoZfhNawj94v1+mWtUvCODeBYqGgVy76/Pwrhk8rDP52EX4rW2M9SQ==",
      "viewCount": null,
      "duration": "77:51",
      "size": 2107458209
    },
    {
      "id": "4566e3ed-da47-49ea-8f04-6cbaa429d51b",
      "pid": "8fe3ce0c-5a1d-46f0-80b3-639b77a36e50",
      "dblevel": 5,
      "location": "/VGMV/01_BaiGiang/HocTheoSachTrongKinhThanh/ThuTinCo-rinh-tothunhat-MSDangMinhTri/045-1Co071724_ThoaLongBietOnTrongMoiHoanCanh-P1",
      "isVideo": true,
      "url": "01-bai-giang.hoc-theo-sach-trong-kinh-thanh.thu-tin-co-rinh-to-thu-nhat-ms-dang-minh-tri.045-1co071724-thoa-long-biet-on-trong-moi-hoan-canh-p1",
      "name": "045-1Co071724_Thoả Lòng Biết Ơn Trong Mọi Hoàn Cảnh-P1",
      "count": 0,
      "isLeaf": null,
      "keyword": null,
      "hash": "U2FsdGVkX1/X0HSsP+DBoSze6+5cGbx4agGf1bf5TB0fhIZuP3R9P7yeN7OOFufr+Jyo9W0OeQz7/oZl1Z7PEg==",
      "khash": "U2FsdGVkX1/KV98kyXhYJoifpJMMo52b2egBbb16YfzJKctuyNRpzyZzW4eJab4MfAtYZarZv1BXiTSgEwkt/g==",
      "viewCount": null,
      "duration": "71:50",
      "size": 2189752228
    },
    {
      "id": "316b40ec-bd43-4114-b66b-fd8a061340a5",
      "pid": "8fe3ce0c-5a1d-46f0-80b3-639b77a36e50",
      "dblevel": 5,
      "location": "/VGMV/01_BaiGiang/HocTheoSachTrongKinhThanh/ThuTinCo-rinh-tothunhat-MSDangMinhTri/046-1Co071724_ThoaLongBietOnTrongMoiHoanCanh-P2",
      "isVideo": true,
      "url": "01-bai-giang.hoc-theo-sach-trong-kinh-thanh.thu-tin-co-rinh-to-thu-nhat-ms-dang-minh-tri.046-1co071724-thoa-long-biet-on-trong-moi-hoan-canh-p2",
      "name": "046-1Co071724_Thoả Lòng Biết Ơn Trong Mọi Hoàn Cảnh-P2",
      "count": 0,
      "isLeaf": null,
      "keyword": null,
      "hash": "U2FsdGVkX1/gXxGTJmz7XPjya6gUXiZ89Ic004yH02KmnU4TSj2RAXakmCj2KGxADM8N481FBBkqalIhbfKLqg==",
      "khash": "U2FsdGVkX1+WSwuymWc7TBTG/p1PPeYhpMWzQZ2YhyQ9UZC2eVIbBL9zKIlPZQLaLqApk8oFb1jh9Xfk4lKJTA==",
      "viewCount": null,
      "duration": "70:4",
      "size": 2151023506
    },
    {
      "id": "310b002a-47f9-4224-8952-9a0db3221ea4",
      "pid": "8fe3ce0c-5a1d-46f0-80b3-639b77a36e50",
      "dblevel": 5,
      "location": "/VGMV/01_BaiGiang/HocTheoSachTrongKinhThanh/ThuTinCo-rinh-tothunhat-MSDangMinhTri/047-1Co072540_VanDeChinhYeuTrongLienHe-P1",
      "isVideo": true,
      "url": "01-bai-giang.hoc-theo-sach-trong-kinh-thanh.thu-tin-co-rinh-to-thu-nhat-ms-dang-minh-tri.047-1co072540-van-de-chinh-yeu-trong-lien-he-p1",
      "name": "047-1Co072540_Vấn Đề Chính Yếu Trong Liên Hệ-P1",
      "count": 0,
      "isLeaf": null,
      "keyword": null,
      "hash": "U2FsdGVkX1/z8ZwxcGHvdxWMU/F+PHeav7ZFIFmlBDljPjh/vw7oBKPm0kTr2aoRuozE+bgnh6sI67CpTznkHA==",
      "khash": "U2FsdGVkX1/DhMdqIxz8M6AO9nt33zsAVZBKjX+5mBoiyq7M7Y0zMQzreLV1FLPbsFe7O8y84UbJPCMMRP6rnQ==",
      "viewCount": null,
      "duration": "72:48",
      "size": 2052836628
    },
    {
      "id": "9d7bd0a3-f9b3-4491-af01-90b08e76af7b",
      "pid": "8fe3ce0c-5a1d-46f0-80b3-639b77a36e50",
      "dblevel": 5,
      "location": "/VGMV/01_BaiGiang/HocTheoSachTrongKinhThanh/ThuTinCo-rinh-tothunhat-MSDangMinhTri/048-1Co072540_VanDeChinhYeuTrongLienHe-P2",
      "isVideo": true,
      "url": "01-bai-giang.hoc-theo-sach-trong-kinh-thanh.thu-tin-co-rinh-to-thu-nhat-ms-dang-minh-tri.048-1co072540-van-de-chinh-yeu-trong-lien-he-p2",
      "name": "048-1Co072540_Vấn Đề Chính Yếu Trong Liên Hệ-P2",
      "count": 0,
      "isLeaf": null,
      "keyword": null,
      "hash": "U2FsdGVkX1/4oKMrNO0PBAuKZKpO+LP9IeWdu9HQ84azcfADPGhwfVZ/R/DiOFQ2ZSLjk0ZlAFBIVzZamAXG8w==",
      "khash": "U2FsdGVkX19TH+gUSoHrxrZZsBOgJqjMeZi3OYdsyAflNtJmHhrA9IonCpJzx3NvgBSaNRKlqxJ1GvfxEsOGgw==",
      "viewCount": null,
      "duration": "69:10",
      "size": 1972497478
    },
    {
      "id": "2b35c28b-25ac-474d-a5b8-754aee57a727",
      "pid": "8fe3ce0c-5a1d-46f0-80b3-639b77a36e50",
      "dblevel": 5,
      "location": "/VGMV/01_BaiGiang/HocTheoSachTrongKinhThanh/ThuTinCo-rinh-tothunhat-MSDangMinhTri/049-1Co072540_VanDeChinhYeuTrongLienHe-P3",
      "isVideo": true,
      "url": "01-bai-giang.hoc-theo-sach-trong-kinh-thanh.thu-tin-co-rinh-to-thu-nhat-ms-dang-minh-tri.049-1co072540-van-de-chinh-yeu-trong-lien-he-p3",
      "name": "049-1Co072540_Vấn Đề Chính Yếu Trong Liên Hệ-P3",
      "count": 0,
      "isLeaf": null,
      "keyword": null,
      "hash": "U2FsdGVkX18ogb/irMx5GIeTj1NA4Ggw0BfHlzRvFxFZA7vbe1DnolXFfmclHF+flU1dpQnM2rJNAWviiKzaig==",
      "khash": "U2FsdGVkX1/Ra7Jh06E//+5Spu+3f7TyiPjiXR1wXGltukhiZ1+l8qRhzSL4ZdzkwnFZVptLdkdQCXRDjGj65g==",
      "viewCount": null,
      "duration": "65:48",
      "size": 1941281318
    },
    {
      "id": "62df276b-cf34-442a-9347-86369e8cdd2b",
      "pid": "8fe3ce0c-5a1d-46f0-80b3-639b77a36e50",
      "dblevel": 5,
      "location": "/VGMV/01_BaiGiang/HocTheoSachTrongKinhThanh/ThuTinCo-rinh-tothunhat-MSDangMinhTri/050-1Co072540_VanDeChinhYeuTrongLienHe-P4",
      "isVideo": true,
      "url": "01-bai-giang.hoc-theo-sach-trong-kinh-thanh.thu-tin-co-rinh-to-thu-nhat-ms-dang-minh-tri.050-1co072540-van-de-chinh-yeu-trong-lien-he-p4",
      "name": "050-1Co072540_Vấn Đề Chính Yếu Trong Liên Hệ-P4",
      "count": 0,
      "isLeaf": null,
      "keyword": null,
      "hash": "U2FsdGVkX1+f+8R5nRgowMs43R616t81Qgrsps2DZOg0WDlKHK9Iwe+JHYfmyVOoLrN1vai1cr9JdUEIG0tkhg==",
      "khash": "U2FsdGVkX1+vrP4MXWlkS9Ej0OK30sAg++9sOk2GX10soYT+sPVluQ42rbY3Aks+UA7KaFHdF7g5fhePKA15aA==",
      "viewCount": null,
      "duration": "66:50",
      "size": 1950069068
    },
    {
      "id": "639f5bb1-fbc9-4a84-a650-4dcbc93ae71c",
      "pid": "8fe3ce0c-5a1d-46f0-80b3-639b77a36e50",
      "dblevel": 5,
      "location": "/VGMV/01_BaiGiang/HocTheoSachTrongKinhThanh/ThuTinCo-rinh-tothunhat-MSDangMinhTri/051-1Co080113_TuDoVaTrachNhiem-P1",
      "isVideo": true,
      "url": "01-bai-giang.hoc-theo-sach-trong-kinh-thanh.thu-tin-co-rinh-to-thu-nhat-ms-dang-minh-tri.051-1co080113-tu-do-va-trach-nhiem-p1",
      "name": "051-1Co080113_Tự Do Và Trách Nhiệm-P1",
      "count": 0,
      "isLeaf": null,
      "keyword": null,
      "hash": "U2FsdGVkX1+zGB7zTHsZPSzhn4b2VhvCMimIxndxU2yRgsQ9YBL0QMKrtqOnNfbYY+VJLI43nRG5XoqO5BLD5Q==",
      "khash": "U2FsdGVkX18ry/vgadNFVmBVnaIo1/afHNOxDBZzzdH8BPFE3ECtwCa7qsAy+dT2AEmjdTWDKQNUWE4XFwWsiw==",
      "viewCount": null,
      "duration": "71:46",
      "size": 2036547714
    },
    {
      "id": "b605a635-dcb0-4acc-943f-f4f32ba8ad7d",
      "pid": "8fe3ce0c-5a1d-46f0-80b3-639b77a36e50",
      "dblevel": 5,
      "location": "/VGMV/01_BaiGiang/HocTheoSachTrongKinhThanh/ThuTinCo-rinh-tothunhat-MSDangMinhTri/052-1Co080113_TuDoVaTrachNhiem-P2",
      "isVideo": true,
      "url": "01-bai-giang.hoc-theo-sach-trong-kinh-thanh.thu-tin-co-rinh-to-thu-nhat-ms-dang-minh-tri.052-1co080113-tu-do-va-trach-nhiem-p2",
      "name": "052-1Co080113_Tự Do Và Trách Nhiệm-P2",
      "count": 0,
      "isLeaf": null,
      "keyword": null,
      "hash": "U2FsdGVkX1+gcRCz2m7Jl2ve1q8TvAlND9vBJdqDnc51CI0cXN4F/HdyWmqonMJ/trm3Z8+1irTBzGW9kH3jeg==",
      "khash": "U2FsdGVkX1+bF1ra8jE3r/s43j51pA8RJkZWBu6ANsiI4UobhgFmXIVNqCUnogDWt/Gnug7H2hD8ZsaKPyxJsw==",
      "viewCount": null,
      "duration": "68:20",
      "size": 2099778429
    },
    {
      "id": "a5df6e4c-e9cd-4746-a3b4-b11dcc601e0c",
      "pid": "8fe3ce0c-5a1d-46f0-80b3-639b77a36e50",
      "dblevel": 5,
      "location": "/VGMV/01_BaiGiang/HocTheoSachTrongKinhThanh/ThuTinCo-rinh-tothunhat-MSDangMinhTri/053-1Co080113_TuDoVaTrachNhiem-P3",
      "isVideo": true,
      "url": "01-bai-giang.hoc-theo-sach-trong-kinh-thanh.thu-tin-co-rinh-to-thu-nhat-ms-dang-minh-tri.053-1co080113-tu-do-va-trach-nhiem-p3",
      "name": "053-1Co080113_Tự Do Và Trách Nhiệm-P3",
      "count": 0,
      "isLeaf": null,
      "keyword": null,
      "hash": "U2FsdGVkX197U3t1ITZPmO8vHI+Z1XfMLOi0dUXKtMM457lIj8Mv/as7Dc0Smrs9zNqEtKfcvRqI7qiNpD45VQ==",
      "khash": "U2FsdGVkX19ebSoCLrTfQArVLHlJq6aCFRTuDtHcAA0l9ZfHlrDV/x28jblIl6CutqnO88iu2TavqlhIuXqM1w==",
      "viewCount": null,
      "duration": "72:46",
      "size": 2234765570
    },
    {
      "id": "6f3a2444-6f9e-441a-b3dc-30281f0c910e",
      "pid": "8fe3ce0c-5a1d-46f0-80b3-639b77a36e50",
      "dblevel": 5,
      "location": "/VGMV/01_BaiGiang/HocTheoSachTrongKinhThanh/ThuTinCo-rinh-tothunhat-MSDangMinhTri/054-1Co090114_LoTuongDenNguoiLanhDao-P1",
      "isVideo": true,
      "url": "01-bai-giang.hoc-theo-sach-trong-kinh-thanh.thu-tin-co-rinh-to-thu-nhat-ms-dang-minh-tri.054-1co090114-lo-tuong-den-nguoi-lanh-dao-p1",
      "name": "054-1Co090114_Lo Tưởng Đến Người Lãnh Đạo-P1",
      "count": 0,
      "isLeaf": null,
      "keyword": null,
      "hash": "U2FsdGVkX195UjDTPevmrdB9a+2AmXA63VXFm79mmLyPNyf0/VnOOYxEcxO/JTvDjbm7KAbMbhdy0c89IO/vpQ==",
      "khash": "U2FsdGVkX1/wW7qNxsMg9ceyqxpgDXQz0U6YHihlOPuNrqbojC1Koh5KYYI2RV6DCOak8vlq3Gph7vDns0D+hw==",
      "viewCount": null,
      "duration": "79:35",
      "size": 1949566483
    },
    {
      "id": "6fd7141c-c78a-4009-ac0e-3889bdc191e0",
      "pid": "8fe3ce0c-5a1d-46f0-80b3-639b77a36e50",
      "dblevel": 5,
      "location": "/VGMV/01_BaiGiang/HocTheoSachTrongKinhThanh/ThuTinCo-rinh-tothunhat-MSDangMinhTri/055-1Co090114_MoHinhPhucVu-QuyenLoiVaTrachNhiem-P1",
      "isVideo": true,
      "url": "01-bai-giang.hoc-theo-sach-trong-kinh-thanh.thu-tin-co-rinh-to-thu-nhat-ms-dang-minh-tri.055-1co090114-mo-hinh-phuc-vu-quyen-loi-va-trach-nhiem-p1",
      "name": "055-1Co090114_Mô Hình Phục Vụ - Quyền Lợi Và Trắch Nhiệm-P1",
      "count": 0,
      "isLeaf": null,
      "keyword": null,
      "hash": "U2FsdGVkX18nmKAPHyXCen0ovCKfZx1216XDRdFYyYhn2FUJO465PDdTNnrRrWPWmvhvkl83ULPVgMIzVQVuaw==",
      "khash": "U2FsdGVkX18NDprNpRmKopP0McJ5eatOzF3h7yIb+d02J9ffGxA9f6QsuayzTmfnaoJ6EjMSKINOxftFp3mSJg==",
      "viewCount": null,
      "duration": "73:5",
      "size": 1931783819
    },
    {
      "id": "8995081b-9365-4e4a-a9ce-40132d859ba7",
      "pid": "8fe3ce0c-5a1d-46f0-80b3-639b77a36e50",
      "dblevel": 5,
      "location": "/VGMV/01_BaiGiang/HocTheoSachTrongKinhThanh/ThuTinCo-rinh-tothunhat-MSDangMinhTri/056-1Co091527_MoHinhPhucVu-P2",
      "isVideo": true,
      "url": "01-bai-giang.hoc-theo-sach-trong-kinh-thanh.thu-tin-co-rinh-to-thu-nhat-ms-dang-minh-tri.056-1co091527-mo-hinh-phuc-vu-p2",
      "name": "056-1Co091527_Mô Hình Phục Vụ-P2",
      "count": 0,
      "isLeaf": null,
      "keyword": null,
      "hash": "U2FsdGVkX194jZ0W7klTeoK/GyXSLPkHtPc2OnIgbaEJNbBFeWEVYaPaFU3A6n6MQ4cOLCEZtnqK8/XD8JrB1w==",
      "khash": "U2FsdGVkX18rDxhDF1EEXBcw/zwmCsRSdKj6qZDJJTff04nqunuJhDxhLd2IjNZXPx+9/b9XNzCg4+gu625/xQ==",
      "viewCount": null,
      "duration": "77:1",
      "size": 2368557126
    },
    {
      "id": "7cf8fb5d-0b4e-4ec9-a3cf-d035a3a76064",
      "pid": "8fe3ce0c-5a1d-46f0-80b3-639b77a36e50",
      "dblevel": 5,
      "location": "/VGMV/01_BaiGiang/HocTheoSachTrongKinhThanh/ThuTinCo-rinh-tothunhat-MSDangMinhTri/057-1Co091527_MoHinhPhucVu-P3",
      "isVideo": true,
      "url": "01-bai-giang.hoc-theo-sach-trong-kinh-thanh.thu-tin-co-rinh-to-thu-nhat-ms-dang-minh-tri.057-1co091527-mo-hinh-phuc-vu-p3",
      "name": "057-1Co091527_Mô Hình Phục Vụ-P3",
      "count": 0,
      "isLeaf": null,
      "keyword": null,
      "hash": "U2FsdGVkX19GXSRn39XdM+fuK/XZk0ycukpOCfwlGd5GPNhJ34GJuylmeETFzK1RYEhHwcc+GSDTqCqFWKTuWQ==",
      "khash": "U2FsdGVkX19RzNjwUxk2HHb8v2IngAgqqI1R4yyHpGJZSmyOgCok8/OAj4TKa9Cw9L5Fvj9+xbA0BXxHdzCwWA==",
      "viewCount": null,
      "duration": "69:11",
      "size": 2128994838
    },
    {
      "id": "95f72866-3a08-4350-85a5-99aa1546ddc9",
      "pid": "8fe3ce0c-5a1d-46f0-80b3-639b77a36e50",
      "dblevel": 5,
      "location": "/VGMV/01_BaiGiang/HocTheoSachTrongKinhThanh/ThuTinCo-rinh-tothunhat-MSDangMinhTri/058-1Co091527_MoHinhPhucVu-P4",
      "isVideo": true,
      "url": "01-bai-giang.hoc-theo-sach-trong-kinh-thanh.thu-tin-co-rinh-to-thu-nhat-ms-dang-minh-tri.058-1co091527-mo-hinh-phuc-vu-p4",
      "name": "058-1Co091527_Mô Hình Phục Vụ-P4",
      "count": 0,
      "isLeaf": null,
      "keyword": null,
      "hash": "U2FsdGVkX1/gIzhLl+aptKo4ZhniJO8OkpR7QUMBmC2/HEoFWyHgiqaSJ8uctDxlNviK4PxrXpYelrXpALtc8w==",
      "khash": "U2FsdGVkX1+WC+4RCTMrxpuwPLrLQs7+BVcbeG0thujdSV7AfFcFZIU7tFEcNZuuchps+S8/Md4HV4PDbTMiiQ==",
      "viewCount": null,
      "duration": "72:32",
      "size": 2236528789
    },
    {
      "id": "17dc10fa-498a-4a8d-804e-f16aa8cd3b93",
      "pid": "8fe3ce0c-5a1d-46f0-80b3-639b77a36e50",
      "dblevel": 5,
      "location": "/VGMV/01_BaiGiang/HocTheoSachTrongKinhThanh/ThuTinCo-rinh-tothunhat-MSDangMinhTri/059-1Co091527_MoHinhPhucVu-P5",
      "isVideo": true,
      "url": "01-bai-giang.hoc-theo-sach-trong-kinh-thanh.thu-tin-co-rinh-to-thu-nhat-ms-dang-minh-tri.059-1co091527-mo-hinh-phuc-vu-p5",
      "name": "059-1Co091527_Mô Hình Phục Vụ-P5",
      "count": 0,
      "isLeaf": null,
      "keyword": null,
      "hash": "U2FsdGVkX184kqS/DxUWfLZdmSzx8aYQ9OMAsyebqma6XJEsMj7ZvIrcx8dxSX9yx0o+0+hcDDT8DBQxj2HCXQ==",
      "khash": "U2FsdGVkX19L/ntLWlciC0DZEBrCIQB0UEG7Qk9HVb+m6cl2erVwglIHt44OywH3D1TsAIKSBknhlGWu+cmc6Q==",
      "viewCount": null,
      "duration": "64:8",
      "size": 1975885225
    },
    {
      "id": "f7c56903-4540-4bcb-8aad-d8a1e80f8c8a",
      "pid": "8fe3ce0c-5a1d-46f0-80b3-639b77a36e50",
      "dblevel": 5,
      "location": "/VGMV/01_BaiGiang/HocTheoSachTrongKinhThanh/ThuTinCo-rinh-tothunhat-MSDangMinhTri/060-1Co100112_DungGionThuChua-P1",
      "isVideo": true,
      "url": "01-bai-giang.hoc-theo-sach-trong-kinh-thanh.thu-tin-co-rinh-to-thu-nhat-ms-dang-minh-tri.060-1co100112-dung-gion-thu-chua-p1",
      "name": "060-1Co100112_Đừng Giỡn Thử Chúa-P1",
      "count": 0,
      "isLeaf": null,
      "keyword": null,
      "hash": "U2FsdGVkX1/tC4nyD3PN4Dwfo5FqO3eGprr/snwBNlxrZjwUhtrwx9gr1asszuVsEcJx2AMJz/zVGtZzD60Pug==",
      "khash": "U2FsdGVkX1+0LdvhoWgMtnWPIPOHBiEXAESwT02ca/H8DGDn1sZ8X/U4oZJ7pWyeaaeqRGrXSBHRqVxipDgJkA==",
      "viewCount": null,
      "duration": "69:19",
      "size": 2130542331
    },
    {
      "id": "aefba663-cdb5-4d77-aa30-8e57a4783f49",
      "pid": "8fe3ce0c-5a1d-46f0-80b3-639b77a36e50",
      "dblevel": 5,
      "location": "/VGMV/01_BaiGiang/HocTheoSachTrongKinhThanh/ThuTinCo-rinh-tothunhat-MSDangMinhTri/061-1Co100112_DungGionThuChua-P2",
      "isVideo": true,
      "url": "01-bai-giang.hoc-theo-sach-trong-kinh-thanh.thu-tin-co-rinh-to-thu-nhat-ms-dang-minh-tri.061-1co100112-dung-gion-thu-chua-p2",
      "name": "061-1Co100112_Đừng Giỡn Thử Chúa-P2",
      "count": 0,
      "isLeaf": null,
      "keyword": null,
      "hash": "U2FsdGVkX19tsh7iBigVHXYKM/fCPZQjQAiIVtUj5FlwGN/7wT9y7/9GGz4TJx6lrVrh/pl9NbBOm7YHXC7Mtg==",
      "khash": "U2FsdGVkX1+S7F3x08SAaC135YshPZEYn2HU6MpQznhJeSB9ars2UBzj6mMp2Jk3m7UYhdwu5lrV10+kIND34w==",
      "viewCount": null,
      "duration": "68:22",
      "size": 2103946738
    },
    {
      "id": "7c0b8e96-8c0b-447c-ad34-21c41316ae38",
      "pid": "8fe3ce0c-5a1d-46f0-80b3-639b77a36e50",
      "dblevel": 5,
      "location": "/VGMV/01_BaiGiang/HocTheoSachTrongKinhThanh/ThuTinCo-rinh-tothunhat-MSDangMinhTri/062-1Co100112_DungGionThuChua-P3",
      "isVideo": true,
      "url": "01-bai-giang.hoc-theo-sach-trong-kinh-thanh.thu-tin-co-rinh-to-thu-nhat-ms-dang-minh-tri.062-1co100112-dung-gion-thu-chua-p3",
      "name": "062-1Co100112_Đừng Giỡn Thử Chúa-P3",
      "count": 0,
      "isLeaf": null,
      "keyword": null,
      "hash": "U2FsdGVkX18AIB2Qb99r9EM1uAGbw8Jmvn5gWGEZrHMib5RaEmS1pDk2Bz2K9DNBBwyppcUSJpCcl0/XnjfQnA==",
      "khash": "U2FsdGVkX1926loh2gF2enjSyb5RyTJi70dAXvuo+rkg6Xm7QMdGb7KUBh04XiNRhC3kHsUSWGxQdjfqByL4Wg==",
      "viewCount": null,
      "duration": "65:24",
      "size": 2012343406
    },
    {
      "id": "98181363-42a7-492a-8e45-6ca3b072ad61",
      "pid": "8fe3ce0c-5a1d-46f0-80b3-639b77a36e50",
      "dblevel": 5,
      "location": "/VGMV/01_BaiGiang/HocTheoSachTrongKinhThanh/ThuTinCo-rinh-tothunhat-MSDangMinhTri/063-1Co101113_KhongBaoGioQuaKho",
      "isVideo": true,
      "url": "01-bai-giang.hoc-theo-sach-trong-kinh-thanh.thu-tin-co-rinh-to-thu-nhat-ms-dang-minh-tri.063-1co101113-khong-bao-gio-qua-kho",
      "name": "063-1Co101113_Không Bao Giờ Quá Khó",
      "count": 0,
      "isLeaf": null,
      "keyword": null,
      "hash": "",
      "khash": "U2FsdGVkX19h/P7m5AKh1ilnFO0Ms3/vsfbFYzR2xnXCdRTBWtgrXIFepeF6K45njLJkmUdvU4vFQ855sxWUzA==",
      "viewCount": null,
      "duration": "71:34",
      "size": 2205641675
    },
    {
      "id": "61ce8939-a281-4a54-9809-e4d086742ad8",
      "pid": "8fe3ce0c-5a1d-46f0-80b3-639b77a36e50",
      "dblevel": 5,
      "location": "/VGMV/01_BaiGiang/HocTheoSachTrongKinhThanh/ThuTinCo-rinh-tothunhat-MSDangMinhTri/064-1Co101433_UuTienDoiSong-P1",
      "isVideo": true,
      "url": "01-bai-giang.hoc-theo-sach-trong-kinh-thanh.thu-tin-co-rinh-to-thu-nhat-ms-dang-minh-tri.064-1co101433-uu-tien-doi-song-p1",
      "name": "064-1Co101433_Ưu Tiên Đời Sống-P1",
      "count": 0,
      "isLeaf": null,
      "keyword": null,
      "hash": "U2FsdGVkX1/RiTtrb+JvkXm6cg4VTsB39FTfUuMXaP37TiwmKRhziqumtqLbvU3ns2lFpJHwOeWQd6KgPm58sw==",
      "khash": "U2FsdGVkX1+4QSNBlKMhhaGNHDZU9M/R0MWNv2NXkl9iOKBXlEZizi1EktNmSDrUrDewBcZNNguLASo6gPTzHg==",
      "viewCount": null,
      "duration": "68:57",
      "size": 2121252126
    },
    {
      "id": "d0cb5e68-a349-4a27-b238-310fc3c222ac",
      "pid": "8fe3ce0c-5a1d-46f0-80b3-639b77a36e50",
      "dblevel": 5,
      "location": "/VGMV/01_BaiGiang/HocTheoSachTrongKinhThanh/ThuTinCo-rinh-tothunhat-MSDangMinhTri/065-1Co101433_UuTienDoiSong-P2",
      "isVideo": true,
      "url": "01-bai-giang.hoc-theo-sach-trong-kinh-thanh.thu-tin-co-rinh-to-thu-nhat-ms-dang-minh-tri.065-1co101433-uu-tien-doi-song-p2",
      "name": "065-1Co101433_Ưu Tiên Đời Sống-P2",
      "count": 0,
      "isLeaf": null,
      "keyword": null,
      "hash": "U2FsdGVkX18WDYH1PgntDgGFmy8Uj+A8qz729bTI3DFLfz8btU5VUSbeZIHUUDsGWA/0zxf5b6aHzWkBk06r1w==",
      "khash": "U2FsdGVkX1/C04CE8520SqiSIncXRjJBhkIJvBsIPsyotbdBaxUXEQOAs8sSE81P2+z2iMDHWZkY+xyUGDDAcQ==",
      "viewCount": null,
      "duration": "64:30",
      "size": 1990831062
    },
    {
      "id": "9c66b46d-b17d-4f98-820d-5f5dfd3ddeec",
      "pid": "8fe3ce0c-5a1d-46f0-80b3-639b77a36e50",
      "dblevel": 5,
      "location": "/VGMV/01_BaiGiang/HocTheoSachTrongKinhThanh/ThuTinCo-rinh-tothunhat-MSDangMinhTri/066-1Co101433_UuTienDoiSong-P3",
      "isVideo": true,
      "url": "01-bai-giang.hoc-theo-sach-trong-kinh-thanh.thu-tin-co-rinh-to-thu-nhat-ms-dang-minh-tri.066-1co101433-uu-tien-doi-song-p3",
      "name": "066-1Co101433_Ưu Tiên Đời Sống-P3",
      "count": 0,
      "isLeaf": null,
      "keyword": null,
      "hash": "U2FsdGVkX1+gXlZrEWENpRk6FZX/+7Qpaz5UOhEbRQfWys5kpR4o4mTdkGGMnsoM9gxRBm6mnXmZQwqs5PVtzw==",
      "khash": "U2FsdGVkX18eZy3g/eJgk3Da69YM4KcCrp1aFnSOycoAly+Juv9xveioNl8For3NjHBU6Mwsvq8dkFPiSwxKdw==",
      "viewCount": null,
      "duration": "62:0",
      "size": 1911177194
    },
    {
      "id": "3233009c-e6bd-4a2d-9cb8-ac62f84d421e",
      "pid": "8fe3ce0c-5a1d-46f0-80b3-639b77a36e50",
      "dblevel": 5,
      "location": "/VGMV/01_BaiGiang/HocTheoSachTrongKinhThanh/ThuTinCo-rinh-tothunhat-MSDangMinhTri/067-1Co101433_UuTienDoiSong-P4",
      "isVideo": true,
      "url": "01-bai-giang.hoc-theo-sach-trong-kinh-thanh.thu-tin-co-rinh-to-thu-nhat-ms-dang-minh-tri.067-1co101433-uu-tien-doi-song-p4",
      "name": "067-1Co101433_Ưu Tiên Đời Sống-P4",
      "count": 0,
      "isLeaf": null,
      "keyword": null,
      "hash": "U2FsdGVkX185/IwkAo6P8CZaHY9lnPkqTD6hNWZK09ZewIT4x0cIdvItm7q/xk1DmfOK+jsxharQRjReG1FMbw==",
      "khash": "U2FsdGVkX19jEHIG5rf/fbSknEBPPd7uEG5V1UR/uwI40hz/WY6gw8SLHjurMG3SuuwtRpjk56ul5ZKM9T3PgQ==",
      "viewCount": null,
      "duration": "67:5",
      "size": 2069700079
    },
    {
      "id": "206afca0-8237-4e5a-9e97-400db6a2e249",
      "pid": "8fe3ce0c-5a1d-46f0-80b3-639b77a36e50",
      "dblevel": 5,
      "location": "/VGMV/01_BaiGiang/HocTheoSachTrongKinhThanh/ThuTinCo-rinh-tothunhat-MSDangMinhTri/068-1Co103133_UuTienToiHauTrongDoiSong",
      "isVideo": true,
      "url": "01-bai-giang.hoc-theo-sach-trong-kinh-thanh.thu-tin-co-rinh-to-thu-nhat-ms-dang-minh-tri.068-1co103133-uu-tien-toi-hau-trong-doi-song",
      "name": "068-1Co103133_Ưu Tiên Tối Hậu Trong Đời Sống",
      "count": 0,
      "isLeaf": null,
      "keyword": null,
      "hash": "U2FsdGVkX1+xolmyEAr79ALB+v8ubpDJtOrwTrbvdROGdRwzi421m+UACKctlwjgw7/SbOFvQrgnr5kMYJwOtw==",
      "khash": "U2FsdGVkX1+zYvH9Jw6eS26SS/2og/Sl52LZqvCkjwakEktHL8DjJF608qYVE56dzlydT2CiXk2NPBPTr4WUCg==",
      "viewCount": null,
      "duration": "64:44",
      "size": 1998052895
    },
    {
      "id": "f17a59a0-8c7c-4412-92d2-4b24eb25aa88",
      "pid": "8fe3ce0c-5a1d-46f0-80b3-639b77a36e50",
      "dblevel": 5,
      "location": "/VGMV/01_BaiGiang/HocTheoSachTrongKinhThanh/ThuTinCo-rinh-tothunhat-MSDangMinhTri/069-1Co110116_VaiTroNguoiPhuNu-P1",
      "isVideo": true,
      "url": "01-bai-giang.hoc-theo-sach-trong-kinh-thanh.thu-tin-co-rinh-to-thu-nhat-ms-dang-minh-tri.069-1co110116-vai-tro-nguoi-phu-nu-p1",
      "name": "069-1Co110116_Vai Trò Người Phụ Nữ-P1",
      "count": 0,
      "isLeaf": null,
      "keyword": null,
      "hash": "U2FsdGVkX1/+0XBSKZm0YnJIe1F0XDkw5vvTGMyE3JpfzaKpuHgb8NVJL+H7+AuWlDb36xDCS3c1y/PY9ZdL0w==",
      "khash": "U2FsdGVkX1+Ccbb7gSNeBPdKEVxPXyhDcomQlsyZ2o8Vczhh7UTO8hYPO+q1dgbxpMqjRVmy/1Qw70E87UO1zA==",
      "viewCount": null,
      "duration": "68:2",
      "size": 2098749963
    },
    {
      "id": "edbb3c7a-630e-499c-8883-40b817af143e",
      "pid": "8fe3ce0c-5a1d-46f0-80b3-639b77a36e50",
      "dblevel": 5,
      "location": "/VGMV/01_BaiGiang/HocTheoSachTrongKinhThanh/ThuTinCo-rinh-tothunhat-MSDangMinhTri/070-1Co110116_VaiTroNguoiPhuNu-P2",
      "isVideo": true,
      "url": "01-bai-giang.hoc-theo-sach-trong-kinh-thanh.thu-tin-co-rinh-to-thu-nhat-ms-dang-minh-tri.070-1co110116-vai-tro-nguoi-phu-nu-p2",
      "name": "070-1Co110116_Vai Trò Người Phụ Nữ-P2",
      "count": 0,
      "isLeaf": null,
      "keyword": null,
      "hash": "U2FsdGVkX19aJbSFHJSMW1BTJELC6SbYv6ZTMmXL7HBTubfdEZP7xPUfJ/ys6PQR4cRYitFgcDsGOgdGfDH0gg==",
      "khash": "U2FsdGVkX1+Xqv4GeabJLT/EgP8M+cVBiQheubZHyH2uNc1RQ/2PQzWNv2QZ3ZeqVsuW2rErggMtYp4gAJU8gw==",
      "viewCount": null,
      "duration": "65:23",
      "size": 2018313501
    },
    {
      "id": "062d95be-2b5d-46ef-be92-d785acf9b750",
      "pid": "8fe3ce0c-5a1d-46f0-80b3-639b77a36e50",
      "dblevel": 5,
      "location": "/VGMV/01_BaiGiang/HocTheoSachTrongKinhThanh/ThuTinCo-rinh-tothunhat-MSDangMinhTri/077-1Co120111_HieuBietAnTuThuocLinh-P2",
      "isVideo": true,
      "url": "01-bai-giang.hoc-theo-sach-trong-kinh-thanh.thu-tin-co-rinh-to-thu-nhat-ms-dang-minh-tri.077-1co120111-hieu-biet-an-tu-thuoc-linh-p2",
      "name": "077-1Co120111_Hiểu Biết Ân Tứ Thuộc Linh-P2",
      "count": 0,
      "isLeaf": null,
      "keyword": null,
      "hash": "U2FsdGVkX1/qMEkeORTfgetYAtpI9cIwWlUhXAPaaeTsogpik6rrRDWymxIAmDvr0nuHgsZudCpRmEoPQeRDjw==",
      "khash": "U2FsdGVkX192JzPJzcU9kSFjX7HqKaxTNJWbwAHqKQ1H64knSD2zifyaLAXj0DBs/Sl1sJekA2WEi6nNkwwNxw==",
      "viewCount": null,
      "duration": "52:45",
      "size": 1629657285
    },
    {
      "id": "1d9e517a-5674-47ae-b2f2-088e5034c1c3",
      "pid": "8fe3ce0c-5a1d-46f0-80b3-639b77a36e50",
      "dblevel": 5,
      "location": "/VGMV/01_BaiGiang/HocTheoSachTrongKinhThanh/ThuTinCo-rinh-tothunhat-MSDangMinhTri/078-1Co120111_HieuBietAnTuThuocLinh-P3",
      "isVideo": true,
      "url": "01-bai-giang.hoc-theo-sach-trong-kinh-thanh.thu-tin-co-rinh-to-thu-nhat-ms-dang-minh-tri.078-1co120111-hieu-biet-an-tu-thuoc-linh-p3",
      "name": "078-1Co120111_Hiểu Biết Ân Tứ Thuộc Linh-P3",
      "count": 0,
      "isLeaf": null,
      "keyword": null,
      "hash": "U2FsdGVkX1+ed+maGrVoCCrcBekfqPE1VacJjn/JO6RTkiRW0urL3MP8hWK31atP2SZEAsIDZrZeoIl+kU9vkg==",
      "khash": "U2FsdGVkX18UW/fNoeTrcyudHh+GnG9cY7EKk4bZk+v2wRMP726RmjXCe45Iy2OGPZzYqRqUJ9VllFI5j93UBA==",
      "viewCount": null,
      "duration": "73:35",
      "size": 2271332108
    },
    {
      "id": "81897dfa-e25b-4b9e-86ed-fbef61ec2a0d",
      "pid": "8fe3ce0c-5a1d-46f0-80b3-639b77a36e50",
      "dblevel": 5,
      "location": "/VGMV/01_BaiGiang/HocTheoSachTrongKinhThanh/ThuTinCo-rinh-tothunhat-MSDangMinhTri/079-1Co120111_HieuBietAnTuThuocLinh-P4",
      "isVideo": true,
      "url": "01-bai-giang.hoc-theo-sach-trong-kinh-thanh.thu-tin-co-rinh-to-thu-nhat-ms-dang-minh-tri.079-1co120111-hieu-biet-an-tu-thuoc-linh-p4",
      "name": "079-1Co120111_Hiểu Biết Ân Tứ Thuộc Linh-P4",
      "count": 0,
      "isLeaf": null,
      "keyword": null,
      "hash": "U2FsdGVkX19VMSdDJ9vVAT7gAcbnWdqon0O20uhsqtav5EZ9AK/bSfhLCjnHL7/UDjdX62lpxGNxhNNlZjzLqg==",
      "khash": "U2FsdGVkX18ViQfS63iJ9NW2JVuN0/itS85U2d0Mac5LgNoLVSIbuUoeHTnLqXfT/NVQfLEj4PZttFYj++63Xw==",
      "viewCount": null,
      "duration": "70:3",
      "size": 2163551960
    },
    {
      "id": "e3e52a85-671a-4165-a5bc-5a335017c3f3",
      "pid": "8fe3ce0c-5a1d-46f0-80b3-639b77a36e50",
      "dblevel": 5,
      "location": "/VGMV/01_BaiGiang/HocTheoSachTrongKinhThanh/ThuTinCo-rinh-tothunhat-MSDangMinhTri/080-1Co120811_SuDungAnTuThuocLinh",
      "isVideo": true,
      "url": "01-bai-giang.hoc-theo-sach-trong-kinh-thanh.thu-tin-co-rinh-to-thu-nhat-ms-dang-minh-tri.080-1co120811-su-dung-an-tu-thuoc-linh",
      "name": "080-1Co120811_Sử Dụng Ân Tứ Thuộc Linh",
      "count": 0,
      "isLeaf": null,
      "keyword": null,
      "hash": "U2FsdGVkX18UKGWxgmVdVrglIck+136COY7GvEi1LQSdVgi9d8LDE2mpa6UrOp34xwzQyrRDz7Lvpc9fH7Z/0w==",
      "khash": "U2FsdGVkX1+2NArnPQKchyiQL96uA2dr3Cu8/RScq8QYAsYZc26NqBK5Ugoul46bM8Gw/FDWvZRqFf6/Lr+53g==",
      "viewCount": null,
      "duration": "67:4",
      "size": 2068247006
    },
    {
      "id": "a50ed7a4-18db-4bed-aac7-dc23b3d600f6",
      "pid": "8fe3ce0c-5a1d-46f0-80b3-639b77a36e50",
      "dblevel": 5,
      "location": "/VGMV/01_BaiGiang/HocTheoSachTrongKinhThanh/ThuTinCo-rinh-tothunhat-MSDangMinhTri/081-1Co120811_AnTuChuaBenhVaPhepLa",
      "isVideo": true,
      "url": "01-bai-giang.hoc-theo-sach-trong-kinh-thanh.thu-tin-co-rinh-to-thu-nhat-ms-dang-minh-tri.081-1co120811-an-tu-chua-benh-va-phep-la",
      "name": "081-1Co120811_Ân Tứ Chữa Bệnh Và Phép Lạ",
      "count": 0,
      "isLeaf": null,
      "keyword": null,
      "hash": "U2FsdGVkX1+ee13+N+P6eCJD4gDuG7BPHma6Sgd3Tx6/7BScczpzENpzzFuxpkKZmbb5CwBgvFoXYijzFRlt5g==",
      "khash": "U2FsdGVkX19TPdH89Ht5EtC1TLGsOFeUEtR9AuJhJcLKzyPURLauPzfilHRehqgd/U4RyC8+zWIAFD/luBIdSg==",
      "viewCount": null,
      "duration": "77:30",
      "size": 2389961298
    },
    {
      "id": "6ec88e37-fe45-4eeb-b5b2-278186b9b090",
      "pid": "8fe3ce0c-5a1d-46f0-80b3-639b77a36e50",
      "dblevel": 5,
      "location": "/VGMV/01_BaiGiang/HocTheoSachTrongKinhThanh/ThuTinCo-rinh-tothunhat-MSDangMinhTri/082-1Co120811_AnTuChanBay-P1",
      "isVideo": true,
      "url": "01-bai-giang.hoc-theo-sach-trong-kinh-thanh.thu-tin-co-rinh-to-thu-nhat-ms-dang-minh-tri.082-1co120811-an-tu-chan-bay-p1",
      "name": "082-1Co120811_Ân Tứ Chăn Bầy-P1",
      "count": 0,
      "isLeaf": null,
      "keyword": null,
      "hash": "U2FsdGVkX18HXEKYudeYJHcKH5ZgYNrMfj3/ZpweXQuVjCtLlkpj9s+ZScukmjdoBGerx0f1TbXPSlxHIWEz7g==",
      "khash": "U2FsdGVkX19IePPqOmbU13gta97//9e/tiFuhSnf4QOUVz247moNTQLC0Uc+zEYyQp9tTdorkKkqyxCuN43Igg==",
      "viewCount": null,
      "duration": "65:35",
      "size": 2021864818
    },
    {
      "id": "4e672f25-25b1-487c-bbe4-f52900455a12",
      "pid": "8fe3ce0c-5a1d-46f0-80b3-639b77a36e50",
      "dblevel": 5,
      "location": "/VGMV/01_BaiGiang/HocTheoSachTrongKinhThanh/ThuTinCo-rinh-tothunhat-MSDangMinhTri/083-1Co120811_AnTuChanBay-P2",
      "isVideo": true,
      "url": "01-bai-giang.hoc-theo-sach-trong-kinh-thanh.thu-tin-co-rinh-to-thu-nhat-ms-dang-minh-tri.083-1co120811-an-tu-chan-bay-p2",
      "name": "083-1Co120811_Ân Tứ Chăn Bầy-P2",
      "count": 0,
      "isLeaf": null,
      "keyword": null,
      "hash": "U2FsdGVkX18VEJInUxEEq0vgkqs3o+5H8dmrOsh2q1aLxU+EdblacNIAOOnXdIRpQHDqROirmM/VgW+cZCoLnQ==",
      "khash": "U2FsdGVkX18ImUtm5IHK3IY9Pg1BwQK9pnZ81CfHFlFwOM09IOLzgI2KhsonX/l5FUaUUOBM+fZh44mLV14hIA==",
      "viewCount": null,
      "duration": "75:35",
      "size": 2334709514
    },
    {
      "id": "189b25e0-d9c0-43da-a962-8199b9be64aa",
      "pid": "8fe3ce0c-5a1d-46f0-80b3-639b77a36e50",
      "dblevel": 5,
      "location": "/VGMV/01_BaiGiang/HocTheoSachTrongKinhThanh/ThuTinCo-rinh-tothunhat-MSDangMinhTri/084-1Co121227_ToiVaHoiThanhToi-P1",
      "isVideo": true,
      "url": "01-bai-giang.hoc-theo-sach-trong-kinh-thanh.thu-tin-co-rinh-to-thu-nhat-ms-dang-minh-tri.084-1co121227-toi-va-hoi-thanh-toi-p1",
      "name": "084-1Co121227_Tôi Và Hội Thánh Tôi-P1",
      "count": 0,
      "isLeaf": null,
      "keyword": null,
      "hash": "U2FsdGVkX1+2iZwvr8yQ+xBNEOgJkTJbWGR2eoB6SzKB6K6KLVo+FZkanHcOMVqzbJtM9wncspLyuIkQiWmgXg==",
      "khash": null,
      "viewCount": null,
      "duration": "62:32",
      "size": 1930842711
    },
    {
      "id": "bd429073-cc04-4c38-b87f-a94bb25a7520",
      "pid": "8fe3ce0c-5a1d-46f0-80b3-639b77a36e50",
      "dblevel": 5,
      "location": "/VGMV/01_BaiGiang/HocTheoSachTrongKinhThanh/ThuTinCo-rinh-tothunhat-MSDangMinhTri/085-1Co121227_ToiVaHoiThanhToi-P2",
      "isVideo": true,
      "url": "01-bai-giang.hoc-theo-sach-trong-kinh-thanh.thu-tin-co-rinh-to-thu-nhat-ms-dang-minh-tri.085-1co121227-toi-va-hoi-thanh-toi-p2",
      "name": "085-1Co121227_Tôi Và Hội Thánh Tôi-P2",
      "count": 0,
      "isLeaf": null,
      "keyword": null,
      "hash": "",
      "khash": null,
      "viewCount": null,
      "duration": "59:36",
      "size": 1833963570
    },
    {
      "id": "7da1209d-f7dd-4cd0-a9df-415ad187d492",
      "pid": "8fe3ce0c-5a1d-46f0-80b3-639b77a36e50",
      "dblevel": 5,
      "location": "/VGMV/01_BaiGiang/HocTheoSachTrongKinhThanh/ThuTinCo-rinh-tothunhat-MSDangMinhTri/086-1Co121227_ToiVaHoiThanhToi-P3",
      "isVideo": true,
      "url": "01-bai-giang.hoc-theo-sach-trong-kinh-thanh.thu-tin-co-rinh-to-thu-nhat-ms-dang-minh-tri.086-1co121227-toi-va-hoi-thanh-toi-p3",
      "name": "086-1Co121227_Tôi Và Hội Thánh Tôi-P3",
      "count": 0,
      "isLeaf": null,
      "keyword": null,
      "hash": "",
      "khash": null,
      "viewCount": null,
      "duration": "64:45",
      "size": 1997228094
    },
    {
      "id": "1dc724c1-0988-430c-94d9-a4317ac3f27b",
      "pid": "8fe3ce0c-5a1d-46f0-80b3-639b77a36e50",
      "dblevel": 5,
      "location": "/VGMV/01_BaiGiang/HocTheoSachTrongKinhThanh/ThuTinCo-rinh-tothunhat-MSDangMinhTri/71-1Co110116_SongThucNghiemVaiTroGioiTinhChuaBan",
      "isVideo": true,
      "url": "01-bai-giang.hoc-theo-sach-trong-kinh-thanh.thu-tin-co-rinh-to-thu-nhat-ms-dang-minh-tri.071-1co110116-song-thuc-nghiem-vai-tro-gioi-tinh-chua-ban",
      "name": "71-1Co110116_Sống Thực Nghiệm Vai Trò Giới Tính Chúa Ban",
      "count": 0,
      "isLeaf": null,
      "keyword": null,
      "hash": "U2FsdGVkX18qwdzyTFWP1sB5dE8ti9j0iQz1T6pvou0QdcqDBd1p7G9DsNVnB2likQDOXJQId61YyQWKTwwAzw==",
      "khash": "U2FsdGVkX1+BeyrFa7AfcUtauIA91t83R8gx3yTYqg3IbytmUe/N8Ywa3Wl39ndc8OxtePScZCD6/3NGz9wBnQ==",
      "viewCount": null,
      "duration": "71:6",
      "size": 2191862821
    },
    {
      "id": "8e98cd3d-19e3-40b7-b230-d31d812ce09a",
      "pid": "8fe3ce0c-5a1d-46f0-80b3-639b77a36e50",
      "dblevel": 5,
      "location": "/VGMV/01_BaiGiang/HocTheoSachTrongKinhThanh/ThuTinCo-rinh-tothunhat-MSDangMinhTri/72-1Co111734_CuHanhThanhLeTiecThanh-P1",
      "isVideo": true,
      "url": "01-bai-giang.hoc-theo-sach-trong-kinh-thanh.thu-tin-co-rinh-to-thu-nhat-ms-dang-minh-tri.072-1co111734-cu-hanh-thanh-le-tiec-thanh-p1",
      "name": "72-1Co111734_Cử Hành Thánh Lễ Tiệc Thánh-P1",
      "count": 0,
      "isLeaf": null,
      "keyword": null,
      "hash": "U2FsdGVkX1/Wjt+X2q0KoBnhxkw9XgWWKUJG6sPqZ8xumxUVXRTP9pHcyTzZItFhQmwu3igS71inP5vpb1gTdQ==",
      "khash": "U2FsdGVkX1+Xqek5a4iT4EBCUpMIxveVdduX55T87cpmVLFkH4dxmzPS4XgBRB7P4m4X0fWyP1XLhyL/kedlHw==",
      "viewCount": null,
      "duration": "66:9",
      "size": 2039798014
    },
    {
      "id": "8e9e0f6b-d5d9-406b-84de-9ee3d70ce081",
      "pid": "8fe3ce0c-5a1d-46f0-80b3-639b77a36e50",
      "dblevel": 5,
      "location": "/VGMV/01_BaiGiang/HocTheoSachTrongKinhThanh/ThuTinCo-rinh-tothunhat-MSDangMinhTri/73-1Co111734_CuHanhThanhLeTiecThanh-P2",
      "isVideo": true,
      "url": "01-bai-giang.hoc-theo-sach-trong-kinh-thanh.thu-tin-co-rinh-to-thu-nhat-ms-dang-minh-tri.073-1co111734-cu-hanh-thanh-le-tiec-thanh-p2",
      "name": "73-1Co111734_Cử Hành Thánh Lễ Tiệc Thánh-P2",
      "count": 0,
      "isLeaf": null,
      "keyword": null,
      "hash": "U2FsdGVkX18molY1RRmqtkKhlEefybCYfjXYswqbKBMV/776VFXLwFxv0bQYDu8Gift7ed5LIR5XQ42giSkm0Q==",
      "khash": "U2FsdGVkX19NWjv2ohl35+bTWcFVeTD5Vzug5epHWPdmn5264qx5kbyIwb90ZBIxIobT1lPGvOcUL41OH4qsKQ==",
      "viewCount": null,
      "duration": "67:59",
      "size": 2096166237
    },
    {
      "id": "40f06932-6814-4d52-b279-a75ea4087acb",
      "pid": "8fe3ce0c-5a1d-46f0-80b3-639b77a36e50",
      "dblevel": 5,
      "location": "/VGMV/01_BaiGiang/HocTheoSachTrongKinhThanh/ThuTinCo-rinh-tothunhat-MSDangMinhTri/74-1Co111734_CuHanhThanhLeTiecThanh-P3",
      "isVideo": true,
      "url": "01-bai-giang.hoc-theo-sach-trong-kinh-thanh.thu-tin-co-rinh-to-thu-nhat-ms-dang-minh-tri.074-1co111734-cu-hanh-thanh-le-tiec-thanh-p3",
      "name": "74-1Co111734_Cử Hành Thánh Lễ Tiệc Thánh-P3",
      "count": 0,
      "isLeaf": null,
      "keyword": null,
      "hash": "U2FsdGVkX18na4Hsm9Sc9gkl0wTkV/iXWcLWyKup+6sorvJHmUDIIPNVOUzek2MMgBMaw9LI9P8vbLNFKyd+zA==",
      "khash": "U2FsdGVkX1+MOfRywSS/R6kOGpqJF0ZE8Vuvl8+ihl3tSSwtSn1Y0LYgfqZYjb59lXwGSANrSA3wKGnLOhYTzw==",
      "viewCount": null,
      "duration": "66:45",
      "size": 2060653591
    },
    {
      "id": "36a76d6d-51ff-4dd7-bf88-1bd611c2b59d",
      "pid": "8fe3ce0c-5a1d-46f0-80b3-639b77a36e50",
      "dblevel": 5,
      "location": "/VGMV/01_BaiGiang/HocTheoSachTrongKinhThanh/ThuTinCo-rinh-tothunhat-MSDangMinhTri/75-1Co111734_CuHanhThanhLeTiecThanh-P4",
      "isVideo": true,
      "url": "01-bai-giang.hoc-theo-sach-trong-kinh-thanh.thu-tin-co-rinh-to-thu-nhat-ms-dang-minh-tri.075-1co111734-cu-hanh-thanh-le-tiec-thanh-p4",
      "name": "75-1Co111734_Cử Hành Thánh Lễ Tiệc Thánh-P4",
      "count": 0,
      "isLeaf": null,
      "keyword": null,
      "hash": "U2FsdGVkX1+aASglPzXU88Ectga4+JkoMjVXK0ceD4cJ1KMGK9rQiY83ZsHTAxKkydFXRr+WOBM9VZaEK4gvBA==",
      "khash": "U2FsdGVkX1+GZsyU9yWdgf5AsknQbU7jPXU1TNlxt0blP9/Eo8+XVGqsz8ijQI1y28GJCLbkPtIwqx/cftQi4A==",
      "viewCount": null,
      "duration": "64:48",
      "size": 1999961151
    },
    {
      "id": "ce15bf1b-b13f-4dde-8319-c0f5886ac1b7",
      "pid": "8fe3ce0c-5a1d-46f0-80b3-639b77a36e50",
      "dblevel": 5,
      "location": "/VGMV/01_BaiGiang/HocTheoSachTrongKinhThanh/ThuTinCo-rinh-tothunhat-MSDangMinhTri/76-1Co120111_HieuBietAnTuThuocLinh-P1",
      "isVideo": true,
      "url": "01-bai-giang.hoc-theo-sach-trong-kinh-thanh.thu-tin-co-rinh-to-thu-nhat-ms-dang-minh-tri.076-1co120111-hieu-biet-an-tu-thuoc-linh-p1",
      "name": "76-1Co120111_Hiểu Biết Ân Tứ Thuộc Linh-P1",
      "count": 0,
      "isLeaf": null,
      "keyword": null,
      "hash": "U2FsdGVkX1+iOALvR57VSwjuXusB/a/3UJsOt13znDaFmWHBiHCAxIeYP2witaU9Ls88T2Ad4mbQK5L5gH7Pzw==",
      "khash": "U2FsdGVkX1+/vNys709WaeSAH3jIsiqX4uaj71URwHM28m5rx/EccQHarksh9YkJeh3uelXNhGGOc0EJAQrrEQ==",
      "viewCount": null,
      "duration": "64:39",
      "size": 1902147849
    }
  ]
}