{
  "id": "15d74683-da04-41c6-8a10-2d1e62a9c0f8",
  "pid": "898cfb55-51f0-4444-aebd-db94d9c550d8",
  "dblevel": 4,
  "location": "/VGMV/01_BaiGiang/MucsuNguyenThi/Nam2021",
  "isVideo": true,
  "url": "01-bai-giang.muc-su-nguyen-thi.nam-2021",
  "name": "Năm 2021",
  "count": 33,
  "isLeaf": true,
  "keyword": null,
  "hash": null,
  "khash": null,
  "viewCount": null,
  "duration": null,
  "size": null,
  "children": [
    {
      "id": "c46f5377-2d45-45a6-9812-730d352ff6a7",
      "pid": "15d74683-da04-41c6-8a10-2d1e62a9c0f8",
      "dblevel": 5,
      "location": "/VGMV/01_BaiGiang/MucsuNguyenThi/Nam2021/01032021_HanhPhucDauNam",
      "isVideo": true,
      "url": "01-bai-giang.muc-su-nguyen-thi.nam-2021.01032021-hanh-phuc-dau-nam",
      "name": "01032021_Hạnh Phúc Đầu Năm",
      "count": 0,
      "isLeaf": null,
      "keyword": null,
      "hash": "",
      "khash": "U2FsdGVkX19VyVFhCjERTsS1rj86+2gYrnXBkwL4kvzmdiCl0g/bzexUErydNwU7XGX/lSFmu/00ry9mOa6l4g==",
      "viewCount": null,
      "duration": "38:26",
      "size": 982188728
    },
    {
      "id": "3d8bfe90-1529-423f-b499-ae5126e3cdbd",
      "pid": "15d74683-da04-41c6-8a10-2d1e62a9c0f8",
      "dblevel": 5,
      "location": "/VGMV/01_BaiGiang/MucsuNguyenThi/Nam2021/01102021_CauNguyenDauNam",
      "isVideo": true,
      "url": "01-bai-giang.muc-su-nguyen-thi.nam-2021.01102021-cau-nguyen-dau-nam",
      "name": "01102021_Cầu Nguyện Đầu Năm",
      "count": 0,
      "isLeaf": null,
      "keyword": null,
      "hash": "",
      "khash": "U2FsdGVkX19KJN9f92+LEq1y+5wWXa/BcEuPgHrYj2LuVJNBDeSH+/uemNG7ckxvR++ePutBaPgC0+a2toX8UQ==",
      "viewCount": null,
      "duration": "41:7",
      "size": 968929711
    },
    {
      "id": "8a8eb09b-7d24-41f3-9d78-8ad74f79bb51",
      "pid": "15d74683-da04-41c6-8a10-2d1e62a9c0f8",
      "dblevel": 5,
      "location": "/VGMV/01_BaiGiang/MucsuNguyenThi/Nam2021/01172021_ChuyenChetSong-ChuyenSongChet",
      "isVideo": true,
      "url": "01-bai-giang.muc-su-nguyen-thi.nam-2021.01172021-chuyen-chet-song-chuyen-song-chet",
      "name": "01172021_Chuyển Chết Sống - Chuyện Sống Chết",
      "count": 0,
      "isLeaf": null,
      "keyword": null,
      "hash": "",
      "khash": "U2FsdGVkX1/b0AQv8ww3nKJW+sUStRbqV8fW6mGdlTadZpu27xp1m3HyzTNzD1ZpA/KRdy1vUrF3BwqnGjyw2Q==",
      "viewCount": null,
      "duration": "36:20",
      "size": 941888831
    },
    {
      "id": "175b5b44-3523-47dc-9841-691879a21091",
      "pid": "15d74683-da04-41c6-8a10-2d1e62a9c0f8",
      "dblevel": 5,
      "location": "/VGMV/01_BaiGiang/MucsuNguyenThi/Nam2021/02072021_NhanLoaiMoi",
      "isVideo": true,
      "url": "01-bai-giang.muc-su-nguyen-thi.nam-2021.02072021-nhan-loai-moi",
      "name": "02072021_Nhân Loại Mới",
      "count": 0,
      "isLeaf": null,
      "keyword": null,
      "hash": "",
      "khash": "U2FsdGVkX19650B7INl33AWg49K9xm7Ca+xoK0ICUwg5XVHoKetEh4d2jBJ1MJMxS1MymiPuZcRceHVJLKWCZQ==",
      "viewCount": null,
      "duration": "36:56",
      "size": 1100597135
    },
    {
      "id": "315d1e14-4ab2-4290-9bad-0a98c7a10592",
      "pid": "15d74683-da04-41c6-8a10-2d1e62a9c0f8",
      "dblevel": 5,
      "location": "/VGMV/01_BaiGiang/MucsuNguyenThi/Nam2021/02142021_NamMoi-TinhYeuMoi",
      "isVideo": true,
      "url": "01-bai-giang.muc-su-nguyen-thi.nam-2021.02142021-nam-moi-tinh-yeu-moi",
      "name": "02142021_Năm Mới - Tình Yêu Mới",
      "count": 0,
      "isLeaf": null,
      "keyword": null,
      "hash": "",
      "khash": "U2FsdGVkX19TPFyQ5/LHEFjN021WmvFpoNK7sYGsbTKSEaLgafwGILnjSwpULry2uyjpGbf/NfckgBctJsLrQA==",
      "viewCount": null,
      "duration": "33:38",
      "size": 1035694583
    },
    {
      "id": "8d43cd76-3147-4a85-b516-ac16ac6a0c3c",
      "pid": "15d74683-da04-41c6-8a10-2d1e62a9c0f8",
      "dblevel": 5,
      "location": "/VGMV/01_BaiGiang/MucsuNguyenThi/Nam2021/02282021_TinDoHoiThanhOrange",
      "isVideo": true,
      "url": "01-bai-giang.muc-su-nguyen-thi.nam-2021.02282021-tin-do-hoi-thanh-orange",
      "name": "02282021_Tín Đồ Hội Thánh Orange",
      "count": 0,
      "isLeaf": null,
      "keyword": null,
      "hash": "",
      "khash": "U2FsdGVkX1+aN3f3GAAtMzcMqdtjg/xoIpz7qrW+Wz17RjODo5tN5XHavJ15Ab2qWpqwcjMog8oLYEWJIomwAA==",
      "viewCount": null,
      "duration": "28:22",
      "size": 655406291
    },
    {
      "id": "229e7a1d-2ed0-4f2c-bca8-66382f875fdb",
      "pid": "15d74683-da04-41c6-8a10-2d1e62a9c0f8",
      "dblevel": 5,
      "location": "/VGMV/01_BaiGiang/MucsuNguyenThi/Nam2021/03082021_KinhSoDangChrist",
      "isVideo": true,
      "url": "01-bai-giang.muc-su-nguyen-thi.nam-2021.03082021-kinh-so-dang-christ",
      "name": "03082021_Kính Sợ Đấng Christ",
      "count": 0,
      "isLeaf": null,
      "keyword": null,
      "hash": "",
      "khash": "U2FsdGVkX19iGneILZnP/ZR2CP0kmJxfenAyddbdRYlkM12MBGoKHErmr9xMGOuC5j+qJpegHqw3+aFbZQDjsw==",
      "viewCount": null,
      "duration": "40:20",
      "size": 1256861260
    },
    {
      "id": "64d130b4-26b1-42ef-9622-9f006ad34c54",
      "pid": "15d74683-da04-41c6-8a10-2d1e62a9c0f8",
      "dblevel": 5,
      "location": "/VGMV/01_BaiGiang/MucsuNguyenThi/Nam2021/03152021_ChienTranhTamLinh",
      "isVideo": true,
      "url": "01-bai-giang.muc-su-nguyen-thi.nam-2021.03152021-chien-tranh-tam-linh",
      "name": "03152021_Chiến Tranh Tâm Linh",
      "count": 0,
      "isLeaf": null,
      "keyword": null,
      "hash": "",
      "khash": "U2FsdGVkX1+DBzVyj1DQmhNJJLSAA4/kfbCfYN0/HH3SSVVs2MKprhg9fMLT/t3SiajXZT9EGymZ8VIZXXH1og==",
      "viewCount": null,
      "duration": "32:46",
      "size": 1005068651
    },
    {
      "id": "f3964f7b-e4f0-4505-8715-fdfd782ff124",
      "pid": "15d74683-da04-41c6-8a10-2d1e62a9c0f8",
      "dblevel": 5,
      "location": "/VGMV/01_BaiGiang/MucsuNguyenThi/Nam2021/04052021_TinThat-TinGia-TinMung",
      "isVideo": true,
      "url": "01-bai-giang.muc-su-nguyen-thi.nam-2021.04052021-tin-that-tin-gia-tin-mung",
      "name": "04052021_Tin Thật - Tin Giả - Tin Mừng",
      "count": 0,
      "isLeaf": null,
      "keyword": null,
      "hash": "",
      "khash": "U2FsdGVkX1/q36ho6VC+H/PykaBD8v+94eqy5Qhds+AFdM8tECwHgW5muWS96UInRNYmiChZVk7ih/v/eV9+Pg==",
      "viewCount": null,
      "duration": "36:33",
      "size": 1092939993
    },
    {
      "id": "778a87fe-1d4f-4e04-8fb2-bc9b7b00fd64",
      "pid": "15d74683-da04-41c6-8a10-2d1e62a9c0f8",
      "dblevel": 5,
      "location": "/VGMV/01_BaiGiang/MucsuNguyenThi/Nam2021/04112021_DayNhanTinhXichYeuThuong",
      "isVideo": true,
      "url": "01-bai-giang.muc-su-nguyen-thi.nam-2021.04112021-day-nhan-tinh-xich-yeu-thuong",
      "name": "04112021_Dây Nhân Tình Xích Yêu Thương",
      "count": 0,
      "isLeaf": null,
      "keyword": null,
      "hash": "",
      "khash": "U2FsdGVkX1940Jft6N5i4HJpxe81/UEk8ImCIClKxEa65Ey0KtIl3HRwp2n/wNz80DTlSATwjUOmJDRYTHQv4A==",
      "viewCount": null,
      "duration": "34:20",
      "size": 1023867767
    },
    {
      "id": "e8e8bb78-9dae-4eba-9364-d81ac897bdc4",
      "pid": "15d74683-da04-41c6-8a10-2d1e62a9c0f8",
      "dblevel": 5,
      "location": "/VGMV/01_BaiGiang/MucsuNguyenThi/Nam2021/04182021_NgayCuaDucGie-ho-va",
      "isVideo": true,
      "url": "01-bai-giang.muc-su-nguyen-thi.nam-2021.04182021-ngay-cua-duc-gie-ho-va",
      "name": "04182021_Ngày Của Đức Giê-hô-va",
      "count": 0,
      "isLeaf": null,
      "keyword": null,
      "hash": "",
      "khash": "U2FsdGVkX19mNteL/bvumPcFM51NUVP9ioOnWd1xBSMFDgF81/kUHyOQbegZGHIWXJLR8zoJwlg4v8G283zTvA==",
      "viewCount": null,
      "duration": "29:1",
      "size": 843276852
    },
    {
      "id": "d0228bc2-4d27-4c7f-b10a-0059dec88ed2",
      "pid": "15d74683-da04-41c6-8a10-2d1e62a9c0f8",
      "dblevel": 5,
      "location": "/VGMV/01_BaiGiang/MucsuNguyenThi/Nam2021/05162021_DoiKhatLoiChua",
      "isVideo": true,
      "url": "01-bai-giang.muc-su-nguyen-thi.nam-2021.05162021-doi-khat-loi-chua",
      "name": "05162021_Đói Khát Lời Chúa",
      "count": 0,
      "isLeaf": null,
      "keyword": null,
      "hash": "",
      "khash": "U2FsdGVkX1/0uxpiE3DbUW3WeOXbRcd3YqGHDlT6WOCuhys/NrToG96heBvqt/k2iunhaT/0TXmz6lI+6Yyf+A==",
      "viewCount": null,
      "duration": "34:28",
      "size": 1003517142
    },
    {
      "id": "5f2408f1-f691-42e2-b809-647cc7f81d45",
      "pid": "15d74683-da04-41c6-8a10-2d1e62a9c0f8",
      "dblevel": 5,
      "location": "/VGMV/01_BaiGiang/MucsuNguyenThi/Nam2021/05232021_DucThanhLinhGiangLam",
      "isVideo": true,
      "url": "01-bai-giang.muc-su-nguyen-thi.nam-2021.05232021-duc-thanh-linh-giang-lam",
      "name": "05232021_Đức Thánh Linh Giáng Lâm",
      "count": 0,
      "isLeaf": null,
      "keyword": null,
      "hash": "",
      "khash": "U2FsdGVkX1+/nB4bLiCUucPaCC23CNiVKJzbYcHzGadoau/0ZPRM64c9kiY4EpG92tHul3XaAsqPmWgL9AouRg==",
      "viewCount": null,
      "duration": "41:21",
      "size": 1215850967
    },
    {
      "id": "d4bd4453-d2ba-49ab-97ad-3eeed7165c54",
      "pid": "15d74683-da04-41c6-8a10-2d1e62a9c0f8",
      "dblevel": 5,
      "location": "/VGMV/01_BaiGiang/MucsuNguyenThi/Nam2021/05302021_DayDuaVaConSau",
      "isVideo": true,
      "url": "01-bai-giang.muc-su-nguyen-thi.nam-2021.05302021-day-dua-va-con-sau",
      "name": "05302021_Dây Dưa Và Con Sâu",
      "count": 0,
      "isLeaf": null,
      "keyword": null,
      "hash": "",
      "khash": "U2FsdGVkX1+Z5QyxbqpBPtNy4zqOHCIgWlvuUmythxN65Btuj68MxHj+DwGHwZHMleM6X2EAy2dGt7tDu/7LEw==",
      "viewCount": null,
      "duration": "45:6",
      "size": 751190305
    },
    {
      "id": "ae4fdf45-c56c-45cc-930f-edf04c47da22",
      "pid": "15d74683-da04-41c6-8a10-2d1e62a9c0f8",
      "dblevel": 5,
      "location": "/VGMV/01_BaiGiang/MucsuNguyenThi/Nam2021/06202021_Tu-Te-Tri-Binh",
      "isVideo": true,
      "url": "01-bai-giang.muc-su-nguyen-thi.nam-2021.06202021-tu-te-tri-binh",
      "name": "06202021_Tu - Tề - Trị - Bình",
      "count": 0,
      "isLeaf": null,
      "keyword": null,
      "hash": "",
      "khash": "U2FsdGVkX1/gSEEZimKuHWztl7s+GeejLAJ+ghMRJG4g2qe8QgKJvSuKDYP4q5pKi0PLbEM0ysXN8UXLZfCo7g==",
      "viewCount": null,
      "duration": "26:43",
      "size": 777088421
    },
    {
      "id": "834f7b03-c730-4396-83bb-94913a732147",
      "pid": "15d74683-da04-41c6-8a10-2d1e62a9c0f8",
      "dblevel": 5,
      "location": "/VGMV/01_BaiGiang/MucsuNguyenThi/Nam2021/07112021_SongBoiDucTin",
      "isVideo": true,
      "url": "01-bai-giang.muc-su-nguyen-thi.nam-2021.07112021-song-boi-duc-tin",
      "name": "07112021_Sống Bởi Đức Tin",
      "count": 0,
      "isLeaf": null,
      "keyword": null,
      "hash": "",
      "khash": "U2FsdGVkX19D6ZQYOHjoXQwpT+TckG8mMByeS3V6qmVlaxpI6yT4dc1f4BQafwKJgcHnFknn+3uicINJjFzguQ==",
      "viewCount": null,
      "duration": "36:3",
      "size": 988149956
    },
    {
      "id": "3dfb1556-7884-4b4e-9705-9c7be4995418",
      "pid": "15d74683-da04-41c6-8a10-2d1e62a9c0f8",
      "dblevel": 5,
      "location": "/VGMV/01_BaiGiang/MucsuNguyenThi/Nam2021/07182021_AnMaKhongNo",
      "isVideo": true,
      "url": "01-bai-giang.muc-su-nguyen-thi.nam-2021.07182021-an-ma-khong-no",
      "name": "07182021_Ăn Mà Không No",
      "count": 0,
      "isLeaf": null,
      "keyword": null,
      "hash": "",
      "khash": "U2FsdGVkX1/R2pBe9u/WgsOvRedy0OznFe8Mglw/YCaii3FciafQOpUHGhIBHKJQwWWRU1Jx2VXdH8LJpIu9dQ==",
      "viewCount": null,
      "duration": "35:47",
      "size": 1045798151
    },
    {
      "id": "85cb9c14-d8a5-4fa8-8ce9-7e11338e82d2",
      "pid": "15d74683-da04-41c6-8a10-2d1e62a9c0f8",
      "dblevel": 5,
      "location": "/VGMV/01_BaiGiang/MucsuNguyenThi/Nam2021/07252021_BoiThanTa",
      "isVideo": true,
      "url": "01-bai-giang.muc-su-nguyen-thi.nam-2021.07252021-boi-than-ta",
      "name": "07252021_Bởi Thần Ta",
      "count": 0,
      "isLeaf": null,
      "keyword": null,
      "hash": "",
      "khash": "U2FsdGVkX18NsrBlo3co5fcrwKdXD3vHtxr3BHlRltmkVief0KuIHHnCnNNTCWUTaW16gK1RVJMLTqtYuBrqJw==",
      "viewCount": null,
      "duration": "34:50",
      "size": 973289105
    },
    {
      "id": "ea831e0c-112b-407f-ad24-a6a07af80b8a",
      "pid": "15d74683-da04-41c6-8a10-2d1e62a9c0f8",
      "dblevel": 5,
      "location": "/VGMV/01_BaiGiang/MucsuNguyenThi/Nam2021/08082021_PhuocKhongChoChua",
      "isVideo": true,
      "url": "01-bai-giang.muc-su-nguyen-thi.nam-2021.08082021-phuoc-khong-cho-chua",
      "name": "08082021_Phước Không Chỗ Chứa",
      "count": 0,
      "isLeaf": null,
      "keyword": null,
      "hash": "",
      "khash": "U2FsdGVkX1+igoxaE7cEm2ukQ/btDyiC1OuoOxHECemveqhAEyxPRC81LYG/wE4kWwNcrR5MZhtHImJm+nW1kA==",
      "viewCount": null,
      "duration": "39:51",
      "size": 1198233202
    },
    {
      "id": "9270d8c4-0fc9-4120-97c2-4cb926a3e507",
      "pid": "15d74683-da04-41c6-8a10-2d1e62a9c0f8",
      "dblevel": 5,
      "location": "/VGMV/01_BaiGiang/MucsuNguyenThi/Nam2021/08222021_ChanDungHoiThanh",
      "isVideo": true,
      "url": "01-bai-giang.muc-su-nguyen-thi.nam-2021.08222021-chan-dung-hoi-thanh",
      "name": "08222021_Chân Dung Hội Thánh",
      "count": 0,
      "isLeaf": null,
      "keyword": null,
      "hash": "",
      "khash": "U2FsdGVkX1+EH8fTM6pNA/vuZVP8RdheGDhGgezKpJL+EffXBk5eNXZVwDtYieLba2A9b//FidXCHiGGJS9TPw==",
      "viewCount": null,
      "duration": "28:20",
      "size": 863088225
    },
    {
      "id": "9009c80f-f26f-45ac-845f-96406ad49905",
      "pid": "15d74683-da04-41c6-8a10-2d1e62a9c0f8",
      "dblevel": 5,
      "location": "/VGMV/01_BaiGiang/MucsuNguyenThi/Nam2021/08292021_TamTinhHoiThanh",
      "isVideo": true,
      "url": "01-bai-giang.muc-su-nguyen-thi.nam-2021.08292021-tam-tinh-hoi-thanh",
      "name": "08292021_Tâm Tình Hội Thánh",
      "count": 0,
      "isLeaf": null,
      "keyword": null,
      "hash": "",
      "khash": "U2FsdGVkX1/vZLA+v0wJLRE/PauQn8pQQu+zbvhVB6uJ+zwDIkirkk9/wkD9YuATRzlvpv5+0Qkr9V2nbhnJKA==",
      "viewCount": null,
      "duration": "33:50",
      "size": 986975554
    },
    {
      "id": "4692eb88-e6e9-41a6-8fc5-873fd2d789e7",
      "pid": "15d74683-da04-41c6-8a10-2d1e62a9c0f8",
      "dblevel": 5,
      "location": "/VGMV/01_BaiGiang/MucsuNguyenThi/Nam2021/09052021_MucDichHoiThanh",
      "isVideo": true,
      "url": "01-bai-giang.muc-su-nguyen-thi.nam-2021.09052021-muc-dich-hoi-thanh",
      "name": "09052021_Mục Đích Hội Thánh",
      "count": 0,
      "isLeaf": null,
      "keyword": null,
      "hash": "",
      "khash": "U2FsdGVkX1+Xq5yNF8ojW3F7htvsqjY98TsFmzk+/Y/AaRVzbaXnbNXZbyyxhRQJDbdY+XAtmTP8PYmSR4Eo2g==",
      "viewCount": null,
      "duration": "24:36",
      "size": 746882891
    },
    {
      "id": "f94e2774-2796-44e0-82f2-ed4f3aaff9e3",
      "pid": "15d74683-da04-41c6-8a10-2d1e62a9c0f8",
      "dblevel": 5,
      "location": "/VGMV/01_BaiGiang/MucsuNguyenThi/Nam2021/09262021_DoiSongHoiThanh",
      "isVideo": true,
      "url": "01-bai-giang.muc-su-nguyen-thi.nam-2021.09262021-doi-song-hoi-thanh",
      "name": "09262021_Đời Sống Hội Thánh",
      "count": 0,
      "isLeaf": null,
      "keyword": null,
      "hash": "",
      "khash": "U2FsdGVkX1/j9gg9b8y4lRa8aUwLQdhba/czHnSeObFsk/k/6h3idhQIoyE18TdNRTUQyWa6zeq9lPM1lf4VJQ==",
      "viewCount": null,
      "duration": "41:18",
      "size": 1239611752
    },
    {
      "id": "d94bbd32-a81b-49c5-b91d-5170390a60c9",
      "pid": "15d74683-da04-41c6-8a10-2d1e62a9c0f8",
      "dblevel": 5,
      "location": "/VGMV/01_BaiGiang/MucsuNguyenThi/Nam2021/10032021_NguoiDuocPhuoc",
      "isVideo": true,
      "url": "01-bai-giang.muc-su-nguyen-thi.nam-2021.10032021-nguoi-duoc-phuoc",
      "name": "10032021_Người Được Phước",
      "count": 0,
      "isLeaf": null,
      "keyword": null,
      "hash": "",
      "khash": "U2FsdGVkX18VI86Popsks07zeQDS9JslwfTNkMAg7lYiNAvcdgdci6gB7DEGXAjGCaALB20MhvNpjojfdG/k1Q==",
      "viewCount": null,
      "duration": "28:32",
      "size": 859477439
    },
    {
      "id": "39765799-b4d5-4e4d-b0d5-ce25a8f3c27d",
      "pid": "15d74683-da04-41c6-8a10-2d1e62a9c0f8",
      "dblevel": 5,
      "location": "/VGMV/01_BaiGiang/MucsuNguyenThi/Nam2021/10102021_DatNuocLyTuong",
      "isVideo": true,
      "url": "01-bai-giang.muc-su-nguyen-thi.nam-2021.10102021-dat-nuoc-ly-tuong",
      "name": "10102021_Đất Nước Lý Tưởng",
      "count": 0,
      "isLeaf": null,
      "keyword": null,
      "hash": "",
      "khash": "U2FsdGVkX194wQK15E6DIbpYbbt7keKuVPwzWlU6jb1ZgmlzzZEBWZYvsDNYswNURyeGMoqLRiELCePbGko9oA==",
      "viewCount": null,
      "duration": "37:38",
      "size": 1149578213
    },
    {
      "id": "edb06652-e340-48d3-b742-df896a05ff68",
      "pid": "15d74683-da04-41c6-8a10-2d1e62a9c0f8",
      "dblevel": 5,
      "location": "/VGMV/01_BaiGiang/MucsuNguyenThi/Nam2021/10172021_NhanQuangTamLinh",
      "isVideo": true,
      "url": "01-bai-giang.muc-su-nguyen-thi.nam-2021.10172021-nhan-quang-tam-linh",
      "name": "10172021_Nhãn Quang Tâm Linh",
      "count": 0,
      "isLeaf": null,
      "keyword": null,
      "hash": "",
      "khash": "U2FsdGVkX18TmwPjYdIy9SeugrujklZPkbpNsKKJoQaFm8wqeXWuM2j4NqEo43YUcVkhLdm72dOmdpzxlpCiyQ==",
      "viewCount": null,
      "duration": "31:42",
      "size": 965255874
    },
    {
      "id": "d84fd869-ef9f-4d40-b2bd-10eebbfcee07",
      "pid": "15d74683-da04-41c6-8a10-2d1e62a9c0f8",
      "dblevel": 5,
      "location": "",
      "isVideo": true,
      "url": "01-bai-giang.muc-su-nguyen-thi.nam-2021.11262021-ta-on-thien-chua",
      "name": "11262021_Tạ Ơn Thiên Chúa",
      "count": 0,
      "isLeaf": null,
      "keyword": null,
      "hash": null,
      "khash": null,
      "viewCount": null,
      "duration": "26:24",
      "size": 802080768
    },
    {
      "id": "2294e247-db03-4cd0-b9db-9ae65c51fe96",
      "pid": "15d74683-da04-41c6-8a10-2d1e62a9c0f8",
      "dblevel": 5,
      "location": "",
      "isVideo": true,
      "url": "01-bai-giang.muc-su-nguyen-thi.nam-2021.11282021-linh-hon-toi-ngoi-khen-chua",
      "name": "11282021_Linh Hồn Tôi Ngợi Khen Chúa",
      "count": 0,
      "isLeaf": null,
      "keyword": null,
      "hash": null,
      "khash": null,
      "viewCount": null,
      "duration": "31:20",
      "size": 937801295
    },
    {
      "id": "66604394-072e-4368-bf93-a8f8d1b70a4a",
      "pid": "15d74683-da04-41c6-8a10-2d1e62a9c0f8",
      "dblevel": 5,
      "location": "/VGMV/01_BaiGiang/MucsuNguyenThi/Nam2021/12052021_DanhHieuGiangSinh",
      "isVideo": true,
      "url": "01-bai-giang.muc-su-nguyen-thi.nam-2021.12052021-danh-hieu-giang-sinh",
      "name": "12052021_Danh Hiệu Giáng Sinh",
      "count": 0,
      "isLeaf": null,
      "keyword": null,
      "hash": "",
      "khash": "U2FsdGVkX191SnWD2SPKThR8u9qAG0Vmo5q5rLNHvY2gsVtbdt000lomN65gqlKHZr6hts6QGMUUZ6fKf5ZBYw==",
      "viewCount": null,
      "duration": "24:29",
      "size": 758571483
    },
    {
      "id": "b2f6d7b6-7e7e-4b42-b140-8f2372a141c2",
      "pid": "15d74683-da04-41c6-8a10-2d1e62a9c0f8",
      "dblevel": 5,
      "location": "/VGMV/01_BaiGiang/MucsuNguyenThi/Nam2021/12122021_ChuaGie-XuCuaLeGiangSinh",
      "isVideo": true,
      "url": "01-bai-giang.muc-su-nguyen-thi.nam-2021.12122021-chua-gie-xu-cua-le-giang-sinh",
      "name": "12122021_Chúa Giê-Xu Của Lễ Giáng Sinh",
      "count": 0,
      "isLeaf": null,
      "keyword": null,
      "hash": "",
      "khash": "U2FsdGVkX18TXxxiBiNBBMZyltUC2bz/Zw88+RqEc+ZInS/Gh1+iyZaTIr+fcw9emGprrAw2agZ+yKL2nsxVUQ==",
      "viewCount": null,
      "duration": "40:43",
      "size": 673697964
    },
    {
      "id": "1e5dce21-d55e-4741-a884-a1f6eee37546",
      "pid": "15d74683-da04-41c6-8a10-2d1e62a9c0f8",
      "dblevel": 5,
      "location": "",
      "isVideo": true,
      "url": "01-bai-giang.muc-su-nguyen-thi.nam-2021.12182021-bai-ca-giang-sinh-cao-nien",
      "name": "12182021_Bài Ca Giáng Sinh Cao Niên",
      "count": 0,
      "isLeaf": null,
      "keyword": null,
      "hash": null,
      "khash": null,
      "viewCount": null,
      "duration": "27:47",
      "size": 698267016
    },
    {
      "id": "05b7ac95-1565-4114-864c-1000478d261b",
      "pid": "15d74683-da04-41c6-8a10-2d1e62a9c0f8",
      "dblevel": 5,
      "location": "",
      "isVideo": true,
      "url": "01-bai-giang.muc-su-nguyen-thi.nam-2021.12192021-facebook-cua-chua",
      "name": "12192021_Facebook Của Chúa",
      "count": 0,
      "isLeaf": null,
      "keyword": null,
      "hash": null,
      "khash": null,
      "viewCount": null,
      "duration": "45:17",
      "size": 1330885442
    }
  ]
}