{
  "id": "ba0ef5e2-e1e4-4be5-ba01-8f6e8844628b",
  "pid": "3c99cef1-0b91-4cff-a01b-2aa3cc0ca1d4",
  "dblevel": 3,
  "location": "/VGMV/01_BaiGiang/TongQuanKinhThanh",
  "isVideo": true,
  "url": "01-bai-giang.tong-quan-kinh-thanh",
  "name": "Tổng Quan Kinh Thánh",
  "count": 74,
  "isLeaf": true,
  "keyword": null,
  "hash": null,
  "khash": null,
  "viewCount": null,
  "duration": null,
  "size": null,
  "children": [
    {
      "id": "61256648-7d8e-41b0-8f72-9763e13a75e2",
      "pid": "ba0ef5e2-e1e4-4be5-ba01-8f6e8844628b",
      "dblevel": 4,
      "location": "/VGMV/01_BaiGiang/TongQuanKinhThanh/00_GioiThieu",
      "isVideo": true,
      "url": "01-bai-giang.tong-quan-kinh-thanh.00-gioi-thieu",
      "name": "00_Giới Thiệu",
      "count": 0,
      "isLeaf": null,
      "keyword": null,
      "hash": "",
      "khash": "U2FsdGVkX1/0ZNaE3VllxDlthjF3ue/9ZkdeUmZy+fnKdLWANYJlIWYnf3vBuQlajqlEQUOE5MHRyV0JvNAz4g==",
      "viewCount": null,
      "duration": "2:58",
      "size": 87641556
    },
    {
      "id": "2bf7f0a5-0a07-4c62-b42d-fa6cc946301a",
      "pid": "ba0ef5e2-e1e4-4be5-ba01-8f6e8844628b",
      "dblevel": 4,
      "location": "/VGMV/01_BaiGiang/TongQuanKinhThanh/00_TongQuanCuuUoc",
      "isVideo": true,
      "url": "01-bai-giang.tong-quan-kinh-thanh.00-tong-quan-cuu-uoc",
      "name": "00_Tổng Quan Cựu Ước",
      "count": 0,
      "isLeaf": null,
      "keyword": null,
      "hash": "",
      "khash": "U2FsdGVkX1+UDe7MJvgUpQdBcXFKpkZ2vuwCHxwW7jzf4YYjr9+wThk/UM4dN5pnQShjooK9bdKZClvar0GeIw==",
      "viewCount": null,
      "duration": "12:43",
      "size": 375925895
    },
    {
      "id": "462a7a9b-e71c-4a30-8dba-edac07ff786f",
      "pid": "ba0ef5e2-e1e4-4be5-ba01-8f6e8844628b",
      "dblevel": 4,
      "location": "/VGMV/01_BaiGiang/TongQuanKinhThanh/01a_SangTheKy01-11",
      "isVideo": true,
      "url": "01-bai-giang.tong-quan-kinh-thanh.01a-sang-the-ky-01-11",
      "name": "01a_Sáng Thế Ký 01-11",
      "count": 0,
      "isLeaf": null,
      "keyword": null,
      "hash": "U2FsdGVkX1+eSTt6CQTp9KECjxHiJ0r2243te/UCj8ScXmT1qgdRRpy24MQrNIKT72NYj/oRsDkewmEbFsRRVw==",
      "khash": null,
      "viewCount": null,
      "duration": "7:42",
      "size": 227198390
    },
    {
      "id": "ad653964-26be-4818-ba56-c3c8365d704c",
      "pid": "ba0ef5e2-e1e4-4be5-ba01-8f6e8844628b",
      "dblevel": 4,
      "location": "/VGMV/01_BaiGiang/TongQuanKinhThanh/01b_SangTheKy12-50",
      "isVideo": true,
      "url": "01-bai-giang.tong-quan-kinh-thanh.01b-sang-the-ky-12-50",
      "name": "01b_Sáng Thế Ký 12-50",
      "count": 0,
      "isLeaf": null,
      "keyword": null,
      "hash": "",
      "khash": "U2FsdGVkX1+OoTU6qayTpLwYKyJ5tjGJYOslioErWf2X3AKqWfSBuCy2Nj5yFfbCktMStK5BQuxGPzCr10tx4Q==",
      "viewCount": null,
      "duration": "8:3",
      "size": 237293867
    },
    {
      "id": "3f2c37e0-70d9-4638-a4ff-f2df566502c8",
      "pid": "ba0ef5e2-e1e4-4be5-ba01-8f6e8844628b",
      "dblevel": 4,
      "location": "/VGMV/01_BaiGiang/TongQuanKinhThanh/02a_XuatE-dip-toKy01-18",
      "isVideo": true,
      "url": "01-bai-giang.tong-quan-kinh-thanh.02a-xuat-e-dip-to-ky-01-18",
      "name": "02a_Xuất Ê-díp-tô Ký 01-18",
      "count": 0,
      "isLeaf": null,
      "keyword": null,
      "hash": "",
      "khash": "U2FsdGVkX1+xPfSMNjJmEZD9uyXtJYKA3ulkHgrZ5SnMgN+T7WFkBOzyCguoH1eE1kvkM583DO/PlsKV9J4qlA==",
      "viewCount": null,
      "duration": "6:31",
      "size": 193009350
    },
    {
      "id": "6c8bdcb4-702f-4b05-8222-9f3ed1440e4b",
      "pid": "ba0ef5e2-e1e4-4be5-ba01-8f6e8844628b",
      "dblevel": 4,
      "location": "/VGMV/01_BaiGiang/TongQuanKinhThanh/02b_XuatE-dip-toKy19-40",
      "isVideo": true,
      "url": "01-bai-giang.tong-quan-kinh-thanh.02b-xuat-e-dip-to-ky-19-40",
      "name": "02b_Xuất Ê-díp-tô Ký 19-40",
      "count": 0,
      "isLeaf": null,
      "keyword": null,
      "hash": "",
      "khash": "U2FsdGVkX1/YqoBVf2bUt0ObjSL7k/Eta9dHfOtpxw2ZVLFaaW31nlvhzbIrdNw4s0WULT0gJ+mUjpAOI3AW1g==",
      "viewCount": null,
      "duration": "6:25",
      "size": 189271843
    },
    {
      "id": "a79ceca4-26b4-4fa7-a575-14b9bd86e8cb",
      "pid": "ba0ef5e2-e1e4-4be5-ba01-8f6e8844628b",
      "dblevel": 4,
      "location": "/VGMV/01_BaiGiang/TongQuanKinhThanh/03_Le-viKy",
      "isVideo": true,
      "url": "01-bai-giang.tong-quan-kinh-thanh.03-le-vi-ky",
      "name": "03_Lê-vi Ký",
      "count": 0,
      "isLeaf": null,
      "keyword": null,
      "hash": "",
      "khash": "U2FsdGVkX19RAifCLBq3xSPTMZy6D0F+dnhhMxhem+CAzP3pfSLNMqzJNYn1DRl105gT7jisGK1F0sLxE4QKOg==",
      "viewCount": null,
      "duration": "8:16",
      "size": 243655902
    },
    {
      "id": "5a9210e0-8de8-452c-9403-0a9c8fbe0588",
      "pid": "ba0ef5e2-e1e4-4be5-ba01-8f6e8844628b",
      "dblevel": 4,
      "location": "/VGMV/01_BaiGiang/TongQuanKinhThanh/04_DanSoKy",
      "isVideo": true,
      "url": "01-bai-giang.tong-quan-kinh-thanh.04-dan-so-ky",
      "name": "04_Dân Số Ký",
      "count": 0,
      "isLeaf": null,
      "keyword": null,
      "hash": "",
      "khash": "U2FsdGVkX18GYGcaJ9/qf+5fBpt7XgyMATCkbBODh/QzkXJHeGLTmwu1TrgNsyOySzcIjEg92n2b7uGLx1Y6Rg==",
      "viewCount": null,
      "duration": "6:47",
      "size": 201058633
    },
    {
      "id": "e75c487d-d8f6-4b43-ae31-8ee07cf0b15d",
      "pid": "ba0ef5e2-e1e4-4be5-ba01-8f6e8844628b",
      "dblevel": 4,
      "location": "/VGMV/01_BaiGiang/TongQuanKinhThanh/05_PhucTruyenLuatLeKy",
      "isVideo": true,
      "url": "01-bai-giang.tong-quan-kinh-thanh.05-phuc-truyen-luat-le-ky",
      "name": "05_Phục Truyền Luật Lệ Ký",
      "count": 0,
      "isLeaf": null,
      "keyword": null,
      "hash": "",
      "khash": "U2FsdGVkX1/PQ+VNZD64WNNXuXA9QuvkEEaJedtpFWv7KbgDwQ877x4mnnTcFFIpbGqY1vxHQqFCMZLUvHczSw==",
      "viewCount": null,
      "duration": "7:46",
      "size": 229692135
    },
    {
      "id": "3dbceac7-6c2d-44d0-97a2-0fee8b0c1c1b",
      "pid": "ba0ef5e2-e1e4-4be5-ba01-8f6e8844628b",
      "dblevel": 4,
      "location": "/VGMV/01_BaiGiang/TongQuanKinhThanh/06_Gio-sue",
      "isVideo": true,
      "url": "01-bai-giang.tong-quan-kinh-thanh.06-gio-sue",
      "name": "06_Giô-suê",
      "count": 0,
      "isLeaf": null,
      "keyword": null,
      "hash": "",
      "khash": "U2FsdGVkX191tgpCe0UWKHMMGYxgIPmSFVk2XegiLhL2yaqp5cjKwdE3DBX1290Wn5NHcdHUqFXdoha2om/cCA==",
      "viewCount": null,
      "duration": "8:44",
      "size": 258613230
    },
    {
      "id": "6379dd4c-117b-42b9-b56d-df72e9c9c7a7",
      "pid": "ba0ef5e2-e1e4-4be5-ba01-8f6e8844628b",
      "dblevel": 4,
      "location": "/VGMV/01_BaiGiang/TongQuanKinhThanh/07_CacQuanXet",
      "isVideo": true,
      "url": "01-bai-giang.tong-quan-kinh-thanh.07-cac-quan-xet",
      "name": "07_Các Quan Xét",
      "count": 0,
      "isLeaf": null,
      "keyword": null,
      "hash": "",
      "khash": "U2FsdGVkX18Z+K1TbfHwbr8ozrgVSW94YXXAOniaFWYzA/KNdL2TDOnZPLPzk22dOfuvhvtbPWV4/ZTchG2kiQ==",
      "viewCount": null,
      "duration": "7:29",
      "size": 221471101
    },
    {
      "id": "73b5618c-cebc-409a-8e57-4cc8c733381d",
      "pid": "ba0ef5e2-e1e4-4be5-ba01-8f6e8844628b",
      "dblevel": 4,
      "location": "/VGMV/01_BaiGiang/TongQuanKinhThanh/08_Ru-to",
      "isVideo": true,
      "url": "01-bai-giang.tong-quan-kinh-thanh.08-ru-to",
      "name": "08_Ru-tơ",
      "count": 0,
      "isLeaf": null,
      "keyword": null,
      "hash": "",
      "khash": "U2FsdGVkX1/TEWxJWSiEkF1BFVnQD6aMDBWWNdA4TAuhhBra6xVXu4S6Su8vscKFVKCVmhr0ndwDKtyIPPs6eg==",
      "viewCount": null,
      "duration": "7:11",
      "size": 212771819
    },
    {
      "id": "5f351bf3-9022-49f7-920c-bdd470d14b63",
      "pid": "ba0ef5e2-e1e4-4be5-ba01-8f6e8844628b",
      "dblevel": 4,
      "location": "/VGMV/01_BaiGiang/TongQuanKinhThanh/09_1Sa-mu-en",
      "isVideo": true,
      "url": "01-bai-giang.tong-quan-kinh-thanh.09-1sa-mu-en",
      "name": "09_1Sa-mu-ên",
      "count": 0,
      "isLeaf": null,
      "keyword": null,
      "hash": "",
      "khash": "U2FsdGVkX18PUVMkY2gASxrYG5AyDaBwXJgAC6QIvW/Ln0cmg+ATcfzSyz9QgCqpc9KE+b4nZfdyPajnzYyMiw==",
      "viewCount": null,
      "duration": "7:18",
      "size": 217202264
    },
    {
      "id": "964e6c35-f1a2-4f39-a663-51968b6ed3d8",
      "pid": "ba0ef5e2-e1e4-4be5-ba01-8f6e8844628b",
      "dblevel": 4,
      "location": "/VGMV/01_BaiGiang/TongQuanKinhThanh/10_2Sa-mu-en",
      "isVideo": true,
      "url": "01-bai-giang.tong-quan-kinh-thanh.10-2sa-mu-en",
      "name": "10_2Sa-mu-ên",
      "count": 0,
      "isLeaf": null,
      "keyword": null,
      "hash": "",
      "khash": "U2FsdGVkX1++dQFzvh3ve1g/siTrU71lm18JbjENtzt9bo6jm7wRaZ8ann3eMdmhNEjeJO8qtZ5P9tiU6DaJEg==",
      "viewCount": null,
      "duration": "5:56",
      "size": 176301252
    },
    {
      "id": "6f3aff06-1816-4487-b246-ac09e700e5f0",
      "pid": "ba0ef5e2-e1e4-4be5-ba01-8f6e8844628b",
      "dblevel": 4,
      "location": "/VGMV/01_BaiGiang/TongQuanKinhThanh/11-12_CacVua",
      "isVideo": true,
      "url": "01-bai-giang.tong-quan-kinh-thanh.11-12-cac-vua",
      "name": "11-12_Các Vua",
      "count": 0,
      "isLeaf": null,
      "keyword": null,
      "hash": "",
      "khash": "U2FsdGVkX18hkYB4CaXRJCvSAyBjlTkprEUyoQ9sXt6tk0YPltyZJGU1Jaafn5pZoQ9NU0J9p7yH8R6zs+l3lg==",
      "viewCount": null,
      "duration": "8:48",
      "size": 259367646
    },
    {
      "id": "77926565-f17f-47b4-96de-cf0b0014fe68",
      "pid": "ba0ef5e2-e1e4-4be5-ba01-8f6e8844628b",
      "dblevel": 4,
      "location": "/VGMV/01_BaiGiang/TongQuanKinhThanh/13-14-SuKy",
      "isVideo": true,
      "url": "01-bai-giang.tong-quan-kinh-thanh.13-14-su-ky",
      "name": "13-14-Sử Ký",
      "count": 0,
      "isLeaf": null,
      "keyword": null,
      "hash": "",
      "khash": "U2FsdGVkX1/JNVQ8vEGgSbRkpyhsneVmN8AwZ9L8AwqObP9oTKTncmQxCXYfdJ/SXt4WIln6cHGvSvt9o8zeEg==",
      "viewCount": null,
      "duration": "6:28",
      "size": 191779639
    },
    {
      "id": "9be2084b-9699-4c31-a272-7d6ef1aff305",
      "pid": "ba0ef5e2-e1e4-4be5-ba01-8f6e8844628b",
      "dblevel": 4,
      "location": "/VGMV/01_BaiGiang/TongQuanKinhThanh/15-16_E-xo-ra-Ne-he-mi",
      "isVideo": true,
      "url": "01-bai-giang.tong-quan-kinh-thanh.15-16-e-xo-ra-ne-he-mi",
      "name": "15-16_Ê-xơ-ra - Nê-hê-mi",
      "count": 0,
      "isLeaf": null,
      "keyword": null,
      "hash": "",
      "khash": "U2FsdGVkX1/vLSw1uPW/d1ENj1qS/Cu9T74VUxvLFldtrb9z+G5MjUtpYQYZNTxnUGE+pGowJjQ8KDuIFBDlEQ==",
      "viewCount": null,
      "duration": "8:36",
      "size": 254935589
    },
    {
      "id": "67867841-1721-41a5-918c-b0ee88978797",
      "pid": "ba0ef5e2-e1e4-4be5-ba01-8f6e8844628b",
      "dblevel": 4,
      "location": "/VGMV/01_BaiGiang/TongQuanKinhThanh/17_E-xo-te",
      "isVideo": true,
      "url": "01-bai-giang.tong-quan-kinh-thanh.17-e-xo-te",
      "name": "17_Ê-xơ-tê",
      "count": 0,
      "isLeaf": null,
      "keyword": null,
      "hash": "",
      "khash": "U2FsdGVkX19OegH5m5rdDhhoiVgdPFEQjgrN1Wk+0IzNVcl7UGcMIQgZBkX4CW8oXDuZ+rani3JO389Shj3XIA==",
      "viewCount": null,
      "duration": "9:13",
      "size": 270474255
    },
    {
      "id": "502be4ef-20c1-41da-b50a-7fe24ed31efd",
      "pid": "ba0ef5e2-e1e4-4be5-ba01-8f6e8844628b",
      "dblevel": 4,
      "location": "/VGMV/01_BaiGiang/TongQuanKinhThanh/18_Giop",
      "isVideo": true,
      "url": "01-bai-giang.tong-quan-kinh-thanh.18-giop",
      "name": "18_Gióp",
      "count": 0,
      "isLeaf": null,
      "keyword": null,
      "hash": "",
      "khash": "U2FsdGVkX19i4C8pie2osSDP/Xh/nuJpO4tnYw13jRShb/LSn+6hwNKdSsyNddr58L5UGzzjb27U1ks1GTFjIg==",
      "viewCount": null,
      "duration": "10:57",
      "size": 324575578
    },
    {
      "id": "8bd34e4f-5881-4dc4-9bf4-4055c46a13f9",
      "pid": "ba0ef5e2-e1e4-4be5-ba01-8f6e8844628b",
      "dblevel": 4,
      "location": "/VGMV/01_BaiGiang/TongQuanKinhThanh/19_ThiThien",
      "isVideo": true,
      "url": "01-bai-giang.tong-quan-kinh-thanh.19-thi-thien",
      "name": "19_Thi Thiên",
      "count": 0,
      "isLeaf": null,
      "keyword": null,
      "hash": "",
      "khash": "U2FsdGVkX1+Y44QUuj6nmNcLlf36JTqVWZhmxSz2YhGu1arpnlQj3a9z6G5mj640WwQvUeMqN8wL8pPtF7K1jA==",
      "viewCount": null,
      "duration": "8:58",
      "size": 264386285
    },
    {
      "id": "54cf983c-3834-4f0b-a7ef-66566a238562",
      "pid": "ba0ef5e2-e1e4-4be5-ba01-8f6e8844628b",
      "dblevel": 4,
      "location": "/VGMV/01_BaiGiang/TongQuanKinhThanh/20_ChamNgon",
      "isVideo": true,
      "url": "01-bai-giang.tong-quan-kinh-thanh.20-cham-ngon",
      "name": "20_Châm Ngôn",
      "count": 0,
      "isLeaf": null,
      "keyword": null,
      "hash": "",
      "khash": "U2FsdGVkX18ZFeoa1fpInSO+b53xkHuIJX3AkmtQ5XpWmc0jtyRrVR9lLABYNzAfBvmXDNvGVw8Jcdhd/rHASg==",
      "viewCount": null,
      "duration": "8:7",
      "size": 239517840
    },
    {
      "id": "2fd28ff6-800d-449f-8f38-0f70860de8a9",
      "pid": "ba0ef5e2-e1e4-4be5-ba01-8f6e8844628b",
      "dblevel": 4,
      "location": "/VGMV/01_BaiGiang/TongQuanKinhThanh/21_TruyenDao",
      "isVideo": true,
      "url": "01-bai-giang.tong-quan-kinh-thanh.21-truyen-dao",
      "name": "21_Truyền Đạo",
      "count": 0,
      "isLeaf": null,
      "keyword": null,
      "hash": "",
      "khash": "U2FsdGVkX1+9Q/rjMo4abi2npF2zicslcoEfUdc+Xy6mWM2kzOKftqVQbcdimC76ZZyZ/zPW2ZrLZfxfPPY1MA==",
      "viewCount": null,
      "duration": "8:1",
      "size": 236838565
    },
    {
      "id": "ea057f5f-412d-4775-b2ac-895c4cb793f7",
      "pid": "ba0ef5e2-e1e4-4be5-ba01-8f6e8844628b",
      "dblevel": 4,
      "location": "/VGMV/01_BaiGiang/TongQuanKinhThanh/22_NhaCa",
      "isVideo": true,
      "url": "01-bai-giang.tong-quan-kinh-thanh.22-nha-ca",
      "name": "22_Nhã Ca",
      "count": 0,
      "isLeaf": null,
      "keyword": null,
      "hash": "",
      "khash": "U2FsdGVkX1+dMlB/DDe8OhuOCp8DUydRuG/QivMkTgOE65mND/6Xc50v01qpy/lu64wUz07bpdwM4cIQNkXNgQ==",
      "viewCount": null,
      "duration": "6:58",
      "size": 206821761
    },
    {
      "id": "a22da4a3-dd4b-435e-ae42-fa88b7a1013d",
      "pid": "ba0ef5e2-e1e4-4be5-ba01-8f6e8844628b",
      "dblevel": 4,
      "location": "/VGMV/01_BaiGiang/TongQuanKinhThanh/23a_E-sai01-39",
      "isVideo": true,
      "url": "01-bai-giang.tong-quan-kinh-thanh.23a-e-sai-01-39",
      "name": "23a_Ê-sai 01-39",
      "count": 0,
      "isLeaf": null,
      "keyword": null,
      "hash": "",
      "khash": "U2FsdGVkX180gVeqCOEVRcSQWgDm+0ge31noCmuLaWVZL7SRqzjaXfYub8/T07q0JgssH5TRfl6jN37SzqSfxQ==",
      "viewCount": null,
      "duration": "8:10",
      "size": 242289521
    },
    {
      "id": "12ee7593-2b58-4fd7-b9b8-63e5fd79d3ac",
      "pid": "ba0ef5e2-e1e4-4be5-ba01-8f6e8844628b",
      "dblevel": 4,
      "location": "/VGMV/01_BaiGiang/TongQuanKinhThanh/23b_E-sai40-66",
      "isVideo": true,
      "url": "01-bai-giang.tong-quan-kinh-thanh.23b-e-sai-40-66",
      "name": "23b_Ê-sai 40-66",
      "count": 0,
      "isLeaf": null,
      "keyword": null,
      "hash": "",
      "khash": "U2FsdGVkX1/aB/pqTKNdThHgaXaHld5VqEhmCEogL7J6oaE9RItBsgam9p6aR98msj860A5kMEyDBatkoS+3rw==",
      "viewCount": null,
      "duration": "8:5",
      "size": 239561755
    },
    {
      "id": "369ec176-1898-4a9c-8760-211909fad3a9",
      "pid": "ba0ef5e2-e1e4-4be5-ba01-8f6e8844628b",
      "dblevel": 4,
      "location": "/VGMV/01_BaiGiang/TongQuanKinhThanh/24_Gie-re-mi",
      "isVideo": true,
      "url": "01-bai-giang.tong-quan-kinh-thanh.24-gie-re-mi",
      "name": "24_Giê-rê-mi",
      "count": 0,
      "isLeaf": null,
      "keyword": null,
      "hash": "",
      "khash": "U2FsdGVkX19xM7raEYDFaH9QzfDd2NWyIJl7ttt29Z2qjwt180VR7v7E0hUB4XZE2uGde7J3hV4tc82XSCNHow==",
      "viewCount": null,
      "duration": "7:14",
      "size": 213690393
    },
    {
      "id": "7852e0ad-5d5f-477d-aad5-3d0a5da27a06",
      "pid": "ba0ef5e2-e1e4-4be5-ba01-8f6e8844628b",
      "dblevel": 4,
      "location": "/VGMV/01_BaiGiang/TongQuanKinhThanh/25_CaThuong",
      "isVideo": true,
      "url": "01-bai-giang.tong-quan-kinh-thanh.25-ca-thuong",
      "name": "25_Ca Thương",
      "count": 0,
      "isLeaf": null,
      "keyword": null,
      "hash": "",
      "khash": "U2FsdGVkX19ja/Ei4wT10aRynpg8GxVZdwwj2aiM9hrFBNjw5gUjwrMI02iZ9phgjlUj7ezq1oaoD5krMOWJ3A==",
      "viewCount": null,
      "duration": "7:16",
      "size": 215509008
    },
    {
      "id": "f98fc04b-5614-4319-b1ab-ec450a18829a",
      "pid": "ba0ef5e2-e1e4-4be5-ba01-8f6e8844628b",
      "dblevel": 4,
      "location": "/VGMV/01_BaiGiang/TongQuanKinhThanh/26a_E-xe-chi-en01-33",
      "isVideo": true,
      "url": "01-bai-giang.tong-quan-kinh-thanh.26a-e-xe-chi-en-01-33",
      "name": "26a_Ê-xê-chi-ên 01-33",
      "count": 0,
      "isLeaf": null,
      "keyword": null,
      "hash": "",
      "khash": "U2FsdGVkX1/spFvSfryNGi87AsT8Mw05DDPyO+E4HcFZxVR+fdw2mqX41McJVBxPbNXCQ+cmkC+AHiirTTc1GA==",
      "viewCount": null,
      "duration": "7:25",
      "size": 220670532
    },
    {
      "id": "51de3742-bcb9-418b-8a28-07589a26ef12",
      "pid": "ba0ef5e2-e1e4-4be5-ba01-8f6e8844628b",
      "dblevel": 4,
      "location": "/VGMV/01_BaiGiang/TongQuanKinhThanh/26b_E-xe-chi-en34-48",
      "isVideo": true,
      "url": "01-bai-giang.tong-quan-kinh-thanh.26b-e-xe-chi-en-34-48",
      "name": "26b_Ê-xê-chi-ên 34-48",
      "count": 0,
      "isLeaf": null,
      "keyword": null,
      "hash": "",
      "khash": "U2FsdGVkX19nmMxJnqD2b2T3yNwtQ6hsheEfKP6t8vfdXTyWtHIZwX6i/ldLY1w2nZEYcR50djWVO8YkiW3g/Q==",
      "viewCount": null,
      "duration": "7:12",
      "size": 212343963
    },
    {
      "id": "a219b004-6063-4c17-820f-cbcc73e4c04d",
      "pid": "ba0ef5e2-e1e4-4be5-ba01-8f6e8844628b",
      "dblevel": 4,
      "location": "/VGMV/01_BaiGiang/TongQuanKinhThanh/27_Da-ni-en",
      "isVideo": true,
      "url": "01-bai-giang.tong-quan-kinh-thanh.27-da-ni-en",
      "name": "27_Đa-ni-ên",
      "count": 0,
      "isLeaf": null,
      "keyword": null,
      "hash": "",
      "khash": "U2FsdGVkX18NZ+6YdP4sOZwITPTeumYKtGjFUY7AKj8KG5uroMX4V0cZ2gr6fVqAzLc2IxLsPv1cihe5vdBv8w==",
      "viewCount": null,
      "duration": "8:53",
      "size": 262945299
    },
    {
      "id": "e3432bf7-7652-4a30-a23d-7653b79cbfd3",
      "pid": "ba0ef5e2-e1e4-4be5-ba01-8f6e8844628b",
      "dblevel": 4,
      "location": "/VGMV/01_BaiGiang/TongQuanKinhThanh/28_O-se",
      "isVideo": true,
      "url": "01-bai-giang.tong-quan-kinh-thanh.28-o-se",
      "name": "28_Ô-sê",
      "count": 0,
      "isLeaf": null,
      "keyword": null,
      "hash": "",
      "khash": "U2FsdGVkX18C2eV5bnKuwSj3eXsB1jQgFsDa/3NjOaK5DWUGAQOTmAQXQlUAHJCM4XdTqZMSYtgVJWjPahsW4w==",
      "viewCount": null,
      "duration": "7:36",
      "size": 224116831
    },
    {
      "id": "154332c8-edfa-404b-9fef-3cdca8e9c9d0",
      "pid": "ba0ef5e2-e1e4-4be5-ba01-8f6e8844628b",
      "dblevel": 4,
      "location": "/VGMV/01_BaiGiang/TongQuanKinhThanh/29_Gio-en",
      "isVideo": true,
      "url": "01-bai-giang.tong-quan-kinh-thanh.29-gio-en",
      "name": "29_Giô-ên",
      "count": 0,
      "isLeaf": null,
      "keyword": null,
      "hash": "",
      "khash": "U2FsdGVkX1+8EPvu/f0pDc6Umqf3n/0gJnhGh4LRJvLRqoSGrFs7TTrKL2ROi2JsnV1njyU5O+lNk5QwJOveVw==",
      "viewCount": null,
      "duration": "6:48",
      "size": 201061760
    },
    {
      "id": "e4cd18f0-1df7-4bf5-abab-68f6caa65bcb",
      "pid": "ba0ef5e2-e1e4-4be5-ba01-8f6e8844628b",
      "dblevel": 4,
      "location": "/VGMV/01_BaiGiang/TongQuanKinhThanh/30_Am-mot",
      "isVideo": true,
      "url": "01-bai-giang.tong-quan-kinh-thanh.30-am-mot",
      "name": "30_Am-mốt",
      "count": 0,
      "isLeaf": null,
      "keyword": null,
      "hash": "",
      "khash": "U2FsdGVkX19m2gQ8a0Zob4RUxn/Fpu9ZjfYXnOTG/n1ylyCG6rNdP/lzz3yswHN1GVxpvRib12qpGKJLTE320A==",
      "viewCount": null,
      "duration": "7:12",
      "size": 212465343
    },
    {
      "id": "711f9526-b585-4392-914d-bc768e899afa",
      "pid": "ba0ef5e2-e1e4-4be5-ba01-8f6e8844628b",
      "dblevel": 4,
      "location": "/VGMV/01_BaiGiang/TongQuanKinhThanh/31-ApDia",
      "isVideo": true,
      "url": "01-bai-giang.tong-quan-kinh-thanh.31-ap-dia",
      "name": "31-Áp Đia",
      "count": 0,
      "isLeaf": null,
      "keyword": null,
      "hash": "",
      "khash": "U2FsdGVkX1/P6fovujljwDyGg087rNZ44oicr3bnQQW0u+jtwFDJ7Om9ToESWGPogw/MeOLKufRr+5M8nbPhcg==",
      "viewCount": null,
      "duration": "4:59",
      "size": 147107003
    },
    {
      "id": "0a1d440b-9489-471f-be0f-b2e1f5508303",
      "pid": "ba0ef5e2-e1e4-4be5-ba01-8f6e8844628b",
      "dblevel": 4,
      "location": "/VGMV/01_BaiGiang/TongQuanKinhThanh/32-Gio-na",
      "isVideo": true,
      "url": "01-bai-giang.tong-quan-kinh-thanh.32-gio-na",
      "name": "32-Giô-na",
      "count": 0,
      "isLeaf": null,
      "keyword": null,
      "hash": "",
      "khash": "U2FsdGVkX19kqD26Ns3IuTt911l1Uw+Hvl2mmZHNgIb/nqpHByKXxI7yrgFfLxDQnAMx8UoXcXwiVR8ix991LQ==",
      "viewCount": null,
      "duration": "9:0",
      "size": 265772237
    },
    {
      "id": "0467bcdf-9c3d-405d-845b-0101351088b2",
      "pid": "ba0ef5e2-e1e4-4be5-ba01-8f6e8844628b",
      "dblevel": 4,
      "location": "/VGMV/01_BaiGiang/TongQuanKinhThanh/33_Mi-che",
      "isVideo": true,
      "url": "01-bai-giang.tong-quan-kinh-thanh.33-mi-che",
      "name": "33_Mi-chê",
      "count": 0,
      "isLeaf": null,
      "keyword": null,
      "hash": "",
      "khash": "U2FsdGVkX1/q0fv/CznV3rZQ9e2xncOC5vVz1pMeJtFwsPbhKqI+8xC3OCQwN/9dI06jGBDKgqn9FcAVjVSieA==",
      "viewCount": null,
      "duration": "6:38",
      "size": 196093329
    },
    {
      "id": "a9136bf9-f5ab-4fe1-b4c7-b4cbede84262",
      "pid": "ba0ef5e2-e1e4-4be5-ba01-8f6e8844628b",
      "dblevel": 4,
      "location": "/VGMV/01_BaiGiang/TongQuanKinhThanh/34_Na-hum",
      "isVideo": true,
      "url": "01-bai-giang.tong-quan-kinh-thanh.34-na-hum",
      "name": "34_Na-hum",
      "count": 0,
      "isLeaf": null,
      "keyword": null,
      "hash": "",
      "khash": "U2FsdGVkX19mwKqBFC6hNpSpmsfP3T0vnPKc95I7a255eQ+SB5H8MlOzFIRrckb8PCWGq3kaIwys6p8LsI98Qg==",
      "viewCount": null,
      "duration": "5:6",
      "size": 149894502
    },
    {
      "id": "d0e97d31-cb74-4771-b32a-ccf426aba394",
      "pid": "ba0ef5e2-e1e4-4be5-ba01-8f6e8844628b",
      "dblevel": 4,
      "location": "/VGMV/01_BaiGiang/TongQuanKinhThanh/35_Ha-ba-cuc",
      "isVideo": true,
      "url": "01-bai-giang.tong-quan-kinh-thanh.35-ha-ba-cuc",
      "name": "35_Ha-ba-cúc",
      "count": 0,
      "isLeaf": null,
      "keyword": null,
      "hash": "",
      "khash": "U2FsdGVkX18Z+1HbprP3owRZcq/h7S7J4xP1ETCMJgLXBMhMqUUQvdCfkYuSsnbZWyt4CVyxIc8IP3ZmHh32cQ==",
      "viewCount": null,
      "duration": "6:47",
      "size": 200580487
    },
    {
      "id": "d7af50ce-750e-403d-82ee-67a1fed27d0b",
      "pid": "ba0ef5e2-e1e4-4be5-ba01-8f6e8844628b",
      "dblevel": 4,
      "location": "/VGMV/01_BaiGiang/TongQuanKinhThanh/36_So-pho-ni",
      "isVideo": true,
      "url": "01-bai-giang.tong-quan-kinh-thanh.36-so-pho-ni",
      "name": "36_Sô-phô-ni",
      "count": 0,
      "isLeaf": null,
      "keyword": null,
      "hash": "",
      "khash": "U2FsdGVkX1890XcwN+GXjydVkX0SBHL+S4LoIKtrzRhidn1Q/WvLuojo72PpNHOSwjbDHCd9L5ixlEZktSihIA==",
      "viewCount": null,
      "duration": "5:9",
      "size": 152139688
    },
    {
      "id": "5c3f57ea-2c1e-4880-bdc7-3495c3ab0fc2",
      "pid": "ba0ef5e2-e1e4-4be5-ba01-8f6e8844628b",
      "dblevel": 4,
      "location": "/VGMV/01_BaiGiang/TongQuanKinhThanh/37_A-ghe",
      "isVideo": true,
      "url": "01-bai-giang.tong-quan-kinh-thanh.37-a-ghe",
      "name": "37_A-ghê",
      "count": 0,
      "isLeaf": null,
      "keyword": null,
      "hash": "",
      "khash": "U2FsdGVkX18e5WVCxlgVLRXbSBuOnV51PLdqjAU24M78iFCp6ZakuUeRn8iW+m+bTuZfDKqBdOYm95e7Ta3v4Q==",
      "viewCount": null,
      "duration": "5:37",
      "size": 165873990
    },
    {
      "id": "d621f8a6-f99b-4e07-953a-a3ae183ad1b9",
      "pid": "ba0ef5e2-e1e4-4be5-ba01-8f6e8844628b",
      "dblevel": 4,
      "location": "/VGMV/01_BaiGiang/TongQuanKinhThanh/38_Xa-cha-ri",
      "isVideo": true,
      "url": "01-bai-giang.tong-quan-kinh-thanh.38-xa-cha-ri",
      "name": "38_Xa-cha-ri",
      "count": 0,
      "isLeaf": null,
      "keyword": null,
      "hash": "",
      "khash": "U2FsdGVkX18J/zv6FWF15mh0V/X0a2hX5a5NX+wqAyYNhea0hX2vypyUffY+X6TYIEEneupXAFToxtbsopoHww==",
      "viewCount": null,
      "duration": "8:10",
      "size": 239745629
    },
    {
      "id": "bb147bb2-fa73-45c1-869d-3caada54f598",
      "pid": "ba0ef5e2-e1e4-4be5-ba01-8f6e8844628b",
      "dblevel": 4,
      "location": "/VGMV/01_BaiGiang/TongQuanKinhThanh/39_Ma-la-chi",
      "isVideo": true,
      "url": "01-bai-giang.tong-quan-kinh-thanh.39-ma-la-chi",
      "name": "39_Ma-la-chi",
      "count": 0,
      "isLeaf": null,
      "keyword": null,
      "hash": "",
      "khash": "U2FsdGVkX1/HI5I9ZvrlomIEUup4lNucRiXH0gEVGRKkNCEXdl5HcmYEgdh0Fz7/3Koam3/L1Qe42hJgkvCKMg==",
      "viewCount": null,
      "duration": "7:8",
      "size": 210963584
    },
    {
      "id": "a0ab0bd0-e77e-49c9-8a61-cdab75be1ad5",
      "pid": "ba0ef5e2-e1e4-4be5-ba01-8f6e8844628b",
      "dblevel": 4,
      "location": "/VGMV/01_BaiGiang/TongQuanKinhThanh/40_TongQuanTanUoc",
      "isVideo": true,
      "url": "01-bai-giang.tong-quan-kinh-thanh.40-tong-quan-tan-uoc",
      "name": "40_Tổng Quan Tân Ước",
      "count": 0,
      "isLeaf": null,
      "keyword": null,
      "hash": "",
      "khash": "U2FsdGVkX1/8aoteLgKjsubOTu50vrCr3L9aKCgrpzkq3gkGaNNVRc1MkJAJCwNCk+Ds9V1O34BUEffFCs5SLQ==",
      "viewCount": null,
      "duration": "8:17",
      "size": 244868237
    },
    {
      "id": "5d844e68-c8c7-4925-b9c9-c1e06c5f9a3e",
      "pid": "ba0ef5e2-e1e4-4be5-ba01-8f6e8844628b",
      "dblevel": 4,
      "location": "/VGMV/01_BaiGiang/TongQuanKinhThanh/40a_Ma-thi-o01-13",
      "isVideo": true,
      "url": "01-bai-giang.tong-quan-kinh-thanh.40a-ma-thi-o-01-13",
      "name": "40a_Ma-thi-ơ 01-13",
      "count": 0,
      "isLeaf": null,
      "keyword": null,
      "hash": "",
      "khash": "U2FsdGVkX199JZeD3QswmN/vsFyi9CE0CKhnj+ctrRJuj400OW7sfNJl1FZ0pLHUBJokvxpw0wF4mcSLiF/DyQ==",
      "viewCount": null,
      "duration": "8:15",
      "size": 244287341
    },
    {
      "id": "bf1db19c-3242-42c1-b053-288ca5e5c09e",
      "pid": "ba0ef5e2-e1e4-4be5-ba01-8f6e8844628b",
      "dblevel": 4,
      "location": "/VGMV/01_BaiGiang/TongQuanKinhThanh/40b_Ma-thi-o14-28",
      "isVideo": true,
      "url": "01-bai-giang.tong-quan-kinh-thanh.40b-ma-thi-o-14-28",
      "name": "40b_Ma-thi-ơ 14-28",
      "count": 0,
      "isLeaf": null,
      "keyword": null,
      "hash": "",
      "khash": "U2FsdGVkX1+6jlMOv6bmmH9m7a/sYUI1P2RmsN2jZXz7HL7o7+5Qg3UxB7EUjB2TDBNjXpdnBucQAgeUyaB6AA==",
      "viewCount": null,
      "duration": "7:9",
      "size": 211531626
    },
    {
      "id": "9d4ff356-54ed-479d-967e-ecbad3834628",
      "pid": "ba0ef5e2-e1e4-4be5-ba01-8f6e8844628b",
      "dblevel": 4,
      "location": "/VGMV/01_BaiGiang/TongQuanKinhThanh/41_Mac",
      "isVideo": true,
      "url": "01-bai-giang.tong-quan-kinh-thanh.41-mac",
      "name": "41_Mác",
      "count": 0,
      "isLeaf": null,
      "keyword": null,
      "hash": "",
      "khash": "U2FsdGVkX199Mh8LIw2/Ez/6BfD5KfAJvOvPdqNe6oN5L12NJixQW29iLdw7hEB3fmXnTmZI0FoskTWMqOGqLQ==",
      "viewCount": null,
      "duration": "9:31",
      "size": 280937797
    },
    {
      "id": "48fe80c8-818a-489a-b061-6aba72b0fc11",
      "pid": "ba0ef5e2-e1e4-4be5-ba01-8f6e8844628b",
      "dblevel": 4,
      "location": "/VGMV/01_BaiGiang/TongQuanKinhThanh/42a_Lu-ca01-09a",
      "isVideo": true,
      "url": "01-bai-giang.tong-quan-kinh-thanh.42a-lu-ca-01-09a",
      "name": "42a_Lu-ca 01-09a",
      "count": 0,
      "isLeaf": null,
      "keyword": null,
      "hash": "",
      "khash": "U2FsdGVkX1++mCBQbzgSp3OMbcomf3hTp2GLp9hcEE97Li3MT+AZunELpaAHnkRJ9+hhmPYlkzlnzZEVYG9evg==",
      "viewCount": null,
      "duration": "8:15",
      "size": 244188229
    },
    {
      "id": "0ef3a871-5978-4c56-8846-5a401af98f0b",
      "pid": "ba0ef5e2-e1e4-4be5-ba01-8f6e8844628b",
      "dblevel": 4,
      "location": "/VGMV/01_BaiGiang/TongQuanKinhThanh/42b_Lu-ca09b-24",
      "isVideo": true,
      "url": "01-bai-giang.tong-quan-kinh-thanh.42b-lu-ca-09b-24",
      "name": "42b_Lu-ca 09b-24",
      "count": 0,
      "isLeaf": null,
      "keyword": null,
      "hash": "",
      "khash": "U2FsdGVkX19QTXrYZZRGSWFaluGtZtgYKxWzmyOoWN02Fa0yOSG1Blk+0nL67I6ad45/+WrSBHdUaaJj27jBDA==",
      "viewCount": null,
      "duration": "7:47",
      "size": 230389700
    },
    {
      "id": "615d6c3d-36df-411a-97fc-26e67b99c6f7",
      "pid": "ba0ef5e2-e1e4-4be5-ba01-8f6e8844628b",
      "dblevel": 4,
      "location": "/VGMV/01_BaiGiang/TongQuanKinhThanh/43a_Giang01-12",
      "isVideo": true,
      "url": "01-bai-giang.tong-quan-kinh-thanh.43a-giang-01-12",
      "name": "43a_Giăng 01-12",
      "count": 0,
      "isLeaf": null,
      "keyword": null,
      "hash": "",
      "khash": "U2FsdGVkX18apBTDKbcCZFPJ5957VDg/wyUYmORZcJr4zM3g7zjFYKZLBmKNuiyJmKt2JT38eNQ3NU+Ej5eNpw==",
      "viewCount": null,
      "duration": "8:45",
      "size": 258881340
    },
    {
      "id": "763a1327-bae9-487a-9c09-a6f752aed6eb",
      "pid": "ba0ef5e2-e1e4-4be5-ba01-8f6e8844628b",
      "dblevel": 4,
      "location": "/VGMV/01_BaiGiang/TongQuanKinhThanh/43b_Giang13-21",
      "isVideo": true,
      "url": "01-bai-giang.tong-quan-kinh-thanh.43b-giang-13-21",
      "name": "43b_Giăng 13-21",
      "count": 0,
      "isLeaf": null,
      "keyword": null,
      "hash": "",
      "khash": "U2FsdGVkX19C695L2HGkFWBB8Iei8GiqEh2oKmMaVhXEuH4bvLm0BAKuIwppBx4HQTLCz3Uc5gYJXTMmcfgjnA==",
      "viewCount": null,
      "duration": "8:31",
      "size": 253097576
    },
    {
      "id": "ae1a4573-791a-423f-b7e3-17928f6123fc",
      "pid": "ba0ef5e2-e1e4-4be5-ba01-8f6e8844628b",
      "dblevel": 4,
      "location": "/VGMV/01_BaiGiang/TongQuanKinhThanh/44a_CongVuCacSuDo01-12",
      "isVideo": true,
      "url": "01-bai-giang.tong-quan-kinh-thanh.44a-cong-vu-cac-su-do-01-12",
      "name": "44a_Công Vụ Các Sứ Đồ 01-12",
      "count": 0,
      "isLeaf": null,
      "keyword": null,
      "hash": "",
      "khash": "U2FsdGVkX1/sJsRjC2tB1Dwl3j7HTDX/9MyusX7J8RLL4VFKw4HFRXYw9HWxn4+4qp/VzWhq5u7b7DqXsEHP3w==",
      "viewCount": null,
      "duration": "8:15",
      "size": 243685702
    },
    {
      "id": "e1baa7db-a8ee-4a17-a4e1-aeb4c47168c7",
      "pid": "ba0ef5e2-e1e4-4be5-ba01-8f6e8844628b",
      "dblevel": 4,
      "location": "/VGMV/01_BaiGiang/TongQuanKinhThanh/44b_CongVuCacSuDo13-28",
      "isVideo": true,
      "url": "01-bai-giang.tong-quan-kinh-thanh.44b-cong-vu-cac-su-do-13-28",
      "name": "44b_Công Vụ Các Sứ Đồ 13-28",
      "count": 0,
      "isLeaf": null,
      "keyword": null,
      "hash": "",
      "khash": "U2FsdGVkX19XKSGDs5kF8fd58c8Nm1MhQf1v2OeTp4Z4dRrDCWfapHNv5ywPlJSAyk/LHZ+SLYmEnfwijwf2iA==",
      "viewCount": null,
      "duration": "8:3",
      "size": 238011975
    },
    {
      "id": "513103b2-ddd5-4498-9a43-71d71b273c1d",
      "pid": "ba0ef5e2-e1e4-4be5-ba01-8f6e8844628b",
      "dblevel": 4,
      "location": "/VGMV/01_BaiGiang/TongQuanKinhThanh/45a_Ro-ma01-04",
      "isVideo": true,
      "url": "01-bai-giang.tong-quan-kinh-thanh.45a-ro-ma-01-04",
      "name": "45a_Rô-ma 01-04",
      "count": 0,
      "isLeaf": null,
      "keyword": null,
      "hash": "",
      "khash": "U2FsdGVkX193mSlJeOBWIOkkJfJJY1PxIjyMwSTEjwCuhn+nO0zqoKbysn56fbE563qyD9zc6IHRJ2zCvZSGnA==",
      "viewCount": null,
      "duration": "7:46",
      "size": 229656124
    },
    {
      "id": "d295e1fa-a661-4c5f-a015-28a73af33234",
      "pid": "ba0ef5e2-e1e4-4be5-ba01-8f6e8844628b",
      "dblevel": 4,
      "location": "/VGMV/01_BaiGiang/TongQuanKinhThanh/45b_Ro-ma05-16",
      "isVideo": true,
      "url": "01-bai-giang.tong-quan-kinh-thanh.45b-ro-ma-05-16",
      "name": "45b_Rô-ma 05-16",
      "count": 0,
      "isLeaf": null,
      "keyword": null,
      "hash": "",
      "khash": "U2FsdGVkX1/Ff2WQ8sK3hqFzcNYeoj4cVVYl+k/MJsw49Pb83yXGmq/K4QStyESlJh1Y7Kou/sPUthA2CSR/xg==",
      "viewCount": null,
      "duration": "9:0",
      "size": 263529357
    },
    {
      "id": "161badba-f7cf-4999-a07b-474c62bbe303",
      "pid": "ba0ef5e2-e1e4-4be5-ba01-8f6e8844628b",
      "dblevel": 4,
      "location": "/VGMV/01_BaiGiang/TongQuanKinhThanh/46_1Co-rinh-to",
      "isVideo": true,
      "url": "01-bai-giang.tong-quan-kinh-thanh.46-1co-rinh-to",
      "name": "46_1Cô-rinh-tô",
      "count": 0,
      "isLeaf": null,
      "keyword": null,
      "hash": "",
      "khash": "U2FsdGVkX1/7WLe3uhbJod9qeXSNyuCV8Nrwqdu9vQOkhKjRS19FtFK338T9xEaqMyIV3wY6MSx9lJ/HMVu2cA==",
      "viewCount": null,
      "duration": "8:47",
      "size": 259486549
    },
    {
      "id": "882286c3-7af9-4210-a282-df297b477387",
      "pid": "ba0ef5e2-e1e4-4be5-ba01-8f6e8844628b",
      "dblevel": 4,
      "location": "/VGMV/01_BaiGiang/TongQuanKinhThanh/47_2Co-rinh-to",
      "isVideo": true,
      "url": "01-bai-giang.tong-quan-kinh-thanh.47-2co-rinh-to",
      "name": "47_2Cô-rinh-tô",
      "count": 0,
      "isLeaf": null,
      "keyword": null,
      "hash": "",
      "khash": "U2FsdGVkX1/ejYlZ5DBw9hrGiPYR9PQGPaiyWTYsZG/OoBJKwoGGAjh3fBXDsvSt7tg4EaZBGASsC3EbAJ1yyw==",
      "viewCount": null,
      "duration": "8:37",
      "size": 254891085
    },
    {
      "id": "22192988-daf4-4581-ad4b-bfc2c23e69d7",
      "pid": "ba0ef5e2-e1e4-4be5-ba01-8f6e8844628b",
      "dblevel": 4,
      "location": "/VGMV/01_BaiGiang/TongQuanKinhThanh/48_Ga-la-ti",
      "isVideo": true,
      "url": "01-bai-giang.tong-quan-kinh-thanh.48-ga-la-ti",
      "name": "48_Ga-la-ti",
      "count": 0,
      "isLeaf": null,
      "keyword": null,
      "hash": "",
      "khash": "U2FsdGVkX1+5/uliAnJl1SyP4OHRdQV+mAuMIbb7Z1zCact1pm9JSXn/t12jM64yaQbm9DXiZKYQO9s0GN9WEg==",
      "viewCount": null,
      "duration": "9:2",
      "size": 266945391
    },
    {
      "id": "d674a568-285b-4eaf-95bb-85c58664e56f",
      "pid": "ba0ef5e2-e1e4-4be5-ba01-8f6e8844628b",
      "dblevel": 4,
      "location": "/VGMV/01_BaiGiang/TongQuanKinhThanh/49_E-phe-so",
      "isVideo": true,
      "url": "01-bai-giang.tong-quan-kinh-thanh.49-e-phe-so",
      "name": "49_Ê-phê-sô",
      "count": 0,
      "isLeaf": null,
      "keyword": null,
      "hash": "",
      "khash": "U2FsdGVkX19oWkK24PgWipdcvBXXoHt/+HJxrsmgF8IOTKL1m1Bg4MHF6aIsa1b7/tEpLxSpFiiREvZKMB7JUA==",
      "viewCount": null,
      "duration": "8:56",
      "size": 265112891
    },
    {
      "id": "f2eb0765-2682-48e9-b8d3-8b1f3e80bd35",
      "pid": "ba0ef5e2-e1e4-4be5-ba01-8f6e8844628b",
      "dblevel": 4,
      "location": "/VGMV/01_BaiGiang/TongQuanKinhThanh/50_Phi-lip",
      "isVideo": true,
      "url": "01-bai-giang.tong-quan-kinh-thanh.50-phi-lip",
      "name": "50_Phi-líp",
      "count": 0,
      "isLeaf": null,
      "keyword": null,
      "hash": "",
      "khash": "U2FsdGVkX1/NpCmAP6PtqrFk4SNJr6dE8o+Kx010wR2vFJlpuqqotCYz6MBJjH++tKzLgLTXR5pAWAqREMWGcA==",
      "viewCount": null,
      "duration": "9:13",
      "size": 272154659
    },
    {
      "id": "b770cd9b-c2e8-4ed4-89f4-357603539c21",
      "pid": "ba0ef5e2-e1e4-4be5-ba01-8f6e8844628b",
      "dblevel": 4,
      "location": "/VGMV/01_BaiGiang/TongQuanKinhThanh/51_Co-lo-se",
      "isVideo": true,
      "url": "01-bai-giang.tong-quan-kinh-thanh.51-co-lo-se",
      "name": "51_Cô-lô-se",
      "count": 0,
      "isLeaf": null,
      "keyword": null,
      "hash": "",
      "khash": "U2FsdGVkX18YHDqDTzr2X90DEyM6zztJqQKcDHqrz5OxAuKiBogeFPFdpbxgBGBIANw4UR3oY8SVDXP6lDeynw==",
      "viewCount": null,
      "duration": "9:16",
      "size": 274171536
    },
    {
      "id": "49e1c325-6b35-4e6a-93e1-85531ecc51cb",
      "pid": "ba0ef5e2-e1e4-4be5-ba01-8f6e8844628b",
      "dblevel": 4,
      "location": "/VGMV/01_BaiGiang/TongQuanKinhThanh/52_1Te-sa-lo-ni-ca",
      "isVideo": true,
      "url": "01-bai-giang.tong-quan-kinh-thanh.52-1te-sa-lo-ni-ca",
      "name": "52_1Tê-sa-lô-ni-ca",
      "count": 0,
      "isLeaf": null,
      "keyword": null,
      "hash": "",
      "khash": "U2FsdGVkX18+KMgo7bOTAEswMc4R/WdzrcZ7YEzAI+HuXUEnuiv4yXACvqyK3iy2JfKpDhdMZUQUH9YS5DHe/A==",
      "viewCount": null,
      "duration": "7:17",
      "size": 215703632
    },
    {
      "id": "38bd289a-ca1b-4fef-a755-b51c1754d0f5",
      "pid": "ba0ef5e2-e1e4-4be5-ba01-8f6e8844628b",
      "dblevel": 4,
      "location": "/VGMV/01_BaiGiang/TongQuanKinhThanh/53_2Te-sa-lo-ni-ca",
      "isVideo": true,
      "url": "01-bai-giang.tong-quan-kinh-thanh.53-2te-sa-lo-ni-ca",
      "name": "53_2Tê-sa-lô-ni-ca",
      "count": 0,
      "isLeaf": null,
      "keyword": null,
      "hash": "",
      "khash": "U2FsdGVkX1/On2t/+W2HJiVbKfFozxmEYBeAU2nwSDK1b8yO1n0htMaACzNhQsJTgLRQQOt3LnFzZ+67vILS9A==",
      "viewCount": null,
      "duration": "7:10",
      "size": 211495374
    },
    {
      "id": "29a92829-293b-41cc-80f2-8494b28687c0",
      "pid": "ba0ef5e2-e1e4-4be5-ba01-8f6e8844628b",
      "dblevel": 4,
      "location": "/VGMV/01_BaiGiang/TongQuanKinhThanh/54_1Ti-mo-the",
      "isVideo": true,
      "url": "01-bai-giang.tong-quan-kinh-thanh.54-1ti-mo-the",
      "name": "54_1Ti-mô-thê",
      "count": 0,
      "isLeaf": null,
      "keyword": null,
      "hash": "",
      "khash": "U2FsdGVkX18foVN0sb9ql/YE821DNwiT3ODybu/JSF1gGDsSbpEYjHJwwrZUFBvdz6oVvAmR6a9CDx86FqxV+Q==",
      "viewCount": null,
      "duration": "9:18",
      "size": 274736930
    },
    {
      "id": "b8a8f6f4-1068-48c4-85f9-5bfb838b4f2a",
      "pid": "ba0ef5e2-e1e4-4be5-ba01-8f6e8844628b",
      "dblevel": 4,
      "location": "/VGMV/01_BaiGiang/TongQuanKinhThanh/55_2Ti-mo-the",
      "isVideo": true,
      "url": "01-bai-giang.tong-quan-kinh-thanh.55-2ti-mo-the",
      "name": "55_2Ti-mô-thê",
      "count": 0,
      "isLeaf": null,
      "keyword": null,
      "hash": "",
      "khash": "U2FsdGVkX18RXaEKli8tvA01lr/6aQpxa+pemYWd/cS0+OnNIVpzKVkR9Tqj5OmCiqg16fTLZDMIVQv9yRN2Jw==",
      "viewCount": null,
      "duration": "7:45",
      "size": 228636488
    },
    {
      "id": "44dad1ea-74de-424a-92a2-6d4e30dafb66",
      "pid": "ba0ef5e2-e1e4-4be5-ba01-8f6e8844628b",
      "dblevel": 4,
      "location": "/VGMV/01_BaiGiang/TongQuanKinhThanh/56_Tit",
      "isVideo": true,
      "url": "01-bai-giang.tong-quan-kinh-thanh.56-tit",
      "name": "56_Tít",
      "count": 0,
      "isLeaf": null,
      "keyword": null,
      "hash": "",
      "khash": "U2FsdGVkX18EU5y4FqUSJbNk+lNzU+dNcnUuyLowwCiYjwldxuz1Bm39Ce20u6xRy8rf+kT01RILuIXRl+CRoA==",
      "viewCount": null,
      "duration": "8:20",
      "size": 246232330
    },
    {
      "id": "257da739-0147-4ccc-8dff-31bb4c7a52af",
      "pid": "ba0ef5e2-e1e4-4be5-ba01-8f6e8844628b",
      "dblevel": 4,
      "location": "/VGMV/01_BaiGiang/TongQuanKinhThanh/57_Phi-le-mon",
      "isVideo": true,
      "url": "01-bai-giang.tong-quan-kinh-thanh.57-phi-le-mon",
      "name": "57_Phi-lê-môn",
      "count": 0,
      "isLeaf": null,
      "keyword": null,
      "hash": "",
      "khash": "U2FsdGVkX18AW4oDjkKoBXMH1xlg5QkT5rVbySscqc35uscZLta1YDWXwPbcmtpvbkQOc2nYGBxbALvFjSFTBw==",
      "viewCount": null,
      "duration": "6:38",
      "size": 196005842
    },
    {
      "id": "a6ebbe8e-7555-4dff-9568-2046e3f5dd05",
      "pid": "ba0ef5e2-e1e4-4be5-ba01-8f6e8844628b",
      "dblevel": 4,
      "location": "/VGMV/01_BaiGiang/TongQuanKinhThanh/58_He-bo-ro",
      "isVideo": true,
      "url": "01-bai-giang.tong-quan-kinh-thanh.58-he-bo-ro",
      "name": "58_Hê-bơ-rơ",
      "count": 0,
      "isLeaf": null,
      "keyword": null,
      "hash": "",
      "khash": "U2FsdGVkX1/Wjl2UGDhkXBeoToB+Gf0hbwgyVmILzrSvBDPmD8vgNrXeUya0GokDf4JDrDtPZbT9CWmmwivyqA==",
      "viewCount": null,
      "duration": "8:16",
      "size": 243975491
    },
    {
      "id": "2fb3b159-a227-498a-b8ed-9774b6798ce8",
      "pid": "ba0ef5e2-e1e4-4be5-ba01-8f6e8844628b",
      "dblevel": 4,
      "location": "/VGMV/01_BaiGiang/TongQuanKinhThanh/59_Gia-co",
      "isVideo": true,
      "url": "01-bai-giang.tong-quan-kinh-thanh.59-gia-co",
      "name": "59_Gia-cơ",
      "count": 0,
      "isLeaf": null,
      "keyword": null,
      "hash": "",
      "khash": "U2FsdGVkX19DE1mPvyPYCsW2ZUWj2aLonW+jNQ6x83pVcOql0bi79EWaxQaJZZswOSxID6DaTIYZP8vc8htjWA==",
      "viewCount": null,
      "duration": "8:2",
      "size": 237381577
    },
    {
      "id": "b835c1df-bfbc-487b-873c-5c2e6710a72e",
      "pid": "ba0ef5e2-e1e4-4be5-ba01-8f6e8844628b",
      "dblevel": 4,
      "location": "/VGMV/01_BaiGiang/TongQuanKinhThanh/60_1Phi-e-ro",
      "isVideo": true,
      "url": "01-bai-giang.tong-quan-kinh-thanh.60-1phi-e-ro",
      "name": "60_1Phi-e-rơ",
      "count": 0,
      "isLeaf": null,
      "keyword": null,
      "hash": "",
      "khash": "U2FsdGVkX19iz/HnGtCLcpm6Asp8phTO0DQhwcBgp/qRF/Hz9fe3Tkd3YF53usWZfHujpksPib2BWhOczBux/g==",
      "viewCount": null,
      "duration": "7:56",
      "size": 234467108
    },
    {
      "id": "932ab229-57df-468f-9c89-4507d3757e86",
      "pid": "ba0ef5e2-e1e4-4be5-ba01-8f6e8844628b",
      "dblevel": 4,
      "location": "/VGMV/01_BaiGiang/TongQuanKinhThanh/61_2Phi-e-ro",
      "isVideo": true,
      "url": "01-bai-giang.tong-quan-kinh-thanh.61-2phi-e-ro",
      "name": "61_2Phi-e-rơ",
      "count": 0,
      "isLeaf": null,
      "keyword": null,
      "hash": "",
      "khash": "U2FsdGVkX1/H2IqUH274dii3Pg3Z/JqC5z0hd66RLYUJmZFAu73/LeEI/nBGiS3nPNh9L9uojVM4zqDLOosuAg==",
      "viewCount": null,
      "duration": "8:2",
      "size": 237397674
    },
    {
      "id": "c487567b-9131-4a57-b15a-24cb4206ef6a",
      "pid": "ba0ef5e2-e1e4-4be5-ba01-8f6e8844628b",
      "dblevel": 4,
      "location": "/VGMV/01_BaiGiang/TongQuanKinhThanh/62-64_123Giang",
      "isVideo": true,
      "url": "01-bai-giang.tong-quan-kinh-thanh.62-64-123giang",
      "name": "62-64_123Giăng",
      "count": 0,
      "isLeaf": null,
      "keyword": null,
      "hash": "",
      "khash": "U2FsdGVkX19iMP+uFjGgwiieioD/sv7tjwmDuEKtyF/RFZBfHb4Rh4adpLqygMh7B44fNlfSdL1GnOxMoXqWxQ==",
      "viewCount": null,
      "duration": "9:38",
      "size": 284999420
    },
    {
      "id": "c89e73da-e461-4aa6-8809-ea0c3d370fd4",
      "pid": "ba0ef5e2-e1e4-4be5-ba01-8f6e8844628b",
      "dblevel": 4,
      "location": "/VGMV/01_BaiGiang/TongQuanKinhThanh/65_Giu-de",
      "isVideo": true,
      "url": "01-bai-giang.tong-quan-kinh-thanh.65-giu-de",
      "name": "65_Giu-đe",
      "count": 0,
      "isLeaf": null,
      "keyword": null,
      "hash": "",
      "khash": "U2FsdGVkX1+pNHLgahJN/2AzTBFyDTrvrfgRbuwknYCs4S8pOjNQv0B6oUplfSmESzh5UbX0M7p/MLKG2UUpaA==",
      "viewCount": null,
      "duration": "7:44",
      "size": 228461505
    },
    {
      "id": "2ab4dc4f-7934-47a2-a081-01bac0b8712c",
      "pid": "ba0ef5e2-e1e4-4be5-ba01-8f6e8844628b",
      "dblevel": 4,
      "location": "/VGMV/01_BaiGiang/TongQuanKinhThanh/66a_KhaiHuyen01-11",
      "isVideo": true,
      "url": "01-bai-giang.tong-quan-kinh-thanh.66a-khai-huyen-01-11",
      "name": "66a_Khải Huyền 01-11",
      "count": 0,
      "isLeaf": null,
      "keyword": null,
      "hash": "",
      "khash": "U2FsdGVkX1/Ts02UKP16KB0L86UKd/Tf9vv0XWNHHF/91LBBbbA7ctQnepKkjOWxRDiDSrhe7LtQO/LKRrR8tg==",
      "viewCount": null,
      "duration": "11:48",
      "size": 348283184
    },
    {
      "id": "7555a283-e9f4-46f9-95fa-8b5b1a3fc524",
      "pid": "ba0ef5e2-e1e4-4be5-ba01-8f6e8844628b",
      "dblevel": 4,
      "location": "/VGMV/01_BaiGiang/TongQuanKinhThanh/66b_KhaiHuyen12-22",
      "isVideo": true,
      "url": "01-bai-giang.tong-quan-kinh-thanh.66b-khai-huyen-12-22",
      "name": "66b_Khải Huyền 12-22",
      "count": 0,
      "isLeaf": null,
      "keyword": null,
      "hash": "",
      "khash": "U2FsdGVkX1+WFlxXQv34bN5i5CjQhF9DDrkBlK6+VgIQjNQxeLrT2Lf1CzoqVbM4bVi6i52UUw3UuRxOUcjefw==",
      "viewCount": null,
      "duration": "11:50",
      "size": 350211955
    }
  ]
}