{
  "id": "5199f55e-00c5-443e-895f-e2e2e444d20f",
  "pid": "e79a1565-39fe-4850-8f66-baab3ff82133",
  "dblevel": 3,
  "location": "/VGMA/01-TimHieuNiemTin/TimHieuNiemTin-04",
  "isVideo": false,
  "url": "01-tim-hieu-niem-tin.tim-hieu-niem-tin-04",
  "name": "Tìm Hiểu Niềm Tin-04",
  "count": 3,
  "isLeaf": true,
  "keyword": null,
  "hash": null,
  "khash": null,
  "viewCount": null,
  "duration": null,
  "size": null,
  "children": [
    {
      "id": "662a2459-1566-4613-8c0f-881f6a62b94b",
      "pid": "5199f55e-00c5-443e-895f-e2e2e444d20f",
      "dblevel": 4,
      "location": "/VGMA/01-TimHieuNiemTin/TimHieuNiemTin-04/01_NeuKhongCoThuongDe",
      "isVideo": false,
      "url": "01-tim-hieu-niem-tin.tim-hieu-niem-tin-04.01-neu-khong-co-thuong-de",
      "name": "01_Nếu Không Có Thượng Đế",
      "count": 0,
      "isLeaf": null,
      "keyword": null,
      "hash": "U2FsdGVkX1/OUQq6zCzJSXu2ajvjBwVB03upXHZPlzeZlbJd/eCjkr1T1Xn08eU7fJpTyLOMnfujcGsK7gYaIQ==",
      "khash": "U2FsdGVkX1/2UpzF3mL5L+sgaJiaAbPPu6+A4/PSzFStxojnSn2MeYsOq+rhYLo8vudCTbZWrop8Dhii2MFS5g==",
      "viewCount": null,
      "duration": "45:24",
      "size": 43588050
    },
    {
      "id": "9780b31f-d294-4fba-b693-0b2af388d66d",
      "pid": "5199f55e-00c5-443e-895f-e2e2e444d20f",
      "dblevel": 4,
      "location": "/VGMA/01-TimHieuNiemTin/TimHieuNiemTin-04/02_ChuaYeuBan",
      "isVideo": false,
      "url": "01-tim-hieu-niem-tin.tim-hieu-niem-tin-04.02-chua-yeu-ban",
      "name": "02_Chúa Yêu Bạn",
      "count": 0,
      "isLeaf": null,
      "keyword": null,
      "hash": "U2FsdGVkX1+QaQub69DKvuyqoh1tAt9AW03pednnhBxt4jxyFbwsJY1jyPLWXdmqxmeepou8+hJgova0oz2XIg==",
      "khash": "U2FsdGVkX1++rl8yHMlzeMXA1Yn8xdou6W0vc0/kUk+xsoynbndfhJIlpASewOzkxhEU/5CCkceIW1fwJYfcsA==",
      "viewCount": null,
      "duration": "52:4",
      "size": 49993310
    },
    {
      "id": "1d9d1a4d-132e-430a-becb-663d9f142838",
      "pid": "5199f55e-00c5-443e-895f-e2e2e444d20f",
      "dblevel": 4,
      "location": "/VGMA/01-TimHieuNiemTin/TimHieuNiemTin-04/03_ChuaVaTuongLaiBan",
      "isVideo": false,
      "url": "01-tim-hieu-niem-tin.tim-hieu-niem-tin-04.03-chua-va-tuong-lai-ban",
      "name": "03_Chúa Và Tương Lai Bạn",
      "count": 0,
      "isLeaf": null,
      "keyword": null,
      "hash": "U2FsdGVkX1/R+1DECIteB5lbj7Q0QNuV3oHguwHz+yaCxM2pT4jSBfDUTNINxBk8McevcaLlIg9dFuuxNhU5fw==",
      "khash": "U2FsdGVkX18dFpZnEjaTbF5l3xEx2sRNSg5x5o/fYpQ/w6avlIH/St3qH/bCsly9jzqXBk1FCEOl14VsXxAhng==",
      "viewCount": null,
      "duration": "44:51",
      "size": 86113343
    }
  ]
}