{
  "id": "bccd45f6-d9cb-4606-a91b-efcaa24868a2",
  "pid": "9d6679c1-e244-4fa6-86ac-7d5c90b0e506",
  "dblevel": 3,
  "location": "/VGMV/02_KhoaHocVaNiemTin/04-SangTheKyvaThuyetTienHoa",
  "isVideo": true,
  "url": "02-khoa-hoc-va-niem-tin.04-sang-the-ky-va-thuyet-tien-hoa",
  "name": "04-Sáng Thế Ký và Thuyết Tiến Hóa",
  "count": 4,
  "isLeaf": true,
  "keyword": null,
  "hash": null,
  "khash": null,
  "viewCount": null,
  "duration": null,
  "size": null,
  "children": [
    {
      "id": "ce984afe-4699-4140-9f19-16d0ba9923ff",
      "pid": "bccd45f6-d9cb-4606-a91b-efcaa24868a2",
      "dblevel": 4,
      "location": "/VGMV/02_KhoaHocVaNiemTin/04-SangTheKyvaThuyetTienHoa/01_BanDauDucChuaTroiDungNenTroiDat",
      "isVideo": true,
      "url": "02-khoa-hoc-va-niem-tin.04-sang-the-ky-va-thuyet-tien-hoa.01-ban-dau-duc-chua-troi-dung-nen-troi-dat",
      "name": "01_Ban Đầu Đức Chúa Trời Dựng Nên Trời Đất",
      "count": 0,
      "isLeaf": null,
      "keyword": null,
      "hash": "",
      "khash": "U2FsdGVkX1+kxWtHb6ArtBZiMDqdMpdECM5JjM//qJT8j7enQmMPL7pW+5QCoLSaxk1gMub/8EJ/IR13Ewk6AA==",
      "viewCount": null,
      "duration": "44:2",
      "size": 1301222380
    },
    {
      "id": "e4ce86ab-e221-49dd-8a45-4f48a953e2bf",
      "pid": "bccd45f6-d9cb-4606-a91b-efcaa24868a2",
      "dblevel": 4,
      "location": "/VGMV/02_KhoaHocVaNiemTin/04-SangTheKyvaThuyetTienHoa/02_SuSangTaoHayThuyetTienHoaP1",
      "isVideo": true,
      "url": "02-khoa-hoc-va-niem-tin.04-sang-the-ky-va-thuyet-tien-hoa.02-su-sang-tao-hay-thuyet-tien-hoa-p1",
      "name": "02_Sự Sáng Tạo Hay Thuyết Tiến Hoá P1",
      "count": 0,
      "isLeaf": null,
      "keyword": null,
      "hash": "",
      "khash": "U2FsdGVkX193m739JS88ZAXOeIa9nQdi1pnqf3SPaXyAMVDNanJY0QlVUaC2ZhvBO5FYJ6Kb0DuYyoK0oQ2HJA==",
      "viewCount": null,
      "duration": "39:1",
      "size": 1153500913
    },
    {
      "id": "f173bf05-72a4-4a54-bbba-db5ea1110fba",
      "pid": "bccd45f6-d9cb-4606-a91b-efcaa24868a2",
      "dblevel": 4,
      "location": "/VGMV/02_KhoaHocVaNiemTin/04-SangTheKyvaThuyetTienHoa/03_SuSangTaoHayThuyetTienHoaP2",
      "isVideo": true,
      "url": "02-khoa-hoc-va-niem-tin.04-sang-the-ky-va-thuyet-tien-hoa.03-su-sang-tao-hay-thuyet-tien-hoa-p2",
      "name": "03_Sự Sáng Tạo Hay Thuyết Tiến Hoá P2",
      "count": 0,
      "isLeaf": null,
      "keyword": null,
      "hash": "",
      "khash": "U2FsdGVkX19Jha96XkzI/cqOr6AvwTKTWvrGd/2/e37MLQ1kafRzZX0i89eRDs66NprdbEnYyzFqrbSbSAnV1Q==",
      "viewCount": null,
      "duration": "40:47",
      "size": 1208635285
    },
    {
      "id": "ea341276-3b35-462e-bb67-cf89abe39dfe",
      "pid": "bccd45f6-d9cb-4606-a91b-efcaa24868a2",
      "dblevel": 4,
      "location": "/VGMV/02_KhoaHocVaNiemTin/04-SangTheKyvaThuyetTienHoa/04_SuSangTaoHayThuyetTienHoaP3",
      "isVideo": true,
      "url": "02-khoa-hoc-va-niem-tin.04-sang-the-ky-va-thuyet-tien-hoa.04-su-sang-tao-hay-thuyet-tien-hoa-p3",
      "name": "04_Sự Sáng Tạo Hay Thuyết Tiến Hoá P3",
      "count": 0,
      "isLeaf": null,
      "keyword": null,
      "hash": "",
      "khash": "U2FsdGVkX1/MiAaR3PwSiGWvboN3AsEtjqrGhOMnLVwzX36eRnxZIeOXuSyPdGq8o3Gdcdig1olZXJVT5KYoRg==",
      "viewCount": null,
      "duration": "48:1",
      "size": 1420370559
    }
  ]
}