{
  "id": "c8bd2500-0182-4ef8-a607-0ade98d8e65d",
  "pid": "9d6679c1-e244-4fa6-86ac-7d5c90b0e506",
  "dblevel": 3,
  "location": "/VGMV/02_KhoaHocVaNiemTin/02-CauHoiNguonGoc",
  "isVideo": true,
  "url": "02-khoa-hoc-va-niem-tin.02-cau-hoi-nguon-goc",
  "name": "02-Câu Hỏi Nguồn Gốc",
  "count": 1,
  "isLeaf": true,
  "keyword": null,
  "hash": null,
  "khash": null,
  "viewCount": null,
  "duration": null,
  "size": null,
  "children": [
    {
      "id": "7f2be5ae-ff9e-4ff1-acc1-1ad1fd48dafc",
      "pid": "c8bd2500-0182-4ef8-a607-0ade98d8e65d",
      "dblevel": 4,
      "location": "/VGMV/02_KhoaHocVaNiemTin/02-CauHoiNguonGoc/CauHoiNguonGoc",
      "isVideo": true,
      "url": "02-khoa-hoc-va-niem-tin.02-cau-hoi-nguon-goc.cau-hoi-nguon-goc",
      "name": "Câu Hỏi Nguồn Gốc",
      "count": 0,
      "isLeaf": null,
      "keyword": null,
      "hash": "",
      "khash": "U2FsdGVkX19hbmdKlgcLcWRZT3ygPrjeCT3ND5dGaR4CJ8aF686B8nB4VqsuuY6kBk1RUQhLklIBWwfDrEhLrg==",
      "viewCount": null,
      "duration": "86:43",
      "size": 890209836
    }
  ]
}