{
  "id": "c4adc51d-849c-407d-91a2-1943f3462aed",
  "pid": "e9028847-3367-4327-b724-4c29a87632e8",
  "dblevel": 5,
  "location": "/VGMA/02-MoiNgayVoiLoiChua/Nam01/Thang06/Ngay25",
  "isVideo": false,
  "url": "02-moi-ngay-voi-loi-chua.nam-01.thang-06.ngay-25",
  "name": "Ngày 25",
  "count": 4,
  "isLeaf": true,
  "keyword": null,
  "hash": null,
  "khash": null,
  "viewCount": null,
  "duration": null,
  "size": null,
  "children": [
    {
      "id": "dcc1d00f-6ec9-40ba-ad7c-963a5f3652c7",
      "pid": "c4adc51d-849c-407d-91a2-1943f3462aed",
      "dblevel": 6,
      "location": "/VGMA/02-MoiNgayVoiLoiChua/Nam01/Thang06/Ngay25/01_KhamPhaKinhThanh-Thang06Ngay25",
      "isVideo": false,
      "url": "02-moi-ngay-voi-loi-chua.nam-01.thang-06.ngay-25.01-kham-pha-kinh-thanh-thang-06-ngay-25",
      "name": "01_Khám Phá Kinh Thánh - Tháng 06 Ngày 25",
      "count": 0,
      "isLeaf": null,
      "keyword": null,
      "hash": "U2FsdGVkX19b4obzLRWuL5Sb1NKbNggzNixYWY/dA6oYuLhXf1YEtsSYmXDX0lo7mWiHFJEAgsqOGVSdICV7LQ==",
      "khash": "U2FsdGVkX18jiqt+fBCsILkd59p21uzm7HXDFRItS1pV9nF1nZyd66pw4/BAxv3LV219GZXmJ0j+eJFU3+FeKA==",
      "viewCount": null,
      "duration": "19:22",
      "size": 18603806
    },
    {
      "id": "7d959e75-e206-4b3e-bc2c-138c31773d41",
      "pid": "c4adc51d-849c-407d-91a2-1943f3462aed",
      "dblevel": 6,
      "location": "/VGMA/02-MoiNgayVoiLoiChua/Nam01/Thang06/Ngay25/02_TaLLaAi-TanDat",
      "isVideo": false,
      "url": "02-moi-ngay-voi-loi-chua.nam-01.thang-06.ngay-25.02-tal-la-ai-tandat",
      "name": "02_TaL Là Ai - TanDat",
      "count": 0,
      "isLeaf": null,
      "keyword": null,
      "hash": "U2FsdGVkX18erJcBPf/NkytDlZIPWRZZ0E7ehVxt8g9IuTPtfZ9JcvDMRL6RajwXkR/j9Mew+KArqPNROkuK+Q==",
      "khash": "U2FsdGVkX1/7H+sy+IZVzxh2gGMKAOZIHb7BHlHu8tjUxwGXj5uHI7Pu3IJ1rprSY8wkwHjgil9zHWzTjj2vbA==",
      "viewCount": null,
      "duration": "5:5",
      "size": 7333322
    },
    {
      "id": "04b2f902-71e8-456a-bcf9-3a4fd97b90c5",
      "pid": "c4adc51d-849c-407d-91a2-1943f3462aed",
      "dblevel": 6,
      "location": "/VGMA/02-MoiNgayVoiLoiChua/Nam01/Thang06/Ngay25/03_AnhHuongCuaMeTrenConTrai",
      "isVideo": false,
      "url": "02-moi-ngay-voi-loi-chua.nam-01.thang-06.ngay-25.03-anh-huong-cua-me-tren-con-trai",
      "name": "03_Ảnh Hưởng Của Mẹ Trên Con Trai",
      "count": 0,
      "isLeaf": null,
      "keyword": null,
      "hash": "U2FsdGVkX19N2lR7d5XgscZeBbG9oYolCOFAMJhLd3QcWAjh7/eu34J5WfR0toF4UixB64XLy2dHlXbehb0Xdw==",
      "khash": "U2FsdGVkX1/1oZyxrf39RmkKcoiGI6BQc20bXZQ0KYpaCgP88bJXVEOz1oU0Jfn0F93xALoGXL3qcMHMskS3Qg==",
      "viewCount": null,
      "duration": "36:7",
      "size": 34680188
    },
    {
      "id": "2fa4c462-b12b-47da-a7de-472d361ac164",
      "pid": "c4adc51d-849c-407d-91a2-1943f3462aed",
      "dblevel": 6,
      "location": "/VGMA/02-MoiNgayVoiLoiChua/Nam01/Thang06/Ngay25/04-NuongCaySucChuaP3-4",
      "isVideo": false,
      "url": "02-moi-ngay-voi-loi-chua.nam-01.thang-06.ngay-25.04-nuong-cay-suc-chua-p3-4",
      "name": "04-Nương Cậy Sức Chúa P3-4",
      "count": 0,
      "isLeaf": null,
      "keyword": null,
      "hash": "U2FsdGVkX19yCZpC7ON/yqjRvE/BEhWZDbuQm1DMH6g+DfTSbaeZQpE0EaYEwRv3+FZRnaNntCTxqLZkYf2fgg==",
      "khash": "U2FsdGVkX1+37Qrgh+6ZmvVOd8i0vW0cYbv20FzmMZGiEB1vyvLBkn3BNUkIf438L5wWp0JVFyR6d9/u1u5lVg==",
      "viewCount": null,
      "duration": "26:5",
      "size": 25061490
    }
  ]
}