{
  "id": "6fb8be43-b785-4e8e-8f71-ac8891e4f24a",
  "pid": "5f3a31b5-1223-44f2-8d64-2f8ddba8749b",
  "dblevel": 5,
  "location": "/VGMA/02-MoiNgayVoiLoiChua/Nam01/Thang03/Ngay17",
  "isVideo": false,
  "url": "02-moi-ngay-voi-loi-chua.nam-01.thang-03.ngay-17",
  "name": "Ngày 17",
  "count": 4,
  "isLeaf": true,
  "keyword": null,
  "hash": null,
  "khash": null,
  "viewCount": null,
  "duration": null,
  "size": null,
  "children": [
    {
      "id": "dc169e40-0bd3-46d8-9967-c4468e77cf1e",
      "pid": "6fb8be43-b785-4e8e-8f71-ac8891e4f24a",
      "dblevel": 6,
      "location": "/VGMA/02-MoiNgayVoiLoiChua/Nam01/Thang03/Ngay17/01_KhamPhaKinhThanh-Thang03Ngay17",
      "isVideo": false,
      "url": "02-moi-ngay-voi-loi-chua.nam-01.thang-03.ngay-17.01-kham-pha-kinh-thanh-thang-03-ngay-17",
      "name": "01_Khám Phá Kinh Thánh - Tháng 03 Ngày 17",
      "count": 0,
      "isLeaf": null,
      "keyword": null,
      "hash": "U2FsdGVkX1+YAefR6l22tTEae3W+dfAxRoG/aDSFVaFxMkesCJvTpIpxSZ3FZ6yLYKqaQNxb5WN90+GLlWm2LQ==",
      "khash": "U2FsdGVkX188QZ5ZL5eR8Qf7kS2UmQ4t10UaG9meRHx86BEhTIjoFVDapsi51jhQJoqmjL9HoAwklBK+sS4bGA==",
      "viewCount": null,
      "duration": "24:57",
      "size": 23955902
    },
    {
      "id": "0abc7d53-1316-425a-9e05-96c2c259edab",
      "pid": "6fb8be43-b785-4e8e-8f71-ac8891e4f24a",
      "dblevel": 6,
      "location": "/VGMA/02-MoiNgayVoiLoiChua/Nam01/Thang03/Ngay17/02_MaiKia-ThienHan",
      "isVideo": false,
      "url": "02-moi-ngay-voi-loi-chua.nam-01.thang-03.ngay-17.02-mai-kia-thienhan",
      "name": "02_Mai Kia - ThienHan",
      "count": 0,
      "isLeaf": null,
      "keyword": null,
      "hash": "U2FsdGVkX191fBK6BgJ3udsehbi64PjisBMNQiyqI3/PO/EvV+2Z6RUmd8WBp4rg6BhmuGDKhFsShACydOb2Qg==",
      "khash": "U2FsdGVkX1+1BIZTzA6F6OlTCyOoDibBMG6MqNx88Q8+8VmA9Un2pz0mJUmpWtV3WOApoiGUttFpr1U3dKOY9w==",
      "viewCount": null,
      "duration": "4:11",
      "size": 10054091
    },
    {
      "id": "50ea58c4-354c-4ac9-9abf-f5a4aa0fc1e9",
      "pid": "6fb8be43-b785-4e8e-8f71-ac8891e4f24a",
      "dblevel": 6,
      "location": "/VGMA/02-MoiNgayVoiLoiChua/Nam01/Thang03/Ngay17/03_5YeuToDayConTruongThanh",
      "isVideo": false,
      "url": "02-moi-ngay-voi-loi-chua.nam-01.thang-03.ngay-17.03-5-yeu-to-day-con-truong-thanh",
      "name": "03_5 Yếu Tố Dạy Con Trưởng Thành",
      "count": 0,
      "isLeaf": null,
      "keyword": null,
      "hash": "U2FsdGVkX19RwLfaC/sidswl19pf6CX27KMDgEWOE/v/Q9oHMYV6YWUioGq/o1ENCGzAG4JlFTEUwko3goguLg==",
      "khash": "U2FsdGVkX19qiAAQzrgHZRVEWYL2FtUJjpBGAt76IwRrw6FoDQH5kW3eHKbLQKCvcvAxJA0GBw2zWted57Vigg==",
      "viewCount": null,
      "duration": "26:58",
      "size": 25893978
    },
    {
      "id": "256dca96-a9dc-4069-96f9-bff3be36ab28",
      "pid": "6fb8be43-b785-4e8e-8f71-ac8891e4f24a",
      "dblevel": 6,
      "location": "/VGMA/02-MoiNgayVoiLoiChua/Nam01/Thang03/Ngay17/04_ChuaYeuBan",
      "isVideo": false,
      "url": "02-moi-ngay-voi-loi-chua.nam-01.thang-03.ngay-17.04-chua-yeu-ban",
      "name": "04_Chúa Yêu Bạn",
      "count": 0,
      "isLeaf": null,
      "keyword": null,
      "hash": "U2FsdGVkX188vWth12aOfS31ujDsO5mCFAP6ui+69XQLAGEZj4BgWuafntnrX5WRddP9hdh9y1HYvMINpD2DvA==",
      "khash": "U2FsdGVkX19GMyUqEuyCMhpzXppjKM/uOP7J28CC5yOpGig1L288ie3yES9RyVwAHbU19SxJzPWChSpW+frcQA==",
      "viewCount": null,
      "duration": "52:4",
      "size": 49993310
    }
  ]
}