{
  "id": "67a5234a-d295-42a0-8820-923e4703528e",
  "pid": "d96ceb52-956a-4068-b591-1a5889af7f1f",
  "dblevel": 5,
  "location": "/VGMA/02-MoiNgayVoiLoiChua/Nam01/Thang02/Ngay11",
  "isVideo": false,
  "url": "02-moi-ngay-voi-loi-chua.nam-01.thang-02.ngay-11",
  "name": "Ngày 11",
  "count": 4,
  "isLeaf": true,
  "keyword": null,
  "hash": null,
  "khash": null,
  "viewCount": null,
  "duration": null,
  "size": null,
  "children": [
    {
      "id": "2c5cafea-a892-43f8-adb6-b5b2d9076159",
      "pid": "67a5234a-d295-42a0-8820-923e4703528e",
      "dblevel": 6,
      "location": "/VGMA/02-MoiNgayVoiLoiChua/Nam01/Thang02/Ngay11/01_KhamPhaKinhThanh-Thang02Ngay11",
      "isVideo": false,
      "url": "02-moi-ngay-voi-loi-chua.nam-01.thang-02.ngay-11.01-kham-pha-kinh-thanh-thang-02-ngay-11",
      "name": "01_Khám Phá Kinh Thánh - Tháng 02 Ngày 11",
      "count": 0,
      "isLeaf": null,
      "keyword": null,
      "hash": "U2FsdGVkX19s8oTbnlyBeBW+jkB3z4vXk2giGf8RXya7WBB9Lv51yZHRPwBt3x4R62uwdb9aiRAuXBW4VdPGbA==",
      "khash": "U2FsdGVkX18R821LcglIY3JU/kYwAsXhKLSvFribHr5b8VQpWFSDwAPpxKE/B7ea2M1IS1S8kLVxcVMsf+4Ukg==",
      "viewCount": null,
      "duration": "34:53",
      "size": 33488715
    },
    {
      "id": "a7c2c2ad-53cd-4320-9ebc-e391d0aee2bf",
      "pid": "67a5234a-d295-42a0-8820-923e4703528e",
      "dblevel": 6,
      "location": "/VGMA/02-MoiNgayVoiLoiChua/Nam01/Thang02/Ngay11/02_SuyTuBenChua-Naomi",
      "isVideo": false,
      "url": "02-moi-ngay-voi-loi-chua.nam-01.thang-02.ngay-11.02-suy-tu-ben-chua-naomi",
      "name": "02_Suy Tư Bên Chúa - Naomi",
      "count": 0,
      "isLeaf": null,
      "keyword": null,
      "hash": "U2FsdGVkX1/LQfim1B4jYoM08MxWm8B0RjPpvzkzeP5Y0Yw5at7+s6WLxyI9ocDgjP8liQg7XsmX1C3UhIb15Q==",
      "khash": "U2FsdGVkX181caDqjIrFO8ayAQ6BggIRGh5f5KrUSy8WMq/paF4TTm0jT2yWXUFtfo3Uiy0BGtLJ/n2DobJCww==",
      "viewCount": null,
      "duration": "3:46",
      "size": 9051840
    },
    {
      "id": "1e0b30e7-9abb-422f-9b19-a7e8efecad66",
      "pid": "67a5234a-d295-42a0-8820-923e4703528e",
      "dblevel": 6,
      "location": "/VGMA/02-MoiNgayVoiLoiChua/Nam01/Thang02/Ngay11/03_YNghiaDichThucCuaHonNhan-HNLaMonQua",
      "isVideo": false,
      "url": "02-moi-ngay-voi-loi-chua.nam-01.thang-02.ngay-11.03-y-nghia-dich-thuc-cua-hon-nhan-hn-la-mon-qua",
      "name": "03_Ý Nghĩa Đích Thực Của Hôn Nhân - HN Là Món Quà",
      "count": 0,
      "isLeaf": null,
      "keyword": null,
      "hash": "U2FsdGVkX18QmYwUD7q/mqyacBs9h+Dwtixlv+PhlM4FZGWe7BJo/WvIN7aURfYUa1UN3JSJ0ufyPGbs61IJbg==",
      "khash": "U2FsdGVkX1+2IrAfH971Ojtz0Qillvtl/6NyJnsPM3/t2a0yvzUrCg1jvcuU/PqG4rLGiJyj49PClZpbcbuJ+g==",
      "viewCount": null,
      "duration": "21:45",
      "size": 20893864
    },
    {
      "id": "30872cdb-98d7-4806-9b3a-2bbdfe685e2f",
      "pid": "67a5234a-d295-42a0-8820-923e4703528e",
      "dblevel": 6,
      "location": "/VGMA/02-MoiNgayVoiLoiChua/Nam01/Thang02/Ngay11/04_ThanViVaCongTacCuaDangChrist01",
      "isVideo": false,
      "url": "02-moi-ngay-voi-loi-chua.nam-01.thang-02.ngay-11.04-than-vi-va-cong-tac-cua-dang-christ-01",
      "name": "04_Thân Vị Và Công Tác Của Đấng Christ 01",
      "count": 0,
      "isLeaf": null,
      "keyword": null,
      "hash": "U2FsdGVkX19avuFcJUZ4BLIB5XYGGqiDVRPDs70Jk9pda7yb/+aG4eVurL0XgJmOnj88ug0OrlB8lZ0G0xTCkw==",
      "khash": "U2FsdGVkX1//eeK8PaCsCvbXHNyQtuqEuX7o4wrNHkwZ+mOTepG7s3wyIqmdBYW45Z/9hMEi8xAfmqztcP1F7g==",
      "viewCount": null,
      "duration": "24:21",
      "size": 23388083
    }
  ]
}