{
  "id": "9fecd94a-848c-44d6-824a-ada002cccd47",
  "pid": "0191b9c1-e74d-4cd6-a69e-2d1872217813",
  "dblevel": 5,
  "location": "/VGMA/02-MoiNgayVoiLoiChua/Nam01/Thang05/Ngay22",
  "isVideo": false,
  "url": "02-moi-ngay-voi-loi-chua.nam-01.thang-05.ngay-22",
  "name": "Ngày 22",
  "count": 4,
  "isLeaf": true,
  "keyword": null,
  "hash": null,
  "khash": null,
  "viewCount": null,
  "duration": null,
  "size": null,
  "children": [
    {
      "id": "47cf33a4-d521-4c3d-8538-afb998697df1",
      "pid": "9fecd94a-848c-44d6-824a-ada002cccd47",
      "dblevel": 6,
      "location": "/VGMA/02-MoiNgayVoiLoiChua/Nam01/Thang05/Ngay22/01_KhamPhaKinhThanh-Thang05Ngay22",
      "isVideo": false,
      "url": "02-moi-ngay-voi-loi-chua.nam-01.thang-05.ngay-22.01-kham-pha-kinh-thanh-thang-05-ngay-22",
      "name": "01_Khám Phá Kinh Thánh - Tháng 05 Ngày 22",
      "count": 0,
      "isLeaf": null,
      "keyword": null,
      "hash": "U2FsdGVkX192Tr6VxKaZ9q5GnzpGWKj7gbp3U7PGRkZOM+2RxaYEbPh+7WesceD6fnbEEdhtrVO/OhFCkpjFbQ==",
      "khash": "U2FsdGVkX19ZkiKDpgWEICfccmKtToe7+BSWM1XrNt68mES5ynr26jdPR9KvvSodOEsMrPgMsIwmm2+ET+ViRA==",
      "viewCount": null,
      "duration": "21:16",
      "size": 20426236
    },
    {
      "id": "6c62276f-0b8f-45b7-8998-484e178f7a9c",
      "pid": "9fecd94a-848c-44d6-824a-ada002cccd47",
      "dblevel": 6,
      "location": "/VGMA/02-MoiNgayVoiLoiChua/Nam01/Thang05/Ngay22/02_OaiNghiThayChua-ThienHan",
      "isVideo": false,
      "url": "02-moi-ngay-voi-loi-chua.nam-01.thang-05.ngay-22.02-oai-nghi-thay-chua-thienhan",
      "name": "02_Oai Nghi Thay Chúa - ThienHan",
      "count": 0,
      "isLeaf": null,
      "keyword": null,
      "hash": "U2FsdGVkX19Hcj/aykek4W1nsuCBpJxXUombvIKwlVC96Ow3XomKu5sYzBIpw531vzfI+BOEl/PBNDspXIpoqw==",
      "khash": "U2FsdGVkX18YSz54nvNmdpShcAUloiCdIRLzTcAO3qgJMZM1ZwQ+syqmYo7l+Z3MQntTksyy/KwUSr/FdDCYYA==",
      "viewCount": null,
      "duration": "3:25",
      "size": 8216199
    },
    {
      "id": "5f1ce721-cab3-4f08-98f6-45820be610b4",
      "pid": "9fecd94a-848c-44d6-824a-ada002cccd47",
      "dblevel": 6,
      "location": "/VGMA/02-MoiNgayVoiLoiChua/Nam01/Thang05/Ngay22/03_KinhTrongHonNhan",
      "isVideo": false,
      "url": "02-moi-ngay-voi-loi-chua.nam-01.thang-05.ngay-22.03-kinh-trong-hon-nhan",
      "name": "03_Kính Trọng Hôn Nhân",
      "count": 0,
      "isLeaf": null,
      "keyword": null,
      "hash": "U2FsdGVkX1/1V8XtOiSzsukqsXAMxy7Xc0iiEsAjaal0T7jWLp05sZmM2Yma9oC+8Ym8dXrGWMiTqYw9EuGLZA==",
      "khash": "U2FsdGVkX18QrLc7wp7gJOfH10iCQ6KqdSnCgpNjMu+NYPXHrqqr2/jy7rQEZbMvHRQ0j5YRgJ/MOpemgODk2w==",
      "viewCount": null,
      "duration": "46:28",
      "size": 44610960
    },
    {
      "id": "3b3d9536-abbc-4dfd-b9e5-d298e893f2a2",
      "pid": "9fecd94a-848c-44d6-824a-ada002cccd47",
      "dblevel": 6,
      "location": "/VGMA/02-MoiNgayVoiLoiChua/Nam01/Thang05/Ngay22/04_ANNECU-02",
      "isVideo": false,
      "url": "02-moi-ngay-voi-loi-chua.nam-01.thang-05.ngay-22.04-annecu-02",
      "name": "04_ANNECU-02",
      "count": 0,
      "isLeaf": null,
      "keyword": null,
      "hash": "U2FsdGVkX1+DkXZ9XFFQRssZGIprfQFoj7JY9J2ulLC3b8bQ4fdverpd7oDRD+g5CeK9qnw4IvZD4onvizZ2iQ==",
      "khash": "U2FsdGVkX1/jo4PtAZ8T2+seUt6FgkShuc6op7rnnw5T6aG1juwLOL9E8QYdJRiGc0+Tol+iMVb6f825pUjSPg==",
      "viewCount": null,
      "duration": "16:1",
      "size": 15384626
    }
  ]
}