{
  "id": "a12533f6-73ee-47a0-bf1d-2c184f84489c",
  "pid": "c8ee8038-a079-46bb-96d9-cd3592f25f81",
  "dblevel": 5,
  "location": "/VGMA/02-MoiNgayVoiLoiChua/Nam01/Thang04/Ngay10",
  "isVideo": false,
  "url": "02-moi-ngay-voi-loi-chua.nam-01.thang-04.ngay-10",
  "name": "Ngày 10",
  "count": 4,
  "isLeaf": true,
  "keyword": null,
  "hash": null,
  "khash": null,
  "viewCount": null,
  "duration": null,
  "size": null,
  "children": [
    {
      "id": "dfd02156-56e7-44d0-a76d-b2d543388c99",
      "pid": "a12533f6-73ee-47a0-bf1d-2c184f84489c",
      "dblevel": 6,
      "location": "/VGMA/02-MoiNgayVoiLoiChua/Nam01/Thang04/Ngay10/01_KhamPhaKinhThanh-Thang04Ngay09",
      "isVideo": false,
      "url": "02-moi-ngay-voi-loi-chua.nam-01.thang-04.ngay-10.01-kham-pha-kinh-thanh-thang-04-ngay-09",
      "name": "01_Khám Phá Kinh Thánh - Tháng 04 Ngày 09",
      "count": 0,
      "isLeaf": null,
      "keyword": null,
      "hash": "U2FsdGVkX19n29akqI0ebU8+irZ5140Zpp4bFAzKEG9qEPSSclxUrT8unB3MVjBKIdhFSohVCWolGkck5XjNbA==",
      "khash": "U2FsdGVkX1/m9nrCchVERYmHhVrhIdziPd8ZazlbIP0FcYyFNfpo04+7I9vLzQHmh29Hv+I1eJ5RqB6HsndsXw==",
      "viewCount": null,
      "duration": "21:4",
      "size": 20229377
    },
    {
      "id": "c4022527-328b-4777-bd35-38edb012ece7",
      "pid": "a12533f6-73ee-47a0-bf1d-2c184f84489c",
      "dblevel": 6,
      "location": "/VGMA/02-MoiNgayVoiLoiChua/Nam01/Thang04/Ngay10/02_ChaYeuThuong1-AnhThuy",
      "isVideo": false,
      "url": "02-moi-ngay-voi-loi-chua.nam-01.thang-04.ngay-10.02-cha-yeu-thuong1-anhthuy",
      "name": "02_Cha Yêu Thương1 - AnhThuy",
      "count": 0,
      "isLeaf": null,
      "keyword": null,
      "hash": "U2FsdGVkX19COF+2L1zkA3C9fU8i6rYGPasyTP1UUWapoUguvgJDCRmpDwiVPOEaGY1ZAF1HajzJGT7aECF63g==",
      "khash": "U2FsdGVkX1+Ooatr8Y70QR8Fgk5FvLF3+y8yeMsnNtu0nxN13u1l9pra0DNzP724GTYZvG0NLbXOOduJvHasyQ==",
      "viewCount": null,
      "duration": "4:22",
      "size": 4199552
    },
    {
      "id": "ab3cf55b-1132-48c5-8b28-b41f3a9fdb33",
      "pid": "a12533f6-73ee-47a0-bf1d-2c184f84489c",
      "dblevel": 6,
      "location": "/VGMA/02-MoiNgayVoiLoiChua/Nam01/Thang04/Ngay10/03_NamNguyenTacCanBanTrongViecDayCon",
      "isVideo": false,
      "url": "02-moi-ngay-voi-loi-chua.nam-01.thang-04.ngay-10.03-nam-nguyen-tac-can-ban-trong-viec-day-con",
      "name": "03_Năm Nguyên Tắc Căn Bản Trong Việc Dạy Con",
      "count": 0,
      "isLeaf": null,
      "keyword": null,
      "hash": "U2FsdGVkX19FGOdJgPbo485vmKvenN3EzSLSnO/ND10qVFsY5fuF0nJa807SGhHB0UTI6y+52rlQHT9ikYKmDw==",
      "khash": "U2FsdGVkX1/JpiT/8ZKaim3q1Ut2W9oFHM1UuOf8pp+tNRTSwxxFJNu+B/zVxeMiXbI8wY9SEyejxpy27qBKrg==",
      "viewCount": null,
      "duration": "39:30",
      "size": 37928277
    },
    {
      "id": "c1c81ee4-a105-4f3b-989e-841bd0d03658",
      "pid": "a12533f6-73ee-47a0-bf1d-2c184f84489c",
      "dblevel": 6,
      "location": "/VGMA/02-MoiNgayVoiLoiChua/Nam01/Thang04/Ngay10/04_LyDoNgaiDen_TranNgocDu",
      "isVideo": false,
      "url": "02-moi-ngay-voi-loi-chua.nam-01.thang-04.ngay-10.04-ly-do-ngai-den-tranngocdu",
      "name": "04_Lý Do Ngài Đến _ TranNgocDu",
      "count": 0,
      "isLeaf": null,
      "keyword": null,
      "hash": "U2FsdGVkX19JXk90GXu6xiXt04rHDKfa2xfujVS/RSK7LxBllWuZQtjR+I6o9WxcrB7yLS7Upl7AfYCBu/1XeQ==",
      "khash": "U2FsdGVkX18m79yptXRnMM1taiBxc251zOSt7DxElF6lhp4Ym0+vknq4uyot0vGhQHfIzXaqvlniVQlBgROPfQ==",
      "viewCount": null,
      "duration": "35:51",
      "size": 34421198
    }
  ]
}