{
  "id": "8a6ca51a-5f60-46bd-a690-5fd074cd7a17",
  "pid": "dfd3b211-0460-4b6c-acea-3f9eb02ba7fd",
  "dblevel": 5,
  "location": "/VGMA/02-MoiNgayVoiLoiChua/Nam01/Thang01/Ngay21",
  "isVideo": false,
  "url": "02-moi-ngay-voi-loi-chua.nam-01.thang-01.ngay-21",
  "name": "Ngày 21",
  "count": 4,
  "isLeaf": true,
  "keyword": null,
  "hash": null,
  "khash": null,
  "viewCount": null,
  "duration": null,
  "size": null,
  "children": [
    {
      "id": "a4190acb-8acf-4c6d-a229-05717b530ec6",
      "pid": "8a6ca51a-5f60-46bd-a690-5fd074cd7a17",
      "dblevel": 6,
      "location": "/VGMA/02-MoiNgayVoiLoiChua/Nam01/Thang01/Ngay21/01_KhamPhaKinhThanh-Thang01Ngay21",
      "isVideo": false,
      "url": "02-moi-ngay-voi-loi-chua.nam-01.thang-01.ngay-21.01-kham-pha-kinh-thanh-thang-01-ngay-21",
      "name": "01_Khám Phá Kinh Thánh - Tháng 01 Ngày 21",
      "count": 0,
      "isLeaf": null,
      "keyword": null,
      "hash": "U2FsdGVkX1+biEYp3CjzTUJGsuIorXWFKChSj2O4UCBKgGmt/HiDaysYctrbjTNMOLNYPzzt0yxgDKjK5+27jg==",
      "khash": "U2FsdGVkX19baaSvgOVdSCaWDd1NMrH7e0A6VXMR8aDzf3TPad9xW8k5j9fWnSXrvc+MEx3mXOV/HElwb/2Aiw==",
      "viewCount": null,
      "duration": "36:24",
      "size": 34946138
    },
    {
      "id": "77bfc0b7-a761-4c31-a6a1-bb8ac3588b35",
      "pid": "8a6ca51a-5f60-46bd-a690-5fd074cd7a17",
      "dblevel": 6,
      "location": "/VGMA/02-MoiNgayVoiLoiChua/Nam01/Thang01/Ngay21/02_VungTien-SiuYKao-Choir",
      "isVideo": false,
      "url": "02-moi-ngay-voi-loi-chua.nam-01.thang-01.ngay-21.02-vung-tien-siuykao-choir",
      "name": "02_Vững Tiến - SiuYKao - Choir",
      "count": 0,
      "isLeaf": null,
      "keyword": null,
      "hash": "U2FsdGVkX18FF+v1RE1RotQbpmQ0v9C+AAKItXOZWGiTq1zsFrQX/hUorBAeeIuoNNDMKNghqB9T021J33C6rg==",
      "khash": "U2FsdGVkX1/BYsa2gdDewFvzzBCUyBKe9bLDov/SyX8XK3+ZfEMaEht71nijvNyZSaa13xx6Q/aH2D/Z0ozsoA==",
      "viewCount": null,
      "duration": "2:51",
      "size": 6847216
    },
    {
      "id": "10a69356-1f0b-45cc-b144-2e93f35ec8ed",
      "pid": "8a6ca51a-5f60-46bd-a690-5fd074cd7a17",
      "dblevel": 6,
      "location": "/VGMA/02-MoiNgayVoiLoiChua/Nam01/Thang01/Ngay21/03_HauViecChua-DapLoiChuaGoi",
      "isVideo": false,
      "url": "02-moi-ngay-voi-loi-chua.nam-01.thang-01.ngay-21.03-hau-viec-chua-dap-loi-chua-goi",
      "name": "03_Hầu Việc Chúa - Đáp Lời Chúa Gọi",
      "count": 0,
      "isLeaf": null,
      "keyword": null,
      "hash": "U2FsdGVkX1+3p5UXZJqzdDSKMWIjqwezxp3xbz+pnd46A0hpU3IIT4WrkH7LLzTDw7v1PTMp9MPeuSL91pGjeQ==",
      "khash": "U2FsdGVkX1/NCM5x1FoDWr+6zgsC+TWtkHRRNex+x8iTtoN6mWM+sdR7nEnD62PSi1TIn6vOxPVMBr7U1C5wBA==",
      "viewCount": null,
      "duration": "24:25",
      "size": 23443755
    },
    {
      "id": "fc729b57-0198-460b-bcff-0a3c25d696d7",
      "pid": "8a6ca51a-5f60-46bd-a690-5fd074cd7a17",
      "dblevel": 6,
      "location": "/VGMA/02-MoiNgayVoiLoiChua/Nam01/Thang01/Ngay21/04_CauNguyenVaSuYenTinhTrongTamHon",
      "isVideo": false,
      "url": "02-moi-ngay-voi-loi-chua.nam-01.thang-01.ngay-21.04-cau-nguyen-va-su-yen-tinh-trong-tam-hon",
      "name": "04_Cầu Nguyện Và Sự Yên Tĩnh Trong Tâm Hồn",
      "count": 0,
      "isLeaf": null,
      "keyword": null,
      "hash": "U2FsdGVkX19J+FzKV9h0lD9QxjBdPVY1cUYKkDVEQFt5A0njxDELmwkiZ5YmJd9I9HEc70PjJU3ZfvibwRmgVw==",
      "khash": "U2FsdGVkX1/OCxR5FEu2KT7mJAXyNlL7WVF0r/zwfQ1uzGCibjm6GR8mfGfFgG/4Cnfdfu4WOIIcMLnpfGGukQ==",
      "viewCount": null,
      "duration": "38:47",
      "size": 37235719
    }
  ]
}