{
  "id": "d117c75d-8434-4162-9178-14e8b29a8afa",
  "pid": "dfd3b211-0460-4b6c-acea-3f9eb02ba7fd",
  "dblevel": 5,
  "location": "/VGMA/02-MoiNgayVoiLoiChua/Nam01/Thang01/Ngay06",
  "isVideo": false,
  "url": "02-moi-ngay-voi-loi-chua.nam-01.thang-01.ngay-06",
  "name": "Ngày 06",
  "count": 5,
  "isLeaf": true,
  "keyword": null,
  "hash": null,
  "khash": null,
  "viewCount": null,
  "duration": null,
  "size": null,
  "children": [
    {
      "id": "8d65331e-3dc3-47ec-b560-84d26a7c7f82",
      "pid": "d117c75d-8434-4162-9178-14e8b29a8afa",
      "dblevel": 6,
      "location": "/VGMA/02-MoiNgayVoiLoiChua/Nam01/Thang01/Ngay06/01_KhamPhaKinhThanh-Thang01Ngay06",
      "isVideo": false,
      "url": "02-moi-ngay-voi-loi-chua.nam-01.thang-01.ngay-06.01-kham-pha-kinh-thanh-thang-01-ngay-06",
      "name": "01_Khám Phá Kinh Thánh-Tháng 01 Ngày 06",
      "count": 0,
      "isLeaf": null,
      "keyword": null,
      "hash": "U2FsdGVkX1/B/uSaAAIOl46/QHP/V69G75bDwLunCyKjs8TFwxrGv6EQnwKb+8mEiz0C4J0PfU+6tnsTnU3/QA==",
      "khash": "U2FsdGVkX19FwHTiqbIcz+hkRCqttaNenuynulyHWkuTjTsjpxlpHeZC/wphJYxB9hs3m3h9xLVEFtaANjG1pw==",
      "viewCount": null,
      "duration": "20:23",
      "size": 19571928
    },
    {
      "id": "b6d49f97-3d32-4172-b8fd-fe31517dcb4a",
      "pid": "d117c75d-8434-4162-9178-14e8b29a8afa",
      "dblevel": 6,
      "location": "/VGMA/02-MoiNgayVoiLoiChua/Nam01/Thang01/Ngay06/02_NgailaMuonNhuCauToi-HongYen",
      "isVideo": false,
      "url": "02-moi-ngay-voi-loi-chua.nam-01.thang-01.ngay-06.02-ngai-la-muon-nhu-cau-toi-hong-yen",
      "name": "02_Ngài là Muôn Nhu Cầu Tôi-Hồng Yến",
      "count": 0,
      "isLeaf": null,
      "keyword": null,
      "hash": "U2FsdGVkX1+gEGhH+e8r0x4w30BrHw++T6aoFR/CUdPPmrec+xCQHMX/vFNlHiZw3PhxAVmkCymFSfIxhmzc5w==",
      "khash": "U2FsdGVkX1+Xe7TSGZGI7HMcz6C0lPzCqMI+p7PBbK0hEf2Lv1ZASg4cyH8w8KIZGXiXSfDtZ4uWLpyhEugQ6g==",
      "viewCount": null,
      "duration": "4:26",
      "size": 10650645
    },
    {
      "id": "d72d5171-93e8-434c-b172-3834341e7aeb",
      "pid": "d117c75d-8434-4162-9178-14e8b29a8afa",
      "dblevel": 6,
      "location": "/VGMA/02-MoiNgayVoiLoiChua/Nam01/Thang01/Ngay06/03_NhinVeTuongLai",
      "isVideo": false,
      "url": "02-moi-ngay-voi-loi-chua.nam-01.thang-01.ngay-06.03-nhin-ve-tuong-lai",
      "name": "03_Nhìn Về Tương Lai",
      "count": 0,
      "isLeaf": null,
      "keyword": null,
      "hash": "U2FsdGVkX199DGuqUjTQxKrZVc64tydV3LMye1WN29tUy4AXzNruRLKpTqL8YvbI8xL6Sl5YEX9+1kV2svU1AQ==",
      "khash": "U2FsdGVkX19S3FExQz5PIPUZpz+4+/nw6ozSKi3D+mHzcnJErAe5nvPakx7gzzbgOQGR+amQYZnd3SGutVcWpA==",
      "viewCount": null,
      "duration": "30:48",
      "size": 29585133
    },
    {
      "id": "a3dc5c53-f548-4867-8d21-b3000b724cd4",
      "pid": "d117c75d-8434-4162-9178-14e8b29a8afa",
      "dblevel": 6,
      "location": "/VGMA/02-MoiNgayVoiLoiChua/Nam01/Thang01/Ngay06/04_NguoiMoGiacMong1",
      "isVideo": false,
      "url": "02-moi-ngay-voi-loi-chua.nam-01.thang-01.ngay-06.04-nguoi-mo-giac-mong-1",
      "name": "04_Người Mơ Giấc Mộng 1",
      "count": 0,
      "isLeaf": null,
      "keyword": null,
      "hash": "U2FsdGVkX1+S+AC2qKxa8xJr1a65Zm1j8fSg0xajV35a1FHAoqov2cY/8wHqW1FKxG51tix4v+8FUeTLNvoJZg==",
      "khash": "U2FsdGVkX1/IyP8E9inPf5KvlLyrm+/ZcMv5BZBZzK4Pce6IT7GOI+97S2v3ltRS3o2vhWZIfZk23m1EdG6u2A==",
      "viewCount": null,
      "duration": "29:41",
      "size": 28510924
    },
    {
      "id": "c2cb0988-6210-475b-9760-16cac5353389",
      "pid": "d117c75d-8434-4162-9178-14e8b29a8afa",
      "dblevel": 6,
      "location": "/VGMA/02-MoiNgayVoiLoiChua/Nam01/Thang01/Ngay06/05_NhuCauTamVanCoDocVaHoiThanh",
      "isVideo": false,
      "url": "02-moi-ngay-voi-loi-chua.nam-01.thang-01.ngay-06.05-nhu-cau-tam-van-co-doc-va-hoi-thanh",
      "name": "05_Nhu Cầu Tâm Vấn Cơ Đốc Và Hội Thánh",
      "count": 0,
      "isLeaf": null,
      "keyword": null,
      "hash": "U2FsdGVkX18hupbfb8wtfToTZr4qemVVcDIqt6NJWHOGQON2xxJiI26733fUrcnkrtBJonWwAD+IQI/bDZPBCA==",
      "khash": "U2FsdGVkX1/d8pS2yMjPCrn2ltDrcO5vC9SRy1QMgyoe1W1zNsR8Z1ZzJJmP7/a+67+putNUpJaIuXQt6I7Gsg==",
      "viewCount": null,
      "duration": "37:23",
      "size": 35900885
    }
  ]
}