{
  "id": "8105c43e-52ba-4262-937b-69bd058b980b",
  "pid": "5f3a31b5-1223-44f2-8d64-2f8ddba8749b",
  "dblevel": 5,
  "location": "/VGMA/02-MoiNgayVoiLoiChua/Nam01/Thang03/Ngay28",
  "isVideo": false,
  "url": "02-moi-ngay-voi-loi-chua.nam-01.thang-03.ngay-28",
  "name": "Ngày 28",
  "count": 4,
  "isLeaf": true,
  "keyword": null,
  "hash": null,
  "khash": null,
  "viewCount": null,
  "duration": null,
  "size": null,
  "children": [
    {
      "id": "555fd034-d858-47b4-897f-261f19ca742f",
      "pid": "8105c43e-52ba-4262-937b-69bd058b980b",
      "dblevel": 6,
      "location": "/VGMA/02-MoiNgayVoiLoiChua/Nam01/Thang03/Ngay28/01_KhamPhaKinhThanh-Thang03Ngay28",
      "isVideo": false,
      "url": "02-moi-ngay-voi-loi-chua.nam-01.thang-03.ngay-28.01-kham-pha-kinh-thanh-thang-03-ngay-28",
      "name": "01_Khám Phá Kinh Thánh - Tháng 03 Ngày 28",
      "count": 0,
      "isLeaf": null,
      "keyword": null,
      "hash": "U2FsdGVkX18ZqndVyNn/5CK3h6snUDPF/vxKytFVGO5KJw7g+Yw9rvJIXaHsXKJGQCvlp7nIH7RBKNWpScPHzQ==",
      "khash": "U2FsdGVkX196huIRFF7ZYe3YPwd02/Jj8p2AMV3tFmD1ajWafkoMnofa/rRsdzmBf6SZm/hZmKIVn52btip+YA==",
      "viewCount": null,
      "duration": "21:9",
      "size": 20319239
    },
    {
      "id": "27421521-0324-424e-a131-c86851296628",
      "pid": "8105c43e-52ba-4262-937b-69bd058b980b",
      "dblevel": 6,
      "location": "/VGMA/02-MoiNgayVoiLoiChua/Nam01/Thang03/Ngay28/02_BaoNamQuaBuocChan-LD-HuuAi",
      "isVideo": false,
      "url": "02-moi-ngay-voi-loi-chua.nam-01.thang-03.ngay-28.02-bao-nam-qua-buoc-chan-ld-huuai",
      "name": "02_Bao Năm Qua Bước Chân - LD-HuuAi",
      "count": 0,
      "isLeaf": null,
      "keyword": null,
      "hash": "U2FsdGVkX1++9peJvXQ6ld9CECF3sxzcvsxDxXo4rY+ntlGsT4HA0W5/njm9twJQGHwy0eDg+KDsVklPTk90mQ==",
      "khash": "U2FsdGVkX1/aJd088EPVvMMg76Os4weAq3XQhcf/0gJoD8Smh2clqYGBE4g6NwdWkJ77R6T7qsBoLxfx3VRTJA==",
      "viewCount": null,
      "duration": "5:30",
      "size": 5287983
    },
    {
      "id": "d7dd5132-9535-4864-929d-6d7232f22a02",
      "pid": "8105c43e-52ba-4262-937b-69bd058b980b",
      "dblevel": 6,
      "location": "/VGMA/02-MoiNgayVoiLoiChua/Nam01/Thang03/Ngay28/03_GiuDenThoThanhKhiet",
      "isVideo": false,
      "url": "02-moi-ngay-voi-loi-chua.nam-01.thang-03.ngay-28.03-giu-den-tho-thanh-khiet",
      "name": "03_Giữ Đền Thờ Thánh Khiết",
      "count": 0,
      "isLeaf": null,
      "keyword": null,
      "hash": "U2FsdGVkX1+bMvHsCKitxTeRp8bgys8m11AUr2MugLENPRa6anyj+eTApNvScF3epqwPmP5d6jdUnkyQJ/De9A==",
      "khash": "U2FsdGVkX18EC0eSZZ3tl5oEuECtCUPbGy6VRZ9KxRof09/4Kqm4cDgz5V13nuPFbGJcKjad4teIsQ4gZ3JiAw==",
      "viewCount": null,
      "duration": "24:52",
      "size": 23881758
    },
    {
      "id": "b3637a96-233b-4ed8-97f5-21a6ca65287c",
      "pid": "8105c43e-52ba-4262-937b-69bd058b980b",
      "dblevel": 6,
      "location": "/VGMA/02-MoiNgayVoiLoiChua/Nam01/Thang03/Ngay28/04_CauXinThanhLinh-KienTriCauNguyen",
      "isVideo": false,
      "url": "02-moi-ngay-voi-loi-chua.nam-01.thang-03.ngay-28.04-cau-xin-thanh-linh-kien-tri-cau-nguyen",
      "name": "04_Cầu Xin Thánh Linh - Kiên Trì Cầu Nguyện",
      "count": 0,
      "isLeaf": null,
      "keyword": null,
      "hash": "U2FsdGVkX19PORo1RGkK7CgNnHkMD20DSBXe+G/fdhhHJjouwiodGO+eIQ8EYxW7jQ+MqcyANk1BeNY6cYnwyw==",
      "khash": "U2FsdGVkX18QsXURGEdGHlPa5kYUTV4MxtQL7RxO9GJjFv8Z2771QsvOZILvH59lWQo084R5F2hhRaoRZlwBKg==",
      "viewCount": null,
      "duration": "30:49",
      "size": 29592081
    }
  ]
}