{
  "id": "0396c699-133c-45cb-9e4c-4d34972f2d13",
  "pid": "0191b9c1-e74d-4cd6-a69e-2d1872217813",
  "dblevel": 5,
  "location": "/VGMA/02-MoiNgayVoiLoiChua/Nam01/Thang05/Ngay31",
  "isVideo": false,
  "url": "02-moi-ngay-voi-loi-chua.nam-01.thang-05.ngay-31",
  "name": "Ngày 31",
  "count": 4,
  "isLeaf": true,
  "keyword": null,
  "hash": null,
  "khash": null,
  "viewCount": null,
  "duration": null,
  "size": null,
  "children": [
    {
      "id": "3567be39-98a0-4c91-a59a-ba8dce360206",
      "pid": "0396c699-133c-45cb-9e4c-4d34972f2d13",
      "dblevel": 6,
      "location": "/VGMA/02-MoiNgayVoiLoiChua/Nam01/Thang05/Ngay31/01_KhamPhaKinhThanh-Thang05Ngay31",
      "isVideo": false,
      "url": "02-moi-ngay-voi-loi-chua.nam-01.thang-05.ngay-31.01-kham-pha-kinh-thanh-thang-05-ngay-31",
      "name": "01_Khám Phá Kinh Thánh - Tháng 05 Ngày 31",
      "count": 0,
      "isLeaf": null,
      "keyword": null,
      "hash": "U2FsdGVkX19tx1V+JwWQO/3qcDCPljQ7Eysn/hBbRjSC+q+ZLuTf0BRpw1qXmQcsVyXDedW26A0LRYzn8RcGfw==",
      "khash": "U2FsdGVkX19SSqlPxR+5vK8UbS9ARMM1BaOTyHGzXTqg6LIJXvMRkSC0k5GYxDicF/2d2rKn3fGFSQ0sfJIqAA==",
      "viewCount": null,
      "duration": "18:31",
      "size": 17781391
    },
    {
      "id": "7a233c00-5f62-462a-8b2f-7e5f8318f97b",
      "pid": "0396c699-133c-45cb-9e4c-4d34972f2d13",
      "dblevel": 6,
      "location": "/VGMA/02-MoiNgayVoiLoiChua/Nam01/Thang05/Ngay31/02_PhutSuyTu-MongThi",
      "isVideo": false,
      "url": "02-moi-ngay-voi-loi-chua.nam-01.thang-05.ngay-31.02-phut-suy-tu-mongthi",
      "name": "02_Phút Suy Tư - MongThi",
      "count": 0,
      "isLeaf": null,
      "keyword": null,
      "hash": "U2FsdGVkX1+B0/fhaW3E1dKZb79n7INnIZbqskNrB5s9usyrjsaNo+QuSCKUjfqFS8w0F2DVuWma7O8WH/jPJQ==",
      "khash": "U2FsdGVkX1//fnSJQFLUhw8mBQnTCrnRn2iw3nES/Py6nL24/dtVY/klzEh697hpjQVLZwE475Sv/ueEhIumVg==",
      "viewCount": null,
      "duration": "4:52",
      "size": 11706148
    },
    {
      "id": "b4884272-c2b0-4962-bb80-250aa58cb049",
      "pid": "0396c699-133c-45cb-9e4c-4d34972f2d13",
      "dblevel": 6,
      "location": "/VGMA/02-MoiNgayVoiLoiChua/Nam01/Thang05/Ngay31/03_CungCachCuXuCuaChaMe-P1",
      "isVideo": false,
      "url": "02-moi-ngay-voi-loi-chua.nam-01.thang-05.ngay-31.03-cung-cach-cu-xu-cua-cha-me-p1",
      "name": "03_Cung Cách Cư Xử Của Cha Mẹ - P1",
      "count": 0,
      "isLeaf": null,
      "keyword": null,
      "hash": "U2FsdGVkX1/hl2uzxmbZ68CPfx+fwrqUQYnrQoQyOpSMZ8amtUGxyiXr+V3aMWR28kdLO74QpgRSBuEM+GEwwQ==",
      "khash": "U2FsdGVkX184MZ9cTpsNfK5RMeCHVnob8nrZx3cf8iy7m6kFQGkf+0AG2HVVmBzE4olNKqM25fjMPBzR+rJdVQ==",
      "viewCount": null,
      "duration": "37:32",
      "size": 36045596
    },
    {
      "id": "a0ed34b7-23cb-4598-a021-e35647dd5707",
      "pid": "0396c699-133c-45cb-9e4c-4d34972f2d13",
      "dblevel": 6,
      "location": "/VGMA/02-MoiNgayVoiLoiChua/Nam01/Thang05/Ngay31/04_SuThayDoiDieuKy_NguyenDinhTin",
      "isVideo": false,
      "url": "02-moi-ngay-voi-loi-chua.nam-01.thang-05.ngay-31.04-su-thay-doi-dieu-ky-nguyendinhtin",
      "name": "04_Sự Thay Đổi Diệu Kỳ _ NguyenDinhTin",
      "count": 0,
      "isLeaf": null,
      "keyword": null,
      "hash": "U2FsdGVkX19fAuNrRajxqO8QsXRYtx4t2bUhlbCh/yWoVl+7z/ajQWLh7gJ+ZQAuPQ8uFje1zM/VNwCJrEEZsg==",
      "khash": "U2FsdGVkX186yLnFnNfRrY/tE+ngtNxHmFB8N9fbgDWLNJ1/SSBeicXRFEmGTOu2sP7TLXQoqwWSwCxMWkIs1A==",
      "viewCount": null,
      "duration": "34:31",
      "size": 33146757
    }
  ]
}