{
  "id": "8e97f239-d2d7-4ffa-aa9d-cc2731c9a5c0",
  "pid": "0191b9c1-e74d-4cd6-a69e-2d1872217813",
  "dblevel": 5,
  "location": "/VGMA/02-MoiNgayVoiLoiChua/Nam01/Thang05/Ngay14",
  "isVideo": false,
  "url": "02-moi-ngay-voi-loi-chua.nam-01.thang-05.ngay-14",
  "name": "Ngày 14",
  "count": 4,
  "isLeaf": true,
  "keyword": null,
  "hash": null,
  "khash": null,
  "viewCount": null,
  "duration": null,
  "size": null,
  "children": [
    {
      "id": "5ce122fc-d76e-402d-8d07-36d5e64a43c3",
      "pid": "8e97f239-d2d7-4ffa-aa9d-cc2731c9a5c0",
      "dblevel": 6,
      "location": "/VGMA/02-MoiNgayVoiLoiChua/Nam01/Thang05/Ngay14/01_KhamPhaKinhThanh-Thang05Ngay14",
      "isVideo": false,
      "url": "02-moi-ngay-voi-loi-chua.nam-01.thang-05.ngay-14.01-kham-pha-kinh-thanh-thang-05-ngay-14",
      "name": "01_Khám Phá Kinh Thánh - Tháng 05 Ngày 14",
      "count": 0,
      "isLeaf": null,
      "keyword": null,
      "hash": "U2FsdGVkX1+Sfo88HNEziYaTJPXqZu6r2PjMu0eBNzz7ll98BBmcqwiHwE61CaN2125/IAAgve3sr4H8suD6/Q==",
      "khash": "U2FsdGVkX1/Vgu+fjo8PaezhHB0G4fy1VdPfi/hZFBycKCte31cco8xjGzci+IarE/5PfFR7L6+ujGPAr/noCQ==",
      "viewCount": null,
      "duration": "23:50",
      "size": 22889688
    },
    {
      "id": "a143b9d1-339d-447f-8c91-ac08a4cc8764",
      "pid": "8e97f239-d2d7-4ffa-aa9d-cc2731c9a5c0",
      "dblevel": 6,
      "location": "/VGMA/02-MoiNgayVoiLoiChua/Nam01/Thang05/Ngay14/02_NhieuKhiToiNhoVe-NguyenThuy",
      "isVideo": false,
      "url": "02-moi-ngay-voi-loi-chua.nam-01.thang-05.ngay-14.02-nhieu-khi-toi-nho-ve-nguyenthuy",
      "name": "02_Nhiều Khi Tôi Nhớ Về - NguyenThuy",
      "count": 0,
      "isLeaf": null,
      "keyword": null,
      "hash": "U2FsdGVkX18SMCn7NXuu4ncxZwh05t6UZTb75bkKEP8p/tRvjFYLDy43i/Y/UrZH7vK5yaVzQQdszXppp4MYew==",
      "khash": "U2FsdGVkX1+/OKK4H36Lz5glDy/wRiqY5PWiC9YnFOMArZqeWuRiFkO7iW85uxI/YjCMhyH2GvdStp4XaXfxtw==",
      "viewCount": null,
      "duration": "4:39",
      "size": 8951893
    },
    {
      "id": "67f8d8ea-9be1-4339-a775-2aa0854949df",
      "pid": "8e97f239-d2d7-4ffa-aa9d-cc2731c9a5c0",
      "dblevel": 6,
      "location": "/VGMA/02-MoiNgayVoiLoiChua/Nam01/Thang05/Ngay14/03_TamGiaoVoiChua-1-2",
      "isVideo": false,
      "url": "02-moi-ngay-voi-loi-chua.nam-01.thang-05.ngay-14.03-tam-giao-voi-chua-1-2",
      "name": "03_Tâm Giao Với Chúa -1-2",
      "count": 0,
      "isLeaf": null,
      "keyword": null,
      "hash": "U2FsdGVkX1+5L/1Zpv2z0c1ZD6bG/p4ajs0pl6PjsLacrUuMzdVl2ZvJOwqNR6xLAEjQ6k7mX1yJQ1wsmrBPUg==",
      "khash": "U2FsdGVkX1+ltoELr9+RjyI5ZlI+ciY9PcrW3d3PGrsbct1Lz3Fw3kBQdeDcZRO3ItwZ8BPu1gM3Y093eAyWQw==",
      "viewCount": null,
      "duration": "25:52",
      "size": 24843289
    },
    {
      "id": "92a3868a-6f6d-4f3b-8824-edf56e41ff92",
      "pid": "8e97f239-d2d7-4ffa-aa9d-cc2731c9a5c0",
      "dblevel": 6,
      "location": "/VGMA/02-MoiNgayVoiLoiChua/Nam01/Thang05/Ngay14/04_RuonCotCauNguyen-P1",
      "isVideo": false,
      "url": "02-moi-ngay-voi-loi-chua.nam-01.thang-05.ngay-14.04-ruon-cot-cau-nguyen-p1",
      "name": "04_Rượn Cột Cầu Nguyện - P1",
      "count": 0,
      "isLeaf": null,
      "keyword": null,
      "hash": "U2FsdGVkX1+RClzO+7XmqqVZ+neb8HhZBkYadX3PBER9T1Qoj4JmhVSJMVdTw8JoschCCuiWAAIk1iHwEGxrAA==",
      "khash": "U2FsdGVkX1/IpCOX+KhsGC5zoq4vZe4nt4aLDGA6Z6Y12CF3sGxBJUj+4ApWxOrtSQOtJrj2ivQTqGMg8yDKFg==",
      "viewCount": null,
      "duration": "60:59",
      "size": 58553169
    }
  ]
}