{
  "id": "a5a04f04-4da6-4749-8d42-4bc873e133c3",
  "pid": "0191b9c1-e74d-4cd6-a69e-2d1872217813",
  "dblevel": 5,
  "location": "/VGMA/02-MoiNgayVoiLoiChua/Nam01/Thang05/Ngay07",
  "isVideo": false,
  "url": "02-moi-ngay-voi-loi-chua.nam-01.thang-05.ngay-07",
  "name": "Ngày 07",
  "count": 4,
  "isLeaf": true,
  "keyword": null,
  "hash": null,
  "khash": null,
  "viewCount": null,
  "duration": null,
  "size": null,
  "children": [
    {
      "id": "5fff4bcf-b874-4e62-8f14-f6f2f81a89ac",
      "pid": "a5a04f04-4da6-4749-8d42-4bc873e133c3",
      "dblevel": 6,
      "location": "/VGMA/02-MoiNgayVoiLoiChua/Nam01/Thang05/Ngay07/01_KhamPhaKinhThanh-Thang05Ngay07",
      "isVideo": false,
      "url": "02-moi-ngay-voi-loi-chua.nam-01.thang-05.ngay-07.01-kham-pha-kinh-thanh-thang-05-ngay-07",
      "name": "01_Khám Phá Kinh Thánh - Tháng 05 Ngày 07",
      "count": 0,
      "isLeaf": null,
      "keyword": null,
      "hash": "U2FsdGVkX1+UMuD+FWLFJf1/8bnymMxUa3jKuXC/2TQr+iTyUtrzc/KuwXJgmdunOwI/FWTPcFl166xYIEpTRA==",
      "khash": "U2FsdGVkX19+/iA69cTHRouuqNA6tpxFJV5mR3iT2jSePqARtQqTBEWlP9+Wix6IegKIGe1iJRLbJ2kAUtdI5w==",
      "viewCount": null,
      "duration": "23:33",
      "size": 22616342
    },
    {
      "id": "1cc04b5d-abe2-4695-b96b-52c7a1fa10a1",
      "pid": "a5a04f04-4da6-4749-8d42-4bc873e133c3",
      "dblevel": 6,
      "location": "/VGMA/02-MoiNgayVoiLoiChua/Nam01/Thang05/Ngay07/02_NiemTinChanLy",
      "isVideo": false,
      "url": "02-moi-ngay-voi-loi-chua.nam-01.thang-05.ngay-07.02-niem-tin-chan-ly",
      "name": "02_Niềm Tin Chân Lý",
      "count": 0,
      "isLeaf": null,
      "keyword": null,
      "hash": "U2FsdGVkX186D6bVf8TkT2ZEProxRvSmNjr0Zy049cJKDODC+CG2m3cdLy/hwjVL5ZdbxbRpwRXA93pZPj+/5A==",
      "khash": "U2FsdGVkX1/Tkug6N6diCqKkUpdHq7SyDtl4orIb/tdtsUP03qCpPx/A+ppH5J7NCDD0AMvPTPbScRuljQ/qpA==",
      "viewCount": null,
      "duration": "6:4",
      "size": 11651147
    },
    {
      "id": "1a706f2c-bc74-4ec5-b418-98a1655b7966",
      "pid": "a5a04f04-4da6-4749-8d42-4bc873e133c3",
      "dblevel": 6,
      "location": "/VGMA/02-MoiNgayVoiLoiChua/Nam01/Thang05/Ngay07/03_TanToiTrongChua_ThemLenTrongChua",
      "isVideo": false,
      "url": "02-moi-ngay-voi-loi-chua.nam-01.thang-05.ngay-07.03-tan-toi-trong-chua-them-len-trong-chua",
      "name": "03_Tấn Tới Trong Chúa _ Thêm Lên Trong Chúa",
      "count": 0,
      "isLeaf": null,
      "keyword": null,
      "hash": "U2FsdGVkX18phg/BSTvnm5YuqZ6VSlJLEBqT3qi4tQYFme+bzy/w/GKNOYTlg6zxpApOoh+tB+uFTST2JjRhAQ==",
      "khash": "U2FsdGVkX1+YuYP+0hXwEniZZ+MSF1RS+oupudissN47MBh8ri2nfgfTDx1B3aKF8fgQ4XFAKX+dJdtGSyJSdw==",
      "viewCount": null,
      "duration": "25:23",
      "size": 24379801
    },
    {
      "id": "b916c835-fd80-4ccd-80df-e188c86c3800",
      "pid": "a5a04f04-4da6-4749-8d42-4bc873e133c3",
      "dblevel": 6,
      "location": "/VGMA/02-MoiNgayVoiLoiChua/Nam01/Thang05/Ngay07/04_RuonCotCauNguyenP1",
      "isVideo": false,
      "url": "02-moi-ngay-voi-loi-chua.nam-01.thang-05.ngay-07.04-ruon-cot-cau-nguyen-p1",
      "name": "04_Rượn Cột Cầu Nguyện P1",
      "count": 0,
      "isLeaf": null,
      "keyword": null,
      "hash": "U2FsdGVkX1/LxtBhavjzf74+hdOZYvHIOjwvQx/4RheYksgiZ6efqwlaZxv3ZdePMM9+GNv4e+9QXeQEQk5huw==",
      "khash": "U2FsdGVkX1/XXnrwHydgKq8eKfJV1B129zmdzpNRJ6DCdxsJ9k9cENUl16A/6bpfyX9VIiGnvxmnt7aboRGSLw==",
      "viewCount": null,
      "duration": "60:59",
      "size": 58553169
    }
  ]
}