{
  "id": "581cb080-061b-4440-8580-ad77a37d0ba7",
  "pid": "d96ceb52-956a-4068-b591-1a5889af7f1f",
  "dblevel": 5,
  "location": "/VGMA/02-MoiNgayVoiLoiChua/Nam01/Thang02/Ngay03",
  "isVideo": false,
  "url": "02-moi-ngay-voi-loi-chua.nam-01.thang-02.ngay-03",
  "name": "Ngày 03",
  "count": 4,
  "isLeaf": true,
  "keyword": null,
  "hash": null,
  "khash": null,
  "viewCount": null,
  "duration": null,
  "size": null,
  "children": [
    {
      "id": "10bd0bbe-0771-410e-807c-56593258cfaf",
      "pid": "581cb080-061b-4440-8580-ad77a37d0ba7",
      "dblevel": 6,
      "location": "/VGMA/02-MoiNgayVoiLoiChua/Nam01/Thang02/Ngay03/01_KhamPhaKinhThanh-Thang02Ngay03",
      "isVideo": false,
      "url": "02-moi-ngay-voi-loi-chua.nam-01.thang-02.ngay-03.01-kham-pha-kinh-thanh-thang-02-ngay-03",
      "name": "01_Khám Phá Kinh Thánh - Tháng 02 Ngày 03",
      "count": 0,
      "isLeaf": null,
      "keyword": null,
      "hash": "U2FsdGVkX1+dfwm8dHZ6uklaEzkiKjNy9eQ3+RPGOzx6wJ/YWKLdykhzszMsDbsqiUGY1NKbX5utNkN5dC0PmA==",
      "khash": "U2FsdGVkX18QvxdomPp0qBx3a9B+GqfhZgXAhetS1DsCXrkZaC3jfWlDkq77B+Ley8oL1TisXEB7UOpe9Gzahw==",
      "viewCount": null,
      "duration": "22:46",
      "size": 21867360
    },
    {
      "id": "aca30882-f0a8-41fe-a668-4a308960da99",
      "pid": "581cb080-061b-4440-8580-ad77a37d0ba7",
      "dblevel": 6,
      "location": "/VGMA/02-MoiNgayVoiLoiChua/Nam01/Thang02/Ngay03/02_TrongVinhQuangChua-Han",
      "isVideo": false,
      "url": "02-moi-ngay-voi-loi-chua.nam-01.thang-02.ngay-03.02-trong-vinh-quang-chua-han",
      "name": "02_Trong Vinh Quang Chúa-Han",
      "count": 0,
      "isLeaf": null,
      "keyword": null,
      "hash": "U2FsdGVkX1+EkgZBioXu6CyT61GH2W7rAm882Ceq6ZGDK9Wmo9aA85AFo2InsjWWpU/ynzTxfJ5VpojrjKr1zA==",
      "khash": "U2FsdGVkX1/AlVgkiYWTUJtBKbM1kOGpfnn6bW0T2rBhljOIw66hM3+1fukg5DZlj7GNUJufQJJBB8BIpf/e3w==",
      "viewCount": null,
      "duration": "4:40",
      "size": 11202351
    },
    {
      "id": "477887e1-9567-4d39-ab5e-676ce3f2df3a",
      "pid": "581cb080-061b-4440-8580-ad77a37d0ba7",
      "dblevel": 6,
      "location": "/VGMA/02-MoiNgayVoiLoiChua/Nam01/Thang02/Ngay03/03_ApDungKyLuatDayCon",
      "isVideo": false,
      "url": "02-moi-ngay-voi-loi-chua.nam-01.thang-02.ngay-03.03-ap-dung-ky-luat-day-con",
      "name": "03_Áp Dụng Kỷ Luật Dạy Con",
      "count": 0,
      "isLeaf": null,
      "keyword": null,
      "hash": "U2FsdGVkX1+RvLrvbW0pKSBLl6lXju9+ByxrXyUyts+HcXd+ui/b8VNsae1njs1mDcU0PMlzE5L/DFeBZJOf5w==",
      "khash": "U2FsdGVkX1+XXim9FYFN7vPhniv9feMXmPMOM6rn7vVPdyX8/fOYDNpLnnoYJkNxQzZmC1gSlHEurVPj031cGg==",
      "viewCount": null,
      "duration": "36:9",
      "size": 34717097
    },
    {
      "id": "ccb9e571-988c-4602-8a00-726f4bb1243c",
      "pid": "581cb080-061b-4440-8580-ad77a37d0ba7",
      "dblevel": 6,
      "location": "/VGMA/02-MoiNgayVoiLoiChua/Nam01/Thang02/Ngay03/04_BongToiVaAnhSang-LeTan",
      "isVideo": false,
      "url": "02-moi-ngay-voi-loi-chua.nam-01.thang-02.ngay-03.04-bong-toi-va-anh-sang-letan",
      "name": "04_Bóng Tối Và Ánh Sáng - LeTan",
      "count": 0,
      "isLeaf": null,
      "keyword": null,
      "hash": "U2FsdGVkX1+ShJbMu1ovmz46yQzVJXfiqMtiq81fSOPeRNkygC8SnRRMy3kFNkQ/9TFF8ERBzt6QTL3dRJlXRg==",
      "khash": "U2FsdGVkX1+ckI5GNaJ+VWu53XDgQnd4Nfg4V8cZAFA5FI2N/rYdiXxoxmELXPy1MRsYVLcCT829L5cW3IKdXg==",
      "viewCount": null,
      "duration": "41:17",
      "size": 39637918
    }
  ]
}