{
  "id": "ba7b2189-4c0e-47f3-80d3-85d5a21049a6",
  "pid": "5f3a31b5-1223-44f2-8d64-2f8ddba8749b",
  "dblevel": 5,
  "location": "/VGMA/02-MoiNgayVoiLoiChua/Nam01/Thang03/Ngay16",
  "isVideo": false,
  "url": "02-moi-ngay-voi-loi-chua.nam-01.thang-03.ngay-16",
  "name": "Ngày 16",
  "count": 4,
  "isLeaf": true,
  "keyword": null,
  "hash": null,
  "khash": null,
  "viewCount": null,
  "duration": null,
  "size": null,
  "children": [
    {
      "id": "293b6e99-77f4-44e6-992f-cf26c270a4e3",
      "pid": "ba7b2189-4c0e-47f3-80d3-85d5a21049a6",
      "dblevel": 6,
      "location": "/VGMA/02-MoiNgayVoiLoiChua/Nam01/Thang03/Ngay16/01_KhamPhaKinhThanh-Thang03Ngay16",
      "isVideo": false,
      "url": "02-moi-ngay-voi-loi-chua.nam-01.thang-03.ngay-16.01-kham-pha-kinh-thanh-thang-03-ngay-16",
      "name": "01_Khám Phá Kinh Thánh - Tháng 03 Ngày 16",
      "count": 0,
      "isLeaf": null,
      "keyword": null,
      "hash": "U2FsdGVkX1+IqH6H/6bYGd+jJ3e6i+eEEj2kHIGcuRgp5yOGktkB+v3b32liN5sFt11wqCz9xg2awtevqEeMSg==",
      "khash": "U2FsdGVkX187boTk7fX7ZxbCjLVvLFerxxkUoxjF2+H/T/0p5RFhsVwptpJItNihpbQMUlIOqf9pXUJU2Vy76g==",
      "viewCount": null,
      "duration": "26:5",
      "size": 25041760
    },
    {
      "id": "e22b2aef-b49c-4146-9bd0-273cbfdae5d5",
      "pid": "ba7b2189-4c0e-47f3-80d3-85d5a21049a6",
      "dblevel": 6,
      "location": "/VGMA/02-MoiNgayVoiLoiChua/Nam01/Thang03/Ngay16/02_XinChuaGiupConBuocDi-VinhLoc",
      "isVideo": false,
      "url": "02-moi-ngay-voi-loi-chua.nam-01.thang-03.ngay-16.02-xin-chua-giup-con-buoc-di-vinhloc",
      "name": "02_Xin Chúa Giúp Con Bước Đi - VinhLoc",
      "count": 0,
      "isLeaf": null,
      "keyword": null,
      "hash": "U2FsdGVkX18nryrVhijRujuRmun6asdLikqqrC5/YEN225b8gEZQKZ8CvIq6aMS23UiIqbNcGE+zbYGhOqup8Q==",
      "khash": "U2FsdGVkX1+4q2pxYZzkF4yxo7BBFYV8JyI9NuMSBzlAsaP+KjqzRys1HVyi2b03zg2yVXCNKmCPEgiPZJSqQg==",
      "viewCount": null,
      "duration": "3:23",
      "size": 8144017
    },
    {
      "id": "e11fb4f2-ee76-4745-ad14-4a696d1980dd",
      "pid": "ba7b2189-4c0e-47f3-80d3-85d5a21049a6",
      "dblevel": 6,
      "location": "/VGMA/02-MoiNgayVoiLoiChua/Nam01/Thang03/Ngay16/03_IchLoiCuaDiBietTrongDoiSongVoChong-TinhDoiLua",
      "isVideo": false,
      "url": "02-moi-ngay-voi-loi-chua.nam-01.thang-03.ngay-16.03-ich-loi-cua-di-biet-trong-doi-song-vo-chong-tinh-doi-lua",
      "name": "03_Ích Lợi Của Dị Biệt Trong Đời Sống Vợ Chồng - Tình Đôi Lứa",
      "count": 0,
      "isLeaf": null,
      "keyword": null,
      "hash": "U2FsdGVkX19wcCI/BO0HKp8Ryg0csQ/moKfVJyYzfDezoet3grYa/8PrwK2ClltxpSonSBequQeeWF+diWsQWA==",
      "khash": "U2FsdGVkX1+p4eKSPhsILFf5B0iDflnxxxol2IswoAKKwbSvWgmnfA+E8kvxx9sAoWIjdZu1zcnjrlaH++aTTg==",
      "viewCount": null,
      "duration": "29:51",
      "size": 28672595
    },
    {
      "id": "a812b7bc-fc3a-40a2-9e1f-a2e9f8519fc7",
      "pid": "ba7b2189-4c0e-47f3-80d3-85d5a21049a6",
      "dblevel": 6,
      "location": "/VGMA/02-MoiNgayVoiLoiChua/Nam01/Thang03/Ngay16/04_ViSaoChungTaTinKinhThanh",
      "isVideo": false,
      "url": "02-moi-ngay-voi-loi-chua.nam-01.thang-03.ngay-16.04-vi-sao-chung-ta-tin-kinh-thanh",
      "name": "04_Vì Sao Chúng Ta Tin Kinh Thánh",
      "count": 0,
      "isLeaf": null,
      "keyword": null,
      "hash": "U2FsdGVkX1+r7rlpkNTXzrszyP0mTnuTmVFky2iEC3TmHWYUXplFH40/C/AEl9rNfq5zyr0f/sx3zb5alctX5g==",
      "khash": "U2FsdGVkX19wRSmyB3rcpUpeI6RGZlMc+YbT9WFZEmmh1oj2xwn1BH3rOALzvkJPoRQ7erQJXY2qDHenhUt43Q==",
      "viewCount": null,
      "duration": "19:27",
      "size": 18698133
    }
  ]
}