{
  "id": "0e37f9d6-e511-45b5-a57c-c5967da5f75d",
  "pid": "0191b9c1-e74d-4cd6-a69e-2d1872217813",
  "dblevel": 5,
  "location": "/VGMA/02-MoiNgayVoiLoiChua/Nam01/Thang05/Ngay13",
  "isVideo": false,
  "url": "02-moi-ngay-voi-loi-chua.nam-01.thang-05.ngay-13",
  "name": "Ngày 13",
  "count": 4,
  "isLeaf": true,
  "keyword": null,
  "hash": null,
  "khash": null,
  "viewCount": null,
  "duration": null,
  "size": null,
  "children": [
    {
      "id": "a59635d6-9449-4b83-ae4a-65b0ea23f37f",
      "pid": "0e37f9d6-e511-45b5-a57c-c5967da5f75d",
      "dblevel": 6,
      "location": "/VGMA/02-MoiNgayVoiLoiChua/Nam01/Thang05/Ngay13/01_KhamPhaKinhThanh-Thang05Ngay13",
      "isVideo": false,
      "url": "02-moi-ngay-voi-loi-chua.nam-01.thang-05.ngay-13.01-kham-pha-kinh-thanh-thang-05-ngay-13",
      "name": "01_Khám Phá Kinh Thánh- Tháng 05 Ngày 13",
      "count": 0,
      "isLeaf": null,
      "keyword": null,
      "hash": "U2FsdGVkX195ezeGBycI8JlSX40OmiMcdt9bNV2xIhOMjFuioXJPr1LXc6cmWrEOSoV+d/o/KQCt4sJq/OJMyw==",
      "khash": "U2FsdGVkX1/oHT3OKiro0s7Fz9PgJnAG4dhGA9U2UoGSKJfrDOjWA3dhLlbm7gvBmYMpckesM/WsXAhY3yfuEg==",
      "viewCount": null,
      "duration": "18:53",
      "size": 18141671
    },
    {
      "id": "88f0771a-f1e2-4f3f-8660-18a9c143f38d",
      "pid": "0e37f9d6-e511-45b5-a57c-c5967da5f75d",
      "dblevel": 6,
      "location": "/VGMA/02-MoiNgayVoiLoiChua/Nam01/Thang05/Ngay13/02_NguyenChuaDuocTonCao-ThaiBinh",
      "isVideo": false,
      "url": "02-moi-ngay-voi-loi-chua.nam-01.thang-05.ngay-13.02-nguyen-chua-duoc-ton-cao-thaibinh",
      "name": "02_Nguyện Chúa Được Tôn Cao-ThaiBinh",
      "count": 0,
      "isLeaf": null,
      "keyword": null,
      "hash": "U2FsdGVkX1/6NtdUSsdNIvGBgIrd7BKXXSxTSG4qc7E2iwupb/xJ+zvBT+Kr7Z/EWRzLc7DIZ9gbn+Tym/Phow==",
      "khash": "U2FsdGVkX1+ZVqVB+jJ21kwh0P3z9TUiNhhaYCUmHZJ9c+0BAzIcOIqLqGFPwNKWV4pBgLqNze37x3mromK7WQ==",
      "viewCount": null,
      "duration": "5:12",
      "size": 5002113
    },
    {
      "id": "a2c4e0b1-bd11-4c15-82f8-ab92ee0a3f8f",
      "pid": "0e37f9d6-e511-45b5-a57c-c5967da5f75d",
      "dblevel": 6,
      "location": "/VGMA/02-MoiNgayVoiLoiChua/Nam01/Thang05/Ngay13/03_LuongTamTruocChua",
      "isVideo": false,
      "url": "02-moi-ngay-voi-loi-chua.nam-01.thang-05.ngay-13.03-luong-tam-truoc-chua",
      "name": "03_Lương Tâm Trước Chúa",
      "count": 0,
      "isLeaf": null,
      "keyword": null,
      "hash": "U2FsdGVkX18WZdO1LErGaFdfyYYs4Ef00TcNejzieqvnK2yFoGkGL6l0CA1i9kDoWliw2dEkGgLlAThwD8dMxQ==",
      "khash": "U2FsdGVkX1+B68r2SRm55iUPTGorT2kYH9WlzNtXNfBZNFCR6XiH5j7nwmaaARZ4lhIWT36/LExFj93s9rGuJQ==",
      "viewCount": null,
      "duration": "28:37",
      "size": 27474381
    },
    {
      "id": "4949d989-08f5-42fc-98a7-1963d9c78013",
      "pid": "0e37f9d6-e511-45b5-a57c-c5967da5f75d",
      "dblevel": 6,
      "location": "/VGMA/02-MoiNgayVoiLoiChua/Nam01/Thang05/Ngay13/04_GioSepVuonEDen-TauNoE-SachBoiLinh",
      "isVideo": false,
      "url": "02-moi-ngay-voi-loi-chua.nam-01.thang-05.ngay-13.04-gio-sep-vuon-e-den-tau-no-e-sach-boi-linh",
      "name": "04_Giô Sép Vườn Ê Đen-Tàu Nô Ê- Sách Bồi Linh",
      "count": 0,
      "isLeaf": null,
      "keyword": null,
      "hash": "U2FsdGVkX18YYbF+Gq/apbO7cyENRh6XzXArzO1j8G0GYyygCekgOQmgcrLj6q16Ck6n10Lkya98QsQLfHPldw==",
      "khash": "U2FsdGVkX1++cdIJAj+NUc/s7VFh2WUvWalq7cgGcLZiVu+6GsZwXFBz6O+5SaXDG5S+eLRvNKFcBmDTMGwzgw==",
      "viewCount": null,
      "duration": "27:21",
      "size": 26270278
    }
  ]
}