{
  "id": "35812482-5ba9-42c5-a1c4-585635e6b0f9",
  "pid": "c8ee8038-a079-46bb-96d9-cd3592f25f81",
  "dblevel": 5,
  "location": "/VGMA/02-MoiNgayVoiLoiChua/Nam01/Thang04/Ngay30",
  "isVideo": false,
  "url": "02-moi-ngay-voi-loi-chua.nam-01.thang-04.ngay-30",
  "name": "Ngày 30",
  "count": 4,
  "isLeaf": true,
  "keyword": null,
  "hash": null,
  "khash": null,
  "viewCount": null,
  "duration": null,
  "size": null,
  "children": [
    {
      "id": "0ad02d64-ee21-4e37-8c3f-5878d5e17c87",
      "pid": "35812482-5ba9-42c5-a1c4-585635e6b0f9",
      "dblevel": 6,
      "location": "/VGMA/02-MoiNgayVoiLoiChua/Nam01/Thang04/Ngay30/01_KhamPhaKinhThanh-Thang04Ngay30",
      "isVideo": false,
      "url": "02-moi-ngay-voi-loi-chua.nam-01.thang-04.ngay-30.01-kham-pha-kinh-thanh-thang-04-ngay-30",
      "name": "01_Khám Phá Kinh Thánh - Tháng 04 Ngày 30",
      "count": 0,
      "isLeaf": null,
      "keyword": null,
      "hash": "U2FsdGVkX19RXL4Wcme62MAxAFBCjvspVFWi0TfQbGQjWci0p3YjqT0bbLY1Vxwxoi1TBo8nzfyeO88E4JHoug==",
      "khash": "U2FsdGVkX1+/zQm1NVq/O+ROEyQ1Jy7hGw+jeOWUCHq/DTIfQWJHVlnDih9BKeM0yB9pPICiSAeu7saaLbPr6w==",
      "viewCount": null,
      "duration": "26:55",
      "size": 25846331
    },
    {
      "id": "4841c243-705d-486d-bcf2-a7b38c25ad62",
      "pid": "35812482-5ba9-42c5-a1c4-585635e6b0f9",
      "dblevel": 6,
      "location": "/VGMA/02-MoiNgayVoiLoiChua/Nam01/Thang04/Ngay30/02_KhiBuocVoiGieXu",
      "isVideo": false,
      "url": "02-moi-ngay-voi-loi-chua.nam-01.thang-04.ngay-30.02-khi-buoc-voi-gie-xu",
      "name": "02_Khi Bước Với Giê Xu",
      "count": 0,
      "isLeaf": null,
      "keyword": null,
      "hash": "U2FsdGVkX1/Y5ybLCtt+HVvF6yIFa8rbxHgBZuI7zoZs+Yr57tPRpw0bbYPTzrunIghzeko3b9E2kKkgVxSOFQ==",
      "khash": "U2FsdGVkX1/Wih4ivX3v3RrVP5ISt6kJW8Zt6xLtbrYS0s2s3GgT4UIp72ZUM1ABAXDGEIudPxM5tjP+4IaJFg==",
      "viewCount": null,
      "duration": "5:9",
      "size": 4963861
    },
    {
      "id": "63c4f9be-e3a0-4686-8846-d6fb12a987d1",
      "pid": "35812482-5ba9-42c5-a1c4-585635e6b0f9",
      "dblevel": 6,
      "location": "/VGMA/02-MoiNgayVoiLoiChua/Nam01/Thang04/Ngay30/03_MoiQuanHeVoiGiaDinhHaiBen",
      "isVideo": false,
      "url": "02-moi-ngay-voi-loi-chua.nam-01.thang-04.ngay-30.03-moi-quan-he-voi-gia-dinh-hai-ben",
      "name": "03_Mối Quan Hệ Với Gia Đình Hai Bên",
      "count": 0,
      "isLeaf": null,
      "keyword": null,
      "hash": "U2FsdGVkX18JKYk24MLFPsrq/u8baWrURnWT5N902B5Lolc8w5gKOSag8yc+lR65Ku0SlMQ9mB6kCB2Om9vp4g==",
      "khash": "U2FsdGVkX18ozi8S8nloNf8SGaXP4g2HmrB3RfbS5FtPx54e1uTqW8E/6ubvHOjx5BLCY311y1RPCgI6dlvXVw==",
      "viewCount": null,
      "duration": "27:34",
      "size": 26472444
    },
    {
      "id": "1d816744-2d53-440f-8d92-4183a152a958",
      "pid": "35812482-5ba9-42c5-a1c4-585635e6b0f9",
      "dblevel": 6,
      "location": "/VGMA/02-MoiNgayVoiLoiChua/Nam01/Thang04/Ngay30/04_ChapNhanNghichCanh",
      "isVideo": false,
      "url": "02-moi-ngay-voi-loi-chua.nam-01.thang-04.ngay-30.04-chap-nhan-nghich-canh",
      "name": "04_Chấp Nhận Nghịch Cảnh",
      "count": 0,
      "isLeaf": null,
      "keyword": null,
      "hash": "U2FsdGVkX198gZwID7uzdghUZDFCscNdLSg8YBQTSqr43VckASWEpX4M4Ec/Pj5KHK2nDV0/1ZtnxH8J0utlsA==",
      "khash": "U2FsdGVkX1+KKo/Sr1Ia0WdbSBeVj1sVMJljMLaBwnIJcQUNAH75UI2pOoB+sR5MiB+kJVr3Ez/03M7Uvelqqg==",
      "viewCount": null,
      "duration": "43:18",
      "size": 41587919
    }
  ]
}