{
  "id": "5bab6d7b-8fd4-4f16-9bf2-49f21e603779",
  "pid": "5f3a31b5-1223-44f2-8d64-2f8ddba8749b",
  "dblevel": 5,
  "location": "/VGMA/02-MoiNgayVoiLoiChua/Nam01/Thang03/Ngay06",
  "isVideo": false,
  "url": "02-moi-ngay-voi-loi-chua.nam-01.thang-03.ngay-06",
  "name": "Ngày 06",
  "count": 4,
  "isLeaf": true,
  "keyword": null,
  "hash": null,
  "khash": null,
  "viewCount": null,
  "duration": null,
  "size": null,
  "children": [
    {
      "id": "541e9bb5-40f9-4701-be74-3f8e7cd6ffad",
      "pid": "5bab6d7b-8fd4-4f16-9bf2-49f21e603779",
      "dblevel": 6,
      "location": "/VGMA/02-MoiNgayVoiLoiChua/Nam01/Thang03/Ngay06/01_KhamPhaKinhThanh-Thang03Ngay06",
      "isVideo": false,
      "url": "02-moi-ngay-voi-loi-chua.nam-01.thang-03.ngay-06.01-kham-pha-kinh-thanh-thang-03-ngay-06",
      "name": "01_Khám Phá Kinh Thánh - Tháng 03 Ngày 06",
      "count": 0,
      "isLeaf": null,
      "keyword": null,
      "hash": "U2FsdGVkX18ztNCQnFtCFGWVGlN7Og0SSgwFRq8y4elLQivK6w05yqabMLrRUDiBUOni210HUrE2p6Sf1PQ6AQ==",
      "khash": "U2FsdGVkX19tpUUHEnAb2TennhEuFStiKcMYxD/qAtFNdGrcDCtTN+xBnxw9DeGUjVBY52TfGZutd24OFKbQeg==",
      "viewCount": null,
      "duration": "29:57",
      "size": 28761905
    },
    {
      "id": "1fc40de6-e0eb-488f-a273-80551c883d92",
      "pid": "5bab6d7b-8fd4-4f16-9bf2-49f21e603779",
      "dblevel": 6,
      "location": "/VGMA/02-MoiNgayVoiLoiChua/Nam01/Thang03/Ngay06/02_LongConXinCayTrong-Han-Van",
      "isVideo": false,
      "url": "02-moi-ngay-voi-loi-chua.nam-01.thang-03.ngay-06.02-long-con-xin-cay-trong-han-van",
      "name": "02_Lòng Con Xin Cậy Trông - Han-Van",
      "count": 0,
      "isLeaf": null,
      "keyword": null,
      "hash": "U2FsdGVkX1/nRY+H5Cvozwidhz/V0NzTGD341QGXEbbyND/THApT5dOA8ht2pTmadz0TgyBkpW3dsrnZPUcC8A==",
      "khash": "U2FsdGVkX1/YYeqyi7ctWkUY+HGTPhcN0MAseY3D2RwG81tU6461h+tz8iQA1lzBBuSHmQx9q2TxqLSVCt5sVQ==",
      "viewCount": null,
      "duration": "3:50",
      "size": 9207861
    },
    {
      "id": "c6ce7e17-a67f-4038-bddb-547ccc272e0b",
      "pid": "5bab6d7b-8fd4-4f16-9bf2-49f21e603779",
      "dblevel": 6,
      "location": "/VGMA/02-MoiNgayVoiLoiChua/Nam01/Thang03/Ngay06/03_ThangTranTrongLong2",
      "isVideo": false,
      "url": "02-moi-ngay-voi-loi-chua.nam-01.thang-03.ngay-06.03-thang-tran-trong-long-2",
      "name": "03_Thắng Trận Trong Lòng 2",
      "count": 0,
      "isLeaf": null,
      "keyword": null,
      "hash": "U2FsdGVkX18BxaPNvvHHYhHPKIJRwzeeoA3pImd4RtNZhvGFgc7NzoUa/WRLLY2Dmy3M1ZR45gvO4V/5B26RGg==",
      "khash": "U2FsdGVkX1/ZgeD4XIrVYb27EiqTGZMe9GMxRnNc8xsyeOIAfKh42nIC35cjQvZBg0P58iyM9Tczu5nJfnUrmw==",
      "viewCount": null,
      "duration": "30:41",
      "size": 29456767
    },
    {
      "id": "6f344292-12cf-44d8-8001-f95c32c3b318",
      "pid": "5bab6d7b-8fd4-4f16-9bf2-49f21e603779",
      "dblevel": 6,
      "location": "/VGMA/02-MoiNgayVoiLoiChua/Nam01/Thang03/Ngay06/04_TamQuanTrongCuaHonNhan",
      "isVideo": false,
      "url": "02-moi-ngay-voi-loi-chua.nam-01.thang-03.ngay-06.04-tam-quan-trong-cua-hon-nhan",
      "name": "04_Tầm Quan Trọng Của Hôn Nhân",
      "count": 0,
      "isLeaf": null,
      "keyword": null,
      "hash": "U2FsdGVkX1+FnYqeMddiUC76Wm4xIMD3tl1nc9Shkwyx81hhrDaPiqRK2EdHQgjCy+5a3WOxB4B2Px+8fDUgzA==",
      "khash": "U2FsdGVkX19PsSNyOvlZuKWAurLnh7EsGhFNmaDqq1a4y2SRTbLc/j/XZiDXGQO9bVzLmlkJzJriafr0bWAbGQ==",
      "viewCount": null,
      "duration": "37:14",
      "size": 35750448
    }
  ]
}