{
  "id": "78cc6a23-ebe0-4e83-8b53-4a05a5fffefc",
  "pid": "5f3a31b5-1223-44f2-8d64-2f8ddba8749b",
  "dblevel": 5,
  "location": "/VGMA/02-MoiNgayVoiLoiChua/Nam01/Thang03/Ngay07",
  "isVideo": false,
  "url": "02-moi-ngay-voi-loi-chua.nam-01.thang-03.ngay-07",
  "name": "Ngày 07",
  "count": 4,
  "isLeaf": true,
  "keyword": null,
  "hash": null,
  "khash": null,
  "viewCount": null,
  "duration": null,
  "size": null,
  "children": [
    {
      "id": "3b944f81-d4db-4e30-8b19-de14844d18da",
      "pid": "78cc6a23-ebe0-4e83-8b53-4a05a5fffefc",
      "dblevel": 6,
      "location": "/VGMA/02-MoiNgayVoiLoiChua/Nam01/Thang03/Ngay07/01_KhamPhaKinhThanh-Thang03Ngay07",
      "isVideo": false,
      "url": "02-moi-ngay-voi-loi-chua.nam-01.thang-03.ngay-07.01-kham-pha-kinh-thanh-thang-03-ngay-07",
      "name": "01_Khám Phá Kinh Thánh - Tháng 03 Ngày 07",
      "count": 0,
      "isLeaf": null,
      "keyword": null,
      "hash": "U2FsdGVkX187VKIoHHlf8yWV1NFCYgV2nl67stJwk8PfVKov0D49wowuxTwaee3X6EXIuknWzuJR/DY1QhmDXQ==",
      "khash": "U2FsdGVkX18i+Eex5LCgF47IDZIUh3zLIT4GDxRSdVONLxa1AVAMuGSrcP+ekPOhuJj0lexrNcImnY9iNlUSwQ==",
      "viewCount": null,
      "duration": "31:7",
      "size": 29888723
    },
    {
      "id": "7a91fcb4-e71f-4ff5-b420-b11429e81cd8",
      "pid": "78cc6a23-ebe0-4e83-8b53-4a05a5fffefc",
      "dblevel": 6,
      "location": "/VGMA/02-MoiNgayVoiLoiChua/Nam01/Thang03/Ngay07/02_ChuaDaDenBenCon-VinhLoc",
      "isVideo": false,
      "url": "02-moi-ngay-voi-loi-chua.nam-01.thang-03.ngay-07.02-chua-da-den-ben-con-vinhloc",
      "name": "02_Chúa Đã Đến Bên Con - VinhLoc",
      "count": 0,
      "isLeaf": null,
      "keyword": null,
      "hash": "U2FsdGVkX1+uwC6rDNNm5mTv9zRGUMpSKHobyHUDLpVy+rEmMZ3GctGW6yiCZiD8l9sgVOZs/ubv5/UCWS6CpA==",
      "khash": "U2FsdGVkX1/GgJWMIEoUuVJozTHZNyeJeJucA618uE5kVOLZE5PNC8L1ftyDE8ohnE7tViV9kb+I7vEUJhAmEA==",
      "viewCount": null,
      "duration": "4:55",
      "size": 11811747
    },
    {
      "id": "d32feb13-99aa-484f-8077-5955bd9bcbe4",
      "pid": "78cc6a23-ebe0-4e83-8b53-4a05a5fffefc",
      "dblevel": 6,
      "location": "/VGMA/02-MoiNgayVoiLoiChua/Nam01/Thang03/Ngay07/03_SongTrongChuaP1-2",
      "isVideo": false,
      "url": "02-moi-ngay-voi-loi-chua.nam-01.thang-03.ngay-07.03-song-trong-chua-p1-2",
      "name": "03_Sống Trong Chúa P1-2",
      "count": 0,
      "isLeaf": null,
      "keyword": null,
      "hash": "U2FsdGVkX1/R6HU5EIgGdZrZk1LzSD6E2eYatJZOEg0bh3A7fQRr0iU+pLTbIZWtt+L/jtQMJy+XvPKe4Gj9Aw==",
      "khash": "U2FsdGVkX1873y7tYyNKo7C+v8I/S4MhYtBVtn4P9jh25ynYCsiRpR1StOFZuO4HPIqfMWFln/VYfeK5GIe2ng==",
      "viewCount": null,
      "duration": "27:2",
      "size": 25959845
    },
    {
      "id": "2666a0c0-c4ff-4cba-a9fe-919e68d16a9e",
      "pid": "78cc6a23-ebe0-4e83-8b53-4a05a5fffefc",
      "dblevel": 6,
      "location": "/VGMA/02-MoiNgayVoiLoiChua/Nam01/Thang03/Ngay07/04_DucKhonNgoan-TinhThuongCuaChua",
      "isVideo": false,
      "url": "02-moi-ngay-voi-loi-chua.nam-01.thang-03.ngay-07.04-duc-khon-ngoan-tinh-thuong-cua-chua",
      "name": "04_Đức Khôn Ngoan - Tình Thương Của Chúa",
      "count": 0,
      "isLeaf": null,
      "keyword": null,
      "hash": "U2FsdGVkX1/PJ1Z/2E4JERMew7kMj0HasaDkBzc0e6+fxq0Lr7lQUXcHyXg/uEh6rB3eap8voxs0tG9X3nDD7A==",
      "khash": "U2FsdGVkX1/hPQSVFSn4TsYyuV741BPAGCYlEFkLv06EcWSoza5k/LprgFCf6ol+AxWIjf0xx1am3Jy+vIOi+Q==",
      "viewCount": null,
      "duration": "35:20",
      "size": 33922974
    }
  ]
}