{
  "id": "82e42374-3fbb-4d3f-a29e-cfdc40c0b808",
  "pid": "e9028847-3367-4327-b724-4c29a87632e8",
  "dblevel": 5,
  "location": "/VGMA/02-MoiNgayVoiLoiChua/Nam01/Thang06/Ngay21",
  "isVideo": false,
  "url": "02-moi-ngay-voi-loi-chua.nam-01.thang-06.ngay-21",
  "name": "Ngày 21",
  "count": 4,
  "isLeaf": true,
  "keyword": null,
  "hash": null,
  "khash": null,
  "viewCount": null,
  "duration": null,
  "size": null,
  "children": [
    {
      "id": "489ffb44-5e93-487d-bc7e-a3682a7a8d96",
      "pid": "82e42374-3fbb-4d3f-a29e-cfdc40c0b808",
      "dblevel": 6,
      "location": "/VGMA/02-MoiNgayVoiLoiChua/Nam01/Thang06/Ngay21/01_KhamPhaKinhThanh-Thang06Ngay21",
      "isVideo": false,
      "url": "02-moi-ngay-voi-loi-chua.nam-01.thang-06.ngay-21.01-kham-pha-kinh-thanh-thang-06-ngay-21",
      "name": "01_Khám Phá Kinh Thánh - Tháng 06 Ngày 21",
      "count": 0,
      "isLeaf": null,
      "keyword": null,
      "hash": "U2FsdGVkX19SDv03KYX6QabXqREEHGxRL+wqhiZR362IdOn074BKshatgsMYfkb8lbv2OWS6VkkUDpNab7HMag==",
      "khash": "U2FsdGVkX1+tigL4RTKB+9P41ojP/Bq7UmbslCJULkuzxsj7Rzsh7bHIcHIGMPK1fYu1s6rF0iczKqwUF4Wzlw==",
      "viewCount": null,
      "duration": "23:14",
      "size": 22312904
    },
    {
      "id": "9414eff9-7d59-473e-a72c-9d75151f0860",
      "pid": "82e42374-3fbb-4d3f-a29e-cfdc40c0b808",
      "dblevel": 6,
      "location": "/VGMA/02-MoiNgayVoiLoiChua/Nam01/Thang06/Ngay21/03_NhanBietConDuongPhuocHanh3-4",
      "isVideo": false,
      "url": "02-moi-ngay-voi-loi-chua.nam-01.thang-06.ngay-21.03-nhan-biet-con-duong-phuoc-hanh-3-4",
      "name": "03_Nhận Biết Con Đường Phước Hạnh 3-4",
      "count": 0,
      "isLeaf": null,
      "keyword": null,
      "hash": "U2FsdGVkX18sRhA5enfM2Yxw3SprMRs6D1QZxz79O3A5ZN57L69cLkjjfXJwCZMCWAtBAqF2i2LGzMdiiT2a9A==",
      "khash": "U2FsdGVkX187tVR/I6j9p7iAAiAFrlXydk41u+l6yEzRTT9j2S+bz3ETS9zTNB+STkwBhA6Su/haG06QlSnD/g==",
      "viewCount": null,
      "duration": "25:57",
      "size": 24919705
    },
    {
      "id": "87f36399-665a-4589-a953-82565226ac73",
      "pid": "82e42374-3fbb-4d3f-a29e-cfdc40c0b808",
      "dblevel": 6,
      "location": "/VGMA/02-MoiNgayVoiLoiChua/Nam01/Thang06/Ngay21/04_CauNguyenVoiChuaTeTriP1",
      "isVideo": false,
      "url": "02-moi-ngay-voi-loi-chua.nam-01.thang-06.ngay-21.04-cau-nguyen-voi-chua-te-tri-p1",
      "name": "04_Cầu Nguyện Với Chúa Tể Trị P1",
      "count": 0,
      "isLeaf": null,
      "keyword": null,
      "hash": "U2FsdGVkX19ECAUmjV2eUXKtKqJtNsGUeNXGFz06ipwqjhVoqIEpnrDFSDgNmt+/l1+MrAqVxNrJ/kSb7ADXGg==",
      "khash": "U2FsdGVkX1/i6oCGwqLHtJPs+fQ7+L0WyZqH3pjPbyQgew2u3Q4x0JtpRXrbYp7zwUaFJv9WPZMSP03DfrKgIA==",
      "viewCount": null,
      "duration": "62:48",
      "size": 60300399
    },
    {
      "id": "af33eb9e-5857-4988-af6c-f63a04595760",
      "pid": "82e42374-3fbb-4d3f-a29e-cfdc40c0b808",
      "dblevel": 6,
      "location": "/VGMA/02-MoiNgayVoiLoiChua/Nam01/Thang06/Ngay21/0_SucMoi-NayDanh",
      "isVideo": false,
      "url": "02-moi-ngay-voi-loi-chua.nam-01.thang-06.ngay-21.0-suc-moi-naydanh",
      "name": "0_Sức Mới - NayDanh",
      "count": 0,
      "isLeaf": null,
      "keyword": null,
      "hash": "U2FsdGVkX1+wbhZu5huBZHMwsPYNWRGxhzmbR/EU0K1sSjGMHwSRqimyleg4295A9hD+ljjvdVagGA5k5CDWhw==",
      "khash": "U2FsdGVkX1/+QjgpqVEaF7kUqYATb20Zmj3eWdLVBeZuMMY+1dxUNxiikFIiGXKhbYOuwqm+m2mS8eOJMNIHYQ==",
      "viewCount": null,
      "duration": "4:19",
      "size": 4145152
    }
  ]
}