{
  "id": "da20f941-c739-40ae-bcfb-b852cc98eed1",
  "pid": "5f3a31b5-1223-44f2-8d64-2f8ddba8749b",
  "dblevel": 5,
  "location": "/VGMA/02-MoiNgayVoiLoiChua/Nam01/Thang03/Ngay31",
  "isVideo": false,
  "url": "02-moi-ngay-voi-loi-chua.nam-01.thang-03.ngay-31",
  "name": "Ngày 31",
  "count": 4,
  "isLeaf": true,
  "keyword": null,
  "hash": null,
  "khash": null,
  "viewCount": null,
  "duration": null,
  "size": null,
  "children": [
    {
      "id": "5887121f-4fa5-4a90-abc3-a497677dcbc6",
      "pid": "da20f941-c739-40ae-bcfb-b852cc98eed1",
      "dblevel": 6,
      "location": "/VGMA/02-MoiNgayVoiLoiChua/Nam01/Thang03/Ngay31/01_KhamPhaKinhThanh-Thang03Ngay31",
      "isVideo": false,
      "url": "02-moi-ngay-voi-loi-chua.nam-01.thang-03.ngay-31.01-kham-pha-kinh-thanh-thang-03-ngay-31",
      "name": "01_Khám Phá Kinh Thánh - Tháng 03 Ngày 31",
      "count": 0,
      "isLeaf": null,
      "keyword": null,
      "hash": "U2FsdGVkX1+u+Q8U+207EZRZINMVf91TpGa3sjIedhf8prpWVYOrHw0C+srKPa0nkjs2VRmFyv8ZKF11YjAlkA==",
      "khash": "U2FsdGVkX1+0C5JX4dwep4Cl2zOR+Dq+TW7w8eRpwDJzAk/QOwkROtUYUhEBGdPvEwbKdZmFKcor93QCbpocdw==",
      "viewCount": null,
      "duration": "33:0",
      "size": 31693034
    },
    {
      "id": "30ad8f10-efb4-4134-bc90-c198f8ef228b",
      "pid": "da20f941-c739-40ae-bcfb-b852cc98eed1",
      "dblevel": 6,
      "location": "/VGMA/02-MoiNgayVoiLoiChua/Nam01/Thang03/Ngay31/02_BinhAnBenChua-LuuChiVi",
      "isVideo": false,
      "url": "02-moi-ngay-voi-loi-chua.nam-01.thang-03.ngay-31.02-binh-an-ben-chua-luuchivi",
      "name": "02_Bình An Bên Chúa - LuuChiVi",
      "count": 0,
      "isLeaf": null,
      "keyword": null,
      "hash": "U2FsdGVkX19UsbPgLKuKWWXnBXyQFoj1T/zmM2IXW1PKSki3+qqPZupP7R2+9Ke7gxZRBPwEVmx/pu4HZgrJsA==",
      "khash": "U2FsdGVkX19zimNxD5XUseXtMwnkEaZZJW3Y3SXly/CLWDBOWewDKfSa0/QbyPqSVOwNb2ingl9qk1bEDDxJvw==",
      "viewCount": null,
      "duration": "5:5",
      "size": 12240021
    },
    {
      "id": "fad1a6b0-f593-4067-963d-af9527d9199f",
      "pid": "da20f941-c739-40ae-bcfb-b852cc98eed1",
      "dblevel": 6,
      "location": "/VGMA/02-MoiNgayVoiLoiChua/Nam01/Thang03/Ngay31/03_NamNguyenTacApDungKyLuatDoiVoiConCai",
      "isVideo": false,
      "url": "02-moi-ngay-voi-loi-chua.nam-01.thang-03.ngay-31.03-nam-nguyen-tac-ap-dung-ky-luat-doi-voi-con-cai",
      "name": "03_Năm Nguyên Tắc Áp Dụng Kỷ Luật Đối Với Con Cái",
      "count": 0,
      "isLeaf": null,
      "keyword": null,
      "hash": "U2FsdGVkX1/qqcbssondr2p5bvSH/qapJ+4kCc+6Xl2fXp/45a5ti0pWwGw0IwYbiMdHMlIL4eEm8jn0/cc8Kw==",
      "khash": "U2FsdGVkX1+CDVxCW0YBAVfMVM98vLKtA4CZZNuRgwjjgDcUPAXX7Eh/3CQVb0yomTqsezUP+yYeLXifPIvgkQ==",
      "viewCount": null,
      "duration": "27:14",
      "size": 26150187
    },
    {
      "id": "06273962-5755-4e23-9a09-ab479e4095d0",
      "pid": "da20f941-c739-40ae-bcfb-b852cc98eed1",
      "dblevel": 6,
      "location": "/VGMA/02-MoiNgayVoiLoiChua/Nam01/Thang03/Ngay31/04_LamSaoDeCoHanhPhucThat-LeDinhTrung",
      "isVideo": false,
      "url": "02-moi-ngay-voi-loi-chua.nam-01.thang-03.ngay-31.04-lam-sao-de-co-hanh-phuc-that-ledinhtrung",
      "name": "04_Làm Sao Để Có Hạnh Phúc Thật - LeDinhTrung",
      "count": 0,
      "isLeaf": null,
      "keyword": null,
      "hash": "U2FsdGVkX1/y1+wBieA2Mvt8nfPlHhyt8XDFGQGvYMTij4v3/f8ybVqJ3OiwHXICLbVDHYvacRDg7ZQhKCpLAQ==",
      "khash": "U2FsdGVkX19YPPqC8PFLMtMe+3n1qLmEV0KeVu5/4vTqbLuMa1E7DHmNWYWWvTXMjm2efZlgScy2LRXBW2LFfw==",
      "viewCount": null,
      "duration": "38:25",
      "size": 36896524
    }
  ]
}