{
  "id": "c1c7d561-a2fb-4e5f-bb6a-f1f1ed8d2916",
  "pid": "0191b9c1-e74d-4cd6-a69e-2d1872217813",
  "dblevel": 5,
  "location": "/VGMA/02-MoiNgayVoiLoiChua/Nam01/Thang05/Ngay23",
  "isVideo": false,
  "url": "02-moi-ngay-voi-loi-chua.nam-01.thang-05.ngay-23",
  "name": "Ngày 23",
  "count": 4,
  "isLeaf": true,
  "keyword": null,
  "hash": null,
  "khash": null,
  "viewCount": null,
  "duration": null,
  "size": null,
  "children": [
    {
      "id": "66401601-cf7c-4011-9a03-324b79a52afd",
      "pid": "c1c7d561-a2fb-4e5f-bb6a-f1f1ed8d2916",
      "dblevel": 6,
      "location": "/VGMA/02-MoiNgayVoiLoiChua/Nam01/Thang05/Ngay23/01_KhamPhaKinhThanh-Thang05Ngay23",
      "isVideo": false,
      "url": "02-moi-ngay-voi-loi-chua.nam-01.thang-05.ngay-23.01-kham-pha-kinh-thanh-thang-05-ngay-23",
      "name": "01_Khám Phá Kinh Thánh - Tháng 05 Ngày 23",
      "count": 0,
      "isLeaf": null,
      "keyword": null,
      "hash": "U2FsdGVkX1/z0tb3beEfPH3c0Ef7c5ND5KSoyDe7CqgT58+i/idYw9ejTl0JgYSjJZimEZI8gaVjDCsjxqla3A==",
      "khash": "U2FsdGVkX1+KGEYU6uZXcO1QMjS3vPfL939NfbFhQq83VTUXay8LK5avqbAsXJofNSM7aoD/8UKLSAcql7xrpw==",
      "viewCount": null,
      "duration": "29:58",
      "size": 28769537
    },
    {
      "id": "b04da9f7-e1a9-48c9-8f74-44106d5b48f3",
      "pid": "c1c7d561-a2fb-4e5f-bb6a-f1f1ed8d2916",
      "dblevel": 6,
      "location": "/VGMA/02-MoiNgayVoiLoiChua/Nam01/Thang05/Ngay23/02_OiChuaDangToiCanLuon",
      "isVideo": false,
      "url": "02-moi-ngay-voi-loi-chua.nam-01.thang-05.ngay-23.02-oi-chua-dang-toi-can-luon",
      "name": "02_Ôi Chúa Đấng Tôi Cần Luôn",
      "count": 0,
      "isLeaf": null,
      "keyword": null,
      "hash": "U2FsdGVkX1/AEmKMIHtGx3xqzMA4JR/oPfJOPgCYy5vYBKDcysYVrXp633zD/x6SctuNlyV3upOLtjrGl9mjLg==",
      "khash": "U2FsdGVkX18Yxrw4Lzp+q3QVj2hzHLsmAKfWizlQqW5bhY+611VaI3e3o3YwzNUpESTfpkhSpmVZ7QOS7YoAfQ==",
      "viewCount": null,
      "duration": "4:41",
      "size": 4507263
    },
    {
      "id": "9f99b299-17e9-4317-b2f9-261c449b8515",
      "pid": "c1c7d561-a2fb-4e5f-bb6a-f1f1ed8d2916",
      "dblevel": 6,
      "location": "/VGMA/02-MoiNgayVoiLoiChua/Nam01/Thang05/Ngay23/03_CamThongTrongHonNhan",
      "isVideo": false,
      "url": "02-moi-ngay-voi-loi-chua.nam-01.thang-05.ngay-23.03-cam-thong-trong-hon-nhan",
      "name": "03_Cảm Thông Trong Hôn Nhân",
      "count": 0,
      "isLeaf": null,
      "keyword": null,
      "hash": "U2FsdGVkX197eilo0axHb7Q4UbdHUVHk3crpDQGFXLVf/OOTc3RoPdVNVwBo0OmE65j12+JUJgTrn+GV4o9wSg==",
      "khash": "U2FsdGVkX1/0J4uvjQ3OM92bhPdx6W8n8V6smwiX6YDyrJrpWr/I99/xcriu/uZW+kBjRnnmv4WLBi0yS8IMmA==",
      "viewCount": null,
      "duration": "42:5",
      "size": 40412209
    },
    {
      "id": "c9c6d2a6-c837-4d41-8811-8a68a809ccfa",
      "pid": "c1c7d561-a2fb-4e5f-bb6a-f1f1ed8d2916",
      "dblevel": 6,
      "location": "/VGMA/02-MoiNgayVoiLoiChua/Nam01/Thang05/Ngay23/04_SuTuDoCuaSuThaThu",
      "isVideo": false,
      "url": "02-moi-ngay-voi-loi-chua.nam-01.thang-05.ngay-23.04-su-tu-do-cua-su-tha-thu",
      "name": "04_Sự Tự Do Của Sự Tha Thứ",
      "count": 0,
      "isLeaf": null,
      "keyword": null,
      "hash": "U2FsdGVkX1+/qhRx2oD7L7+hEEuWejg9SXUPtZIXl6LaMUpgwC06T5eqP9c6RrwFIdu5Yqpv/xtyHfU3hKskfQ==",
      "khash": "U2FsdGVkX19DMJfiQvytf0FCXZfJBwDEdK+Nb6gwYOoqRwrdXx5gUFxW68esVW+HJzNaoO/QvRjhKSJhMM93Gg==",
      "viewCount": null,
      "duration": "48:13",
      "size": 46296624
    }
  ]
}