{
  "id": "89b7a515-c398-404f-a8cc-8016116aa198",
  "pid": "0191b9c1-e74d-4cd6-a69e-2d1872217813",
  "dblevel": 5,
  "location": "/VGMA/02-MoiNgayVoiLoiChua/Nam01/Thang05/Ngay18",
  "isVideo": false,
  "url": "02-moi-ngay-voi-loi-chua.nam-01.thang-05.ngay-18",
  "name": "Ngày 18",
  "count": 4,
  "isLeaf": true,
  "keyword": null,
  "hash": null,
  "khash": null,
  "viewCount": null,
  "duration": null,
  "size": null,
  "children": [
    {
      "id": "6cf9fbb4-bb09-4c65-a346-0f895207d0ea",
      "pid": "89b7a515-c398-404f-a8cc-8016116aa198",
      "dblevel": 6,
      "location": "/VGMA/02-MoiNgayVoiLoiChua/Nam01/Thang05/Ngay18/01_KhamPhaKinhThanh-Thang05Ngay18",
      "isVideo": false,
      "url": "02-moi-ngay-voi-loi-chua.nam-01.thang-05.ngay-18.01-kham-pha-kinh-thanh-thang-05-ngay-18",
      "name": "01_Khám Phá Kinh Thánh - Tháng 05 Ngày 18",
      "count": 0,
      "isLeaf": null,
      "keyword": null,
      "hash": "U2FsdGVkX1/xutSM7fjTMo9OpXh8AfFkYBzwwAPre+1Za+XQKXRrQNd0pXfrAcglOVlLp8xdBUzHY3ZOLWGmqw==",
      "khash": "U2FsdGVkX18EcgUsuZvj3N2zcQbnI061USvtyIGYLD0nCO6SYH2gl3zCFxKflm58y0tCpU3Mwcc9/lpIRiHB1w==",
      "viewCount": null,
      "duration": "21:0",
      "size": 20175043
    },
    {
      "id": "d524346d-57a9-4ce1-9220-fba6d0e7d5e8",
      "pid": "89b7a515-c398-404f-a8cc-8016116aa198",
      "dblevel": 6,
      "location": "/VGMA/02-MoiNgayVoiLoiChua/Nam01/Thang05/Ngay18/02_NhinBauTroiDem",
      "isVideo": false,
      "url": "02-moi-ngay-voi-loi-chua.nam-01.thang-05.ngay-18.02-nhin-bau-troi-dem",
      "name": "02_Nhìn Bầu Trời Đêm",
      "count": 0,
      "isLeaf": null,
      "keyword": null,
      "hash": "U2FsdGVkX19JGCoCbx48qbnqYWRq5i3xc98kiGH8b147uBTP/7KatEsGFFIjpa2RQC0OBBiKxqfvjXDu7U4e4g==",
      "khash": "U2FsdGVkX1+JqdCWwQU1jnyK5nSja7kDFFokLg1u4bVOZvhLiq/UEx9vfVoQ5id/KAhFPG3v1GiaVaibUCGxuA==",
      "viewCount": null,
      "duration": "4:6",
      "size": 3951284
    },
    {
      "id": "eab40fbe-6fa6-4694-82cc-bafa45791b2f",
      "pid": "89b7a515-c398-404f-a8cc-8016116aa198",
      "dblevel": 6,
      "location": "/VGMA/02-MoiNgayVoiLoiChua/Nam01/Thang05/Ngay18/03_TinhYeuThuongTrongHonNhan-LiDi",
      "isVideo": false,
      "url": "02-moi-ngay-voi-loi-chua.nam-01.thang-05.ngay-18.03-tinh-yeu-thuong-trong-hon-nhan-li-di",
      "name": "03_Tình Yêu Thương Trong Hôn Nhân - Li Dị",
      "count": 0,
      "isLeaf": null,
      "keyword": null,
      "hash": "U2FsdGVkX19KlsJaALDPWB7AuOp75MJIIms3lx7J1bttqP7+KAz+I6TA21A6Hf6FHZKSwczPBCw0ygIOXGbxQg==",
      "khash": "U2FsdGVkX18HKXZYnTXeDQZPx2dl+ziw8HeJweqES3LzAKXKZyGLuGFaosKt10BqdFANWOVNo08yHtIs2qRKIg==",
      "viewCount": null,
      "duration": "42:7",
      "size": 40437704
    },
    {
      "id": "315749d1-ed3a-4d48-835d-3964a6be6a5d",
      "pid": "89b7a515-c398-404f-a8cc-8016116aa198",
      "dblevel": 6,
      "location": "/VGMA/02-MoiNgayVoiLoiChua/Nam01/Thang05/Ngay18/04_ChamXemChua",
      "isVideo": false,
      "url": "02-moi-ngay-voi-loi-chua.nam-01.thang-05.ngay-18.04-cham-xem-chua",
      "name": "04_Chăm Xem Chúa",
      "count": 0,
      "isLeaf": null,
      "keyword": null,
      "hash": "U2FsdGVkX1+2uXFTu/KY0GTSZ7WZimzWjVrkcHmdM0lQxJaDGH0fhwtg2DMCKBKgjyDCo1C6ugqhmqKlTF7rtw==",
      "khash": "U2FsdGVkX1+dNaheaHoQCuL/2cQ/77V1xgToafgrE9nl/pw4+JZMzFH4RDI4fglUhznqgc4jwvw2FfIE6VwYZg==",
      "viewCount": null,
      "duration": "42:56",
      "size": 41229893
    }
  ]
}