{
  "id": "a2d245bd-5c7f-4ca9-98bb-4950c733f275",
  "pid": "dfd3b211-0460-4b6c-acea-3f9eb02ba7fd",
  "dblevel": 5,
  "location": "/VGMA/02-MoiNgayVoiLoiChua/Nam01/Thang01/Ngay30",
  "isVideo": false,
  "url": "02-moi-ngay-voi-loi-chua.nam-01.thang-01.ngay-30",
  "name": "Ngày 30",
  "count": 4,
  "isLeaf": true,
  "keyword": null,
  "hash": null,
  "khash": null,
  "viewCount": null,
  "duration": null,
  "size": null,
  "children": [
    {
      "id": "eb4b3fe8-d066-4586-9397-0bc7335e38a5",
      "pid": "a2d245bd-5c7f-4ca9-98bb-4950c733f275",
      "dblevel": 6,
      "location": "/VGMA/02-MoiNgayVoiLoiChua/Nam01/Thang01/Ngay30/01_KhamPhaKinhThanh-Thang01Ngay30",
      "isVideo": false,
      "url": "02-moi-ngay-voi-loi-chua.nam-01.thang-01.ngay-30.01-kham-pha-kinh-thanh-thang-01-ngay-30",
      "name": "01_Khám Phá Kinh Thánh - Tháng 01 Ngày 30",
      "count": 0,
      "isLeaf": null,
      "keyword": null,
      "hash": "U2FsdGVkX19mThrXObeWlklYak/JlVqdZHUnu9JhMmg9H+XCrON+t17TyOn3aQQWJP68laubjjYyonoO+fyAhw==",
      "khash": "U2FsdGVkX19sTeIezyEWQdM+OZxAZ/MQ0i1h4FcjWulI7AVvbcsd7nc27xgjK2jgChQkOlj0byLhLDshcgOvGw==",
      "viewCount": null,
      "duration": "26:12",
      "size": 25165475
    },
    {
      "id": "4fbb6ae5-ede2-4b0f-8140-3885d20192c9",
      "pid": "a2d245bd-5c7f-4ca9-98bb-4950c733f275",
      "dblevel": 6,
      "location": "/VGMA/02-MoiNgayVoiLoiChua/Nam01/Thang01/Ngay30/02_KhongNaoSon-Han_Dung",
      "isVideo": false,
      "url": "02-moi-ngay-voi-loi-chua.nam-01.thang-01.ngay-30.02-khong-nao-son-han-dung",
      "name": "02_Không Nao Sờn - Han_Dung",
      "count": 0,
      "isLeaf": null,
      "keyword": null,
      "hash": "U2FsdGVkX1/as5ZMkVBXYOyzpXs3ItwVD46ib2VvP0pREkdjmXcwuCC00HJZPQ4VZ3qBplFMyIMCfSsRlsCO2Q==",
      "khash": "U2FsdGVkX191ZW6V9A86fd8+qR1QXNr2+AMoDrAAGei+AJau3z7hJzh2O0+Gyoqw0XdDYoRYp+MUKUACGyhuyA==",
      "viewCount": null,
      "duration": "6:30",
      "size": 15633763
    },
    {
      "id": "174f425b-1d6c-4f52-a6e2-0ebfc3037c78",
      "pid": "a2d245bd-5c7f-4ca9-98bb-4950c733f275",
      "dblevel": 6,
      "location": "/VGMA/02-MoiNgayVoiLoiChua/Nam01/Thang01/Ngay30/03_ChungThuy-P1",
      "isVideo": false,
      "url": "02-moi-ngay-voi-loi-chua.nam-01.thang-01.ngay-30.03-chung-thuy-p1",
      "name": "03_Chung Thủy - P1",
      "count": 0,
      "isLeaf": null,
      "keyword": null,
      "hash": "U2FsdGVkX1/o5Mi3xI0cdOUhJazwAaNoEXsn1s5r3uI4bVreTsb4rRZLlrPFQ+v5y3te20ViSRLjqyXtg3MOUQ==",
      "khash": "U2FsdGVkX18kA9HZHKXIjxYoHpY4LPYpoLDnp8RhTwQxLhKoM9/yoDeJsqw40jBAhcBpSdWX36d/14GagzYpkQ==",
      "viewCount": null,
      "duration": "25:43",
      "size": 24697869
    },
    {
      "id": "56fe8805-bf62-4fb3-b762-e8caf6e530a3",
      "pid": "a2d245bd-5c7f-4ca9-98bb-4950c733f275",
      "dblevel": 6,
      "location": "/VGMA/02-MoiNgayVoiLoiChua/Nam01/Thang01/Ngay30/04_TinDieuCacSuDo",
      "isVideo": false,
      "url": "02-moi-ngay-voi-loi-chua.nam-01.thang-01.ngay-30.04-tin-dieu-cac-su-do",
      "name": "04_Tín Điều Các Sứ Đồ",
      "count": 0,
      "isLeaf": null,
      "keyword": null,
      "hash": "U2FsdGVkX18M6f7r0ud7t8hsP86jpAkn/ttvNX0f2ZwU0lyaKqJ4oTNGSVs3Gzl8woftakXMKDx52KVna1JAPg==",
      "khash": "U2FsdGVkX1+D0nfTQAamKUfXCQlz2G/6Rcbz0ZndokVdw+AroLromvcqiitn1GY1PSUed8klHttoONmV+HKSHA==",
      "viewCount": null,
      "duration": "29:14",
      "size": 28071797
    }
  ]
}