{
  "id": "206910f6-4f5c-4695-b44c-58429902f9ad",
  "pid": "e9028847-3367-4327-b724-4c29a87632e8",
  "dblevel": 5,
  "location": "/VGMA/02-MoiNgayVoiLoiChua/Nam01/Thang06/Ngay24",
  "isVideo": false,
  "url": "02-moi-ngay-voi-loi-chua.nam-01.thang-06.ngay-24",
  "name": "Ngày 24",
  "count": 4,
  "isLeaf": true,
  "keyword": null,
  "hash": null,
  "khash": null,
  "viewCount": null,
  "duration": null,
  "size": null,
  "children": [
    {
      "id": "5bff68fd-9237-4b84-932e-d80281445ccd",
      "pid": "206910f6-4f5c-4695-b44c-58429902f9ad",
      "dblevel": 6,
      "location": "/VGMA/02-MoiNgayVoiLoiChua/Nam01/Thang06/Ngay24/01_KhamPhaKinhThanh-Thang06Ngay24",
      "isVideo": false,
      "url": "02-moi-ngay-voi-loi-chua.nam-01.thang-06.ngay-24.01-kham-pha-kinh-thanh-thang-06-ngay-24",
      "name": "01_Khám Phá Kinh Thánh - Tháng 06 Ngày 24",
      "count": 0,
      "isLeaf": null,
      "keyword": null,
      "hash": "U2FsdGVkX1+Pl+bj28PDbNxsUQceP/NoYemSO3VvzJxNnoHg63FJ0UwPSP1/gNfl91mb+koQDRbqIgInE82Waw==",
      "khash": "U2FsdGVkX18ZIi4EVxOcKjjrOI066ctKGOtrlLGFdiuTgl302NDYOh/hmobf3xE1EgKybmxXoic6e5DSAtGOgw==",
      "viewCount": null,
      "duration": "19:35",
      "size": 18809152
    },
    {
      "id": "c1f7bc65-90f1-4152-917f-da037ec8ae43",
      "pid": "206910f6-4f5c-4695-b44c-58429902f9ad",
      "dblevel": 6,
      "location": "/VGMA/02-MoiNgayVoiLoiChua/Nam01/Thang06/Ngay24/02_TaCungDi-BacPhuong",
      "isVideo": false,
      "url": "02-moi-ngay-voi-loi-chua.nam-01.thang-06.ngay-24.02-ta-cung-di-bacphuong",
      "name": "02_Ta Cùng Đi - BacPhuong",
      "count": 0,
      "isLeaf": null,
      "keyword": null,
      "hash": "U2FsdGVkX1860d3r2jem0dvR2uOMfAiQxF+F8c4dDpQnccJiAD9eOY0I9Cl/GTQqOwcKvC8Mz3Js1zQTtNANaA==",
      "khash": "U2FsdGVkX18GItljLe2FvMOlLU7WEDNtYfcEtnZyLHktBJaYnCeC8NzAipvsJ72x1tckFUfUxyuiNmAYPkSoog==",
      "viewCount": null,
      "duration": "2:10",
      "size": 2088504
    },
    {
      "id": "b5751fd7-92f2-482d-a517-eb1d6c219707",
      "pid": "206910f6-4f5c-4695-b44c-58429902f9ad",
      "dblevel": 6,
      "location": "/VGMA/02-MoiNgayVoiLoiChua/Nam01/Thang06/Ngay24/03_DayConTuLucMoiSanhDenSauTuoiP2",
      "isVideo": false,
      "url": "02-moi-ngay-voi-loi-chua.nam-01.thang-06.ngay-24.03-day-con-tu-luc-moi-sanh-den-sau-tuoi-p2",
      "name": "03_Dạy Con Từ Lúc Mới Sanh Đến Sáu Tuổi P2",
      "count": 0,
      "isLeaf": null,
      "keyword": null,
      "hash": "U2FsdGVkX18xpR2ts4dM2qf3TgYIEgN8Ct0JvK0sF8OtJxcQeZXSn8F70WHsCeX8Os8a4DJSXzvi0VG8ikUuNA==",
      "khash": "U2FsdGVkX18/s+pYbzIuQ71IW5YrzxRFlXsO4cdunzrzq2wYVy1tCIbHulmNY2j13MAbTaRGJhOXyzBuDIMRyw==",
      "viewCount": null,
      "duration": "28:16",
      "size": 27153067
    },
    {
      "id": "ea339f87-4584-4b60-bb83-1ab2caecfdf5",
      "pid": "206910f6-4f5c-4695-b44c-58429902f9ad",
      "dblevel": 6,
      "location": "/VGMA/02-MoiNgayVoiLoiChua/Nam01/Thang06/Ngay24/04_VeDau_NguyenDinhPhuoc",
      "isVideo": false,
      "url": "02-moi-ngay-voi-loi-chua.nam-01.thang-06.ngay-24.04-ve-dau-nguyendinhphuoc",
      "name": "04_Về Đâu _ NguyenDinhPhuoc",
      "count": 0,
      "isLeaf": null,
      "keyword": null,
      "hash": "U2FsdGVkX19hb7CcW/AP1eqMPQaV/U0nzISshl6+tTjmyhdV4XhMklUJ+S74HtnUV89eq3qMrAWH3S3Ewkq7bg==",
      "khash": "U2FsdGVkX1/K1ioCHbjdeNoQvFH3wd9AYqK0tbbuRDY+5Sv9fzua5pF8LL3WgkGjikW/kKNNqEVZO642jIUMtQ==",
      "viewCount": null,
      "duration": "46:43",
      "size": 44854049
    }
  ]
}