{
  "id": "16922db1-2604-4d28-a279-b875219588c2",
  "pid": "dfd3b211-0460-4b6c-acea-3f9eb02ba7fd",
  "dblevel": 5,
  "location": "/VGMA/02-MoiNgayVoiLoiChua/Nam01/Thang01/Ngay05",
  "isVideo": false,
  "url": "02-moi-ngay-voi-loi-chua.nam-01.thang-01.ngay-05",
  "name": "Ngày 05",
  "count": 5,
  "isLeaf": true,
  "keyword": null,
  "hash": null,
  "khash": null,
  "viewCount": null,
  "duration": null,
  "size": null,
  "children": [
    {
      "id": "3ee58149-5c38-4d11-9c88-69c3588d75c5",
      "pid": "16922db1-2604-4d28-a279-b875219588c2",
      "dblevel": 6,
      "location": "/VGMA/02-MoiNgayVoiLoiChua/Nam01/Thang01/Ngay05/01_KhamPhaKinhThanh-Thang01Ngay05",
      "isVideo": false,
      "url": "02-moi-ngay-voi-loi-chua.nam-01.thang-01.ngay-05.01-kham-pha-kinh-thanh-thang-01-ngay-05",
      "name": "01_Khám Phá Kinh Thánh - Tháng 01 Ngày 05",
      "count": 0,
      "isLeaf": null,
      "keyword": null,
      "hash": "U2FsdGVkX18K3E5JESdQ55E8v4ztjC3aC8vAchCor7rUCO5qrtVbXfgPgxEJE9gz8XagxXFUcm2djH9qwnTjDQ==",
      "khash": "U2FsdGVkX1/IZO++gwIqeA5knU96416b+tgL2aE58d3QhFzq49cProO0PxdGKrf1TbNXLcr39b1VxVn9rcaQGQ==",
      "viewCount": null,
      "duration": "22:52",
      "size": 21954713
    },
    {
      "id": "b39761a1-40ce-4cc0-96bf-5fef9ff05da6",
      "pid": "16922db1-2604-4d28-a279-b875219588c2",
      "dblevel": 6,
      "location": "/VGMA/02-MoiNgayVoiLoiChua/Nam01/Thang01/Ngay05/02_ToiBietDangNamGiuTuongLai-Khue",
      "isVideo": false,
      "url": "02-moi-ngay-voi-loi-chua.nam-01.thang-01.ngay-05.02-toi-biet-dang-nam-giu-tuong-lai-khue",
      "name": "02_Tôi Biết Đấng Nắm Giữ Tương Lai-Khue",
      "count": 0,
      "isLeaf": null,
      "keyword": null,
      "hash": "U2FsdGVkX1/LM5lwCsuaoEJ1u+E10HTZis5tzNqsuU48+poNzqhg8aFW4HoDHhroDjBhV2HWNwmvieVgwWUFig==",
      "khash": "U2FsdGVkX1/sxWLslz0A9n4VLIgz3lKUV7fopQ4w4syZwBrFSb+JoPT+ZPsjKgX+3LSIJrn/SY4GlE+QEIOjBw==",
      "viewCount": null,
      "duration": "4:11",
      "size": 10040424
    },
    {
      "id": "48346fa7-de3e-462a-bc6f-d0fc3a94a40e",
      "pid": "16922db1-2604-4d28-a279-b875219588c2",
      "dblevel": 6,
      "location": "/VGMA/02-MoiNgayVoiLoiChua/Nam01/Thang01/Ngay05/03_DacThangTrongNamMoi",
      "isVideo": false,
      "url": "02-moi-ngay-voi-loi-chua.nam-01.thang-01.ngay-05.03-dac-thang-trong-nam-moi",
      "name": "03_Đắc Thắng Trong Năm Mới",
      "count": 0,
      "isLeaf": null,
      "keyword": null,
      "hash": "U2FsdGVkX18jKDmP/CKrc/pmdaCVrn0E1F+4Q351J26IMxdWP2xQ1pOx8Z4ubiMcyCJ093PP19FIB730Cc+GRQ==",
      "khash": "U2FsdGVkX1+WBLb9iCtsuCZiJAtQ6BUJz5tZNwUFPzezw95czMOtmzn3Iw9Hh3D+SzFlDjS6XKK6JEiq3YYimA==",
      "viewCount": null,
      "duration": "28:48",
      "size": 27652507
    },
    {
      "id": "faedb016-8ab0-4fe1-96d2-da6967d23c44",
      "pid": "16922db1-2604-4d28-a279-b875219588c2",
      "dblevel": 6,
      "location": "/VGMA/02-MoiNgayVoiLoiChua/Nam01/Thang01/Ngay05/04_ChuaYeu",
      "isVideo": false,
      "url": "02-moi-ngay-voi-loi-chua.nam-01.thang-01.ngay-05.04-chua-yeu",
      "name": "04_Chúa Yêu",
      "count": 0,
      "isLeaf": null,
      "keyword": null,
      "hash": "U2FsdGVkX1+YAqPXNHoGQNvtehs9A2WlnwL0Q5PKJSXk3eEulcP+Kmj8VfXe3s1UqU8jwI8iQSFQW9IHWNGNaA==",
      "khash": "U2FsdGVkX1+LmqSSeNIVKT5PmpLhSwdK8hIrSPaTJdYiHCFhVGas94eaht5PgM5q70/xbBbXzmJiMVSAQ9lTnw==",
      "viewCount": null,
      "duration": "25:34",
      "size": 24555896
    },
    {
      "id": "f32a1401-8602-4221-a0ea-985820edd698",
      "pid": "16922db1-2604-4d28-a279-b875219588c2",
      "dblevel": 6,
      "location": "/VGMA/02-MoiNgayVoiLoiChua/Nam01/Thang01/Ngay05/05_TuMaThuatDenDangChrist-DoiSongAuTho",
      "isVideo": false,
      "url": "02-moi-ngay-voi-loi-chua.nam-01.thang-01.ngay-05.05-tu-ma-thuat-den-dang-christ-doi-song-au-tho",
      "name": "05_Từ Ma Thuật Đến Đấng Christ- Đời Sống Ấu Thơ",
      "count": 0,
      "isLeaf": null,
      "keyword": null,
      "hash": "U2FsdGVkX1/e2saooslOhDOUSkfIZBI4jytGH8DErmKZCbnWh0V14Rq9MgigRa/6SxEsBZfcgDopSmKzkMcRNQ==",
      "khash": "U2FsdGVkX18A7edaqUWF9NLBpmfR8Oli0BuJtmTyVQSpA18/P65VuzmHCZrZOytfMsrrTJnYocnF/4LAPZgHVg==",
      "viewCount": null,
      "duration": "10:47",
      "size": 10361520
    }
  ]
}