{
  "id": "6cf756c8-25c3-4860-9bfe-d181eba17223",
  "pid": "d96ceb52-956a-4068-b591-1a5889af7f1f",
  "dblevel": 5,
  "location": "/VGMA/02-MoiNgayVoiLoiChua/Nam01/Thang02/Ngay26",
  "isVideo": false,
  "url": "02-moi-ngay-voi-loi-chua.nam-01.thang-02.ngay-26",
  "name": "Ngày 26",
  "count": 4,
  "isLeaf": true,
  "keyword": null,
  "hash": null,
  "khash": null,
  "viewCount": null,
  "duration": null,
  "size": null,
  "children": [
    {
      "id": "9ddb20c1-6cf6-4fd5-ba96-88c391a5ac09",
      "pid": "6cf756c8-25c3-4860-9bfe-d181eba17223",
      "dblevel": 6,
      "location": "/VGMA/02-MoiNgayVoiLoiChua/Nam01/Thang02/Ngay26/01_KhamPhaKinhThanh-Thang02Ngay26",
      "isVideo": false,
      "url": "02-moi-ngay-voi-loi-chua.nam-01.thang-02.ngay-26.01-kham-pha-kinh-thanh-thang-02-ngay-26",
      "name": "01_Khám Phá Kinh Thánh - Tháng 02 Ngày 26",
      "count": 0,
      "isLeaf": null,
      "keyword": null,
      "hash": "U2FsdGVkX1/hFvjjfK2fTxiD0U7V+Liy/A6QVJv3jeQuucv1GsjWIUcqRGLE9+t3OAHEHgdlch6Xd70f7ikbpw==",
      "khash": "U2FsdGVkX19lsY052rdBXT4CiunaM6CYOMxcEh/IDN9FMIY6QisFbzsItyhTeLLOnPYZhGOQvsjEd6pEBKjnVQ==",
      "viewCount": null,
      "duration": "34:56",
      "size": 33539706
    },
    {
      "id": "962b43a3-3d50-494b-9c79-ebef8509d21c",
      "pid": "6cf756c8-25c3-4860-9bfe-d181eba17223",
      "dblevel": 6,
      "location": "/VGMA/02-MoiNgayVoiLoiChua/Nam01/Thang02/Ngay26/02_PhuCheConTrongTinhChua-VinhLoc",
      "isVideo": false,
      "url": "02-moi-ngay-voi-loi-chua.nam-01.thang-02.ngay-26.02-phu-che-con-trong-tinh-chua-vinhloc",
      "name": "02_Phủ Che Con Trong Tình Chúa - VinhLoc",
      "count": 0,
      "isLeaf": null,
      "keyword": null,
      "hash": "U2FsdGVkX18ryvXb1O8BEHS4xdEr+Ssv17CNZfb84wXOA5zik9uZtKenyBW6j0cb2uZfnswksXxzLu83hgYIGg==",
      "khash": "U2FsdGVkX1+ivGng7TJhCS4RxlG5PGieyFcjS8W6JK+0bXm4JinEsQX4bYi1UvifZ2Rj+oxkeZ9yX7k6dGyN4Q==",
      "viewCount": null,
      "duration": "4:45",
      "size": 11425135
    },
    {
      "id": "28052a69-3495-4c3d-a82a-7126fb7e970e",
      "pid": "6cf756c8-25c3-4860-9bfe-d181eba17223",
      "dblevel": 6,
      "location": "/VGMA/02-MoiNgayVoiLoiChua/Nam01/Thang02/Ngay26/03_TamTinhGiongChua-TrongDoiChuaTaiLam",
      "isVideo": false,
      "url": "02-moi-ngay-voi-loi-chua.nam-01.thang-02.ngay-26.03-tam-tinh-giong-chua-trong-doi-chua-tai-lam",
      "name": "03_Tâm Tình Giống Chúa - Trong Đời Chúa Tái Lâm",
      "count": 0,
      "isLeaf": null,
      "keyword": null,
      "hash": "U2FsdGVkX19OmWTUxVaV2wR+LJBTiOGiPyxQBo+OF1PscqGIe7+rresMiOJSfc+h+GWrBMsNYammjqAUt1+SxQ==",
      "khash": "U2FsdGVkX1+J24nQ9KylNSGrO7pIMoG0mQeP+vyJrZi3YypXqOFWfqb+UL715TvK9J3GVMzK7ACFqylP8LQ8Tw==",
      "viewCount": null,
      "duration": "27:20",
      "size": 26256119
    },
    {
      "id": "9fb92f3c-eb66-4b1d-86ce-34f0837326be",
      "pid": "6cf756c8-25c3-4860-9bfe-d181eba17223",
      "dblevel": 6,
      "location": "/VGMA/02-MoiNgayVoiLoiChua/Nam01/Thang02/Ngay26/04_TuMaThuatDenDangChrist-DuongPhoPaddington",
      "isVideo": false,
      "url": "02-moi-ngay-voi-loi-chua.nam-01.thang-02.ngay-26.04-tu-ma-thuat-den-dang-christ-duong-pho-paddington",
      "name": "04_Từ Ma Thuật Đến Đấng Christ - Đường Phố Paddington",
      "count": 0,
      "isLeaf": null,
      "keyword": null,
      "hash": "U2FsdGVkX1+EQpbpdXhwu3/9647r1DPE3bTt1UCS13gjD11h0UzDC219YoYerpk9yzY+xhXTtqY7rTGmOvFEOQ==",
      "khash": "U2FsdGVkX180eIR7kE/KnOXAkYAFtvLjsJ8peZ+sEkLfmNL94krMxJ1y+NzpYLd0gr8iAK1csQMJZFmBQ4FqSg==",
      "viewCount": null,
      "duration": "20:23",
      "size": 19582967
    }
  ]
}