{
  "id": "f7083980-a11c-4118-8967-a072380fc2c9",
  "pid": "dfd3b211-0460-4b6c-acea-3f9eb02ba7fd",
  "dblevel": 5,
  "location": "/VGMA/02-MoiNgayVoiLoiChua/Nam01/Thang01/Ngay18",
  "isVideo": false,
  "url": "02-moi-ngay-voi-loi-chua.nam-01.thang-01.ngay-18",
  "name": "Ngày 18",
  "count": 4,
  "isLeaf": true,
  "keyword": null,
  "hash": null,
  "khash": null,
  "viewCount": null,
  "duration": null,
  "size": null,
  "children": [
    {
      "id": "8ebe0826-91f7-4f48-a64e-29b189684c53",
      "pid": "f7083980-a11c-4118-8967-a072380fc2c9",
      "dblevel": 6,
      "location": "/VGMA/02-MoiNgayVoiLoiChua/Nam01/Thang01/Ngay18/01_KhamPhaKinhThanh-Thang01Ngay18",
      "isVideo": false,
      "url": "02-moi-ngay-voi-loi-chua.nam-01.thang-01.ngay-18.01-kham-pha-kinh-thanh-thang-01-ngay-18",
      "name": "01_Khám Phá Kinh Thánh -Tháng 01 Ngày 18",
      "count": 0,
      "isLeaf": null,
      "keyword": null,
      "hash": "U2FsdGVkX19bCKZpbHl5WGtpCBJPLZnyKtRZsFj4a92Fs0xrLxmOenFBDkbwXuRdOeDC3zMafQZnT+J60szzaA==",
      "khash": "U2FsdGVkX191uthSq4Y2VLqG47OAD8vE8uae9NexV2mACgOc+7kj4MwYj5BM9PVd2DixabkJIfGrYQ5sr/X5LQ==",
      "viewCount": null,
      "duration": "31:49",
      "size": 30557567
    },
    {
      "id": "cde2f535-4ae8-4ff1-8de0-e82c013c4275",
      "pid": "f7083980-a11c-4118-8967-a072380fc2c9",
      "dblevel": 6,
      "location": "/VGMA/02-MoiNgayVoiLoiChua/Nam01/Thang01/Ngay18/02_ChienLacTroVe-Naomi",
      "isVideo": false,
      "url": "02-moi-ngay-voi-loi-chua.nam-01.thang-01.ngay-18.02-chien-lac-tro-ve-naomi",
      "name": "02_Chiên Lạc Trở Về - Naomi",
      "count": 0,
      "isLeaf": null,
      "keyword": null,
      "hash": "U2FsdGVkX18drDOBTCEayVCg1t6agU1fHFYgfHDSUbK7d6lnnJ7UfZEsY6e+KiNDuAlFPN8pwOKp5xiqbjI2vw==",
      "khash": "U2FsdGVkX19sOYEVmWZmWlG3eNBJkgNxRoY5vzXVu15yJZHfvMYfN/q9NnmTZhmgHwVY+S5t61O31BWo1x3XEw==",
      "viewCount": null,
      "duration": "4:5",
      "size": 9817861
    },
    {
      "id": "e9a578a1-b65a-4778-a766-c2dc7db6d650",
      "pid": "f7083980-a11c-4118-8967-a072380fc2c9",
      "dblevel": 6,
      "location": "/VGMA/02-MoiNgayVoiLoiChua/Nam01/Thang01/Ngay18/03_CamKetQuiTrong",
      "isVideo": false,
      "url": "02-moi-ngay-voi-loi-chua.nam-01.thang-01.ngay-18.03-cam-ket-qui-trong",
      "name": "03_Cam Kết Quí Trọng",
      "count": 0,
      "isLeaf": null,
      "keyword": null,
      "hash": "U2FsdGVkX18hRlyntjvSDxfhZUHp6fcscl77ExAxHbLaJA2YKZxQNrylSzdF+n3OZwtsTADsNMsYoGV0b3yPSQ==",
      "khash": "U2FsdGVkX19ElJFUCfSupjaXXMNVnrV9NG+h3kBwELu2Z2fOOpc2I6Wf+Soa7IFh4Q0c+v80tQ1+Kn1ar/q4kg==",
      "viewCount": null,
      "duration": "28:1",
      "size": 26900926
    },
    {
      "id": "aff1759b-2c6c-4040-904d-e9b5430da1f4",
      "pid": "f7083980-a11c-4118-8967-a072380fc2c9",
      "dblevel": 6,
      "location": "/VGMA/02-MoiNgayVoiLoiChua/Nam01/Thang01/Ngay18/04_BatDauDoiSongMoiTrongLoiDucChuaTroi",
      "isVideo": false,
      "url": "02-moi-ngay-voi-loi-chua.nam-01.thang-01.ngay-18.04-bat-dau-doi-song-moi-trong-loi-duc-chua-troi",
      "name": "04_Bắt Đầu Đời Sống Mới Trong Lời Đức Chúa Trời",
      "count": 0,
      "isLeaf": null,
      "keyword": null,
      "hash": "U2FsdGVkX19w/9OOPtKxt05i9LsiGch8yVVs0gQ6zEK2TUVk8kOUTWF3bjobnYLFuVRVB3mVmOpN/qVnIs/tmw==",
      "khash": "U2FsdGVkX19qsBIt2J8o4K2+CAfLGyxl9EY3zP0A3JfbUsIDXJRpI7qeGMn1X/G2hZV4VLqWWxmPGu3AU6uLZw==",
      "viewCount": null,
      "duration": "32:43",
      "size": 31419694
    }
  ]
}