{
  "id": "fc1fdd5f-f860-44a8-88df-0603fe72bbba",
  "pid": "5f3a31b5-1223-44f2-8d64-2f8ddba8749b",
  "dblevel": 5,
  "location": "/VGMA/02-MoiNgayVoiLoiChua/Nam01/Thang03/Ngay02",
  "isVideo": false,
  "url": "02-moi-ngay-voi-loi-chua.nam-01.thang-03.ngay-02",
  "name": "Ngày 02",
  "count": 4,
  "isLeaf": true,
  "keyword": null,
  "hash": null,
  "khash": null,
  "viewCount": null,
  "duration": null,
  "size": null,
  "children": [
    {
      "id": "d9b4317e-44ea-47e9-b594-fa21f4573153",
      "pid": "fc1fdd5f-f860-44a8-88df-0603fe72bbba",
      "dblevel": 6,
      "location": "/VGMA/02-MoiNgayVoiLoiChua/Nam01/Thang03/Ngay02/01_KhamPhaKinhThanh-Thang03Ngay02",
      "isVideo": false,
      "url": "02-moi-ngay-voi-loi-chua.nam-01.thang-03.ngay-02.01-kham-pha-kinh-thanh-thang-03-ngay-02",
      "name": "01_Khám Phá Kinh Thánh - Tháng 03 Ngày 02",
      "count": 0,
      "isLeaf": null,
      "keyword": null,
      "hash": "U2FsdGVkX1+ZERl+YkpC0AirQFJ4Qz2ugtaB7/4VyS4zSiqSHylnl4eyQe0zN+shT9nha7Dg5r3kr5Zr8O1QiQ==",
      "khash": "U2FsdGVkX1/f9PpJqaN1vv58IHN6Nx/OsD2XoiQKUSsThrVv32D5WoMv5j92Nt9LVvpLavvTEYmy7YR82Du7Dg==",
      "viewCount": null,
      "duration": "20:52",
      "size": 20047456
    },
    {
      "id": "e7bb0fe0-4ded-41bf-bb76-5e64d134b409",
      "pid": "fc1fdd5f-f860-44a8-88df-0603fe72bbba",
      "dblevel": 6,
      "location": "/VGMA/02-MoiNgayVoiLoiChua/Nam01/Thang03/Ngay02/02_VungTinVaoNgai-ThienHan",
      "isVideo": false,
      "url": "02-moi-ngay-voi-loi-chua.nam-01.thang-03.ngay-02.02-vung-tin-vao-ngai-thienhan",
      "name": "02_Vững Tin Vào Ngài - ThienHan",
      "count": 0,
      "isLeaf": null,
      "keyword": null,
      "hash": "U2FsdGVkX1/mzqrHD6GR1DyHpP2IAyyqsm/4cBmlrz7rujDk3O+4vpLY7wGKhaQpgzU1mSx4lu2kTaOJHF/uVg==",
      "khash": "U2FsdGVkX185A6Ufb5Vc03H2vPrbGUKz1nposFUUmiq+GGRrIB9EFiQujcndODc4q7rxXg/Gn1DM5guDK+pW4g==",
      "viewCount": null,
      "duration": "5:12",
      "size": 12502424
    },
    {
      "id": "19689c09-d46e-4a09-9e2f-a850fed67c70",
      "pid": "fc1fdd5f-f860-44a8-88df-0603fe72bbba",
      "dblevel": 6,
      "location": "/VGMA/02-MoiNgayVoiLoiChua/Nam01/Thang03/Ngay02/03_HiepNhatTrongHonNhan-P2",
      "isVideo": false,
      "url": "02-moi-ngay-voi-loi-chua.nam-01.thang-03.ngay-02.03-hiep-nhat-trong-hon-nhan-p2",
      "name": "03_Hiệp Nhất Trong Hôn Nhân - P2",
      "count": 0,
      "isLeaf": null,
      "keyword": null,
      "hash": "U2FsdGVkX18oRpUuuaZHG86IYblFFfb2cdPrNYqZSMwAMFkgMUe/KeN6yhpEbBy0WoYiy29svAcKVQq8wqPKsQ==",
      "khash": "U2FsdGVkX1/5+8l1la6DNsPQnhi7oBjJahky3g1ueBtFPWiSSv0lH8IbWGwU62OTv8MSJMJ6gJrp2c6WGNGiHg==",
      "viewCount": null,
      "duration": "27:59",
      "size": 26885569
    },
    {
      "id": "e339cbc9-3462-4fa8-a54a-376d4373e26b",
      "pid": "fc1fdd5f-f860-44a8-88df-0603fe72bbba",
      "dblevel": 6,
      "location": "/VGMA/02-MoiNgayVoiLoiChua/Nam01/Thang03/Ngay02/04_ViSaoChungTaTinSuSongLai",
      "isVideo": false,
      "url": "02-moi-ngay-voi-loi-chua.nam-01.thang-03.ngay-02.04-vi-sao-chung-ta-tin-su-song-lai",
      "name": "04_Vì Sao Chúng Ta Tin Sự Sống Lại",
      "count": 0,
      "isLeaf": null,
      "keyword": null,
      "hash": "U2FsdGVkX1/iA4aMujCD4VjLZ+2H1tdhRotTFNc08JgkwQPUnBRUl2UmevkLeAImc3W5xJynH+zi/4b64IjMvQ==",
      "khash": "U2FsdGVkX19jbEkHgvDkQNsx0gGpEzQVDiFyCpqlly0OIPXHcvO0oyLgBwA9B7xTppK7DsYTzGwOp3nbmxVnFA==",
      "viewCount": null,
      "duration": "20:48",
      "size": 19976836
    }
  ]
}