{
  "id": "2cf528ea-8e6f-4289-9a8d-6d03dd96b02c",
  "pid": "c8ee8038-a079-46bb-96d9-cd3592f25f81",
  "dblevel": 5,
  "location": "/VGMA/02-MoiNgayVoiLoiChua/Nam01/Thang04/Ngay08",
  "isVideo": false,
  "url": "02-moi-ngay-voi-loi-chua.nam-01.thang-04.ngay-08",
  "name": "Ngày 08",
  "count": 4,
  "isLeaf": true,
  "keyword": null,
  "hash": null,
  "khash": null,
  "viewCount": null,
  "duration": null,
  "size": null,
  "children": [
    {
      "id": "b9b583fa-77fa-4484-bfa3-97dfc3ea380a",
      "pid": "2cf528ea-8e6f-4289-9a8d-6d03dd96b02c",
      "dblevel": 6,
      "location": "/VGMA/02-MoiNgayVoiLoiChua/Nam01/Thang04/Ngay08/01_KhamPhaKinhThanh-Thang04Ngay08",
      "isVideo": false,
      "url": "02-moi-ngay-voi-loi-chua.nam-01.thang-04.ngay-08.01-kham-pha-kinh-thanh-thang-04-ngay-08",
      "name": "01_Khám Phá Kinh Thánh - Tháng 04 Ngày 08",
      "count": 0,
      "isLeaf": null,
      "keyword": null,
      "hash": "U2FsdGVkX19eL2cR46FbL2wUeRfUOVK5akuflFyry/W0bOmV5ab6Q9ud1SxV6ZHql2iCnriywit8Agi4EZ09OQ==",
      "khash": "U2FsdGVkX19Hv/bXTLQW02atC6VbW7z7dkekaBr1GonyglfZyVcDCwJoMmwMsLjKLjPegd4pmrwPFrBu1SIgXw==",
      "viewCount": null,
      "duration": "26:55",
      "size": 25848839
    },
    {
      "id": "5eb80430-9863-465b-a9bf-22316df0456f",
      "pid": "2cf528ea-8e6f-4289-9a8d-6d03dd96b02c",
      "dblevel": 6,
      "location": "/VGMA/02-MoiNgayVoiLoiChua/Nam01/Thang04/Ngay08/02_ChaGanBen-SiSinh",
      "isVideo": false,
      "url": "02-moi-ngay-voi-loi-chua.nam-01.thang-04.ngay-08.02-cha-gan-ben-sisinh",
      "name": "02_Cha Gần Bên - SiSinh",
      "count": 0,
      "isLeaf": null,
      "keyword": null,
      "hash": "U2FsdGVkX1+RTuPArIXNoRQ625xt6tD3sGnA/S/uBOkEWsbNS5sEIez4Ufaf6iMC+eS10udNU+iE7ymulX4X5g==",
      "khash": "U2FsdGVkX1+b7Ui2McpuplmDKajHl9gaVVpkl0BrJvwwkUF2CKu3spuCaj2VWTsQQp9YLukw37Mgn0my9jnoFA==",
      "viewCount": null,
      "duration": "5:4",
      "size": 4867970
    },
    {
      "id": "ff1d6232-431a-4080-be97-128f10910a54",
      "pid": "2cf528ea-8e6f-4289-9a8d-6d03dd96b02c",
      "dblevel": 6,
      "location": "/VGMA/02-MoiNgayVoiLoiChua/Nam01/Thang04/Ngay08/03_ChuaThietLapHonNhan",
      "isVideo": false,
      "url": "02-moi-ngay-voi-loi-chua.nam-01.thang-04.ngay-08.03-chua-thiet-lap-hon-nhan",
      "name": "03_Chúa Thiết Lập Hôn Nhân",
      "count": 0,
      "isLeaf": null,
      "keyword": null,
      "hash": "U2FsdGVkX18HaHYnBNlVYB4KmizrCZjZcUSQg6BKXjBvcrUHkEWd/Q48RFYq6IPeRIjBeJmKrjBl93YVXmAHBg==",
      "khash": "U2FsdGVkX189sWr3JBEn+E3jc3hzW1XtltfpgIf2lqXuBsS9qoczAY15U8CjmYW6SnefpesMpbkj/wnQhsgsXg==",
      "viewCount": null,
      "duration": "38:30",
      "size": 36965469
    },
    {
      "id": "9e1a044c-597e-4861-a39c-cd799a12fae4",
      "pid": "2cf528ea-8e6f-4289-9a8d-6d03dd96b02c",
      "dblevel": 6,
      "location": "/VGMA/02-MoiNgayVoiLoiChua/Nam01/Thang04/Ngay08/04_NiemVuiCuaSuTinCayChua",
      "isVideo": false,
      "url": "02-moi-ngay-voi-loi-chua.nam-01.thang-04.ngay-08.04-niem-vui-cua-su-tin-cay-chua",
      "name": "04_Niềm Vui Của Sự Tin Cậy Chúa",
      "count": 0,
      "isLeaf": null,
      "keyword": null,
      "hash": "U2FsdGVkX19224Xi1qOPjsBfVTMRYPWB5PR308rad+c/jopPQFyAQDyqnsOCwXARht+OkaDZDvqkTUuff97hEw==",
      "khash": "U2FsdGVkX18zX+ydmBKmdxIREeElQeBJUrEXXn4uzT2JdjMg6APDWvAOrn3nzTm06G1hSMDQomM6w5DwBMAyMw==",
      "viewCount": null,
      "duration": "30:20",
      "size": 29127482
    }
  ]
}