{
  "id": "e61017fb-4bcc-4029-be70-e80bc50d78f6",
  "pid": "c8ee8038-a079-46bb-96d9-cd3592f25f81",
  "dblevel": 5,
  "location": "/VGMA/02-MoiNgayVoiLoiChua/Nam01/Thang04/Ngay11",
  "isVideo": false,
  "url": "02-moi-ngay-voi-loi-chua.nam-01.thang-04.ngay-11",
  "name": "Ngày 11",
  "count": 4,
  "isLeaf": true,
  "keyword": null,
  "hash": null,
  "khash": null,
  "viewCount": null,
  "duration": null,
  "size": null,
  "children": [
    {
      "id": "61706e47-de73-4c0c-acce-cfdda8540a90",
      "pid": "e61017fb-4bcc-4029-be70-e80bc50d78f6",
      "dblevel": 6,
      "location": "/VGMA/02-MoiNgayVoiLoiChua/Nam01/Thang04/Ngay11/01_KhamPhaKinhThanh-Thang04Ngay11",
      "isVideo": false,
      "url": "02-moi-ngay-voi-loi-chua.nam-01.thang-04.ngay-11.01-kham-pha-kinh-thanh-thang-04-ngay-11",
      "name": "01_Khám Phá Kinh Thánh - Tháng 04 Ngày 11",
      "count": 0,
      "isLeaf": null,
      "keyword": null,
      "hash": "U2FsdGVkX18dEb1o+eXVkHg/WH6hfmooPwpFkE9cr7EiBa+g+O0chaodR1VJ2NehR8EEpTD9LeBd8YVGqDMmvw==",
      "khash": "U2FsdGVkX19eTmHWdYBZ++VVC8xDadtQEF527B+026Ls3cLU+nCpSnF5az262uv1Fo5uRja5CzX9m5iuPcUKAQ==",
      "viewCount": null,
      "duration": "21:0",
      "size": 20160832
    },
    {
      "id": "a8534713-571c-4abf-9bbd-3f38a3c4c683",
      "pid": "e61017fb-4bcc-4029-be70-e80bc50d78f6",
      "dblevel": 6,
      "location": "/VGMA/02-MoiNgayVoiLoiChua/Nam01/Thang04/Ngay11/02_DanhCaoQuy-1",
      "isVideo": false,
      "url": "02-moi-ngay-voi-loi-chua.nam-01.thang-04.ngay-11.02-danh-cao-quy-1",
      "name": "02_Danh Cao Quý - 1",
      "count": 0,
      "isLeaf": null,
      "keyword": null,
      "hash": "U2FsdGVkX18FU9Js3I2+cjBffD0n0sfS/t4M6o4Rr3zfjprx5FzA5uwIlrBpL9Ve4JsWdB9BdpSRyxIWoqgVWw==",
      "khash": "U2FsdGVkX1+hEaceOMr7aU9QDOUC8GwenTX9Dm96MeHYhydZA4KRsRD3E6bguQ2qEXDCZAqguGYlSloi0bBAcA==",
      "viewCount": null,
      "duration": "2:11",
      "size": 2108553
    },
    {
      "id": "ba6e759b-515e-4eb6-b012-43038c321cb1",
      "pid": "e61017fb-4bcc-4029-be70-e80bc50d78f6",
      "dblevel": 6,
      "location": "/VGMA/02-MoiNgayVoiLoiChua/Nam01/Thang04/Ngay11/03_VaiTroVaTrachNhiemTrongHonNhan",
      "isVideo": false,
      "url": "02-moi-ngay-voi-loi-chua.nam-01.thang-04.ngay-11.03-vai-tro-va-trach-nhiem-trong-hon-nhan",
      "name": "03_Vai Trò Và Trách Nhiệm Trong Hôn Nhân",
      "count": 0,
      "isLeaf": null,
      "keyword": null,
      "hash": "U2FsdGVkX1/AY4iSjBuzdVQl4SieITcApT4EGHLFvzMDMzjlaWAmUyjI9cc7hfahQrUc9n3vT+j0C64bXXHN+Q==",
      "khash": "U2FsdGVkX1+xWo7CL04d/K964jaQttlf5hC88pwODgPgKBstvfhoYfGMqlWgRkCDTM/b9VA4P81CpD8GY0LivA==",
      "viewCount": null,
      "duration": "28:33",
      "size": 27430946
    },
    {
      "id": "aa06228d-f7b3-457f-80e4-b2978308ff78",
      "pid": "e61017fb-4bcc-4029-be70-e80bc50d78f6",
      "dblevel": 6,
      "location": "/VGMA/02-MoiNgayVoiLoiChua/Nam01/Thang04/Ngay11/04_SuDamBaoLamTangMucDoNenThanh",
      "isVideo": false,
      "url": "02-moi-ngay-voi-loi-chua.nam-01.thang-04.ngay-11.04-su-dam-bao-lam-tang-muc-do-nen-thanh",
      "name": "04_Sự Đảm Bảo Làm Tăng Mức Độ Nên Thánh",
      "count": 0,
      "isLeaf": null,
      "keyword": null,
      "hash": "U2FsdGVkX1+ZNYfqCBFKGmreX4EHqju0LBVzNGcbWV5XfvLmadpnGeH3whtw/smOkERc6dCUMch+VQG7pNTBbw==",
      "khash": "U2FsdGVkX1/EH20xcYYQFz7FMwjge+NA4adG68DUPLeGRNTBzYGdAL0sgrX8X36DBs09gZoEQx1iaTFrXMSNSw==",
      "viewCount": null,
      "duration": "22:34",
      "size": 21675704
    }
  ]
}