{
  "id": "f7589955-6c26-4e44-934b-40812a9540a4",
  "pid": "c8ee8038-a079-46bb-96d9-cd3592f25f81",
  "dblevel": 5,
  "location": "/VGMA/02-MoiNgayVoiLoiChua/Nam01/Thang04/Ngay17",
  "isVideo": false,
  "url": "02-moi-ngay-voi-loi-chua.nam-01.thang-04.ngay-17",
  "name": "Ngày 17",
  "count": 4,
  "isLeaf": true,
  "keyword": null,
  "hash": null,
  "khash": null,
  "viewCount": null,
  "duration": null,
  "size": null,
  "children": [
    {
      "id": "ec6d077e-7dc0-4c6a-8145-3da69019c614",
      "pid": "f7589955-6c26-4e44-934b-40812a9540a4",
      "dblevel": 6,
      "location": "/VGMA/02-MoiNgayVoiLoiChua/Nam01/Thang04/Ngay17/01_KhamPhaKinhThanh-Thang04Ngay17",
      "isVideo": false,
      "url": "02-moi-ngay-voi-loi-chua.nam-01.thang-04.ngay-17.01-kham-pha-kinh-thanh-thang-04-ngay-17",
      "name": "01_Khám Phá Kinh Thánh - Tháng 04 Ngày 17",
      "count": 0,
      "isLeaf": null,
      "keyword": null,
      "hash": "U2FsdGVkX1+JZuwg0795ohIXcSCVpF4YaM2bQ0D03RsI8CaV841UmLaiKvv0TIGVFG/hnBqWkllDum17TakwwQ==",
      "khash": "U2FsdGVkX1/czn5ZRai6Ne41f/JTWF5N0UmdPQ8hUX3P07GZcepQbtBJ1wBgl+4dpvEYVVGg+cb14S6+klz6tA==",
      "viewCount": null,
      "duration": "19:21",
      "size": 18585962
    },
    {
      "id": "3c2060ee-51a2-499e-a26d-5458d6560df6",
      "pid": "f7589955-6c26-4e44-934b-40812a9540a4",
      "dblevel": 6,
      "location": "/VGMA/02-MoiNgayVoiLoiChua/Nam01/Thang04/Ngay17/02_GhiKhacOnNgai-MyDung-MaiKhoi",
      "isVideo": false,
      "url": "02-moi-ngay-voi-loi-chua.nam-01.thang-04.ngay-17.02-ghi-khac-on-ngai-mydung-maikhoi",
      "name": "02_Ghi Khắc Ơn Ngài - MyDung-MaiKhoi",
      "count": 0,
      "isLeaf": null,
      "keyword": null,
      "hash": "U2FsdGVkX1+v3xOin2BuSseXXp+cxVkEZPppfEJGo5DKpoRDwQM/rUAtRqab3apqn0NZBu/sqyxlPAOOVgLtYw==",
      "khash": "U2FsdGVkX1+q8jpziItrq24+1nNbsRmwcRABMLk4p6NlPrDaM+KWMjeSrMb/VvYBici1LdaBdC2k52DTgcN1xw==",
      "viewCount": null,
      "duration": "4:9",
      "size": 3990572
    },
    {
      "id": "4852ed8b-5078-4b8c-8405-83190dacc90e",
      "pid": "f7589955-6c26-4e44-934b-40812a9540a4",
      "dblevel": 6,
      "location": "/VGMA/02-MoiNgayVoiLoiChua/Nam01/Thang04/Ngay17/03_HuanLuyenMotDuaTre-P1",
      "isVideo": false,
      "url": "02-moi-ngay-voi-loi-chua.nam-01.thang-04.ngay-17.03-huan-luyen-mot-dua-tre-p1",
      "name": "03_Huấn Luyện Một Đứa Trẻ - P1",
      "count": 0,
      "isLeaf": null,
      "keyword": null,
      "hash": "U2FsdGVkX1/zqWBpk9l+HwJ1vh5YDqC9rAtKuARHGVUXISLEQ5vwEch7TcFoqaEk5wAxnBz0/JE6gQUoi/3gcQ==",
      "khash": "U2FsdGVkX18xFiWXnfNAgrRKKuM5g4l+uHFuyYnPOepqHfvvcbMfo0e3/x5s5il3CxFJ2ATGvL3AozOVf9CeuQ==",
      "viewCount": null,
      "duration": "48:0",
      "size": 46103219
    },
    {
      "id": "abc42912-7571-43db-bc11-791c65878c31",
      "pid": "f7589955-6c26-4e44-934b-40812a9540a4",
      "dblevel": 6,
      "location": "/VGMA/02-MoiNgayVoiLoiChua/Nam01/Thang04/Ngay17/04_NeuKhongCoThuongDe",
      "isVideo": false,
      "url": "02-moi-ngay-voi-loi-chua.nam-01.thang-04.ngay-17.04-neu-khong-co-thuong-de",
      "name": "04_Nếu Không Có Thượng Đế",
      "count": 0,
      "isLeaf": null,
      "keyword": null,
      "hash": "U2FsdGVkX18ksCs6FZbNoJScC+wygLwlfIf0GkpCLbGXnSHox+p7pNcZiacatRVg+tXYglKs+X40uahUqongew==",
      "khash": "U2FsdGVkX1+iBCk8v3mnxxfYC9uZf32IgBR8Zo7sMn13YpI5pExXsRXcAyekF6A/egSCMlbKrv6rFjgZa1t7NQ==",
      "viewCount": null,
      "duration": "45:24",
      "size": 43588050
    }
  ]
}