{
  "id": "9ab22b4d-a888-4f9c-93b1-1a9418798a8f",
  "pid": "0191b9c1-e74d-4cd6-a69e-2d1872217813",
  "dblevel": 5,
  "location": "/VGMA/02-MoiNgayVoiLoiChua/Nam01/Thang05/Ngay30",
  "isVideo": false,
  "url": "02-moi-ngay-voi-loi-chua.nam-01.thang-05.ngay-30",
  "name": "Ngày 30",
  "count": 4,
  "isLeaf": true,
  "keyword": null,
  "hash": null,
  "khash": null,
  "viewCount": null,
  "duration": null,
  "size": null,
  "children": [
    {
      "id": "22e1e051-e1d2-4f4f-8b03-b2f205741c21",
      "pid": "9ab22b4d-a888-4f9c-93b1-1a9418798a8f",
      "dblevel": 6,
      "location": "/VGMA/02-MoiNgayVoiLoiChua/Nam01/Thang05/Ngay30/01_KhamPhaKinhThanh-Thang05Ngay30",
      "isVideo": false,
      "url": "02-moi-ngay-voi-loi-chua.nam-01.thang-05.ngay-30.01-kham-pha-kinh-thanh-thang-05-ngay-30",
      "name": "01_Khám Phá Kinh Thánh - Tháng 05 Ngày 30",
      "count": 0,
      "isLeaf": null,
      "keyword": null,
      "hash": "U2FsdGVkX19gLvfppjyS0sHzugkJ+l435an31WZh8/EcB/T00qahCjhJJ5VbmrYOjJIjGfo6J/tBFGEtAe2RaQ==",
      "khash": "U2FsdGVkX1/zBIayLLQ/7C6ZcDOn2H+KcX5sIy2u47yUiIraZpNIdIz230XXVSsC7YtE+2OFJiGDbmibd+cMRg==",
      "viewCount": null,
      "duration": "26:40",
      "size": 25607258
    },
    {
      "id": "766a81eb-5e26-49a3-b081-e49ec1021467",
      "pid": "9ab22b4d-a888-4f9c-93b1-1a9418798a8f",
      "dblevel": 6,
      "location": "/VGMA/02-MoiNgayVoiLoiChua/Nam01/Thang05/Ngay30/02_PhutGiayNao-BichVan",
      "isVideo": false,
      "url": "02-moi-ngay-voi-loi-chua.nam-01.thang-05.ngay-30.02-phut-giay-nao-bichvan",
      "name": "02_Phút Giây Nào - BichVan",
      "count": 0,
      "isLeaf": null,
      "keyword": null,
      "hash": "U2FsdGVkX1+nqba+U6BlnRBed3Te+EgO+H3NezO0PJjwsdwAUEFyTSh+FVyEX3rMhEGEoqUuTa1ne8kXmj0MAQ==",
      "khash": "U2FsdGVkX19mK5HAe5ERVb6GUEo2GbNQ4XJie1ZmyB3JSCXksUVtb778o5/7h73onPc8VKoc58hgHnGrFiMFjw==",
      "viewCount": null,
      "duration": "5:42",
      "size": 13687161
    },
    {
      "id": "fbe4ca6c-ad89-4d33-8d59-021df1579b23",
      "pid": "9ab22b4d-a888-4f9c-93b1-1a9418798a8f",
      "dblevel": 6,
      "location": "/VGMA/02-MoiNgayVoiLoiChua/Nam01/Thang05/Ngay30/03_NhungKhungHoangTrongHonNhan",
      "isVideo": false,
      "url": "02-moi-ngay-voi-loi-chua.nam-01.thang-05.ngay-30.03-nhung-khung-hoang-trong-hon-nhan",
      "name": "03_Những Khủng Hoảng Trong Hôn Nhân",
      "count": 0,
      "isLeaf": null,
      "keyword": null,
      "hash": "U2FsdGVkX1/3qh/YrvdTFPHC6pngD9/B5YwoEKhxTHMuKEdu/yrB13Sid8ZqMorQpS2gCc+nWqPJHb2/cP0O2w==",
      "khash": "U2FsdGVkX1/qJWHiehZNWD5qumbbFuictRKGi61jrO+JjMwF8IKipzWVjfIceSRGeJrkuU3nc2Eci4n936jRSg==",
      "viewCount": null,
      "duration": "40:53",
      "size": 39253208
    },
    {
      "id": "97063fa7-3847-4e84-b595-f432143f82ec",
      "pid": "9ab22b4d-a888-4f9c-93b1-1a9418798a8f",
      "dblevel": 6,
      "location": "/VGMA/02-MoiNgayVoiLoiChua/Nam01/Thang05/Ngay30/04_GioNa",
      "isVideo": false,
      "url": "02-moi-ngay-voi-loi-chua.nam-01.thang-05.ngay-30.04-gio-na",
      "name": "04_Giô Na",
      "count": 0,
      "isLeaf": null,
      "keyword": null,
      "hash": "U2FsdGVkX1/9aCXaVYZFMtKad0AsT2T2tDvT2R5LC5i2M7onbBpMBwGVijVgOrBMXdIuj2y73eVAYvr5qOIAWA==",
      "khash": "U2FsdGVkX1+vpcWIjomrP7dp0HscFI7cWC2EjwgV/OXGqieS55W/tYjP6hIf5eKkb2agBTE5lWdpQYGHCYJCpA==",
      "viewCount": null,
      "duration": "25:59",
      "size": 24960503
    }
  ]
}