{
  "id": "a29c88fc-0aaa-4c1c-8e33-398201d599b9",
  "pid": "d96ceb52-956a-4068-b591-1a5889af7f1f",
  "dblevel": 5,
  "location": "/VGMA/02-MoiNgayVoiLoiChua/Nam01/Thang02/Ngay14",
  "isVideo": false,
  "url": "02-moi-ngay-voi-loi-chua.nam-01.thang-02.ngay-14",
  "name": "Ngày 14",
  "count": 4,
  "isLeaf": true,
  "keyword": null,
  "hash": null,
  "khash": null,
  "viewCount": null,
  "duration": null,
  "size": null,
  "children": [
    {
      "id": "fad215b5-4fff-410f-9487-0e3851053523",
      "pid": "a29c88fc-0aaa-4c1c-8e33-398201d599b9",
      "dblevel": 6,
      "location": "/VGMA/02-MoiNgayVoiLoiChua/Nam01/Thang02/Ngay14/01_KhamPhaKinhThanh-Thang02Ngay14",
      "isVideo": false,
      "url": "02-moi-ngay-voi-loi-chua.nam-01.thang-02.ngay-14.01-kham-pha-kinh-thanh-thang-02-ngay-14",
      "name": "01_Khám Phá Kinh Thánh - Tháng 02 Ngày 14",
      "count": 0,
      "isLeaf": null,
      "keyword": null,
      "hash": "U2FsdGVkX1/6u6s8SnO+wgUBceted5AAsz73M+mQF2+hBvTtAvQhpxyit856RsdeKBTkP15bjlhr6oKVoBHahg==",
      "khash": "U2FsdGVkX19uSIB44X8PfdJKcQRalWtTVBEq78MNkqow6jXeOr49+37d1jt3Dym57v8937ZbmJRwzaz/Tvu2ug==",
      "viewCount": null,
      "duration": "27:23",
      "size": 26302742
    },
    {
      "id": "728cd8d2-343b-4ab6-8f66-65c8ed7902a5",
      "pid": "a29c88fc-0aaa-4c1c-8e33-398201d599b9",
      "dblevel": 6,
      "location": "/VGMA/02-MoiNgayVoiLoiChua/Nam01/Thang02/Ngay14/02_ViConCoChua-ThienHan",
      "isVideo": false,
      "url": "02-moi-ngay-voi-loi-chua.nam-01.thang-02.ngay-14.02-vi-con-co-chua-thienhan",
      "name": "02_Vì Con Có Chúa - ThienHan",
      "count": 0,
      "isLeaf": null,
      "keyword": null,
      "hash": "U2FsdGVkX190W+s+sdyvZr4G4GJivf2LaV0D4SfySi9ikQMjYOC76e7oi7DbAfJVahzg4aSx7sAvm7nXnLPV6Q==",
      "khash": "U2FsdGVkX1+SovPvKVRTGPD+UzJCmWq3RF75qjdCukDZhsgNjSI9rcZ6Cn7mx1aoEAqgxy+Rbr2A5MYQEGipEA==",
      "viewCount": null,
      "duration": "5:4",
      "size": 12189780
    },
    {
      "id": "9e0a9ebe-c4f0-46d5-b08d-c673a8d3865e",
      "pid": "a29c88fc-0aaa-4c1c-8e33-398201d599b9",
      "dblevel": 6,
      "location": "/VGMA/02-MoiNgayVoiLoiChua/Nam01/Thang02/Ngay14/03_SongHienDang-PhucVuChua",
      "isVideo": false,
      "url": "02-moi-ngay-voi-loi-chua.nam-01.thang-02.ngay-14.03-song-hien-dang-phuc-vu-chua",
      "name": "03_Sống Hiến Dâng - Phục Vụ Chúa",
      "count": 0,
      "isLeaf": null,
      "keyword": null,
      "hash": "U2FsdGVkX1/f5hyfF/B3GreLL16VF58D7EqwgBPZHMIuYm2ItLPGcrq3mQyD/r1MfPX14ypnAiE3LjANMguKOA==",
      "khash": "U2FsdGVkX1/oKcqwMv3Q82VeMnWyT7xqpN4ycStXJ0IRXrYpJugju+JmpNJxkoJg3MYLzsDUj64z7q9Z0EUw9w==",
      "viewCount": null,
      "duration": "25:26",
      "size": 24430546
    },
    {
      "id": "61ceb970-6c51-4b28-8fc3-92bf18788ec4",
      "pid": "a29c88fc-0aaa-4c1c-8e33-398201d599b9",
      "dblevel": 6,
      "location": "/VGMA/02-MoiNgayVoiLoiChua/Nam01/Thang02/Ngay14/04_CauNguyenKhiConNhieuNanDe-KhiThatVong-ChuaLaDangChuTe",
      "isVideo": false,
      "url": "02-moi-ngay-voi-loi-chua.nam-01.thang-02.ngay-14.04-cau-nguyen-khi-con-nhieu-nan-de-khi-that-vong-chua-la-dang-chu-te",
      "name": "04_Cầu Nguyện Khi Còn Nhiều Nan Đề- Khi Thất Vọng- Chúa Là Đấng Chủ Tể",
      "count": 0,
      "isLeaf": null,
      "keyword": null,
      "hash": "U2FsdGVkX1+xkQMQdH45NIGXyUaunnybBV5WScUos6PkuNrtSwMlgnz5QA5MPsWRQmD6iqHpP4dPvbEy4nGfFA==",
      "khash": "U2FsdGVkX18XmdOEAGTlbDeXj9HmUGLziexg93LHMu+yjgpOEOwwfXlMqmNX52K0ZLHkRqDh9DksnDUZt9dp0w==",
      "viewCount": null,
      "duration": "45:28",
      "size": 43662677
    }
  ]
}