{
  "id": "3854bc92-f17a-49e8-ab0f-45d489f69361",
  "pid": "dfd3b211-0460-4b6c-acea-3f9eb02ba7fd",
  "dblevel": 5,
  "location": "/VGMA/02-MoiNgayVoiLoiChua/Nam01/Thang01/Ngay15",
  "isVideo": false,
  "url": "02-moi-ngay-voi-loi-chua.nam-01.thang-01.ngay-15",
  "name": "Ngày 15",
  "count": 4,
  "isLeaf": true,
  "keyword": null,
  "hash": null,
  "khash": null,
  "viewCount": null,
  "duration": null,
  "size": null,
  "children": [
    {
      "id": "baad5538-1092-405b-8a81-222eb59c5ffb",
      "pid": "3854bc92-f17a-49e8-ab0f-45d489f69361",
      "dblevel": 6,
      "location": "/VGMA/02-MoiNgayVoiLoiChua/Nam01/Thang01/Ngay15/01_KhamPhaKinhThanh-Thang01Ngay15",
      "isVideo": false,
      "url": "02-moi-ngay-voi-loi-chua.nam-01.thang-01.ngay-15.01-kham-pha-kinh-thanh-thang-01-ngay-15",
      "name": "01_Khám Phá Kinh Thánh -Tháng 01 Ngày 15",
      "count": 0,
      "isLeaf": null,
      "keyword": null,
      "hash": "U2FsdGVkX1+HkhpKu6nj2Yyq6WUTiqoGBsMxPQjR7xKjnbKBFBrtkUOS1WS4M7dFijRiQj8Lkm2Z+2Sin36ZMQ==",
      "khash": "U2FsdGVkX19kEPqBVf6WkHeg+PcwhL7Ic3zdaucTxtj2eLxJSfGefW0KjCP2c4clpgDMIe7CevPufqxuMOfCMA==",
      "viewCount": null,
      "duration": "28:26",
      "size": 27298739
    },
    {
      "id": "da15267a-eb16-402e-b4db-fc48191a35fc",
      "pid": "3854bc92-f17a-49e8-ab0f-45d489f69361",
      "dblevel": 6,
      "location": "/VGMA/02-MoiNgayVoiLoiChua/Nam01/Thang01/Ngay15/02_ThanhChuaSieuViet-HaGim-Choir",
      "isVideo": false,
      "url": "02-moi-ngay-voi-loi-chua.nam-01.thang-01.ngay-15.02-thanh-chua-sieu-viet-hagim-choir",
      "name": "02_Thánh Chúa Siêu Việt-HaGim-Choir",
      "count": 0,
      "isLeaf": null,
      "keyword": null,
      "hash": "U2FsdGVkX1/ALHYcS5P2V52I4Sq5fvdH0vGcRAXF9jgKj2EV4dwDIMuwWL/yzZdFgUBuSyOB8lAbtOJNBn1ddg==",
      "khash": "U2FsdGVkX18P4YcaizRVryczh8PKv1hyqpy/KbGAr02W5f1dWemx6LAHSJrdOgml+a7F9d6UwG3dlhteXqpdbA==",
      "viewCount": null,
      "duration": "4:55",
      "size": 11825110
    },
    {
      "id": "5463a9fc-c19a-4cf5-aaac-7b4454b8d974",
      "pid": "3854bc92-f17a-49e8-ab0f-45d489f69361",
      "dblevel": 6,
      "location": "/VGMA/02-MoiNgayVoiLoiChua/Nam01/Thang01/Ngay15/03_BoiLinhCauNguyen",
      "isVideo": false,
      "url": "02-moi-ngay-voi-loi-chua.nam-01.thang-01.ngay-15.03-boi-linh-cau-nguyen",
      "name": "03_Bồi Linh Cầu Nguyện",
      "count": 0,
      "isLeaf": null,
      "keyword": null,
      "hash": "U2FsdGVkX195ahnl3HxyTL2qSSRk3s1eJvdnPVrxodBeYJNpzleg5hC7q4jd4OVzJaXfZXntmy6wkXpjPBHKEg==",
      "khash": "U2FsdGVkX1+BqH5QX02g+HanDt3IiP/016APg71pSNy7u52wQLnfE3C2ks0XH14IfmTCcF4ZEyx04LjcQNKCeA==",
      "viewCount": null,
      "duration": "27:24",
      "size": 26304584
    },
    {
      "id": "4a39764c-2b34-4f89-bb60-acaff6187d43",
      "pid": "3854bc92-f17a-49e8-ab0f-45d489f69361",
      "dblevel": 6,
      "location": "/VGMA/02-MoiNgayVoiLoiChua/Nam01/Thang01/Ngay15/04_MARY-01",
      "isVideo": false,
      "url": "02-moi-ngay-voi-loi-chua.nam-01.thang-01.ngay-15.04-mary-01",
      "name": "04_MARY-01",
      "count": 0,
      "isLeaf": null,
      "keyword": null,
      "hash": "U2FsdGVkX1/L547N9Hq8PjkriiaB26Q9MM4FOwiAhF4WMNIRv77N1DSd0iWTqjoMFi07T09Pf8/5Y4GdMzJXCw==",
      "khash": "U2FsdGVkX1+jhXYDvnOWrvnB8Spc/kvVmeRCn7ArYb1grqmNJuHCyK9eEbPguNYTk4vTJETewk00wAmPsc3NhQ==",
      "viewCount": null,
      "duration": "18:22",
      "size": 17643681
    }
  ]
}