{
  "id": "6d8cd7f0-35a1-4223-bb4f-ad79d3e806f5",
  "pid": "d96ceb52-956a-4068-b591-1a5889af7f1f",
  "dblevel": 5,
  "location": "/VGMA/02-MoiNgayVoiLoiChua/Nam01/Thang02/Ngay27",
  "isVideo": false,
  "url": "02-moi-ngay-voi-loi-chua.nam-01.thang-02.ngay-27",
  "name": "Ngày 27",
  "count": 4,
  "isLeaf": true,
  "keyword": null,
  "hash": null,
  "khash": null,
  "viewCount": null,
  "duration": null,
  "size": null,
  "children": [
    {
      "id": "4190b0fa-3e41-4557-bb85-1788b9de75ba",
      "pid": "6d8cd7f0-35a1-4223-bb4f-ad79d3e806f5",
      "dblevel": 6,
      "location": "/VGMA/02-MoiNgayVoiLoiChua/Nam01/Thang02/Ngay27/01_KhamPhaKinhThanh-Thang02Ngay27",
      "isVideo": false,
      "url": "02-moi-ngay-voi-loi-chua.nam-01.thang-02.ngay-27.01-kham-pha-kinh-thanh-thang-02-ngay-27",
      "name": "01_Khám Phá Kinh Thánh - Tháng 02 Ngày 27",
      "count": 0,
      "isLeaf": null,
      "keyword": null,
      "hash": "U2FsdGVkX1/8YCEYkQDjfb7W0Cte4YV8EdWy4SwRLe9IDCYNcoyltm3aHCjjTEJVN0zyZw4FIWNgEC4/fB9k9w==",
      "khash": "U2FsdGVkX19wEUrgKOQbCmK7fcpLyAo8kqOBvzACji5byzqn6o9V45m1eolBQPpu890E7lLfVv8MRtj0dUdsLg==",
      "viewCount": null,
      "duration": "29:14",
      "size": 28074889
    },
    {
      "id": "bb1639ba-c7a4-423e-afb1-3e36ed4b32be",
      "pid": "6d8cd7f0-35a1-4223-bb4f-ad79d3e806f5",
      "dblevel": 6,
      "location": "/VGMA/02-MoiNgayVoiLoiChua/Nam01/Thang02/Ngay27/02_ToanVuTruDoTayChua-ThienHan",
      "isVideo": false,
      "url": "02-moi-ngay-voi-loi-chua.nam-01.thang-02.ngay-27.02-toan-vu-tru-do-tay-chua-thienhan",
      "name": "02_Toàn Vũ Trụ Do Tay Chúa - ThienHan",
      "count": 0,
      "isLeaf": null,
      "keyword": null,
      "hash": "U2FsdGVkX1+F8fZE776EQsSEIJAenCwWREU20J8qeb3KGhx0U+RZBiKPcNgjO4hOTqA00SxUY4IDNc+4lakf6w==",
      "khash": "U2FsdGVkX1996SN1NF/tvO9dvP3s/PWHCEgy6Q4XS/jY+8TWR/DaJVUoMWDwYZbPld/ceKrE4z+P2Q8NoVo8nA==",
      "viewCount": null,
      "duration": "4:40",
      "size": 11221380
    },
    {
      "id": "08665e35-091f-44ba-9d7d-25260846bab9",
      "pid": "6d8cd7f0-35a1-4223-bb4f-ad79d3e806f5",
      "dblevel": 6,
      "location": "/VGMA/02-MoiNgayVoiLoiChua/Nam01/Thang02/Ngay27/03_ThangTranTrongLong1",
      "isVideo": false,
      "url": "02-moi-ngay-voi-loi-chua.nam-01.thang-02.ngay-27.03-thang-tran-trong-long-1",
      "name": "03_Thắng Trận Trong Lòng 1",
      "count": 0,
      "isLeaf": null,
      "keyword": null,
      "hash": "U2FsdGVkX19n0Lvj6plMiQJZwvgMzH34JKDM7QShgCC6BW7uL8wEIy8rMRWqRfQwUo+Jj22sStY/w2AlNSttCw==",
      "khash": "U2FsdGVkX1/NDurZ3hTJxPO4wpAT1R2D5Rad7gwGRHR+/wk/rb/Jjz1hjLac6zIV1xq3DqqlM7RoskjivI11hQ==",
      "viewCount": null,
      "duration": "30:15",
      "size": 29053436
    },
    {
      "id": "2a1eb88e-898c-4daa-9548-c1217851c72a",
      "pid": "6d8cd7f0-35a1-4223-bb4f-ad79d3e806f5",
      "dblevel": 6,
      "location": "/VGMA/02-MoiNgayVoiLoiChua/Nam01/Thang02/Ngay27/04_HoiThanhVaTamVanCoDoc-HoiThanhBietQuanTam",
      "isVideo": false,
      "url": "02-moi-ngay-voi-loi-chua.nam-01.thang-02.ngay-27.04-hoi-thanh-va-tam-van-co-doc-hoi-thanh-biet-quan-tam",
      "name": "04_Hội Thánh Và Tâm Vấn Cơ Đốc - Hội Thánh Biết Quan Tâm",
      "count": 0,
      "isLeaf": null,
      "keyword": null,
      "hash": "U2FsdGVkX1/Y8wrp6QvuZ8EyPvuBREKMbWdKWvj0CngNXai4KVL/ARXWcZZ+BkDeAUEysVkWILV1R8YVaXawxw==",
      "khash": "U2FsdGVkX1+Sf5pBo2lo+gV26BK0zU9pJak66ozqUtwSeSRt3VlPhCnWvgdr7zD+ZlhgoUgVL92fjddFMNYrhw==",
      "viewCount": null,
      "duration": "32:6",
      "size": 30823109
    }
  ]
}