{
  "id": "b6e998f0-3c44-40be-8bf2-dc039f56cf05",
  "pid": "dfd3b211-0460-4b6c-acea-3f9eb02ba7fd",
  "dblevel": 5,
  "location": "/VGMA/02-MoiNgayVoiLoiChua/Nam01/Thang01/Ngay28",
  "isVideo": false,
  "url": "02-moi-ngay-voi-loi-chua.nam-01.thang-01.ngay-28",
  "name": "Ngày 28",
  "count": 4,
  "isLeaf": true,
  "keyword": null,
  "hash": null,
  "khash": null,
  "viewCount": null,
  "duration": null,
  "size": null,
  "children": [
    {
      "id": "83336e7f-f3e1-42d3-b7a7-88983c726ad5",
      "pid": "b6e998f0-3c44-40be-8bf2-dc039f56cf05",
      "dblevel": 6,
      "location": "/VGMA/02-MoiNgayVoiLoiChua/Nam01/Thang01/Ngay28/01_KhamPhaKinhThanh-Thang01Ngay28",
      "isVideo": false,
      "url": "02-moi-ngay-voi-loi-chua.nam-01.thang-01.ngay-28.01-kham-pha-kinh-thanh-thang-01-ngay-28",
      "name": "01_Khám Phá Kinh Thánh - Tháng 01 Ngày 28",
      "count": 0,
      "isLeaf": null,
      "keyword": null,
      "hash": "U2FsdGVkX18aKGf2C0vW9zzZXL0i+S03U/3BtiU2Bp+UNVQ4oYzpJ/+fJoeikcQTIO1HlTUW2EcdLwC/Snqy2A==",
      "khash": "U2FsdGVkX19AOZ19ZW5qqI0zDWsabzI5ndFkmSaMzDubYjdssRrIt0+IojCnNAVwn2X/f2xoMPKAoK11dc3xog==",
      "viewCount": null,
      "duration": "21:6",
      "size": 20271591
    },
    {
      "id": "8de9d8a8-f820-43fb-beee-8eae7751ddc2",
      "pid": "b6e998f0-3c44-40be-8bf2-dc039f56cf05",
      "dblevel": 6,
      "location": "/VGMA/02-MoiNgayVoiLoiChua/Nam01/Thang01/Ngay28/02-_VinhDieuTonQuy-Chorus",
      "isVideo": false,
      "url": "02-moi-ngay-voi-loi-chua.nam-01.thang-01.ngay-28.02-vinh-dieu-ton-quy-chorus",
      "name": "02-_Vinh Diệu Tôn Quý - Chorus",
      "count": 0,
      "isLeaf": null,
      "keyword": null,
      "hash": "U2FsdGVkX1+Zi3KOOvpO4CaNaAzneJ71pgZvyeYgU1++FVq7KvdxTCYZujJ8mFIlnkKWM2khyVVp4lBiGwoISQ==",
      "khash": "U2FsdGVkX1+2mlAoxwwmjhdkGANe3jh+JNwcFlSrQu14ngOdqI6fZcREAIg4SYyuhd4oUlS83b4ZOU1bPc8TQQ==",
      "viewCount": null,
      "duration": "3:11",
      "size": 7675820
    },
    {
      "id": "f4f268b1-378b-41d7-a614-e6352f71cc3e",
      "pid": "b6e998f0-3c44-40be-8bf2-dc039f56cf05",
      "dblevel": 6,
      "location": "/VGMA/02-MoiNgayVoiLoiChua/Nam01/Thang01/Ngay28/03_SongKhonNgoan_DauTuVaoNuocTroi",
      "isVideo": false,
      "url": "02-moi-ngay-voi-loi-chua.nam-01.thang-01.ngay-28.03-song-khon-ngoan-dau-tu-vao-nuoc-troi",
      "name": "03_Sống Khôn Ngoan_Đầu Tư Vào Nước Trời",
      "count": 0,
      "isLeaf": null,
      "keyword": null,
      "hash": "U2FsdGVkX19/0BL0GuUNRV8cDL/aq46ZfQrEmTLk+e87kV63CwGyPmCBJxhb1xlgrZz9Szw98zOLrUs+yYq63w==",
      "khash": "U2FsdGVkX1/Ojq6sO7pVQWfH5RX/WugKYzReaVfEhupOTub+d0hoccoJp44t1RPuqw0xljL2mDKK3hMQU6JfqA==",
      "viewCount": null,
      "duration": "24:53",
      "size": 23894650
    },
    {
      "id": "3da65209-6317-4550-89ca-6464e87ce987",
      "pid": "b6e998f0-3c44-40be-8bf2-dc039f56cf05",
      "dblevel": 6,
      "location": "/VGMA/02-MoiNgayVoiLoiChua/Nam01/Thang01/Ngay28/04_CauNguyenBoiDucTin",
      "isVideo": false,
      "url": "02-moi-ngay-voi-loi-chua.nam-01.thang-01.ngay-28.04-cau-nguyen-boi-duc-tin",
      "name": "04_Cầu Nguyện Bởi Đức Tin",
      "count": 0,
      "isLeaf": null,
      "keyword": null,
      "hash": "U2FsdGVkX1+3gyPDUnEl85lVe/UFnufQOrxkPiXqguj/LIG9pkQBm8iKaZWUhbfOIlx80zX+/ZdNlcARPb7orQ==",
      "khash": "U2FsdGVkX19jWEWa2QmFY7AZTT9CKzX0XeTclgEGCvyedxAlhmB2+5F1gbGfyjmCfZRdu8dX1o6zER8kuLUk1w==",
      "viewCount": null,
      "duration": "43:17",
      "size": 41567738
    }
  ]
}