{
  "id": "e82da630-19c1-4d84-9bdf-79825b1066c2",
  "pid": "5f3a31b5-1223-44f2-8d64-2f8ddba8749b",
  "dblevel": 5,
  "location": "/VGMA/02-MoiNgayVoiLoiChua/Nam01/Thang03/Ngay19",
  "isVideo": false,
  "url": "02-moi-ngay-voi-loi-chua.nam-01.thang-03.ngay-19",
  "name": "Ngày 19",
  "count": 4,
  "isLeaf": true,
  "keyword": null,
  "hash": null,
  "khash": null,
  "viewCount": null,
  "duration": null,
  "size": null,
  "children": [
    {
      "id": "53f83602-a551-40d0-9867-bc592dc469e7",
      "pid": "e82da630-19c1-4d84-9bdf-79825b1066c2",
      "dblevel": 6,
      "location": "/VGMA/02-MoiNgayVoiLoiChua/Nam01/Thang03/Ngay19/01_KhamPhaKinhThanh-Thang03Ngay19",
      "isVideo": false,
      "url": "02-moi-ngay-voi-loi-chua.nam-01.thang-03.ngay-19.01-kham-pha-kinh-thanh-thang-03-ngay-19",
      "name": "01_Khám Phá Kinh Thánh - Tháng 03 Ngày 19",
      "count": 0,
      "isLeaf": null,
      "keyword": null,
      "hash": "U2FsdGVkX18HtyWG62uxf+GTjs14/kafBuk7ncfE8OSW06+GcAAygdKoRNx+j1DQM8X1PhSO6BlcbmJu1QqGLg==",
      "khash": "U2FsdGVkX1/Jjr91SSIgfGE/AeJZdb/A3S46/LBmZ85y0crval1ZicLxXfDhA67/BY2a4flftB6Q3hDQ5RgzkA==",
      "viewCount": null,
      "duration": "32:55",
      "size": 31608316
    },
    {
      "id": "4504b694-d935-4d0e-8ced-6b4c390dedfc",
      "pid": "e82da630-19c1-4d84-9bdf-79825b1066c2",
      "dblevel": 6,
      "location": "/VGMA/02-MoiNgayVoiLoiChua/Nam01/Thang03/Ngay19/02_MauTrongXemKia-ThienHan",
      "isVideo": false,
      "url": "02-moi-ngay-voi-loi-chua.nam-01.thang-03.ngay-19.02-mau-trong-xem-kia-thienhan",
      "name": "02_Mau Trông Xem Kìa - ThienHan",
      "count": 0,
      "isLeaf": null,
      "keyword": null,
      "hash": "U2FsdGVkX1/ALKEhvvVhgQpdKngUrI/F2bFJFkD68dqZTM5GADTFOUyrNOyhaoAt9lgIWw/OjUFUW1W6ibzmLw==",
      "khash": "U2FsdGVkX18lGq9hOLWjo5zUmy8YjQFulCoZR28LUz3iePAUB/q/Y0OoSbuxoOKCeaGwmZG2wnX7/DA0BUJfqg==",
      "viewCount": null,
      "duration": "3:50",
      "size": 9235936
    },
    {
      "id": "ac2a9b16-c2a3-4be9-8e2d-b286c7bf6302",
      "pid": "e82da630-19c1-4d84-9bdf-79825b1066c2",
      "dblevel": 6,
      "location": "/VGMA/02-MoiNgayVoiLoiChua/Nam01/Thang03/Ngay19/03_VungLongTrongHoanNan",
      "isVideo": false,
      "url": "02-moi-ngay-voi-loi-chua.nam-01.thang-03.ngay-19.03-vung-long-trong-hoan-nan",
      "name": "03_Vững Lòng Trong Hoạn Nạn",
      "count": 0,
      "isLeaf": null,
      "keyword": null,
      "hash": "U2FsdGVkX1+yFYEHgD7DnLCn4+oWiZ67E3ljgQng8Q+y/VfDgGWMrQ/dJVQu/FMQYzGx1MBzGJa1H62nsnkjrA==",
      "khash": "U2FsdGVkX1+5mgcw6fgoEfK9IacoryL6dYP8rlhYpHsqjG6DaiKVlihmVCr8uvP6W6UUVl9gdemXGSYVcwx1AA==",
      "viewCount": null,
      "duration": "24:37",
      "size": 23637252
    },
    {
      "id": "648b817d-45d4-454f-9871-2180387a6f6c",
      "pid": "e82da630-19c1-4d84-9bdf-79825b1066c2",
      "dblevel": 6,
      "location": "/VGMA/02-MoiNgayVoiLoiChua/Nam01/Thang03/Ngay19/04_TuMaThuatDenDangChrist-NuHoangCuaNhungPhuThuyDen",
      "isVideo": false,
      "url": "02-moi-ngay-voi-loi-chua.nam-01.thang-03.ngay-19.04-tu-ma-thuat-den-dang-christ-nu-hoang-cua-nhung-phu-thuy-den",
      "name": "04_Từ Ma Thuật Đến Đấng Christ - Nữ Hoàng Của Những Phù Thuỷ Đen",
      "count": 0,
      "isLeaf": null,
      "keyword": null,
      "hash": "U2FsdGVkX1+6WCCnSWYgbZDolIuMDRTYFlS+VBnb/oXBIB4GgxN4ve3ibc3UDjK2OqZ59HkVFEw6sYkhpEf4Ug==",
      "khash": "U2FsdGVkX1+Jsdm6us2mICpZJ/qP5y1EDxiF0+Om/LGTG6OH+qFYJatpxkn8Z4NdMhovBMbCUN7/pN04gBs7Ig==",
      "viewCount": null,
      "duration": "17:21",
      "size": 16658525
    }
  ]
}