{
  "id": "8c567f0e-3dd5-4f94-bca8-6d7216ad45cb",
  "pid": "5f3a31b5-1223-44f2-8d64-2f8ddba8749b",
  "dblevel": 5,
  "location": "/VGMA/02-MoiNgayVoiLoiChua/Nam01/Thang03/Ngay21",
  "isVideo": false,
  "url": "02-moi-ngay-voi-loi-chua.nam-01.thang-03.ngay-21",
  "name": "Ngày 21",
  "count": 4,
  "isLeaf": true,
  "keyword": null,
  "hash": null,
  "khash": null,
  "viewCount": null,
  "duration": null,
  "size": null,
  "children": [
    {
      "id": "024689d1-1451-41af-8fff-097130023cd9",
      "pid": "8c567f0e-3dd5-4f94-bca8-6d7216ad45cb",
      "dblevel": 6,
      "location": "/VGMA/02-MoiNgayVoiLoiChua/Nam01/Thang03/Ngay21/01_KhamPhaKinhThanh-Thang03Ngay21",
      "isVideo": false,
      "url": "02-moi-ngay-voi-loi-chua.nam-01.thang-03.ngay-21.01-kham-pha-kinh-thanh-thang-03-ngay-21",
      "name": "01_Khám Phá Kinh Thánh - Tháng 03 Ngày 21",
      "count": 0,
      "isLeaf": null,
      "keyword": null,
      "hash": "U2FsdGVkX19poqmKJ+KZHbe0Nd310RWOn8XxTkVxY2cdyM3XfHfcMWnt9ju3ZU7uvchuRZUPRrUSNBxKQ/Vu+A==",
      "khash": "U2FsdGVkX1+W/QELkjUue4BHfDURdq1ODXeGLAc9D+gMebTzBRB9g8c6Ih4vQCw+hK20AIbDrTll9eFfNuxqxg==",
      "viewCount": null,
      "duration": "27:15",
      "size": 26171921
    },
    {
      "id": "f2bfaff7-744f-464b-a3d2-7eb17a05a040",
      "pid": "8c567f0e-3dd5-4f94-bca8-6d7216ad45cb",
      "dblevel": 6,
      "location": "/VGMA/02-MoiNgayVoiLoiChua/Nam01/Thang03/Ngay21/02_AbaChaYeuOi",
      "isVideo": false,
      "url": "02-moi-ngay-voi-loi-chua.nam-01.thang-03.ngay-21.02-aba-cha-yeu-oi",
      "name": "02_Aba Cha Yêu Ơi",
      "count": 0,
      "isLeaf": null,
      "keyword": null,
      "hash": "U2FsdGVkX18d3MHTL0s7vDpGv/0B8Mc9QKDi2gF2utcl7/43veyZV5g5JpsfkVsNHCLttwopkt2R2BQ1itQGJQ==",
      "khash": "U2FsdGVkX19vY+H/Y7EPh8Jn30pAQC0UHKw9B11Loc3ZXi3VbDNwA7sua/kuIcCAbPnBJW0yPJORxGlP5mR80g==",
      "viewCount": null,
      "duration": "3:26",
      "size": 3300577
    },
    {
      "id": "fb1ed150-26ef-4dbf-9551-47a95f61ab34",
      "pid": "8c567f0e-3dd5-4f94-bca8-6d7216ad45cb",
      "dblevel": 6,
      "location": "/VGMA/02-MoiNgayVoiLoiChua/Nam01/Thang03/Ngay21/03_DacThangCamDo",
      "isVideo": false,
      "url": "02-moi-ngay-voi-loi-chua.nam-01.thang-03.ngay-21.03-dac-thang-cam-do",
      "name": "03_Đắc Thắng Cám Dỗ",
      "count": 0,
      "isLeaf": null,
      "keyword": null,
      "hash": "U2FsdGVkX1/xZEhYhflFGmPqkvGrEqb27JkylGoQ3Qw16T5wygF5LEigV6twXE1HnZ5f2N3prBqTPSUGy56slA==",
      "khash": "U2FsdGVkX18/sUrl+lare8d1UAv5UENRChzDIqho/l6ZQI50Q2mGwOglbtTx86nR+xSuuq3LuHyhMT4zxnvQnw==",
      "viewCount": null,
      "duration": "24:25",
      "size": 23442051
    },
    {
      "id": "7118623e-db3a-4462-bc46-35d688f593d3",
      "pid": "8c567f0e-3dd5-4f94-bca8-6d7216ad45cb",
      "dblevel": 6,
      "location": "/VGMA/02-MoiNgayVoiLoiChua/Nam01/Thang03/Ngay21/04_CauNguyenChoNguoiKhac-ChuaRongLuong",
      "isVideo": false,
      "url": "02-moi-ngay-voi-loi-chua.nam-01.thang-03.ngay-21.04-cau-nguyen-cho-nguoi-khac-chua-rong-luong",
      "name": "04_Cầu Nguyện Cho Người Khác - Chúa Rộng Lượng",
      "count": 0,
      "isLeaf": null,
      "keyword": null,
      "hash": "U2FsdGVkX19bSpS9b8aUhGWX9VoQvfuDMxGMpdDdDbfrJ1CNC3ILZYNeBM0B0SmRLpGI2yhMmYH0VklJSLn5TQ==",
      "khash": "U2FsdGVkX18JmtXzLCLLayYrw4pwo7p6zHnG5MhycTGT9/5p7k+zCxG+wnTnOuEOD4lpA8Ogjm+iZqLwYdyBow==",
      "viewCount": null,
      "duration": "29:9",
      "size": 27989626
    }
  ]
}