{
  "id": "ecae9e45-77c1-4ad8-81a4-7c944b62c418",
  "pid": "9c43abbe-8911-4823-9835-1038b0da7fff",
  "dblevel": 5,
  "location": "/VGMA/02-MoiNgayVoiLoiChua/Nam01/Thang07/Ngay01",
  "isVideo": false,
  "url": "02-moi-ngay-voi-loi-chua.nam-01.thang-07.ngay-01",
  "name": "Ngày 01",
  "count": 4,
  "isLeaf": true,
  "keyword": null,
  "hash": null,
  "khash": null,
  "viewCount": null,
  "duration": null,
  "size": null,
  "children": [
    {
      "id": "ad152aeb-ca2c-4be4-9a1d-61a5978326f2",
      "pid": "ecae9e45-77c1-4ad8-81a4-7c944b62c418",
      "dblevel": 6,
      "location": "/VGMA/02-MoiNgayVoiLoiChua/Nam01/Thang07/Ngay01/01_KhamPhaKinhThanh-Thang07Ngay01",
      "isVideo": false,
      "url": "02-moi-ngay-voi-loi-chua.nam-01.thang-07.ngay-01.-01-kham-pha-kinh-thanh-thang-07-ngay-01",
      "name": " 01_Khám Phá Kinh Thánh - Tháng 07 Ngày 01",
      "count": 0,
      "isLeaf": null,
      "keyword": null,
      "hash": "U2FsdGVkX1/ELRPZucaMYCrr4lSLVtKuAiq9J0MPEtV7SmpSxMT4Hxo6BtOq7hfumXD9Z6jBkYEPu04zYfEtxQ==",
      "khash": "U2FsdGVkX1/fbg+mR2KOp83hNyzpVti2hxoz+dI7BHHSMHS0UOHf39a1SDsY3DCCr+zeVw3K0dg/3FNsPk/xvA==",
      "viewCount": null,
      "duration": "28:17",
      "size": 27165282
    },
    {
      "id": "195977de-625d-4534-b0ac-cd2bc7f6362f",
      "pid": "ecae9e45-77c1-4ad8-81a4-7c944b62c418",
      "dblevel": 6,
      "location": "/VGMA/02-MoiNgayVoiLoiChua/Nam01/Thang07/Ngay01/02_TayTrongTay",
      "isVideo": false,
      "url": "02-moi-ngay-voi-loi-chua.nam-01.thang-07.ngay-01.02-tay-trong-tay",
      "name": "02_Tay Trong Tay",
      "count": 0,
      "isLeaf": null,
      "keyword": null,
      "hash": "U2FsdGVkX18hFRL+kbFIzW+AOWQOekxeKFuSiGywReFG0rY2Y74JkMHDBN0zTq/xphESJ1eEVYZrkC8WtJosEw==",
      "khash": "U2FsdGVkX1/mqilYO29rJuP40TMVsals56mQHAi2qw6yGTiaQIiKEE0Y+1/IOWfKv5xaD68b1yicUhOtaP8ciQ==",
      "viewCount": null,
      "duration": "4:15",
      "size": 4092181
    },
    {
      "id": "f9c38fd7-2faf-4e10-bec0-e1e29c65a1d4",
      "pid": "ecae9e45-77c1-4ad8-81a4-7c944b62c418",
      "dblevel": 6,
      "location": "/VGMA/02-MoiNgayVoiLoiChua/Nam01/Thang07/Ngay01/03-DauHieuTuNguoiBuocTheoThanhLinh",
      "isVideo": false,
      "url": "02-moi-ngay-voi-loi-chua.nam-01.thang-07.ngay-01.03-dau-hieu-tu-nguoi-buoc-theo-thanh-linh-",
      "name": "03-Dấu Hiệu Từ Người Bước Theo Thánh Linh ",
      "count": 0,
      "isLeaf": null,
      "keyword": null,
      "hash": "U2FsdGVkX1/U+aydn3t8tsDY2tCH/Q3d9tNyjwljP43usOdOhMKfkvQQeYzwS5kRoYWNrZ2FWS3Fz6dNlzmIug==",
      "khash": "U2FsdGVkX1/KbXk2gBLH2QcIMuse1VAUklfSKSG/+q91c9JuBWrEi7ggshrBIHFZ9FK2Ln6S4Ls81BzQYZ1E2A==",
      "viewCount": null,
      "duration": "37:11",
      "size": 35701969
    },
    {
      "id": "71c9f424-e8a8-4391-8492-809f8f69a656",
      "pid": "ecae9e45-77c1-4ad8-81a4-7c944b62c418",
      "dblevel": 6,
      "location": "/VGMA/02-MoiNgayVoiLoiChua/Nam01/Thang07/Ngay01/04_GiaDinhAp-Ra-Ham-01",
      "isVideo": false,
      "url": "02-moi-ngay-voi-loi-chua.nam-01.thang-07.ngay-01.04-gia-dinh-ap-ra-ham-01",
      "name": "04_Gia Đình Áp-Ra-Ham - 01",
      "count": 0,
      "isLeaf": null,
      "keyword": null,
      "hash": "U2FsdGVkX1/acpw0kDv5XkQZxmRXvt606zmP+5m45RncfIIhczaKpKsyXSfSho3zHHdx5t9SdpUgDd4/ABPrHg==",
      "khash": "U2FsdGVkX18qRLArytlPeF0kOXK41ABK8bnTxuikePqEt4i634k/PTc5Y6YCcxp3lRnN7Oo4QAHq0WXfBWe1Lg==",
      "viewCount": null,
      "duration": "19:44",
      "size": 18949410
    }
  ]
}