{
  "id": "b40b40d1-d522-45d6-bbda-1cec5b956691",
  "pid": "0191b9c1-e74d-4cd6-a69e-2d1872217813",
  "dblevel": 5,
  "location": "/VGMA/02-MoiNgayVoiLoiChua/Nam01/Thang05/Ngay04",
  "isVideo": false,
  "url": "02-moi-ngay-voi-loi-chua.nam-01.thang-05.ngay-04",
  "name": "Ngày 04",
  "count": 4,
  "isLeaf": true,
  "keyword": null,
  "hash": null,
  "khash": null,
  "viewCount": null,
  "duration": null,
  "size": null,
  "children": [
    {
      "id": "00563791-5a71-4830-bac4-d0e23a4c6bdd",
      "pid": "b40b40d1-d522-45d6-bbda-1cec5b956691",
      "dblevel": 6,
      "location": "/VGMA/02-MoiNgayVoiLoiChua/Nam01/Thang05/Ngay04/01_KhamPhaKinhThanh-Thang05Ngay04",
      "isVideo": false,
      "url": "02-moi-ngay-voi-loi-chua.nam-01.thang-05.ngay-04.01-kham-pha-kinh-thanh-thang-05-ngay-04",
      "name": "01_Khám Phá Kinh Thánh - Tháng 05 Ngày 04",
      "count": 0,
      "isLeaf": null,
      "keyword": null,
      "hash": "U2FsdGVkX18i5FBeu1dwQH4vyFM4GG5OCQEYjQGMKPA+1Ciq7BWESBcbERyTXFmU+tTGetul7XVKLHaCK5Ukvg==",
      "khash": "U2FsdGVkX1/ZzpxvzuqkCZhG1kwIty9Tlzrlh7mM9399NYDeEBi77TWZW8uwdF8JThNAPkKd/qw8GC39MxlnzQ==",
      "viewCount": null,
      "duration": "23:39",
      "size": 22717071
    },
    {
      "id": "572393d5-2f57-4e30-9594-833d8f1d05e8",
      "pid": "b40b40d1-d522-45d6-bbda-1cec5b956691",
      "dblevel": 6,
      "location": "/VGMA/02-MoiNgayVoiLoiChua/Nam01/Thang05/Ngay04/02_NayConTroVe",
      "isVideo": false,
      "url": "02-moi-ngay-voi-loi-chua.nam-01.thang-05.ngay-04.02-nay-con-tro-ve",
      "name": "02_Nay Con Trở Về",
      "count": 0,
      "isLeaf": null,
      "keyword": null,
      "hash": "U2FsdGVkX1+sz2WjVUzGaa+jKeF4/YSkpn6BRyv/it0+WssjXYRuLDJ+3Tj4r+sOn2/tvPwBi/xjJ1ENsqVPiw==",
      "khash": "U2FsdGVkX18u3GOry2GvWICNLJQbXa80w5To33gHoaRv0MjvPi0x36uXnrjUjs+Su7unOZUKBI9Pdaw3zI1qng==",
      "viewCount": null,
      "duration": "5:5",
      "size": 4891743
    },
    {
      "id": "dc475b2c-876b-4416-9972-5bd559bfb6b3",
      "pid": "b40b40d1-d522-45d6-bbda-1cec5b956691",
      "dblevel": 6,
      "location": "/VGMA/02-MoiNgayVoiLoiChua/Nam01/Thang05/Ngay04/03_LuatHonNhanVaGiaDinh",
      "isVideo": false,
      "url": "02-moi-ngay-voi-loi-chua.nam-01.thang-05.ngay-04.03-luat-hon-nhan-va-gia-dinh",
      "name": "03_Luật Hôn Nhân Và Gia Đình",
      "count": 0,
      "isLeaf": null,
      "keyword": null,
      "hash": "U2FsdGVkX1+Lm7Pne01DDXUku1wBZRurhh2B7MFnOVQ1481tJyHlwA9fvHTaorvRenMEhwzi4Rx0dk3CTRYEFg==",
      "khash": "U2FsdGVkX1/8PAXcw2mxNbjTeK/x07+aC3+G6OMExg3IW/+CxEN4rZKsErXjCrVCYnEj6VgvuCXKRgNDogM1PA==",
      "viewCount": null,
      "duration": "42:4",
      "size": 40387967
    },
    {
      "id": "1ab3b483-484c-4837-b9fc-fe4cf6b269fd",
      "pid": "b40b40d1-d522-45d6-bbda-1cec5b956691",
      "dblevel": 6,
      "location": "/VGMA/02-MoiNgayVoiLoiChua/Nam01/Thang05/Ngay04/04_HayChoDoi",
      "isVideo": false,
      "url": "02-moi-ngay-voi-loi-chua.nam-01.thang-05.ngay-04.04-hay-cho-doi",
      "name": "04_Hãy Chờ Đợi",
      "count": 0,
      "isLeaf": null,
      "keyword": null,
      "hash": "U2FsdGVkX1/JjVZ+y0SdiY+RkU/AiHE4w5f2+fC8l3NSnwGyyFGUMZi7S/LuYUYfxQQ0F6xleciitIxyRUf6qg==",
      "khash": "U2FsdGVkX1/cm5Yq2tUjgFS6/sPQEJdNa0Fqt8LEehnBowRtZ208OmYxSuCu6jL07JaU1uQxkmrDtSs56GVOJA==",
      "viewCount": null,
      "duration": "35:51",
      "size": 34429457
    }
  ]
}