{
  "id": "bea80e32-e4c8-45d0-8e8e-f747644644f2",
  "pid": "c8ee8038-a079-46bb-96d9-cd3592f25f81",
  "dblevel": 5,
  "location": "/VGMA/02-MoiNgayVoiLoiChua/Nam01/Thang04/Ngay25",
  "isVideo": false,
  "url": "02-moi-ngay-voi-loi-chua.nam-01.thang-04.ngay-25",
  "name": "Ngày 25",
  "count": 4,
  "isLeaf": true,
  "keyword": null,
  "hash": null,
  "khash": null,
  "viewCount": null,
  "duration": null,
  "size": null,
  "children": [
    {
      "id": "a4bfdb8f-af24-4213-9772-bb62ccff7dcc",
      "pid": "bea80e32-e4c8-45d0-8e8e-f747644644f2",
      "dblevel": 6,
      "location": "/VGMA/02-MoiNgayVoiLoiChua/Nam01/Thang04/Ngay25/01_KhamPhaKinhThanh-Thang04Ngay25",
      "isVideo": false,
      "url": "02-moi-ngay-voi-loi-chua.nam-01.thang-04.ngay-25.01-kham-pha-kinh-thanh-thang-04-ngay-25",
      "name": "01_Khám Phá Kinh Thánh - Tháng 04 Ngày 25",
      "count": 0,
      "isLeaf": null,
      "keyword": null,
      "hash": "U2FsdGVkX1/5qJVQolfaUntqwpkD6wS+2I6OU8Nl1ZwaO5m+eUwlyZA/2yxbah2qIpWVQP0/AN8QiCGWNurmrA==",
      "khash": "U2FsdGVkX1+YzQPdpzfCQnJJBabyAmYZggkkh5DviJf5EdAZACj5Aq3GvccogLZn0+od+egTZsZJ1uQqLv7rKQ==",
      "viewCount": null,
      "duration": "20:16",
      "size": 19466602
    },
    {
      "id": "d3504bb6-9c1c-47da-96dd-d12a569ee0ff",
      "pid": "bea80e32-e4c8-45d0-8e8e-f747644644f2",
      "dblevel": 6,
      "location": "/VGMA/02-MoiNgayVoiLoiChua/Nam01/Thang04/Ngay25/02_HaLeLuGiaCamTaChua-Haghim",
      "isVideo": false,
      "url": "02-moi-ngay-voi-loi-chua.nam-01.thang-04.ngay-25.02-ha-le-lu-gia-cam-ta-chua-haghim",
      "name": "02_Ha Lê Lu Gia Cảm Tạ Chúa - Haghim",
      "count": 0,
      "isLeaf": null,
      "keyword": null,
      "hash": "U2FsdGVkX1+bghOKwVzUo5MIJsb33by9ovrMDAnCh/mR0Po9oXnE6/exhXDaktoEN1vinZYhsaDLlBd+MEVB0Q==",
      "khash": "U2FsdGVkX1++vlBHiCE4Ln5+YhDhkyFfBYKAVpLHB5kZFfHYQY65ESCNK1xxQiBgbjhhfGlv4VDW0aoTI/f8aw==",
      "viewCount": null,
      "duration": "5:39",
      "size": 5427665
    },
    {
      "id": "070f99bb-d131-4d12-a46f-0745ba5ec085",
      "pid": "bea80e32-e4c8-45d0-8e8e-f747644644f2",
      "dblevel": 6,
      "location": "/VGMA/02-MoiNgayVoiLoiChua/Nam01/Thang04/Ngay25/03_QuyetDinhTrongDoiSongGiaDinh2",
      "isVideo": false,
      "url": "02-moi-ngay-voi-loi-chua.nam-01.thang-04.ngay-25.03-quyet-dinh-trong-doi-song-gia-dinh-2",
      "name": "03_Quyết Định Trong Đời Sống Gia Đình 2",
      "count": 0,
      "isLeaf": null,
      "keyword": null,
      "hash": "U2FsdGVkX1/yiVFyBJOz1L9lV91kDK8E8kzXKuoNE67teLhHCuo50t/jyNkA/ccplEC71bg8i8hQkdh0RUTyiw==",
      "khash": "U2FsdGVkX1/+bzG96H5BBs4tuIRpaVcaBcGQRp+1eWMVLIx2AZIbzYOdAkWXgv32HVE/M66exRVH8KWxc5BdBg==",
      "viewCount": null,
      "duration": "15:12",
      "size": 14609734
    },
    {
      "id": "2f999505-8324-4d8a-8b03-0776b36ab6e4",
      "pid": "bea80e32-e4c8-45d0-8e8e-f747644644f2",
      "dblevel": 6,
      "location": "/VGMA/02-MoiNgayVoiLoiChua/Nam01/Thang04/Ngay25/04_NguoiCuuRoiTronVen",
      "isVideo": false,
      "url": "02-moi-ngay-voi-loi-chua.nam-01.thang-04.ngay-25.04-nguoi-cuu-roi-tron-ven",
      "name": "04_Người Cứu Rỗi Trọn Vẹn",
      "count": 0,
      "isLeaf": null,
      "keyword": null,
      "hash": "U2FsdGVkX19PnFjFVfiKx6CGzBYZBMD4ZpsloiLgCvKom/1sqx9RDDzAbm0XCoamCD7gZUD2XKh4KWbYBgoMRQ==",
      "khash": "U2FsdGVkX19unvL1qetXBRS7OVOnVQXW3dTqTY0A4N3e5ejzBkxJS162HDv+Ub0GSGrSrLQDNbXN1Ya9ZN2fDw==",
      "viewCount": null,
      "duration": "21:35",
      "size": 20729027
    }
  ]
}