{
  "id": "ae944fb9-b0d4-420d-895c-5999a70ac4ea",
  "pid": "d96ceb52-956a-4068-b591-1a5889af7f1f",
  "dblevel": 5,
  "location": "/VGMA/02-MoiNgayVoiLoiChua/Nam01/Thang02/Ngay07",
  "isVideo": false,
  "url": "02-moi-ngay-voi-loi-chua.nam-01.thang-02.ngay-07",
  "name": "Ngày 07",
  "count": 4,
  "isLeaf": true,
  "keyword": null,
  "hash": null,
  "khash": null,
  "viewCount": null,
  "duration": null,
  "size": null,
  "children": [
    {
      "id": "6bd39ba9-3fe0-4105-a914-8f6528adf410",
      "pid": "ae944fb9-b0d4-420d-895c-5999a70ac4ea",
      "dblevel": 6,
      "location": "/VGMA/02-MoiNgayVoiLoiChua/Nam01/Thang02/Ngay07/01_KhamPhaKinhThanh-Thang02Ngay07",
      "isVideo": false,
      "url": "02-moi-ngay-voi-loi-chua.nam-01.thang-02.ngay-07.01-kham-pha-kinh-thanh-thang-02-ngay-07",
      "name": "01_Khám Phá Kinh Thánh - Tháng 02 Ngày 07",
      "count": 0,
      "isLeaf": null,
      "keyword": null,
      "hash": "U2FsdGVkX180Htojs9q0DPRy8a3cCf04dgV3d7kL5MTgU0yCfR0mYqVLGlbTrgt7NoDZzTpTZka9Hj45VyI5UQ==",
      "khash": "U2FsdGVkX19GxxlBroJcO9dy9P3cYd4zU5nMAcJuWYks2jjvFSf/xpFQq53yIrya/OBVQ32GPrJQ2WLB3KS1lA==",
      "viewCount": null,
      "duration": "22:26",
      "size": 21537172
    },
    {
      "id": "67c197ff-36c1-4e06-9892-a87bab0859b2",
      "pid": "ae944fb9-b0d4-420d-895c-5999a70ac4ea",
      "dblevel": 6,
      "location": "/VGMA/02-MoiNgayVoiLoiChua/Nam01/Thang02/Ngay07/02_CaKhenChua-Naomi",
      "isVideo": false,
      "url": "02-moi-ngay-voi-loi-chua.nam-01.thang-02.ngay-07.02-ca-khen-chua-naomi",
      "name": "02_Ca Khen Chúa - Naomi",
      "count": 0,
      "isLeaf": null,
      "keyword": null,
      "hash": "U2FsdGVkX1+zvCpOik6qq8fCW4jCISDiRg4rWO4IRYmqtbozjtDyM2GvZ14slGf8pcorZVTK2XqpNfu0mGP3jw==",
      "khash": "U2FsdGVkX18dFUirZVVoSAb5ngeEnTpzrQ2vnAY5pVz8OGzTNwyUg5Q2PPfPQgr65xkHVOCEEkmV8BikiVoCYQ==",
      "viewCount": null,
      "duration": "4:14",
      "size": 10195070
    },
    {
      "id": "b41d6113-1b55-4dc7-ab3b-f8dc47a1a8ef",
      "pid": "ae944fb9-b0d4-420d-895c-5999a70ac4ea",
      "dblevel": 6,
      "location": "/VGMA/02-MoiNgayVoiLoiChua/Nam01/Thang02/Ngay07/03_ChieuSangChua-SongKhonNgoanTinhThuc",
      "isVideo": false,
      "url": "02-moi-ngay-voi-loi-chua.nam-01.thang-02.ngay-07.03-chieu-sang-chua-song-khon-ngoan-tinh-thuc",
      "name": "03_Chiếu Sáng Chúa - Sống Khôn Ngoan Tỉnh Thức",
      "count": 0,
      "isLeaf": null,
      "keyword": null,
      "hash": "U2FsdGVkX1/H7q1Tc7FePsveRX4h0zzcLgCZak8TZR8iPiRXzaEdwZkGzJjBew9mPiMYvGsDzKb+/1lzs191cw==",
      "khash": "U2FsdGVkX1/3m6r60mkqinMdUN5bdrA4fNtdZAo+zmweFt/2oW3z4qjhdXNe32v26bMNGm4KyfVKBLTDErSN5w==",
      "viewCount": null,
      "duration": "26:15",
      "size": 25215920
    },
    {
      "id": "04928ada-a8f4-457c-a54d-1fc3cf77a2fc",
      "pid": "ae944fb9-b0d4-420d-895c-5999a70ac4ea",
      "dblevel": 6,
      "location": "/VGMA/02-MoiNgayVoiLoiChua/Nam01/Thang02/Ngay07/04_CauNguyenChoCacVanDeDauKho",
      "isVideo": false,
      "url": "02-moi-ngay-voi-loi-chua.nam-01.thang-02.ngay-07.04-cau-nguyen-cho-cac-van-de-dau-kho",
      "name": "04_Cầu Nguyện Cho Các Vấn Đề Đau Khổ",
      "count": 0,
      "isLeaf": null,
      "keyword": null,
      "hash": "U2FsdGVkX19vJtYClADx+HQPBVWmu0d2AWzN+4s245RXV/fEY8+tLJEmTkjDmwRYyCxHoHikrSuyYxSjUFIVpw==",
      "khash": "U2FsdGVkX1/hXcbGXNVknqN8L9ju2VuIzgOBxDHC0g7X1kNHmgBiz3K4+ATwFrYL54rEH0QbQbn/cHrZoKhaEA==",
      "viewCount": null,
      "duration": "39:43",
      "size": 38137675
    }
  ]
}