{
  "id": "8c9fa052-52fa-4c0d-8237-dd7d5e75746f",
  "pid": "e9028847-3367-4327-b724-4c29a87632e8",
  "dblevel": 5,
  "location": "/VGMA/02-MoiNgayVoiLoiChua/Nam01/Thang06/Ngay05",
  "isVideo": false,
  "url": "02-moi-ngay-voi-loi-chua.nam-01.thang-06.ngay-05",
  "name": "Ngày 05",
  "count": 4,
  "isLeaf": true,
  "keyword": null,
  "hash": null,
  "khash": null,
  "viewCount": null,
  "duration": null,
  "size": null,
  "children": [
    {
      "id": "2e68bed6-e3db-4a89-8b58-f971d28c8e3e",
      "pid": "8c9fa052-52fa-4c0d-8237-dd7d5e75746f",
      "dblevel": 6,
      "location": "/VGMA/02-MoiNgayVoiLoiChua/Nam01/Thang06/Ngay05/01_KhamPhaKinhThanh-Thang06Ngay05",
      "isVideo": false,
      "url": "02-moi-ngay-voi-loi-chua.nam-01.thang-06.ngay-05.01-kham-pha-kinh-thanh-thang-06-ngay-05",
      "name": "01_Khám Phá Kinh Thánh - Tháng 06 Ngày 05",
      "count": 0,
      "isLeaf": null,
      "keyword": null,
      "hash": "U2FsdGVkX18QkDCImXZzCLaugrAgLj1hWsFzH7nbtx+MEWIZcM//v+ZOe47n/r26DJSBkKum9khu1Zer2kvRBQ==",
      "khash": "U2FsdGVkX1+ikKSJKs8hrDlsO/037ZtxODB9m11ijCpvxIo2G7sorXLOm4OT9l4ILWv4ilC9lSb8zg2QW473Ug==",
      "viewCount": null,
      "duration": "21:38",
      "size": 20777194
    },
    {
      "id": "1e14db15-1b08-4c7f-856a-0e9641e89dbd",
      "pid": "8c9fa052-52fa-4c0d-8237-dd7d5e75746f",
      "dblevel": 6,
      "location": "/VGMA/02-MoiNgayVoiLoiChua/Nam01/Thang06/Ngay05/02_QuyetSongChoChrist",
      "isVideo": false,
      "url": "02-moi-ngay-voi-loi-chua.nam-01.thang-06.ngay-05.02-quyet-song-cho-christ-",
      "name": "02_Quyết Sống Cho Christ ",
      "count": 0,
      "isLeaf": null,
      "keyword": null,
      "hash": "U2FsdGVkX1/3OtfOk8XmhUw1P3rWPEjtFrqOuG72EkYVq2VYwycxFI/2xzlUdpUP5Xzi1vkFzdOpwo8CKN7iQw==",
      "khash": "U2FsdGVkX1/Mn8vRInpQ2k80rg05LSzRBIQQOu50mG5D1TKH1Ong9Vx2TP24bfVIlxvNhaBNsfe4p1RA+htjtg==",
      "viewCount": null,
      "duration": "1:9",
      "size": 1106424
    },
    {
      "id": "60822637-c094-4ba4-bdc3-367e3ffed494",
      "pid": "8c9fa052-52fa-4c0d-8237-dd7d5e75746f",
      "dblevel": 6,
      "location": "/VGMA/02-MoiNgayVoiLoiChua/Nam01/Thang06/Ngay05/03_NhanBietChuaOCung-1-2",
      "isVideo": false,
      "url": "02-moi-ngay-voi-loi-chua.nam-01.thang-06.ngay-05.03-nhan-biet-chua-o-cung-1-2",
      "name": "03_Nhận Biết Chúa Ở Cùng-1-2",
      "count": 0,
      "isLeaf": null,
      "keyword": null,
      "hash": "U2FsdGVkX19SAJEsmd2YV9clRBFmqm6KA57a5F5LKxua/KviygA3x6TWOPUjgbpxlPARPTcyyioSgU4hq63qNA==",
      "khash": "U2FsdGVkX18RCgSQbgtnxNaibcMvdUGcfnKtuCIzXredUaltbTlEBZ1121Fj4rU1AwGf2PuYzy6rdq04N4O1UQ==",
      "viewCount": null,
      "duration": "26:12",
      "size": 25158169
    },
    {
      "id": "f81b6b4b-ba94-4b63-973a-a0ecd8a32aff",
      "pid": "8c9fa052-52fa-4c0d-8237-dd7d5e75746f",
      "dblevel": 6,
      "location": "/VGMA/02-MoiNgayVoiLoiChua/Nam01/Thang06/Ngay05/04_ThaoDoiGio-01",
      "isVideo": false,
      "url": "02-moi-ngay-voi-loi-chua.nam-01.thang-06.ngay-05.04-thao-doi-gio-01",
      "name": "04_Thảo Đồi Gió - 01",
      "count": 0,
      "isLeaf": null,
      "keyword": null,
      "hash": "U2FsdGVkX18hxSiU72wVedUS9dxJBwMoBtFwwLM+D9othM/IEtsQibvvOsmPdxG5TEVQY89Ij9CTbXwvDzZkWA==",
      "khash": "U2FsdGVkX1/zIZ7CQFDubgjHfP8sqP9IKacQZT5O+52VhG3bNZiZ4WO9eVZ6eTHJi//SQHkViUY3eROB9HMIBA==",
      "viewCount": null,
      "duration": "21:34",
      "size": 25889612
    }
  ]
}