{
  "id": "2e09fc14-d9b6-4eaf-aab3-0bfb85cef64b",
  "pid": "dfd3b211-0460-4b6c-acea-3f9eb02ba7fd",
  "dblevel": 5,
  "location": "/VGMA/02-MoiNgayVoiLoiChua/Nam01/Thang01/Ngay17",
  "isVideo": false,
  "url": "02-moi-ngay-voi-loi-chua.nam-01.thang-01.ngay-17",
  "name": "Ngày 17",
  "count": 4,
  "isLeaf": true,
  "keyword": null,
  "hash": null,
  "khash": null,
  "viewCount": null,
  "duration": null,
  "size": null,
  "children": [
    {
      "id": "a72af357-48bb-4e7c-910d-d3b6f241beab",
      "pid": "2e09fc14-d9b6-4eaf-aab3-0bfb85cef64b",
      "dblevel": 6,
      "location": "/VGMA/02-MoiNgayVoiLoiChua/Nam01/Thang01/Ngay17/01_KhamPhaKinhThanh-Thang01Ngay17",
      "isVideo": false,
      "url": "02-moi-ngay-voi-loi-chua.nam-01.thang-01.ngay-17.01-kham-pha-kinh-thanh-thang-01-ngay-17",
      "name": "01_Khám Phá Kinh Thánh - Tháng 01 Ngày 17",
      "count": 0,
      "isLeaf": null,
      "keyword": null,
      "hash": "U2FsdGVkX1/1uQfDI+rx7Y4XzYNBzL8afS4BF8rh6/qtwDcPGurdg/w/oPRIXBev7zCSKCqkGxtMyiAiTQ8zkQ==",
      "khash": "U2FsdGVkX19o7j98TtQ5/Ub4jGtwKJb91nynuGxfjF9LZjfMp2wqs/+PPqfgqwHbdPBKu4Cp4fxk9XCVuXChNQ==",
      "viewCount": null,
      "duration": "27:8",
      "size": 26056146
    },
    {
      "id": "b01ae10e-9f49-46fe-bc64-47a9005d5811",
      "pid": "2e09fc14-d9b6-4eaf-aab3-0bfb85cef64b",
      "dblevel": 6,
      "location": "/VGMA/02-MoiNgayVoiLoiChua/Nam01/Thang01/Ngay17/02_NoiNuongNaoVungBen-Naomi_ThienHan",
      "isVideo": false,
      "url": "02-moi-ngay-voi-loi-chua.nam-01.thang-01.ngay-17.02-noi-nuong-nao-vung-ben-naomi-thien-han",
      "name": "02_Nơi Nương Náo Vững Bền - Naomi_Thiên Hân",
      "count": 0,
      "isLeaf": null,
      "keyword": null,
      "hash": "U2FsdGVkX1+SU3Xl7NXM+qntWisvoNTt9TjC6B6Yrt/+NFestGVUQol6+12ee1Z1P+qOILdccePB4WoMsIyyhA==",
      "khash": "U2FsdGVkX1+1QbGxJbL+28WH7RaHLtACENqF1srFqu8OEFTNJDn8ny/kzcP7XhYUQ+e+Y08FY2hRRAtDT5c4Hg==",
      "viewCount": null,
      "duration": "3:44",
      "size": 8962090
    },
    {
      "id": "358d5639-1efa-453d-8ebb-3a200608eef2",
      "pid": "2e09fc14-d9b6-4eaf-aab3-0bfb85cef64b",
      "dblevel": 6,
      "location": "/VGMA/02-MoiNgayVoiLoiChua/Nam01/Thang01/Ngay17/03_DayConTuThuoConTho01",
      "isVideo": false,
      "url": "02-moi-ngay-voi-loi-chua.nam-01.thang-01.ngay-17.03-day-con-tu-thuo-con-tho-01",
      "name": "03_Dạy Con Từ Thuở Còn Thơ 01",
      "count": 0,
      "isLeaf": null,
      "keyword": null,
      "hash": "U2FsdGVkX1/Tzv5pXK7/v3yz+NOLRrrHUk8hl1Vx84mEsz/JkXAZwlBTB5F4pce7FN+JNFdYUKXuuz2CDCZ0dA==",
      "khash": "U2FsdGVkX18WFAQmOSsKGikD1DtJ4ECXTX/f7sd3PB9cXV8+aCRQupUUEh3N3MhvyEZush5zbuElUflj5chhyg==",
      "viewCount": null,
      "duration": "26:52",
      "size": 25800489
    },
    {
      "id": "906d9907-5ebd-4f2e-8365-cc686c33144a",
      "pid": "2e09fc14-d9b6-4eaf-aab3-0bfb85cef64b",
      "dblevel": 6,
      "location": "/VGMA/02-MoiNgayVoiLoiChua/Nam01/Thang01/Ngay17/04_DayConTuThuoConTho-P3",
      "isVideo": false,
      "url": "02-moi-ngay-voi-loi-chua.nam-01.thang-01.ngay-17.04-day-con-tu-thuo-con-tho-p3",
      "name": "04_Dạy Con Từ Thuở Còn Thơ-P3",
      "count": 0,
      "isLeaf": null,
      "keyword": null,
      "hash": "U2FsdGVkX19GS1qg5OfWmbGqmSnc8j/CDt/GWnAV0b+amn2m9r+kVLR8gelSq4tDPGeuAHs4+aQ1PvqqrSPNrg==",
      "khash": "U2FsdGVkX187F2Rti6QXO2NEfTSfgQ+WxSlI9UfAPgEfJgjsJjp/LezERpmTRvo2/DTrEy3PWuvxQUG9dgKFZw==",
      "viewCount": null,
      "duration": "34:34",
      "size": 33193369
    }
  ]
}