{
  "id": "6d2df776-541d-4e53-ade5-eba8ee81865e",
  "pid": "d96ceb52-956a-4068-b591-1a5889af7f1f",
  "dblevel": 5,
  "location": "/VGMA/02-MoiNgayVoiLoiChua/Nam01/Thang02/Ngay17",
  "isVideo": false,
  "url": "02-moi-ngay-voi-loi-chua.nam-01.thang-02.ngay-17",
  "name": "Ngày 17",
  "count": 4,
  "isLeaf": true,
  "keyword": null,
  "hash": null,
  "khash": null,
  "viewCount": null,
  "duration": null,
  "size": null,
  "children": [
    {
      "id": "2b466b1f-6415-4b09-bd61-f31a1e04ac67",
      "pid": "6d2df776-541d-4e53-ade5-eba8ee81865e",
      "dblevel": 6,
      "location": "/VGMA/02-MoiNgayVoiLoiChua/Nam01/Thang02/Ngay17/01_KhamPhaKinhThanh-Thang02Ngay17",
      "isVideo": false,
      "url": "02-moi-ngay-voi-loi-chua.nam-01.thang-02.ngay-17.01-kham-pha-kinh-thanh-thang-02-ngay-17",
      "name": "01_Khám Phá Kinh Thánh - Tháng 02 Ngày 17",
      "count": 0,
      "isLeaf": null,
      "keyword": null,
      "hash": "U2FsdGVkX1+jYy90lG9UD5bz6PsoQ0nmVk7csr+FQwK/u3So76JcKNtwdue+dz2AUmvhwHjtfiYhy5XL/Vc5Vg==",
      "khash": "U2FsdGVkX1+XpcO54Fp1HN1obvDj1i1RejYkoYAXBfkmMmN5P20aSsxVh4OKrytlk7ZYrzG0xyFznsnlcNCRVA==",
      "viewCount": null,
      "duration": "26:27",
      "size": 25395225
    },
    {
      "id": "41273240-5921-4fb0-9e01-85aa315b162f",
      "pid": "6d2df776-541d-4e53-ade5-eba8ee81865e",
      "dblevel": 6,
      "location": "/VGMA/02-MoiNgayVoiLoiChua/Nam01/Thang02/Ngay17/02_ConTinNgai-ThienHan",
      "isVideo": false,
      "url": "02-moi-ngay-voi-loi-chua.nam-01.thang-02.ngay-17.02-con-tin-ngai-thienhan",
      "name": "02_Con Tin Ngài - ThienHan",
      "count": 0,
      "isLeaf": null,
      "keyword": null,
      "hash": "U2FsdGVkX19ahz50qO7dynEd5sR+5Kd+QUeYVB8iMFlTWBmhjuRA303jwt7O2Lf1XE/80G1bzVrb/lx7nZbz1g==",
      "khash": "U2FsdGVkX18wyo1YmpxlfPpjwcNxch40KXnsxWAEQcCCe2KCLLObs4VdmAFKaqefkz9oCivAHdEjeRTsAWFNpA==",
      "viewCount": null,
      "duration": "3:56",
      "size": 9470955
    },
    {
      "id": "e612d004-291b-475f-8b01-f08aaa7fb5e0",
      "pid": "6d2df776-541d-4e53-ade5-eba8ee81865e",
      "dblevel": 6,
      "location": "/VGMA/02-MoiNgayVoiLoiChua/Nam01/Thang02/Ngay17/03_NguyenTacDayCon",
      "isVideo": false,
      "url": "02-moi-ngay-voi-loi-chua.nam-01.thang-02.ngay-17.03-nguyen-tac-day-con",
      "name": "03_Nguyên Tắc Dạy Con",
      "count": 0,
      "isLeaf": null,
      "keyword": null,
      "hash": "U2FsdGVkX1/1KIAVV7i0XpJjdoH10qTh0gVh860vaI0ufjCDL5oYGksHW9mzGKLcM2uq5NOrnQ0XtNlApqrK8Q==",
      "khash": "U2FsdGVkX18vFvoteqdJ0vl2x2f9yjc+JJzEsNWcur/q/Q21ujpQXeLp83J2GU2/HtJs49QUSNDDtYDODcg2cQ==",
      "viewCount": null,
      "duration": "40:7",
      "size": 38520815
    },
    {
      "id": "91f20bf0-76d5-4b8b-9e48-39b7f46eac55",
      "pid": "6d2df776-541d-4e53-ade5-eba8ee81865e",
      "dblevel": 6,
      "location": "/VGMA/02-MoiNgayVoiLoiChua/Nam01/Thang02/Ngay17/04_ChuaGieXuBanChoSuCuuRoi-NguyenHuuBinh",
      "isVideo": false,
      "url": "02-moi-ngay-voi-loi-chua.nam-01.thang-02.ngay-17.04-chua-gie-xu-ban-cho-su-cuu-roi-nguyenhuubinh",
      "name": "04_Chúa Giê Xu Ban Cho Sự Cứu Rỗi-NguyenHuuBinh",
      "count": 0,
      "isLeaf": null,
      "keyword": null,
      "hash": "U2FsdGVkX1+JHgkYuCQccllziX4sOs2w1BuegG8kdI1AEbhUeGmQLP/KqPRI6ymrW3RUqDVF+qTbstwwmzwMqg==",
      "khash": "U2FsdGVkX1/XhAvdLEwjKXQMxGUZI/HZMahIaZnv/OVTmCMKhs/BjWeukzU27OVno5L8YRqZ1Hzj9gKvqd/FQQ==",
      "viewCount": null,
      "duration": "42:4",
      "size": 40398186
    }
  ]
}