{
  "id": "ec59b2f1-c873-459f-b659-cc5a11a96ef5",
  "pid": "e9028847-3367-4327-b724-4c29a87632e8",
  "dblevel": 5,
  "location": "/VGMA/02-MoiNgayVoiLoiChua/Nam01/Thang06/Ngay19",
  "isVideo": false,
  "url": "02-moi-ngay-voi-loi-chua.nam-01.thang-06.ngay-19",
  "name": "Ngày 19",
  "count": 4,
  "isLeaf": true,
  "keyword": null,
  "hash": null,
  "khash": null,
  "viewCount": null,
  "duration": null,
  "size": null,
  "children": [
    {
      "id": "174f9d6f-b890-43a1-ba1d-898461bed519",
      "pid": "ec59b2f1-c873-459f-b659-cc5a11a96ef5",
      "dblevel": 6,
      "location": "/VGMA/02-MoiNgayVoiLoiChua/Nam01/Thang06/Ngay19/01_KhamPhaKinhThanh-Thang06Ngay19",
      "isVideo": false,
      "url": "02-moi-ngay-voi-loi-chua.nam-01.thang-06.ngay-19.01-kham-pha-kinh-thanh-thang-06-ngay-19",
      "name": "01_Khám Phá Kinh Thánh - Tháng 06 Ngày 19",
      "count": 0,
      "isLeaf": null,
      "keyword": null,
      "hash": "U2FsdGVkX1/MviqB6l9RiR69EBTf9MF0rx+YjK97vWRV/lkjzfgdagX8LMLvRV2/GpPplQA2532AHBYYTsTZ0g==",
      "khash": "U2FsdGVkX1+Wvva8J76qO/YPPf6kPwqNDIV1mpk2nDIsNaXhAvoDupqJiRQ6JN7dN5+boFiT1TYcLBxhi57kHQ==",
      "viewCount": null,
      "duration": "27:27",
      "size": 26357367
    },
    {
      "id": "c9e21e90-6770-4fac-8f25-16b07234be72",
      "pid": "ec59b2f1-c873-459f-b659-cc5a11a96ef5",
      "dblevel": 6,
      "location": "/VGMA/02-MoiNgayVoiLoiChua/Nam01/Thang06/Ngay19/02_SongTrongTinhNgai-KhacCuong",
      "isVideo": false,
      "url": "02-moi-ngay-voi-loi-chua.nam-01.thang-06.ngay-19.02-song-trong-tinh-ngai-khaccuong",
      "name": "02_Sống Trong Tình Ngài - KhacCuong",
      "count": 0,
      "isLeaf": null,
      "keyword": null,
      "hash": "U2FsdGVkX19btaRLb1ei44vsaj79dAgiGwiLzJkLj+deLhW6ATMHbqqU+02Wp83wc11phR3VSK/rbeX8NOt1qw==",
      "khash": "U2FsdGVkX19xqwD9/Ln15SFK//D5rlhQA9AMms7KYM52Sh5HsZDf4LCTCYDKV2mw7oR+aAJhTJQMpSs0NLFfDA==",
      "viewCount": null,
      "duration": "5:11",
      "size": 12466862
    },
    {
      "id": "3604a2fa-3fad-4f21-b4d7-79e287031ec7",
      "pid": "ec59b2f1-c873-459f-b659-cc5a11a96ef5",
      "dblevel": 6,
      "location": "/VGMA/02-MoiNgayVoiLoiChua/Nam01/Thang06/Ngay19/03_NhanBietConDuongPhuocHanh-1-2",
      "isVideo": false,
      "url": "02-moi-ngay-voi-loi-chua.nam-01.thang-06.ngay-19.03-nhan-biet-con-duong-phuoc-hanh-1-2",
      "name": "03_Nhận Biết Con Đường Phước Hạnh -1-2",
      "count": 0,
      "isLeaf": null,
      "keyword": null,
      "hash": "U2FsdGVkX1+b3TMb/PZmxLTrzgsFQsa+6X9bw8Tg6sk7zrQFuY5MUj42LK98bXMWRD6G5AkKRg1wWIY2TnEsaA==",
      "khash": "U2FsdGVkX18gwLz0sgVFpl5GgNbSPMiSCGarNJ03OM1/czMMHwAHaDqlUDNcG6eH2OJ1kfqzpXGWd+pG8x/RxA==",
      "viewCount": null,
      "duration": "25:50",
      "size": 24802585
    },
    {
      "id": "f74ae800-18ff-4a01-b467-402cce798d96",
      "pid": "ec59b2f1-c873-459f-b659-cc5a11a96ef5",
      "dblevel": 6,
      "location": "/VGMA/02-MoiNgayVoiLoiChua/Nam01/Thang06/Ngay19/04_ThaoDoiGio-03",
      "isVideo": false,
      "url": "02-moi-ngay-voi-loi-chua.nam-01.thang-06.ngay-19.04-thao-doi-gio-03",
      "name": "04_Thảo Đồi Gió - 03",
      "count": 0,
      "isLeaf": null,
      "keyword": null,
      "hash": "U2FsdGVkX193uX9uYcnqT8ZNF9eMlFobUZ8gacwIGaCwffsa5K5Y09/Xvz8KZigSLbBAOKYnkSg4s+eTvZz9Ow==",
      "khash": "U2FsdGVkX1+9XvK49WzKDRhi9PsqEknxRHkdVX+OSXj7x7R7tI4uP4C2P7k8HM81jzEmbTciWuelc559Okvd3g==",
      "viewCount": null,
      "duration": "14:53",
      "size": 17869498
    }
  ]
}