{
  "id": "4361158d-afde-47e2-97df-d1133700542d",
  "pid": "d96ceb52-956a-4068-b591-1a5889af7f1f",
  "dblevel": 5,
  "location": "/VGMA/02-MoiNgayVoiLoiChua/Nam01/Thang02/Ngay22",
  "isVideo": false,
  "url": "02-moi-ngay-voi-loi-chua.nam-01.thang-02.ngay-22",
  "name": "Ngày 22",
  "count": 4,
  "isLeaf": true,
  "keyword": null,
  "hash": null,
  "khash": null,
  "viewCount": null,
  "duration": null,
  "size": null,
  "children": [
    {
      "id": "58d94798-2e04-40b1-b540-469d3bfd94d1",
      "pid": "4361158d-afde-47e2-97df-d1133700542d",
      "dblevel": 6,
      "location": "/VGMA/02-MoiNgayVoiLoiChua/Nam01/Thang02/Ngay22/01_KhamPhaKinhThanh-Thang02Ngay22",
      "isVideo": false,
      "url": "02-moi-ngay-voi-loi-chua.nam-01.thang-02.ngay-22.01-kham-pha-kinh-thanh-thang-02-ngay-22",
      "name": "01_Khám Phá Kinh Thánh - Tháng 02 Ngày 22",
      "count": 0,
      "isLeaf": null,
      "keyword": null,
      "hash": "U2FsdGVkX1/fvlmyaCop6O3zYlXVpt443nTsU10KWNB+PaN8XdmdgU4dkkR9VHwGVPc5X6mO50hlbGKb6g5NlA==",
      "khash": "U2FsdGVkX1/QmSQ0SJxVFYdaglOv4jf28zhM2inRPCMrgUNnNDThFB/ERzbSG2Ked6Hn2vmZlAuuAGcz500D6g==",
      "viewCount": null,
      "duration": "25:47",
      "size": 24754622
    },
    {
      "id": "4bdae5ac-3256-4e1b-ba5e-4675f822ac8f",
      "pid": "4361158d-afde-47e2-97df-d1133700542d",
      "dblevel": 6,
      "location": "/VGMA/02-MoiNgayVoiLoiChua/Nam01/Thang02/Ngay22/02_ChiBoiOnNgai-MyDung",
      "isVideo": false,
      "url": "02-moi-ngay-voi-loi-chua.nam-01.thang-02.ngay-22.02-chi-boi-on-ngai-mydung",
      "name": "02_Chỉ Bởi Ơn Ngài - MyDung",
      "count": 0,
      "isLeaf": null,
      "keyword": null,
      "hash": "U2FsdGVkX18242GS0bi1MbTzntT2k1NXQwhv1Vmq91LIXCuQPyPFx/eIfFc7/wm/ety5zJdi+UPDnw0IuQmYbg==",
      "khash": "U2FsdGVkX19rN4wz/92j+BZkv0LshG4v23MpnHp5hcJzD2gs0gWZ9UtQ8j9KoqoPq//K+9ILATUW5vmqfIlwpg==",
      "viewCount": null,
      "duration": "5:3",
      "size": 12147984
    },
    {
      "id": "79ce43cc-cc5f-4385-ae64-6776e6fcadf0",
      "pid": "4361158d-afde-47e2-97df-d1133700542d",
      "dblevel": 6,
      "location": "/VGMA/02-MoiNgayVoiLoiChua/Nam01/Thang02/Ngay22/03_CauNguyenDauNam",
      "isVideo": false,
      "url": "02-moi-ngay-voi-loi-chua.nam-01.thang-02.ngay-22.03-cau-nguyen-dau-nam",
      "name": "03_Cầu Nguyện Đầu Năm",
      "count": 0,
      "isLeaf": null,
      "keyword": null,
      "hash": "U2FsdGVkX1+kFDWVFDERIwY97liaBzJ9N36hh/t+S1UB99DfbJuwtxswGEk1Vuys4DCbtZFHF1aSXCnhgQw9uw==",
      "khash": "U2FsdGVkX1+BrCizFJWXhIQJ0+snM3Go74vCm5XXK3h4UotAsn7d4Ivf8AfTw6zntabsxNSSP9ApKicSX41CTQ==",
      "viewCount": null,
      "duration": "38:29",
      "size": 36951089
    },
    {
      "id": "0487b18e-456b-4826-a8a5-bee36ddd9eaf",
      "pid": "4361158d-afde-47e2-97df-d1133700542d",
      "dblevel": 6,
      "location": "/VGMA/02-MoiNgayVoiLoiChua/Nam01/Thang02/Ngay22/04_YMuonVoLyCuaDucChuaTroi",
      "isVideo": false,
      "url": "02-moi-ngay-voi-loi-chua.nam-01.thang-02.ngay-22.04-y-muon-vo-ly-cua-duc-chua-troi",
      "name": "04_Ý Muốn Vô Lý Của Đức Chúa Trời",
      "count": 0,
      "isLeaf": null,
      "keyword": null,
      "hash": "U2FsdGVkX1/MOFXWdGx5F9wrxm4sgvWwQF7xSNKDr1ypxBEtGYHM419CbLl0iobd7QX4Byi4CRMLY9zVtNPNHQ==",
      "khash": "U2FsdGVkX1/J8FfsRLdiWzKZAN5US1M55hSFmrttqxRtvnAGj/Ll0ViQMQPdPjfnpgK/VmSLfMJwFLEh2V0AWg==",
      "viewCount": null,
      "duration": "32:58",
      "size": 31650878
    }
  ]
}