{
  "id": "102117d0-70d4-4822-a6e4-446af7a54545",
  "pid": "5f3a31b5-1223-44f2-8d64-2f8ddba8749b",
  "dblevel": 5,
  "location": "/VGMA/02-MoiNgayVoiLoiChua/Nam01/Thang03/Ngay04",
  "isVideo": false,
  "url": "02-moi-ngay-voi-loi-chua.nam-01.thang-03.ngay-04",
  "name": "Ngày 04",
  "count": 4,
  "isLeaf": true,
  "keyword": null,
  "hash": null,
  "khash": null,
  "viewCount": null,
  "duration": null,
  "size": null,
  "children": [
    {
      "id": "6733afaa-20ee-4d99-a39e-b5f6181821e9",
      "pid": "102117d0-70d4-4822-a6e4-446af7a54545",
      "dblevel": 6,
      "location": "/VGMA/02-MoiNgayVoiLoiChua/Nam01/Thang03/Ngay04/01_KhamPhaKinhThanh-Thang03Ngay04",
      "isVideo": false,
      "url": "02-moi-ngay-voi-loi-chua.nam-01.thang-03.ngay-04.01-kham-pha-kinh-thanh-thang-03-ngay-04",
      "name": "01_Khám Phá Kinh Thánh - Tháng 03 Ngày 04",
      "count": 0,
      "isLeaf": null,
      "keyword": null,
      "hash": "U2FsdGVkX1/PdAEZ7SCHE9HARmiJaQVNzOC9CewErbZUOcp9gefqEaHKoOMKdTcEAuMYnmzjkHHTRnqK0gph1A==",
      "khash": "U2FsdGVkX1/wZFLMH8Q0m+r+LfJXuaKDatM4aaTZapkMKw+qzqjgy1thKgFFV7aieErpY+hVltEt8e2VgnGYCA==",
      "viewCount": null,
      "duration": "26:26",
      "size": 25388975
    },
    {
      "id": "c7db7b51-70c8-41b0-8040-22c1e8f8bcae",
      "pid": "102117d0-70d4-4822-a6e4-446af7a54545",
      "dblevel": 6,
      "location": "/VGMA/02-MoiNgayVoiLoiChua/Nam01/Thang03/Ngay04/02_MuonGiongCaNgoiKhenChua-MyDung",
      "isVideo": false,
      "url": "02-moi-ngay-voi-loi-chua.nam-01.thang-03.ngay-04.02-muon-giong-ca-ngoi-khen-chua-mydung",
      "name": "02_Muôn Giọng Ca Ngợi Khen Chúa - MyDung",
      "count": 0,
      "isLeaf": null,
      "keyword": null,
      "hash": "U2FsdGVkX19Xel2dMfJ4aLO4p6e9fj9iZz+5g+VExHT4OvijDWFKeHo2afPQFmHGyQHACopPNefdg4Xy5JzeFw==",
      "khash": "U2FsdGVkX19Q94gdZLbr3f+EeNK734UigUaoqEoTMKfxE2SmC9dPZfyW8fHD+3iOfraUayV2WdS7OZSRwOeeiw==",
      "viewCount": null,
      "duration": "4:23",
      "size": 10524433
    },
    {
      "id": "62aad4ce-9e8f-4eda-8703-e2b14fcba204",
      "pid": "102117d0-70d4-4822-a6e4-446af7a54545",
      "dblevel": 6,
      "location": "/VGMA/02-MoiNgayVoiLoiChua/Nam01/Thang03/Ngay04/03_HiepNhatTrongHN-P3",
      "isVideo": false,
      "url": "02-moi-ngay-voi-loi-chua.nam-01.thang-03.ngay-04.03-hiep-nhat-trong-hn-p3",
      "name": "03_Hiệp Nhất Trong HN - P3",
      "count": 0,
      "isLeaf": null,
      "keyword": null,
      "hash": "U2FsdGVkX1+iii4f8EEg4i4w+hPsb6iI/Ab8TtR2XUW/rljBMTwdQ/tSV3st79924FN9AnanCEXsg54zl1SLtA==",
      "khash": "U2FsdGVkX1+BlhrwEMqjm+dmQVWK8NacWvGyMYuh2G2ZFhamJqIB6PNCu4M1wuj3UYgwHKj3vZcbjn24TKDu8A==",
      "viewCount": null,
      "duration": "26:34",
      "size": 25527459
    },
    {
      "id": "c5ec8a02-bf16-42b1-a877-a3ada52fc462",
      "pid": "102117d0-70d4-4822-a6e4-446af7a54545",
      "dblevel": 6,
      "location": "/VGMA/02-MoiNgayVoiLoiChua/Nam01/Thang03/Ngay04/04_ViSaoChungTaTinCoDoiSau",
      "isVideo": false,
      "url": "02-moi-ngay-voi-loi-chua.nam-01.thang-03.ngay-04.04-vi-sao-chung-ta-tin-co-doi-sau",
      "name": "04_Vì Sao Chúng Ta Tin Có Đời Sau",
      "count": 0,
      "isLeaf": null,
      "keyword": null,
      "hash": "U2FsdGVkX18UO/Kv/BhKsYAd3IeajO9bEdiFP+LnPQXtR3I1eSRr7ZDs4FIJ158JNUR84klqEkTput1C5bb13g==",
      "khash": "U2FsdGVkX1+L2XkKBHbMFh3+vnCRk01qyxPikE4UV5O4dgkbUQ98MbDUVkL3zObATYDDAMFyDiAmghzSFhhqng==",
      "viewCount": null,
      "duration": "18:39",
      "size": 17915723
    }
  ]
}