{
  "id": "1ae80f3d-62a6-493c-9f3c-077bb3ebc8ad",
  "pid": "d96ceb52-956a-4068-b591-1a5889af7f1f",
  "dblevel": 5,
  "location": "/VGMA/02-MoiNgayVoiLoiChua/Nam01/Thang02/Ngay09",
  "isVideo": false,
  "url": "02-moi-ngay-voi-loi-chua.nam-01.thang-02.ngay-09",
  "name": "Ngày 09",
  "count": 4,
  "isLeaf": true,
  "keyword": null,
  "hash": null,
  "khash": null,
  "viewCount": null,
  "duration": null,
  "size": null,
  "children": [
    {
      "id": "019f5f88-56ae-437e-a9ff-fa5bce0c7f5f",
      "pid": "1ae80f3d-62a6-493c-9f3c-077bb3ebc8ad",
      "dblevel": 6,
      "location": "/VGMA/02-MoiNgayVoiLoiChua/Nam01/Thang02/Ngay09/01_KhamPhaKinhThanh-Thang02Ngay09",
      "isVideo": false,
      "url": "02-moi-ngay-voi-loi-chua.nam-01.thang-02.ngay-09.01-kham-pha-kinh-thanh-thang-02-ngay-09",
      "name": "01_Khám Phá Kinh Thánh - Tháng 02 Ngày 09",
      "count": 0,
      "isLeaf": null,
      "keyword": null,
      "hash": "U2FsdGVkX19UYNI3YFFFPLg9finT5/wLdtzCJItDfs896l0K6BqK2ioanFpw3JDvP60hEwl9FyL2NchSEtM4Dw==",
      "khash": "U2FsdGVkX18A+nEE9qgzberxn1pKiuLG110KusJHdcIkvI9O+Slx0EkpQ/AeUIYUdbSUxP2nKbcl0EdKSQ1IBw==",
      "viewCount": null,
      "duration": "27:49",
      "size": 26707327
    },
    {
      "id": "c7e6038e-5759-48fb-9e9e-cfccf1b22e89",
      "pid": "1ae80f3d-62a6-493c-9f3c-077bb3ebc8ad",
      "dblevel": 6,
      "location": "/VGMA/02-MoiNgayVoiLoiChua/Nam01/Thang02/Ngay09/02_GiupConTrungTin-ThienHan",
      "isVideo": false,
      "url": "02-moi-ngay-voi-loi-chua.nam-01.thang-02.ngay-09.02-giup-con-trung-tin-thienhan",
      "name": "02_Giúp Con Trung Tín - ThienHan",
      "count": 0,
      "isLeaf": null,
      "keyword": null,
      "hash": "U2FsdGVkX18moYfu8evxsNFpJr5TgyKAIK4UQ5K4Q8XDxkRTMSnva9xM6e6IpCjaIy4/y8bbHmsrmuux63Zrew==",
      "khash": "U2FsdGVkX1+2LmWuxSA2pKHBZ4+XeG406Pxlx1FwNNvC4GPni+pUSvM7tEkrOus44hTgCewVLlrXmhIEw5kHrw==",
      "viewCount": null,
      "duration": "4:10",
      "size": 10037290
    },
    {
      "id": "9f1bb443-06ed-4089-a091-d7ebfde8c0fa",
      "pid": "1ae80f3d-62a6-493c-9f3c-077bb3ebc8ad",
      "dblevel": 6,
      "location": "/VGMA/02-MoiNgayVoiLoiChua/Nam01/Thang02/Ngay09/03_DinhNghiaMucDichCuaHonNhan",
      "isVideo": false,
      "url": "02-moi-ngay-voi-loi-chua.nam-01.thang-02.ngay-09.03-dinh-nghia-muc-dich-cua-hon-nhan",
      "name": "03_Định Nghĩa Mục Đích Của Hôn Nhân",
      "count": 0,
      "isLeaf": null,
      "keyword": null,
      "hash": "U2FsdGVkX19ElC//jvTHUwR7piTuWFpn3vAiAxatFpsFqUYlBUnWWXucFz2BSjWIs7vXQY+MsEgh3hpEOl+vCw==",
      "khash": "U2FsdGVkX1+CRH3PJ1TD4hYRah4iH0UNiWsey7aojgl0/qwDtIGdwn08YZTGHOwfefzeKDgBa71r3SrMrpI7tg==",
      "viewCount": null,
      "duration": "19:35",
      "size": 18816787
    },
    {
      "id": "b66816b9-8b79-430c-a6b2-9b15e613349e",
      "pid": "1ae80f3d-62a6-493c-9f3c-077bb3ebc8ad",
      "dblevel": 6,
      "location": "/VGMA/02-MoiNgayVoiLoiChua/Nam01/Thang02/Ngay09/04_DucChuaCha",
      "isVideo": false,
      "url": "02-moi-ngay-voi-loi-chua.nam-01.thang-02.ngay-09.04-duc-chua-cha",
      "name": "04_Đức Chúa Cha",
      "count": 0,
      "isLeaf": null,
      "keyword": null,
      "hash": "U2FsdGVkX19YJ3aNkj/HowmmmBnRkRj7iORrkNffeZaVkbmrDrpk+2thVhxH7JxDj83Wzo4KvfKGOCG9bXVJ2w==",
      "khash": "U2FsdGVkX1+3Mh0kpr5X75rKJHI2bZvfcJcHcxI2nY+61l/X389JBzmobCphz9e11yoHSjE5gTiyjoEgmtqYcQ==",
      "viewCount": null,
      "duration": "21:33",
      "size": 20695590
    }
  ]
}