{
  "id": "25769770-aeef-4a9b-b197-ea85ef0b327c",
  "pid": "e9028847-3367-4327-b724-4c29a87632e8",
  "dblevel": 5,
  "location": "/VGMA/02-MoiNgayVoiLoiChua/Nam01/Thang06/Ngay08",
  "isVideo": false,
  "url": "02-moi-ngay-voi-loi-chua.nam-01.thang-06.ngay-08",
  "name": "Ngày 08",
  "count": 4,
  "isLeaf": true,
  "keyword": null,
  "hash": null,
  "khash": null,
  "viewCount": null,
  "duration": null,
  "size": null,
  "children": [
    {
      "id": "08bc6863-1aca-41ed-962c-563e2eef4575",
      "pid": "25769770-aeef-4a9b-b197-ea85ef0b327c",
      "dblevel": 6,
      "location": "/VGMA/02-MoiNgayVoiLoiChua/Nam01/Thang06/Ngay08/01_KhamPhaKinhThanh-Thang06Ngay08",
      "isVideo": false,
      "url": "02-moi-ngay-voi-loi-chua.nam-01.thang-06.ngay-08.01-kham-pha-kinh-thanh-thang-06-ngay-08",
      "name": "01_Khám Phá Kinh Thánh - Tháng 06 Ngày 08",
      "count": 0,
      "isLeaf": null,
      "keyword": null,
      "hash": "U2FsdGVkX186bCVIw88SDqxpS6eDPDtctVsHF7DzCw0AA8GUmuBv/qxu0apj1yt3G+8TS6yIMgl8TDs6WoM7xA==",
      "khash": "U2FsdGVkX18+8J5MYLCzN66OXK3imDoPH+cPryd7GmcZd6Xb78IQ0ySfw9AR30zhB/4z4NedFpYAGdcvgGzw1w==",
      "viewCount": null,
      "duration": "17:4",
      "size": 16385407
    },
    {
      "id": "5db8f73a-6355-4a0e-b5f3-6fcb8806f779",
      "pid": "25769770-aeef-4a9b-b197-ea85ef0b327c",
      "dblevel": 6,
      "location": "/VGMA/02-MoiNgayVoiLoiChua/Nam01/Thang06/Ngay08/02_QuyDuoiChanChua-KinhKha",
      "isVideo": false,
      "url": "02-moi-ngay-voi-loi-chua.nam-01.thang-06.ngay-08.02-quy-duoi-chan-chua-kinhkha",
      "name": "02_Quỳ Dưới Chân Chúa - KinhKha",
      "count": 0,
      "isLeaf": null,
      "keyword": null,
      "hash": "U2FsdGVkX1/QGoN9wLg/EWYDIU4NINYx//4dOT7wzsG/CfDiRx8SzpdUbOxMzE7CKqhmxEYR54O9XShhMdwv/g==",
      "khash": "U2FsdGVkX18H6UIo3Eibvfm5/2xzJ48j2EzCiGgQYgOdFNPVzvVcl09dqDSlypPtwxrnx8ZEbn97Yaq5znm2/A==",
      "viewCount": null,
      "duration": "4:58",
      "size": 4772992
    },
    {
      "id": "f439a3b1-c1a9-489e-a884-c90942bcd20f",
      "pid": "25769770-aeef-4a9b-b197-ea85ef0b327c",
      "dblevel": 6,
      "location": "/VGMA/02-MoiNgayVoiLoiChua/Nam01/Thang06/Ngay08/03_DauChanYeuThuong",
      "isVideo": false,
      "url": "02-moi-ngay-voi-loi-chua.nam-01.thang-06.ngay-08.03-dau-chan-yeu-thuong",
      "name": "03_Dấu Chân Yêu Thương",
      "count": 0,
      "isLeaf": null,
      "keyword": null,
      "hash": "U2FsdGVkX18pvLPH5Q9coIcH3M1dvy9BRaR3qHkutj5GB7qkddihZcAsfVSZu7zYw3fAjldg/68FgwPgOvYlTA==",
      "khash": "U2FsdGVkX19UG7u+6yi1sGW/JNl7EGNsOYqMhQYcM7htWDDCvX4oTiQ1S92Ex6/OHjIam2/1cJlFOmV89UDIlA==",
      "viewCount": null,
      "duration": "34:16",
      "size": 32897460
    },
    {
      "id": "c33c8e44-b699-4973-aafd-2acc5755e385",
      "pid": "25769770-aeef-4a9b-b197-ea85ef0b327c",
      "dblevel": 6,
      "location": "/VGMA/02-MoiNgayVoiLoiChua/Nam01/Thang06/Ngay08/04_ANNETU-01",
      "isVideo": false,
      "url": "02-moi-ngay-voi-loi-chua.nam-01.thang-06.ngay-08.04-annetu-01",
      "name": "04_ANNETU-01",
      "count": 0,
      "isLeaf": null,
      "keyword": null,
      "hash": "U2FsdGVkX19QkbxH7sIAmvLYFbyldUDSmqgyYZzCwX2A7gHN2w+cXZ2jwXdgorwEtmpB8qLWH6+QdBLHIuPrKA==",
      "khash": "U2FsdGVkX1/5CS7klqCp10ccF/Ru67T4ZSAoQVVuOjQeDvRaJFlg3wG8YZTW5cdYpjk+41/jj7Vr1VFS3GOnkw==",
      "viewCount": null,
      "duration": "17:22",
      "size": 16682389
    }
  ]
}