{
  "id": "ef96589a-b321-482f-ac24-d4c62e35ed96",
  "pid": "c8ee8038-a079-46bb-96d9-cd3592f25f81",
  "dblevel": 5,
  "location": "/VGMA/02-MoiNgayVoiLoiChua/Nam01/Thang04/Ngay15",
  "isVideo": false,
  "url": "02-moi-ngay-voi-loi-chua.nam-01.thang-04.ngay-15",
  "name": "Ngày 15",
  "count": 4,
  "isLeaf": true,
  "keyword": null,
  "hash": null,
  "khash": null,
  "viewCount": null,
  "duration": null,
  "size": null,
  "children": [
    {
      "id": "625cc57f-2e5f-4524-9112-8dcc601a757d",
      "pid": "ef96589a-b321-482f-ac24-d4c62e35ed96",
      "dblevel": 6,
      "location": "/VGMA/02-MoiNgayVoiLoiChua/Nam01/Thang04/Ngay15/01_KhamPhaKinhThanh-Thang04Ngay15",
      "isVideo": false,
      "url": "02-moi-ngay-voi-loi-chua.nam-01.thang-04.ngay-15.01-kham-pha-kinh-thanh-thang-04-ngay-15",
      "name": "01_Khám Phá Kinh Thánh - Tháng 04 Ngày 15",
      "count": 0,
      "isLeaf": null,
      "keyword": null,
      "hash": "U2FsdGVkX19QV733dxuoM8dOthp33x9prqIQrE39yUzAq34SxfD67XrJIjSH6JmrGYC19i0qC+pSNfR8S8ZP8Q==",
      "khash": "U2FsdGVkX18Q1/msddyLoqq/AdbEX8t3A5f3rQldlMjnfsiwNWybrnET46xirdnP4E5cgEx2DKRcD8oBIAUwcA==",
      "viewCount": null,
      "duration": "21:14",
      "size": 20391964
    },
    {
      "id": "bd09ec73-4221-4f92-8784-63e4f954e641",
      "pid": "ef96589a-b321-482f-ac24-d4c62e35ed96",
      "dblevel": 6,
      "location": "/VGMA/02-MoiNgayVoiLoiChua/Nam01/Thang04/Ngay15/02_DanhNgaiLaGieXu",
      "isVideo": false,
      "url": "02-moi-ngay-voi-loi-chua.nam-01.thang-04.ngay-15.02-danh-ngai-la-gie-xu",
      "name": "02_Danh Ngài Là Giê Xu",
      "count": 0,
      "isLeaf": null,
      "keyword": null,
      "hash": "U2FsdGVkX19sq6240+YQW7RnURSS16b1dxw1fHht1HTRD/K2S89/LqfSEpSGKu6l2UnhjINWZq71zFka1U73TQ==",
      "khash": "U2FsdGVkX18IaKAXdCftHHr49FHm+kFMAy+3HfOQNDd4HCWIK1mvXGP9RXD/J7jvI7qq439vXFaRHD9AtJ787w==",
      "viewCount": null,
      "duration": "4:5",
      "size": 3923887
    },
    {
      "id": "9c3ec5f8-1b6a-4eb9-a962-818a1fed76d8",
      "pid": "ef96589a-b321-482f-ac24-d4c62e35ed96",
      "dblevel": 6,
      "location": "/VGMA/02-MoiNgayVoiLoiChua/Nam01/Thang04/Ngay15/03_DungVungTrongChua",
      "isVideo": false,
      "url": "02-moi-ngay-voi-loi-chua.nam-01.thang-04.ngay-15.03-dung-vung-trong-chua",
      "name": "03_Đứng Vững Trong Chúa",
      "count": 0,
      "isLeaf": null,
      "keyword": null,
      "hash": "U2FsdGVkX19Hk8wTWjFHFV5K8E4B0gyW08gJmlCXeNq88FfIQmJ7ukBkRF1zOYUh5Rddhf56LCNe6mU+M+QrDw==",
      "khash": "U2FsdGVkX1/axzWtK1qTz4AsdNxyrgkIuiXYAFRXzQegKGVbXPF4XWtrbOTxNkor6hBBNm5oLz09NqWUpe+VMA==",
      "viewCount": null,
      "duration": "49:18",
      "size": 47330544
    },
    {
      "id": "1333399c-6068-47b4-a2d0-ec98b7e70d97",
      "pid": "ef96589a-b321-482f-ac24-d4c62e35ed96",
      "dblevel": 6,
      "location": "/VGMA/02-MoiNgayVoiLoiChua/Nam01/Thang04/Ngay15/04_DucChuaTroiBayToYMuonCuaNgaiChoBan",
      "isVideo": false,
      "url": "02-moi-ngay-voi-loi-chua.nam-01.thang-04.ngay-15.04-duc-chua-troi-bay-to-y-muon-cua-ngai-cho-ban",
      "name": "04_Đức Chúa Trời Bày Tỏ Ý Muốn Của Ngài Cho Bạn",
      "count": 0,
      "isLeaf": null,
      "keyword": null,
      "hash": "U2FsdGVkX19SHgTV+2EfMeIA/Vmgdq2Dsr69pK3sEJd2cG/VVr7yGCzNkxxh7OTEGbYPJSrrdZoV8I2IflK9Fw==",
      "khash": "U2FsdGVkX18lOwKXiQlUFpVtG6t7uwXB4bfRpKwMJfuZNPnv3aBrIJGN+Xjv2/pTGBe3gYzVHMGqjs2nEZApuQ==",
      "viewCount": null,
      "duration": "33:4",
      "size": 31748680
    }
  ]
}