{
  "id": "4bb365aa-c178-45b8-b38d-23618aa2110f",
  "pid": "a749b7d5-3bda-4c55-8bd7-33fa796b1a6c",
  "dblevel": 5,
  "location": "/VGMV/03_HoatHinh/HoatHinh-2D/HoatHinh2D-bo/FamilyEntertainment",
  "isVideo": true,
  "url": "03-hoat-hinh.hoat-hinh-2d.hoat-hinh-2d-bo.family-entertainment",
  "name": "Family Entertainment",
  "count": 8,
  "isLeaf": true,
  "keyword": null,
  "hash": null,
  "khash": null,
  "viewCount": null,
  "duration": null,
  "size": null,
  "children": [
    {
      "id": "d5d44c6e-7360-4d57-ab39-fd355b9d99e4",
      "pid": "4bb365aa-c178-45b8-b38d-23618aa2110f",
      "dblevel": 6,
      "location": "/VGMV/03_HoatHinh/HoatHinh-2D/HoatHinh2D-bo/FamilyEntertainment/01FE_ChuaGiangSinh",
      "isVideo": true,
      "url": "03-hoat-hinh.hoat-hinh-2d.hoat-hinh-2d-bo.family-entertainment.01fe-chua-giang-sinh",
      "name": "01FE_Chúa Giáng Sinh",
      "count": 0,
      "isLeaf": null,
      "keyword": null,
      "hash": "",
      "khash": "U2FsdGVkX19cwWuctHfTUfeSwiAT5hJDuVB5fBXkdr7Do3CBrzA8LnypRUhxNqkcTedqJmNp80jnbEDqtCAqdQ==",
      "viewCount": null,
      "duration": "26:4",
      "size": 258854702
    },
    {
      "id": "ed35c902-beb8-47ff-a4b1-101b4e7d0b98",
      "pid": "4bb365aa-c178-45b8-b38d-23618aa2110f",
      "dblevel": 6,
      "location": "/VGMV/03_HoatHinh/HoatHinh-2D/HoatHinh2D-bo/FamilyEntertainment/02FE_GiangBap-tit",
      "isVideo": true,
      "url": "03-hoat-hinh.hoat-hinh-2d.hoat-hinh-2d-bo.family-entertainment.02fe-giang-bap-tit",
      "name": "02FE_Giăng Báp-tít",
      "count": 0,
      "isLeaf": null,
      "keyword": null,
      "hash": "",
      "khash": "U2FsdGVkX1+9bTzy1jIre7OCdQ7pKVFNDhF0MPtq1nWR4fXtozfJyTgwqEB/Y8Sr6KAUlvLAA5wvCw8v61SI9w==",
      "viewCount": null,
      "duration": "25:41",
      "size": 217401049
    },
    {
      "id": "5fcac554-a90a-44c1-a2e6-06dfe6507c93",
      "pid": "4bb365aa-c178-45b8-b38d-23618aa2110f",
      "dblevel": 6,
      "location": "/VGMV/03_HoatHinh/HoatHinh-2D/HoatHinh2D-bo/FamilyEntertainment/03FE_PhepLaCuaChuaGie-xu",
      "isVideo": true,
      "url": "03-hoat-hinh.hoat-hinh-2d.hoat-hinh-2d-bo.family-entertainment.03fe-phep-la-cua-chua-gie-xu",
      "name": "03FE_Phép Lạ Của Chúa Giê-xu",
      "count": 0,
      "isLeaf": null,
      "keyword": null,
      "hash": "",
      "khash": "U2FsdGVkX1/OL+RsJJOls/sqfXMsOh19chXvKsKFetFTa08GY4dMV9/wfxUeHRoRD5AkP6/hRIX65pFMMzH8Ng==",
      "viewCount": null,
      "duration": "26:47",
      "size": 227249196
    },
    {
      "id": "b5081cd5-98c6-458a-9dcb-08bc86704bb5",
      "pid": "4bb365aa-c178-45b8-b38d-23618aa2110f",
      "dblevel": 6,
      "location": "/VGMV/03_HoatHinh/HoatHinh-2D/HoatHinh2D-bo/FamilyEntertainment/04FE_ConTraiHoangDang",
      "isVideo": true,
      "url": "03-hoat-hinh.hoat-hinh-2d.hoat-hinh-2d-bo.family-entertainment.04fe-con-trai-hoang-dang",
      "name": "04FE_Con Trai Hoang Đàng",
      "count": 0,
      "isLeaf": null,
      "keyword": null,
      "hash": "",
      "khash": "U2FsdGVkX19ZJt7NZZ0tXbcsRZG3so0UO9owxXhEPUadTZS29NjNM+tqw6u6EoXPi2jSCAv3x7wPM2x6QXMVPw==",
      "viewCount": null,
      "duration": "26:57",
      "size": 228723361
    },
    {
      "id": "4b0f0af5-bc25-4781-bf25-124baee89aaf",
      "pid": "4bb365aa-c178-45b8-b38d-23618aa2110f",
      "dblevel": 6,
      "location": "/VGMV/03_HoatHinh/HoatHinh-2D/HoatHinh2D-bo/FamilyEntertainment/05FE_XinThaToiChoChungToi",
      "isVideo": true,
      "url": "03-hoat-hinh.hoat-hinh-2d.hoat-hinh-2d-bo.family-entertainment.05fe-xin-tha-toi-cho-chung-toi",
      "name": "05FE_Xin Tha Tội Cho Chúng Tôi",
      "count": 0,
      "isLeaf": null,
      "keyword": null,
      "hash": "",
      "khash": "U2FsdGVkX1+u1JzETOX3lweXqe1Pq0cBE83XTwcK5gCc2Os7JBf9FH4kPK5iX8C2g9WQhdkkfu4NPh430DeXrA==",
      "viewCount": null,
      "duration": "25:6",
      "size": 211967916
    },
    {
      "id": "7813e87e-0642-406e-8ea2-7ca7eda3c41f",
      "pid": "4bb365aa-c178-45b8-b38d-23618aa2110f",
      "dblevel": 6,
      "location": "/VGMV/03_HoatHinh/HoatHinh-2D/HoatHinh2D-bo/FamilyEntertainment/06FE_NguoiSa-ma-riNhonLanh",
      "isVideo": true,
      "url": "03-hoat-hinh.hoat-hinh-2d.hoat-hinh-2d-bo.family-entertainment.06fe-nguoi-sa-ma-ri-nhon-lanh",
      "name": "06FE_Người Sa-ma-ri Nhơn Lành",
      "count": 0,
      "isLeaf": null,
      "keyword": null,
      "hash": "",
      "khash": "U2FsdGVkX1/Yu6tILkXzfHgx3Ffa4HYZc/IQkThyofXnk59U0H/syp6yrlJOqjnKr9DHnyyDOPrI01FF8kp/pQ==",
      "viewCount": null,
      "duration": "27:0",
      "size": 228573270
    },
    {
      "id": "96f1bc78-1ddc-4906-891c-83e79ac02877",
      "pid": "4bb365aa-c178-45b8-b38d-23618aa2110f",
      "dblevel": 6,
      "location": "/VGMV/03_HoatHinh/HoatHinh-2D/HoatHinh2D-bo/FamilyEntertainment/07FE_QuanAnCongBinh",
      "isVideo": true,
      "url": "03-hoat-hinh.hoat-hinh-2d.hoat-hinh-2d-bo.family-entertainment.07fe-quan-an-cong-binh",
      "name": "07FE_Quan Án Công Bình",
      "count": 0,
      "isLeaf": null,
      "keyword": null,
      "hash": "",
      "khash": "U2FsdGVkX19tL8PukqQaqMp2KjfnrdmC1Fb3TXevaT/Z7dA1SvhTHFeuGSpLdDmBdacKsHefPmDgRCALzy6mUQ==",
      "viewCount": null,
      "duration": "26:8",
      "size": 222564820
    },
    {
      "id": "22b434bb-6975-4fe9-b1da-bfb0b2169037",
      "pid": "4bb365aa-c178-45b8-b38d-23618aa2110f",
      "dblevel": 6,
      "location": "/VGMV/03_HoatHinh/HoatHinh-2D/HoatHinh2D-bo/FamilyEntertainment/08FE_ChuaSongLai",
      "isVideo": true,
      "url": "03-hoat-hinh.hoat-hinh-2d.hoat-hinh-2d-bo.family-entertainment.08fe-chua-song-lai",
      "name": "08FE_Chúa Sống Lại",
      "count": 0,
      "isLeaf": null,
      "keyword": null,
      "hash": "",
      "khash": "U2FsdGVkX1/h4+MBBMYIXxOlhUkjguNb7pKcQPprbU0TNT/cYPPuShZlv4R9GXwcDBuIMWwp3ufftjGzP+rW2g==",
      "viewCount": null,
      "duration": "29:0",
      "size": 246931204
    }
  ]
}