{
  "id": "fa428df7-b860-437c-bc2d-b2226454d012",
  "pid": "a749b7d5-3bda-4c55-8bd7-33fa796b1a6c",
  "dblevel": 5,
  "location": "/VGMV/03_HoatHinh/HoatHinh-2D/HoatHinh2D-bo/SuDieuKyCuaLongThuongXot",
  "isVideo": true,
  "url": "03-hoat-hinh.hoat-hinh-2d.hoat-hinh-2d-bo.su-dieu-ky-cua-long-thuong-xot",
  "name": "Sự Diệu Kỳ Của Lòng Thương Xót",
  "count": 4,
  "isLeaf": true,
  "keyword": null,
  "hash": null,
  "khash": null,
  "viewCount": null,
  "duration": null,
  "size": null,
  "children": [
    {
      "id": "9a4d0764-c682-499a-aadc-e618ea4a03f1",
      "pid": "fa428df7-b860-437c-bc2d-b2226454d012",
      "dblevel": 6,
      "location": "/VGMV/03_HoatHinh/HoatHinh-2D/HoatHinh2D-bo/SuDieuKyCuaLongThuongXot/ChuaGie-xuChuaLanhNguoiBai",
      "isVideo": true,
      "url": "03-hoat-hinh.hoat-hinh-2d.hoat-hinh-2d-bo.su-dieu-ky-cua-long-thuong-xot.chua-gie-xu-chua-lanh-nguoi-bai",
      "name": "Chúa Giê-xu Chữa Lành Người Bại",
      "count": 0,
      "isLeaf": null,
      "keyword": null,
      "hash": "",
      "khash": "U2FsdGVkX1/Qb58FtxNaBasbH8sQupXkQnHRJ0ipCy+uxryGAa2B05RAiFGjq5z+GGMi7dO8f3CDSyOBCdHlkQ==",
      "viewCount": null,
      "duration": "3:17",
      "size": 97053240
    },
    {
      "id": "efda51b1-dbe1-49aa-8640-694a4ceaa9d8",
      "pid": "fa428df7-b860-437c-bc2d-b2226454d012",
      "dblevel": 6,
      "location": "/VGMV/03_HoatHinh/HoatHinh-2D/HoatHinh2D-bo/SuDieuKyCuaLongThuongXot/NguoiSa-ma-riNhanLanh",
      "isVideo": true,
      "url": "03-hoat-hinh.hoat-hinh-2d.hoat-hinh-2d-bo.su-dieu-ky-cua-long-thuong-xot.nguoi-sa-ma-ri-nhan-lanh",
      "name": "Người Sa-ma-ri Nhân Lành",
      "count": 0,
      "isLeaf": null,
      "keyword": null,
      "hash": "",
      "khash": "U2FsdGVkX1966ZiUG4iwiI3m4O0QN58H7r5SCst5S3mUCYOmcoCrC5P9snj9m+PNpbKOo2Lg6NKJ1Y0tAAQcDg==",
      "viewCount": null,
      "duration": "3:8",
      "size": 31344737
    },
    {
      "id": "17a1fcb8-ef65-4bc9-aebe-35b594d32c13",
      "pid": "fa428df7-b860-437c-bc2d-b2226454d012",
      "dblevel": 6,
      "location": "/VGMV/03_HoatHinh/HoatHinh-2D/HoatHinh2D-bo/SuDieuKyCuaLongThuongXot/Phao-lo",
      "isVideo": true,
      "url": "03-hoat-hinh.hoat-hinh-2d.hoat-hinh-2d-bo.su-dieu-ky-cua-long-thuong-xot.phao-lo",
      "name": "Phao-lô",
      "count": 0,
      "isLeaf": null,
      "keyword": null,
      "hash": "",
      "khash": "U2FsdGVkX19oLuJk95yeSvqPb2BjynIOLKd9n7xOcojNC3/HETY3coIqgbBNEORBoHVx432Ph6rlcmUCNJDWGw==",
      "viewCount": null,
      "duration": "3:5",
      "size": 91595321
    },
    {
      "id": "76ed59aa-9fc2-45b0-9ff0-453dba45102e",
      "pid": "fa428df7-b860-437c-bc2d-b2226454d012",
      "dblevel": 6,
      "location": "/VGMV/03_HoatHinh/HoatHinh-2D/HoatHinh2D-bo/SuDieuKyCuaLongThuongXot/Phi-e-ro",
      "isVideo": true,
      "url": "03-hoat-hinh.hoat-hinh-2d.hoat-hinh-2d-bo.su-dieu-ky-cua-long-thuong-xot.phi-e-ro",
      "name": "Phi-e-rơ",
      "count": 0,
      "isLeaf": null,
      "keyword": null,
      "hash": "",
      "khash": "U2FsdGVkX18n3/wKBnQSV8vNbV+fKz3jsO/lhjHG0haPc935wCQzHN3TAj6L3YyhbJFwOg+C+mVQk3U8kp3rdA==",
      "viewCount": null,
      "duration": "5:59",
      "size": 177599957
    }
  ]
}