{
  "id": "e11ef577-9906-4665-b6a0-9875e0d9f8b5",
  "pid": "a749b7d5-3bda-4c55-8bd7-33fa796b1a6c",
  "dblevel": 5,
  "location": "/VGMV/03_HoatHinh/HoatHinh-2D/HoatHinh2D-bo/HanaBarbera",
  "isVideo": true,
  "url": "03-hoat-hinh.hoat-hinh-2d.hoat-hinh-2d-bo.hana-barbera",
  "name": "Hana Barbera",
  "count": 12,
  "isLeaf": true,
  "keyword": null,
  "hash": null,
  "khash": null,
  "viewCount": null,
  "duration": null,
  "size": null,
  "children": [
    {
      "id": "9b0f677d-4a9c-4edc-bcc0-4f34e5e7d988",
      "pid": "e11ef577-9906-4665-b6a0-9875e0d9f8b5",
      "dblevel": 6,
      "location": "/VGMV/03_HoatHinh/HoatHinh-2D/HoatHinh2D-bo/HanaBarbera/HB01_TaoDung",
      "isVideo": true,
      "url": "03-hoat-hinh.hoat-hinh-2d.hoat-hinh-2d-bo.hana-barbera.hb01-tao-dung",
      "name": "HB01_Tạo Dựng",
      "count": 0,
      "isLeaf": null,
      "keyword": null,
      "hash": "",
      "khash": "U2FsdGVkX1/hsXhv8+BmE685uesB1FJWuXXHVd3sVUENfA4SrXLu0tK4hBAXTfpcbc/xy9D88onh4JoGqUTp3g==",
      "viewCount": null,
      "duration": "27:37",
      "size": 233609761
    },
    {
      "id": "0b69b00b-c08b-4ac9-8b4a-f2b553994ab2",
      "pid": "e11ef577-9906-4665-b6a0-9875e0d9f8b5",
      "dblevel": 6,
      "location": "/VGMV/03_HoatHinh/HoatHinh-2D/HoatHinh2D-bo/HanaBarbera/HB02_No-e",
      "isVideo": true,
      "url": "03-hoat-hinh.hoat-hinh-2d.hoat-hinh-2d-bo.hana-barbera.hb02-no-e",
      "name": "HB02_Nô-ê",
      "count": 0,
      "isLeaf": null,
      "keyword": null,
      "hash": "",
      "khash": "U2FsdGVkX1/ZNBl2DEj4aQljCTwO6Znzud126+nVnfNW4RvTiNF5OQsoCw/NB/V1rPG6aNyhaTwLXpbjnOB5Iw==",
      "viewCount": null,
      "duration": "26:8",
      "size": 222474881
    },
    {
      "id": "57e2c177-231b-4b0a-ba0e-510d9f1b7906",
      "pid": "e11ef577-9906-4665-b6a0-9875e0d9f8b5",
      "dblevel": 6,
      "location": "/VGMV/03_HoatHinh/HoatHinh-2D/HoatHinh2D-bo/HanaBarbera/HB03_Gio-sep",
      "isVideo": true,
      "url": "03-hoat-hinh.hoat-hinh-2d.hoat-hinh-2d-bo.hana-barbera.hb03-gio-sep",
      "name": "HB03_Giô-sép",
      "count": 0,
      "isLeaf": null,
      "keyword": null,
      "hash": "",
      "khash": "U2FsdGVkX1/7jQ7X0GskNezaBYFcapOpZNO3ci3CxyJ/jV8yTUzfWBRE+52eq37IW21mrYQJvNu/jWAkiBI/xg==",
      "viewCount": null,
      "duration": "30:55",
      "size": 263119737
    },
    {
      "id": "733b9cfd-e657-486d-a8fe-d85dc0b364d6",
      "pid": "e11ef577-9906-4665-b6a0-9875e0d9f8b5",
      "dblevel": 6,
      "location": "/VGMV/03_HoatHinh/HoatHinh-2D/HoatHinh2D-bo/HanaBarbera/HB04_Moi-se",
      "isVideo": true,
      "url": "03-hoat-hinh.hoat-hinh-2d.hoat-hinh-2d-bo.hana-barbera.hb04-moi-se",
      "name": "HB04_Môi-se",
      "count": 0,
      "isLeaf": null,
      "keyword": null,
      "hash": "",
      "khash": "U2FsdGVkX18LKIdxJd9q1XnAIwAodhK6R46B8NfaOoedPhDpDbTqlAj4a+EuE61AczIhKvin6Hrfyl+UeNSkFw==",
      "viewCount": null,
      "duration": "26:40",
      "size": 227206089
    },
    {
      "id": "6dff99cc-6415-43ff-8112-6565bd5ee6aa",
      "pid": "e11ef577-9906-4665-b6a0-9875e0d9f8b5",
      "dblevel": 6,
      "location": "/VGMV/03_HoatHinh/HoatHinh-2D/HoatHinh2D-bo/HanaBarbera/HB05_Gio-sue",
      "isVideo": true,
      "url": "03-hoat-hinh.hoat-hinh-2d.hoat-hinh-2d-bo.hana-barbera.hb05-gio-sue",
      "name": "HB05_Giô-suê",
      "count": 0,
      "isLeaf": null,
      "keyword": null,
      "hash": "",
      "khash": "U2FsdGVkX19f7VS3mys3aq2cNctVo16aU5udk562ubOf7NPPQEaMBxuFdYR40HpCfJVcMolSH0psVri1N/2XLQ==",
      "viewCount": null,
      "duration": "25:12",
      "size": 214421706
    },
    {
      "id": "8293915d-4e25-4e01-921b-1d056ed6e0ca",
      "pid": "e11ef577-9906-4665-b6a0-9875e0d9f8b5",
      "dblevel": 6,
      "location": "/VGMV/03_HoatHinh/HoatHinh-2D/HoatHinh2D-bo/HanaBarbera/HB06_Sam-son",
      "isVideo": true,
      "url": "03-hoat-hinh.hoat-hinh-2d.hoat-hinh-2d-bo.hana-barbera.hb06-sam-son",
      "name": "HB06_Sam-sôn",
      "count": 0,
      "isLeaf": null,
      "keyword": null,
      "hash": "",
      "khash": "U2FsdGVkX1/HItQOylECzzJl3t4ySqlF+vARozgY4XfdHDS61+mXYamVzckdOQ8fpnVwQQhOjKsLwmFVfc2UqA==",
      "viewCount": null,
      "duration": "27:23",
      "size": 229291837
    },
    {
      "id": "95454e99-41f4-4365-b468-3638cf33fc38",
      "pid": "e11ef577-9906-4665-b6a0-9875e0d9f8b5",
      "dblevel": 6,
      "location": "/VGMV/03_HoatHinh/HoatHinh-2D/HoatHinh2D-bo/HanaBarbera/HB07_Da-vit",
      "isVideo": true,
      "url": "03-hoat-hinh.hoat-hinh-2d.hoat-hinh-2d-bo.hana-barbera.hb07-da-vit",
      "name": "HB07_Đa-vít",
      "count": 0,
      "isLeaf": null,
      "keyword": null,
      "hash": "",
      "khash": "U2FsdGVkX18aRkpVTKNYnvOxuC+eVxrKj0nmtM+ZD1SNA4vitjXlfzmcbVW+3sqDQ4h6bUXkRw2rFf9mohJUcQ==",
      "viewCount": null,
      "duration": "25:11",
      "size": 214858993
    },
    {
      "id": "90f89bfc-ee34-4ae7-8c03-dee25ba945ef",
      "pid": "e11ef577-9906-4665-b6a0-9875e0d9f8b5",
      "dblevel": 6,
      "location": "/VGMV/03_HoatHinh/HoatHinh-2D/HoatHinh2D-bo/HanaBarbera/HB08_E-xo-te",
      "isVideo": true,
      "url": "03-hoat-hinh.hoat-hinh-2d.hoat-hinh-2d-bo.hana-barbera.hb08-e-xo-te",
      "name": "HB08_Ê-xơ-tê",
      "count": 0,
      "isLeaf": null,
      "keyword": null,
      "hash": "",
      "khash": "U2FsdGVkX1/EBBkJMWDyKdFVum1/ndrNaMv/ACKRLlH2tAhh48LIF1ESn6HelWiBYpgX1k5IXW/Ll+xxSxP7EQ==",
      "viewCount": null,
      "duration": "31:58",
      "size": 270499414
    },
    {
      "id": "6e9f2e4d-fc78-42c8-9260-571824a70000",
      "pid": "e11ef577-9906-4665-b6a0-9875e0d9f8b5",
      "dblevel": 6,
      "location": "/VGMV/03_HoatHinh/HoatHinh-2D/HoatHinh2D-bo/HanaBarbera/HB09_Gio-na",
      "isVideo": true,
      "url": "03-hoat-hinh.hoat-hinh-2d.hoat-hinh-2d-bo.hana-barbera.hb09-gio-na",
      "name": "HB09_Giô-na",
      "count": 0,
      "isLeaf": null,
      "keyword": null,
      "hash": "",
      "khash": "U2FsdGVkX19uDOQxLi+Ipcw0Z3IuVABEPp0YoZFx4AUIk+34R3x47h83w7A8ft0oDGwAexCWCwrd5UMD/AD0lg==",
      "viewCount": null,
      "duration": "25:21",
      "size": 213316567
    },
    {
      "id": "5ff834de-5da8-406e-9b49-63a3a80b1b41",
      "pid": "e11ef577-9906-4665-b6a0-9875e0d9f8b5",
      "dblevel": 6,
      "location": "/VGMV/03_HoatHinh/HoatHinh-2D/HoatHinh2D-bo/HanaBarbera/HB10_Da-ni-en",
      "isVideo": true,
      "url": "03-hoat-hinh.hoat-hinh-2d.hoat-hinh-2d-bo.hana-barbera.hb10-da-ni-en",
      "name": "HB10_Đa-ni-ên",
      "count": 0,
      "isLeaf": null,
      "keyword": null,
      "hash": "",
      "khash": "U2FsdGVkX1+ZOiHCTWkIEI/J6peWl1IPOFjFY8WjhkWpu8Q4wGPtemAMfO5bq+x7BsaIhJmytb3BID/ohYr+LQ==",
      "viewCount": null,
      "duration": "23:49",
      "size": 202382280
    },
    {
      "id": "858a6bc9-f420-453c-a0c8-b8fa8c2d9388",
      "pid": "e11ef577-9906-4665-b6a0-9875e0d9f8b5",
      "dblevel": 6,
      "location": "/VGMV/03_HoatHinh/HoatHinh-2D/HoatHinh2D-bo/HanaBarbera/HB11_ChuaGiangSinh",
      "isVideo": true,
      "url": "03-hoat-hinh.hoat-hinh-2d.hoat-hinh-2d-bo.hana-barbera.hb11-chua-giang-sinh",
      "name": "HB11_Chúa Giáng Sinh",
      "count": 0,
      "isLeaf": null,
      "keyword": null,
      "hash": "",
      "khash": "U2FsdGVkX19Ae7JuplPaJQn4ZNHEHUJt/GRnu14Ji/LISc9QrKYg8cT3bgCbWArQ9jBoj82shQtCowlrQYKUEw==",
      "viewCount": null,
      "duration": "30:13",
      "size": 255844672
    },
    {
      "id": "1039127e-cc40-470b-969e-e89394a9251b",
      "pid": "e11ef577-9906-4665-b6a0-9875e0d9f8b5",
      "dblevel": 6,
      "location": "/VGMV/03_HoatHinh/HoatHinh-2D/HoatHinh2D-bo/HanaBarbera/HB12_NhungPhepLaCuaChuaGie-xu",
      "isVideo": true,
      "url": "03-hoat-hinh.hoat-hinh-2d.hoat-hinh-2d-bo.hana-barbera.hb12-nhung-phep-la-cua-chua-gie-xu",
      "name": "HB12_Nhừng Phép Lạ Của Chúa Giê-xu",
      "count": 0,
      "isLeaf": null,
      "keyword": null,
      "hash": "",
      "khash": "U2FsdGVkX19V7sLWZZyavfd7ht9lZAQYpjo2UbO0XBTMCyw0mfsUkipURYKikur6yXeGDi8IirvFmXZ6MXpESw==",
      "viewCount": null,
      "duration": "27:20",
      "size": 230803231
    }
  ]
}