{
  "id": "7c996f2b-4784-4107-84db-da145a042740",
  "pid": "65beaf2f-ba86-4682-b0e6-54d63de4a313",
  "dblevel": 6,
  "location": "/VGMV/03_HoatHinh/HoatHinh-2D/HoatHinh2D-bo/KeChuyenKinhThanh/TanUoc",
  "isVideo": true,
  "url": "03-hoat-hinh.hoat-hinh-2d.hoat-hinh-2d-bo.ke-chuyen-kinh-thanh.tan-uoc",
  "name": "Tân Ước",
  "count": 18,
  "isLeaf": true,
  "keyword": null,
  "hash": null,
  "khash": null,
  "viewCount": null,
  "duration": null,
  "size": null,
  "children": [
    {
      "id": "4c605082-fb43-45b6-b084-375f4297d560",
      "pid": "7c996f2b-4784-4107-84db-da145a042740",
      "dblevel": 7,
      "location": "/VGMV/03_HoatHinh/HoatHinh-2D/HoatHinh2D-bo/KeChuyenKinhThanh/TanUoc/01_CauChuyenChuaGiangSinh",
      "isVideo": true,
      "url": "03-hoat-hinh.hoat-hinh-2d.hoat-hinh-2d-bo.ke-chuyen-kinh-thanh.tan-uoc.01-cau-chuyen-chua-giang-sinh",
      "name": "01_Câu Chuyện Chúa Giáng Sinh",
      "count": 0,
      "isLeaf": null,
      "keyword": null,
      "hash": null,
      "khash": null,
      "viewCount": null,
      "duration": "1:49",
      "size": 53618759
    },
    {
      "id": "2bde74d0-2d0c-49c8-9426-723e2b99e026",
      "pid": "7c996f2b-4784-4107-84db-da145a042740",
      "dblevel": 7,
      "location": "/VGMV/03_HoatHinh/HoatHinh-2D/HoatHinh2D-bo/KeChuyenKinhThanh/TanUoc/02_ConYeuDauCuaTa",
      "isVideo": true,
      "url": "03-hoat-hinh.hoat-hinh-2d.hoat-hinh-2d-bo.ke-chuyen-kinh-thanh.tan-uoc.02-con-yeu-dau-cua-ta",
      "name": "02_Con Yêu Dấu Của Ta",
      "count": 0,
      "isLeaf": null,
      "keyword": null,
      "hash": null,
      "khash": null,
      "viewCount": null,
      "duration": "1:24",
      "size": 36008586
    },
    {
      "id": "62c1a1e6-f19f-4b0c-9a54-7e97305d31eb",
      "pid": "7c996f2b-4784-4107-84db-da145a042740",
      "dblevel": 7,
      "location": "/VGMV/03_HoatHinh/HoatHinh-2D/HoatHinh2D-bo/KeChuyenKinhThanh/TanUoc/03_ChuaGie-xuChiuCamDo",
      "isVideo": true,
      "url": "03-hoat-hinh.hoat-hinh-2d.hoat-hinh-2d-bo.ke-chuyen-kinh-thanh.tan-uoc.03-chua-gie-xu-chiu-cam-do",
      "name": "03_Chúa Giê-xu Chịu Cám Dỗ",
      "count": 0,
      "isLeaf": null,
      "keyword": null,
      "hash": null,
      "khash": null,
      "viewCount": null,
      "duration": "1:36",
      "size": 47143864
    },
    {
      "id": "330b1b6e-08af-4736-a7fb-2f461a633959",
      "pid": "7c996f2b-4784-4107-84db-da145a042740",
      "dblevel": 7,
      "location": "/VGMV/03_HoatHinh/HoatHinh-2D/HoatHinh2D-bo/KeChuyenKinhThanh/TanUoc/04_XuyenQuaMaiNha",
      "isVideo": true,
      "url": "03-hoat-hinh.hoat-hinh-2d.hoat-hinh-2d-bo.ke-chuyen-kinh-thanh.tan-uoc.04-xuyen-qua-mai-nha",
      "name": "04_Xuyên Qua Mái Nhà",
      "count": 0,
      "isLeaf": null,
      "keyword": null,
      "hash": null,
      "khash": null,
      "viewCount": null,
      "duration": "1:15",
      "size": 36923232
    },
    {
      "id": "e0582c93-fb45-4f6f-96c8-efd12c730cd3",
      "pid": "7c996f2b-4784-4107-84db-da145a042740",
      "dblevel": 7,
      "location": "/VGMV/03_HoatHinh/HoatHinh-2D/HoatHinh2D-bo/KeChuyenKinhThanh/TanUoc/05_BuaTiecChoDoanDan",
      "isVideo": true,
      "url": "03-hoat-hinh.hoat-hinh-2d.hoat-hinh-2d-bo.ke-chuyen-kinh-thanh.tan-uoc.05-bua-tiec-cho-doan-dan",
      "name": "05_Bữa Tiệc Cho Đoàn Dân",
      "count": 0,
      "isLeaf": null,
      "keyword": null,
      "hash": null,
      "khash": null,
      "viewCount": null,
      "duration": "1:13",
      "size": 35546664
    },
    {
      "id": "73fbe4a4-40ef-47d5-ae6c-dc9cab2afecb",
      "pid": "7c996f2b-4784-4107-84db-da145a042740",
      "dblevel": 7,
      "location": "/VGMV/03_HoatHinh/HoatHinh-2D/HoatHinh2D-bo/KeChuyenKinhThanh/TanUoc/06_DucVuaVaVuongQuoc",
      "isVideo": true,
      "url": "03-hoat-hinh.hoat-hinh-2d.hoat-hinh-2d-bo.ke-chuyen-kinh-thanh.tan-uoc.06-duc-vua-va-vuong-quoc",
      "name": "06_Đức Vua Và Vương Quốc",
      "count": 0,
      "isLeaf": null,
      "keyword": null,
      "hash": null,
      "khash": null,
      "viewCount": null,
      "duration": "1:29",
      "size": 44175094
    },
    {
      "id": "3c8502f1-052c-4c68-baf2-0d666ef0d176",
      "pid": "7c996f2b-4784-4107-84db-da145a042740",
      "dblevel": 7,
      "location": "/VGMV/03_HoatHinh/HoatHinh-2D/HoatHinh2D-bo/KeChuyenKinhThanh/TanUoc/07_TroVeNha",
      "isVideo": true,
      "url": "03-hoat-hinh.hoat-hinh-2d.hoat-hinh-2d-bo.ke-chuyen-kinh-thanh.tan-uoc.07-tro-ve-nha",
      "name": "07_Trở Về Nhà",
      "count": 0,
      "isLeaf": null,
      "keyword": null,
      "hash": null,
      "khash": null,
      "viewCount": null,
      "duration": "1:37",
      "size": 47538232
    },
    {
      "id": "cf686601-0fe8-45d1-9a78-c022b23ffed4",
      "pid": "7c996f2b-4784-4107-84db-da145a042740",
      "dblevel": 7,
      "location": "/VGMV/03_HoatHinh/HoatHinh-2D/HoatHinh2D-bo/KeChuyenKinhThanh/TanUoc/08_ViVuaTrenLungLua",
      "isVideo": true,
      "url": "03-hoat-hinh.hoat-hinh-2d.hoat-hinh-2d-bo.ke-chuyen-kinh-thanh.tan-uoc.08-vi-vua-tren-lung-lua",
      "name": "08_Vị Vua Trên Lưng Lừa",
      "count": 0,
      "isLeaf": null,
      "keyword": null,
      "hash": null,
      "khash": null,
      "viewCount": null,
      "duration": "1:3",
      "size": 31354804
    },
    {
      "id": "cb70af6e-af10-40c6-ab82-2a332fdbbe24",
      "pid": "7c996f2b-4784-4107-84db-da145a042740",
      "dblevel": 7,
      "location": "/VGMV/03_HoatHinh/HoatHinh-2D/HoatHinh2D-bo/KeChuyenKinhThanh/TanUoc/09_MoiSuDaDuocTron",
      "isVideo": true,
      "url": "03-hoat-hinh.hoat-hinh-2d.hoat-hinh-2d-bo.ke-chuyen-kinh-thanh.tan-uoc.09-moi-su-da-duoc-tron",
      "name": "09_Mọi Sự Đã Được Trọn",
      "count": 0,
      "isLeaf": null,
      "keyword": null,
      "hash": null,
      "khash": null,
      "viewCount": null,
      "duration": "1:33",
      "size": 45279711
    },
    {
      "id": "c197ce39-23da-4b75-959a-eb66f7b78b0a",
      "pid": "7c996f2b-4784-4107-84db-da145a042740",
      "dblevel": 7,
      "location": "/VGMV/03_HoatHinh/HoatHinh-2D/HoatHinh2D-bo/KeChuyenKinhThanh/TanUoc/10_ChuaChiuChetVaSongLai",
      "isVideo": true,
      "url": "03-hoat-hinh.hoat-hinh-2d.hoat-hinh-2d-bo.ke-chuyen-kinh-thanh.tan-uoc.10-chua-chiu-chet-va-song-lai",
      "name": "10_Chúa Chịu Chết Và Sống Lại",
      "count": 0,
      "isLeaf": null,
      "keyword": null,
      "hash": null,
      "khash": null,
      "viewCount": null,
      "duration": "3:4",
      "size": 89684461
    },
    {
      "id": "bd780b5c-e1ef-4a92-9486-280bca63b6b7",
      "pid": "7c996f2b-4784-4107-84db-da145a042740",
      "dblevel": 7,
      "location": "/VGMV/03_HoatHinh/HoatHinh-2D/HoatHinh2D-bo/KeChuyenKinhThanh/TanUoc/11_ChuaPhucSinh",
      "isVideo": true,
      "url": "03-hoat-hinh.hoat-hinh-2d.hoat-hinh-2d-bo.ke-chuyen-kinh-thanh.tan-uoc.11-chua-phuc-sinh",
      "name": "11_Chúa Phục Sinh",
      "count": 0,
      "isLeaf": null,
      "keyword": null,
      "hash": null,
      "khash": null,
      "viewCount": null,
      "duration": "1:33",
      "size": 45953874
    },
    {
      "id": "50844c05-b43b-4c45-b86e-9c199f45dab4",
      "pid": "7c996f2b-4784-4107-84db-da145a042740",
      "dblevel": 7,
      "location": "/VGMV/03_HoatHinh/HoatHinh-2D/HoatHinh2D-bo/KeChuyenKinhThanh/TanUoc/12_ChuaThangThien",
      "isVideo": true,
      "url": "03-hoat-hinh.hoat-hinh-2d.hoat-hinh-2d-bo.ke-chuyen-kinh-thanh.tan-uoc.12-chua-thang-thien",
      "name": "12_Chúa Thăng Thiên",
      "count": 0,
      "isLeaf": null,
      "keyword": null,
      "hash": null,
      "khash": null,
      "viewCount": null,
      "duration": "1:9",
      "size": 30570740
    },
    {
      "id": "5b52758a-7c95-489e-b2fe-c0e4dfda1661",
      "pid": "7c996f2b-4784-4107-84db-da145a042740",
      "dblevel": 7,
      "location": "/VGMV/03_HoatHinh/HoatHinh-2D/HoatHinh2D-bo/KeChuyenKinhThanh/TanUoc/13_TinLanhTuDucChuaTroi",
      "isVideo": true,
      "url": "03-hoat-hinh.hoat-hinh-2d.hoat-hinh-2d-bo.ke-chuyen-kinh-thanh.tan-uoc.13-tin-lanh-tu-duc-chua-troi",
      "name": "13_Tin Lành Từ Đức Chúa Trời",
      "count": 0,
      "isLeaf": null,
      "keyword": null,
      "hash": null,
      "khash": null,
      "viewCount": null,
      "duration": "2:10",
      "size": 64043216
    },
    {
      "id": "86b9e72e-2352-4a8b-9e39-1df4313196d1",
      "pid": "7c996f2b-4784-4107-84db-da145a042740",
      "dblevel": 7,
      "location": "/VGMV/03_HoatHinh/HoatHinh-2D/HoatHinh2D-bo/KeChuyenKinhThanh/TanUoc/14_DucThanhLinhGiangLam",
      "isVideo": true,
      "url": "03-hoat-hinh.hoat-hinh-2d.hoat-hinh-2d-bo.ke-chuyen-kinh-thanh.tan-uoc.14-duc-thanh-linh-giang-lam",
      "name": "14_Đức Thánh Linh Giáng Lâm",
      "count": 0,
      "isLeaf": null,
      "keyword": null,
      "hash": null,
      "khash": null,
      "viewCount": null,
      "duration": "1:25",
      "size": 42167344
    },
    {
      "id": "c5318932-56af-4925-a2d2-754460ec91d6",
      "pid": "7c996f2b-4784-4107-84db-da145a042740",
      "dblevel": 7,
      "location": "/VGMV/03_HoatHinh/HoatHinh-2D/HoatHinh2D-bo/KeChuyenKinhThanh/TanUoc/15_KhongTienKhongBac",
      "isVideo": true,
      "url": "03-hoat-hinh.hoat-hinh-2d.hoat-hinh-2d-bo.ke-chuyen-kinh-thanh.tan-uoc.15-khong-tien-khong-bac",
      "name": "15_Không Tiền Không Bạc",
      "count": 0,
      "isLeaf": null,
      "keyword": null,
      "hash": null,
      "khash": null,
      "viewCount": null,
      "duration": "1:22",
      "size": 41106697
    },
    {
      "id": "50cc035c-dbc8-4368-807b-60077af750d3",
      "pid": "7c996f2b-4784-4107-84db-da145a042740",
      "dblevel": 7,
      "location": "/VGMV/03_HoatHinh/HoatHinh-2D/HoatHinh2D-bo/KeChuyenKinhThanh/TanUoc/16_MoiNguoiDuocChaoDon",
      "isVideo": true,
      "url": "03-hoat-hinh.hoat-hinh-2d.hoat-hinh-2d-bo.ke-chuyen-kinh-thanh.tan-uoc.16-moi-nguoi-duoc-chao-don",
      "name": "16_Mọi Người Được Chào Đón",
      "count": 0,
      "isLeaf": null,
      "keyword": null,
      "hash": null,
      "khash": null,
      "viewCount": null,
      "duration": "1:34",
      "size": 46437272
    },
    {
      "id": "c6afb0c5-9c3e-4576-957b-a33e81599de1",
      "pid": "7c996f2b-4784-4107-84db-da145a042740",
      "dblevel": 7,
      "location": "/VGMV/03_HoatHinh/HoatHinh-2D/HoatHinh2D-bo/KeChuyenKinhThanh/TanUoc/17_HanhTrinhTruyenGiaoCuaPhao-lo",
      "isVideo": true,
      "url": "03-hoat-hinh.hoat-hinh-2d.hoat-hinh-2d-bo.ke-chuyen-kinh-thanh.tan-uoc.17-hanh-trinh-truyen-giao-cua-phao-lo",
      "name": "17_Hành Trình Truyền Giáo Của Phao-lô",
      "count": 0,
      "isLeaf": null,
      "keyword": null,
      "hash": null,
      "khash": null,
      "viewCount": null,
      "duration": "1:50",
      "size": 53666795
    },
    {
      "id": "52db0831-ac27-4d37-8596-37310bc3f39f",
      "pid": "7c996f2b-4784-4107-84db-da145a042740",
      "dblevel": 7,
      "location": "/VGMV/03_HoatHinh/HoatHinh-2D/HoatHinh2D-bo/KeChuyenKinhThanh/TanUoc/18_LoiHuaDoiDoi",
      "isVideo": true,
      "url": "03-hoat-hinh.hoat-hinh-2d.hoat-hinh-2d-bo.ke-chuyen-kinh-thanh.tan-uoc.18-loi-hua-doi-doi",
      "name": "18_Lời Hứa Đời Đời",
      "count": 0,
      "isLeaf": null,
      "keyword": null,
      "hash": null,
      "khash": null,
      "viewCount": null,
      "duration": "1:24",
      "size": 43569051
    }
  ]
}