{
  "id": "e0a1e9f9-2342-4d11-9b8d-273ef855b9cd",
  "pid": "56ad533b-10c3-4ec2-b6b3-811777a07732",
  "dblevel": 6,
  "location": "/VGMV/03_HoatHinh/HoatHinh-3D/HoatHinh3D-bo/TimHieuThanhKinh/PhucAmGiang",
  "isVideo": true,
  "url": "03-hoat-hinh.hoat-hinh-3d.hoat-hinh-3d-bo.tim-hieu-thanh-kinh.phuc-am-giang",
  "name": "Phúc Âm Giăng",
  "count": 7,
  "isLeaf": true,
  "keyword": null,
  "hash": null,
  "khash": null,
  "viewCount": null,
  "duration": null,
  "size": null,
  "children": [
    {
      "id": "4abbcde6-1beb-4b4c-8248-ee39b183d3ee",
      "pid": "e0a1e9f9-2342-4d11-9b8d-273ef855b9cd",
      "dblevel": 7,
      "location": "/VGMV/03_HoatHinh/HoatHinh-3D/HoatHinh3D-bo/TimHieuThanhKinh/PhucAmGiang/01-BuoiBanDau",
      "isVideo": true,
      "url": "03-hoat-hinh.hoat-hinh-3d.hoat-hinh-3d-bo.tim-hieu-thanh-kinh.phuc-am-giang.01-buoi-ban-dau",
      "name": "01-Buổi Ban Đầu",
      "count": 0,
      "isLeaf": null,
      "keyword": null,
      "hash": "",
      "khash": null,
      "viewCount": null,
      "duration": "3:37",
      "size": 279469196
    },
    {
      "id": "d29af650-f3b4-4518-91e5-89916dabc16a",
      "pid": "e0a1e9f9-2342-4d11-9b8d-273ef855b9cd",
      "dblevel": 7,
      "location": "/VGMV/03_HoatHinh/HoatHinh-3D/HoatHinh3D-bo/TimHieuThanhKinh/PhucAmGiang/02-NhungMonDoDauTien",
      "isVideo": true,
      "url": "03-hoat-hinh.hoat-hinh-3d.hoat-hinh-3d-bo.tim-hieu-thanh-kinh.phuc-am-giang.02-nhung-mon-do-dau-tien",
      "name": "02-Những Môn Đồ Đầu Tiên",
      "count": 0,
      "isLeaf": null,
      "keyword": null,
      "hash": "",
      "khash": null,
      "viewCount": null,
      "duration": "3:55",
      "size": 299315075
    },
    {
      "id": "fbac16bf-aaa5-4641-9885-d13ed0260750",
      "pid": "e0a1e9f9-2342-4d11-9b8d-273ef855b9cd",
      "dblevel": 7,
      "location": "/VGMV/03_HoatHinh/HoatHinh-3D/HoatHinh3D-bo/TimHieuThanhKinh/PhucAmGiang/03-SanhLaiNghiaLaGi",
      "isVideo": true,
      "url": "03-hoat-hinh.hoat-hinh-3d.hoat-hinh-3d-bo.tim-hieu-thanh-kinh.phuc-am-giang.03-sanh-lai-nghia-la-gi",
      "name": "03-Sanh Lại Nghĩa Là Gì",
      "count": 0,
      "isLeaf": null,
      "keyword": null,
      "hash": "",
      "khash": null,
      "viewCount": null,
      "duration": "4:0",
      "size": 320805808
    },
    {
      "id": "78f731bc-fd08-4e92-8298-42d1d84009eb",
      "pid": "e0a1e9f9-2342-4d11-9b8d-273ef855b9cd",
      "dblevel": 7,
      "location": "/VGMV/03_HoatHinh/HoatHinh-3D/HoatHinh3D-bo/TimHieuThanhKinh/PhucAmGiang/04-KhatKhaoNuocHangSong",
      "isVideo": true,
      "url": "03-hoat-hinh.hoat-hinh-3d.hoat-hinh-3d-bo.tim-hieu-thanh-kinh.phuc-am-giang.04-khat-khao-nuoc-hang-song",
      "name": "04-Khát Khao Nước Hằng Sống",
      "count": 0,
      "isLeaf": null,
      "keyword": null,
      "hash": "",
      "khash": null,
      "viewCount": null,
      "duration": "3:32",
      "size": 278900772
    },
    {
      "id": "8776b937-f780-4432-90f9-11f993419fd9",
      "pid": "e0a1e9f9-2342-4d11-9b8d-273ef855b9cd",
      "dblevel": 7,
      "location": "/VGMV/03_HoatHinh/HoatHinh-3D/HoatHinh3D-bo/TimHieuThanhKinh/PhucAmGiang/05-DuocChuaLanh",
      "isVideo": true,
      "url": "03-hoat-hinh.hoat-hinh-3d.hoat-hinh-3d-bo.tim-hieu-thanh-kinh.phuc-am-giang.05-duoc-chua-lanh",
      "name": "05-Được Chữa Lành",
      "count": 0,
      "isLeaf": null,
      "keyword": null,
      "hash": "",
      "khash": null,
      "viewCount": null,
      "duration": "3:34",
      "size": 273188021
    },
    {
      "id": "dbfeab2e-8b4b-4ffb-bf9b-7fe7b8bd118d",
      "pid": "e0a1e9f9-2342-4d11-9b8d-273ef855b9cd",
      "dblevel": 7,
      "location": "/VGMV/03_HoatHinh/HoatHinh-3D/HoatHinh3D-bo/TimHieuThanhKinh/PhucAmGiang/06_PhepLaBenBoBien",
      "isVideo": true,
      "url": "03-hoat-hinh.hoat-hinh-3d.hoat-hinh-3d-bo.tim-hieu-thanh-kinh.phuc-am-giang.06-phep-la-ben-bo-bien",
      "name": "06_Phép Lạ Bên Bờ Biển",
      "count": 0,
      "isLeaf": null,
      "keyword": null,
      "hash": "",
      "khash": null,
      "viewCount": null,
      "duration": "3:44",
      "size": 293161953
    },
    {
      "id": "37e6d0c8-650d-458a-a1a3-fa976adff90b",
      "pid": "e0a1e9f9-2342-4d11-9b8d-273ef855b9cd",
      "dblevel": 7,
      "location": "/VGMV/03_HoatHinh/HoatHinh-3D/HoatHinh3D-bo/TimHieuThanhKinh/PhucAmGiang/07_MotConBaoDangNoiLen",
      "isVideo": true,
      "url": "03-hoat-hinh.hoat-hinh-3d.hoat-hinh-3d-bo.tim-hieu-thanh-kinh.phuc-am-giang.07-mot-con-bao-dang-noi-len",
      "name": "07_Một Cơn Bão Đang Nỗi Lên",
      "count": 0,
      "isLeaf": null,
      "keyword": null,
      "hash": "",
      "khash": null,
      "viewCount": null,
      "duration": "3:43",
      "size": 215832003
    }
  ]
}