{
  "id": "e14f6dfb-f6a2-477d-b7af-b49ba10ebd49",
  "pid": "93cb081b-7d11-4d11-8abe-f1c1989bf56b",
  "dblevel": 4,
  "location": "/VGMV/05_NgonNguKyHieu/HoatHinh/HoatHinhle",
  "isVideo": true,
  "url": "05-ngon-ngu-ky-hieu.hoat-hinh.hoat-hinh-le",
  "name": "Hoạt Hình lẻ",
  "count": 24,
  "isLeaf": true,
  "keyword": null,
  "hash": null,
  "khash": null,
  "viewCount": null,
  "duration": null,
  "size": null,
  "children": [
    {
      "id": "bba27f15-8823-4eaa-a8b5-e6676b131fd3",
      "pid": "e14f6dfb-f6a2-477d-b7af-b49ba10ebd49",
      "dblevel": 5,
      "location": "/VGMV/05_NgonNguKyHieu/HoatHinh/HoatHinhle/ButChi01-ViSaoHocKinhThanhPP2",
      "isVideo": true,
      "url": "05-ngon-ngu-ky-hieu.hoat-hinh.hoat-hinh-le.butchi01-vi-sao-hoc-kinh-thanh-pp2",
      "name": "ButChi01 - Vì Sao Học Kinh Thánh PP2",
      "count": 0,
      "isLeaf": null,
      "keyword": null,
      "hash": "",
      "khash": "U2FsdGVkX1/OUdYbBbanpeKxPANoujQFvpoETTRrf9WSS6X1PJQaghsEcm1Jj/wxgehGyjTTFzQ/0udRglgiKw==",
      "viewCount": null,
      "duration": "18:57",
      "size": 512847109
    },
    {
      "id": "28dd38b3-34f2-4776-8267-6c941ca7aab6",
      "pid": "e14f6dfb-f6a2-477d-b7af-b49ba10ebd49",
      "dblevel": 5,
      "location": "/VGMV/05_NgonNguKyHieu/HoatHinh/HoatHinhle/ChuaGie-xuBiDongDinh",
      "isVideo": true,
      "url": "05-ngon-ngu-ky-hieu.hoat-hinh.hoat-hinh-le.chua-gie-xu-bi-dong-dinh",
      "name": "Chúa Giê-xu Bị Đóng Đinh",
      "count": 0,
      "isLeaf": null,
      "keyword": null,
      "hash": "",
      "khash": "U2FsdGVkX1/iV/jGo4yOFK7nIYdxqyWJEfOK+urNDGUCsDHbWtZgExNq6kZKduZ2OwEA8/Rdmhc7i3cbowv13g==",
      "viewCount": null,
      "duration": "1:35",
      "size": 60574345
    },
    {
      "id": "9ee18248-8499-4939-8af4-5d08a568715b",
      "pid": "e14f6dfb-f6a2-477d-b7af-b49ba10ebd49",
      "dblevel": 5,
      "location": "/VGMV/05_NgonNguKyHieu/HoatHinh/HoatHinhle/ChuaGie-xuGiangSinh",
      "isVideo": true,
      "url": "05-ngon-ngu-ky-hieu.hoat-hinh.hoat-hinh-le.chua-gie-xu-giang-sinh",
      "name": "Chúa Giê-xu Giáng Sinh",
      "count": 0,
      "isLeaf": null,
      "keyword": null,
      "hash": "",
      "khash": "U2FsdGVkX1/1QaqTgnZZ+aHCNaMWDrvF4DY+7rshmVGTKsAFfCkOFVRI4aVteR0mZ5QTP8URkxuHKQYLEX6NxQ==",
      "viewCount": null,
      "duration": "3:31",
      "size": 134101800
    },
    {
      "id": "d396ec00-a11e-4650-895d-d6dbfdcd67ff",
      "pid": "e14f6dfb-f6a2-477d-b7af-b49ba10ebd49",
      "dblevel": 5,
      "location": "/VGMV/05_NgonNguKyHieu/HoatHinh/HoatHinhle/ConGaiGiai-ru",
      "isVideo": true,
      "url": "05-ngon-ngu-ky-hieu.hoat-hinh.hoat-hinh-le.con-gai-giai-ru",
      "name": "Con Gái Giai-ru",
      "count": 0,
      "isLeaf": null,
      "keyword": null,
      "hash": "",
      "khash": "U2FsdGVkX1/OXzAJSPIvuphXNZVT94uFpK7YQM96OPGBwoFdi127ggUVb+qjm1S23i1jCdD/flP6wCuYcFQ/cg==",
      "viewCount": null,
      "duration": "1:31",
      "size": 60721096
    },
    {
      "id": "1b6fb8ed-40c7-430c-b992-acb398622604",
      "pid": "e14f6dfb-f6a2-477d-b7af-b49ba10ebd49",
      "dblevel": 5,
      "location": "/VGMV/05_NgonNguKyHieu/HoatHinh/HoatHinhle/CuocDoiChuaGie-xu",
      "isVideo": true,
      "url": "05-ngon-ngu-ky-hieu.hoat-hinh.hoat-hinh-le.cuoc-doi-chua-gie-xu",
      "name": "Cuộc Đời Chúa Giê-xu",
      "count": 0,
      "isLeaf": null,
      "keyword": null,
      "hash": "",
      "khash": "U2FsdGVkX19cHTtYKXprRYxQsKQtxmBNyBNOoZVr7DYIsUsTAxLwyJoT4zTyYKil2XsF2I19VA7gpPvhhVrfiQ==",
      "viewCount": null,
      "duration": "0:53",
      "size": 32199145
    },
    {
      "id": "45b3f609-8d3c-4726-954d-96e0458d8fa5",
      "pid": "e14f6dfb-f6a2-477d-b7af-b49ba10ebd49",
      "dblevel": 5,
      "location": "/VGMV/05_NgonNguKyHieu/HoatHinh/HoatHinhle/CauChuyenCuaDucChuaTroi",
      "isVideo": true,
      "url": "05-ngon-ngu-ky-hieu.hoat-hinh.hoat-hinh-le.cau-chuyen-cua-duc-chua-troi",
      "name": "Câu Chuyện Của Đức Chúa Trời",
      "count": 0,
      "isLeaf": null,
      "keyword": null,
      "hash": "",
      "khash": "U2FsdGVkX18/8AjHvlN7fZW5NtbJHMUJ2gzNVlNJSKZZMooJOonZHYyC4zO9Jr46omOJll0Is9GLuOhwe2XfKg==",
      "viewCount": null,
      "duration": "5:5",
      "size": 200188503
    },
    {
      "id": "6a467936-7b7e-4b2e-9899-029c981ddcc5",
      "pid": "e14f6dfb-f6a2-477d-b7af-b49ba10ebd49",
      "dblevel": 5,
      "location": "/VGMV/05_NgonNguKyHieu/HoatHinh/HoatHinhle/Hana03-Gio-sepVaCacAnhEm",
      "isVideo": true,
      "url": "05-ngon-ngu-ky-hieu.hoat-hinh.hoat-hinh-le.hana03-gio-sep-va-cac-anh-em",
      "name": "Hana03-Giô-sép Và Các Anh Em",
      "count": 0,
      "isLeaf": null,
      "keyword": null,
      "hash": "",
      "khash": "U2FsdGVkX18mpH6j9GvqDrwRhQm+aG2KpWc86Rd37A1u14kRY3PIwXTBgq83cuDvQzb6NMboQBBw/z/VoiCkxw==",
      "viewCount": null,
      "duration": "66:10",
      "size": 2387583644
    },
    {
      "id": "928bae1c-5065-4d36-a687-e8908dff94f5",
      "pid": "e14f6dfb-f6a2-477d-b7af-b49ba10ebd49",
      "dblevel": 5,
      "location": "/VGMV/05_NgonNguKyHieu/HoatHinh/HoatHinhle/Max01-ChuSauXanhBinhThuong",
      "isVideo": true,
      "url": "05-ngon-ngu-ky-hieu.hoat-hinh.hoat-hinh-le.max01-chu-sau-xanh-binh-thuong",
      "name": "Max01-Chú Sâu Xanh Bình Thường",
      "count": 0,
      "isLeaf": null,
      "keyword": null,
      "hash": "",
      "khash": "U2FsdGVkX1+G9QwwjaAEXJ4sDoGKZsLgNP9C/Qtq68IamdEJGqt78tapD+yC8n6QLX4AThrRGReQ9gCjX2YeiQ==",
      "viewCount": null,
      "duration": "68:7",
      "size": 2478402938
    },
    {
      "id": "e36d7928-e5cb-4341-b664-1e693008f72b",
      "pid": "e14f6dfb-f6a2-477d-b7af-b49ba10ebd49",
      "dblevel": 5,
      "location": "/VGMV/05_NgonNguKyHieu/HoatHinh/HoatHinhle/Mi-ri-amVaMoi-se",
      "isVideo": true,
      "url": "05-ngon-ngu-ky-hieu.hoat-hinh.hoat-hinh-le.mi-ri-am-va-moi-se",
      "name": "Mi-ri-am Và Môi-se",
      "count": 0,
      "isLeaf": null,
      "keyword": null,
      "hash": "",
      "khash": "U2FsdGVkX1/svEeOVOLIojPjRN171KSew266hqEQwupRfMGFVdWPPI8BjvZGryo4nW/4NnG7LYck4N993S7btA==",
      "viewCount": null,
      "duration": "1:34",
      "size": 57010201
    },
    {
      "id": "a86759ae-8404-4b93-92fc-45603c1f5b27",
      "pid": "e14f6dfb-f6a2-477d-b7af-b49ba10ebd49",
      "dblevel": 5,
      "location": "/VGMV/05_NgonNguKyHieu/HoatHinh/HoatHinhle/Moi-seVaBienDo",
      "isVideo": true,
      "url": "05-ngon-ngu-ky-hieu.hoat-hinh.hoat-hinh-le.moi-se-va-bien-do",
      "name": "Môi-se Và Biển Đỏ",
      "count": 0,
      "isLeaf": null,
      "keyword": null,
      "hash": "",
      "khash": "U2FsdGVkX19t9A8u4l6QBGk/ll3wjIauj71uV+tjbcWI7nbtjMEwyvN2GHbYNzyEJseLHEinwYELEYP8ozrTrA==",
      "viewCount": null,
      "duration": "3:40",
      "size": 144311132
    },
    {
      "id": "03639c21-d411-49ee-a01b-c49820f483fa",
      "pid": "e14f6dfb-f6a2-477d-b7af-b49ba10ebd49",
      "dblevel": 5,
      "location": "/VGMV/05_NgonNguKyHieu/HoatHinh/HoatHinhle/NguoiGiauDaiDot",
      "isVideo": true,
      "url": "05-ngon-ngu-ky-hieu.hoat-hinh.hoat-hinh-le.nguoi-giau-dai-dot",
      "name": "Người Giàu Dại Dột",
      "count": 0,
      "isLeaf": null,
      "keyword": null,
      "hash": "",
      "khash": "U2FsdGVkX18e2SlC8GAfMYpzlFVAlvXABn/GRsNrzF0CIZoS8uiRoey6C23meiygBIJeK86nv7noOxu4cgW6Mw==",
      "viewCount": null,
      "duration": "3:6",
      "size": 111727446
    },
    {
      "id": "d2f8cdd6-4321-4862-96f1-a4a306279522",
      "pid": "e14f6dfb-f6a2-477d-b7af-b49ba10ebd49",
      "dblevel": 5,
      "location": "/VGMV/05_NgonNguKyHieu/HoatHinh/HoatHinhle/NguoiSa-ma-riNhanLanh",
      "isVideo": true,
      "url": "05-ngon-ngu-ky-hieu.hoat-hinh.hoat-hinh-le.nguoi-sa-ma-ri-nhan-lanh",
      "name": "Người Sa-ma-ri Nhân Lành",
      "count": 0,
      "isLeaf": null,
      "keyword": null,
      "hash": "",
      "khash": "U2FsdGVkX18v5k4tJxEClL4M/2CJuaq3ma76weKITw/3sF2ccja27KQB4FiSyQ2+F98/o3v+jZN4NxchWNxjAw==",
      "viewCount": null,
      "duration": "2:55",
      "size": 104892573
    },
    {
      "id": "700d5832-4a03-4f15-8a2b-4790e0ffd081",
      "pid": "e14f6dfb-f6a2-477d-b7af-b49ba10ebd49",
      "dblevel": 5,
      "location": "/VGMV/05_NgonNguKyHieu/HoatHinh/HoatHinhle/SuChetCuaChuaGie-xu",
      "isVideo": true,
      "url": "05-ngon-ngu-ky-hieu.hoat-hinh.hoat-hinh-le.su-chet-cua-chua-gie-xu",
      "name": "Sự Chết Của Chúa Giê-xu",
      "count": 0,
      "isLeaf": null,
      "keyword": null,
      "hash": "",
      "khash": "U2FsdGVkX192RnMUuS/XEuJ61nJi0I47yyoDaYiVLKhXGwvDQu18HJNM023jb6lds6D9mbSyzyVbDQi5hh6QCA==",
      "viewCount": null,
      "duration": "1:6",
      "size": 39725605
    },
    {
      "id": "54d9356e-f7ea-4725-bbfd-6c13598f0559",
      "pid": "e14f6dfb-f6a2-477d-b7af-b49ba10ebd49",
      "dblevel": 5,
      "location": "/VGMV/05_NgonNguKyHieu/HoatHinh/HoatHinhle/SuSongLaiCuaChuaGie-xu",
      "isVideo": true,
      "url": "05-ngon-ngu-ky-hieu.hoat-hinh.hoat-hinh-le.su-song-lai-cua-chua-gie-xu",
      "name": "Sự Sống Lại Của Chúa Giê-xu",
      "count": 0,
      "isLeaf": null,
      "keyword": null,
      "hash": "",
      "khash": "U2FsdGVkX1/yZog+Qf7Nz0MCv8RVhmgt+KoyVSZC/s3QkExJlrTOsDXGcLUHE+8d93X+KoFe/NTVlcODjsusGQ==",
      "viewCount": null,
      "duration": "1:20",
      "size": 50730201
    },
    {
      "id": "b248ae62-0665-4f0c-8b96-5f4e4f7988ae",
      "pid": "e14f6dfb-f6a2-477d-b7af-b49ba10ebd49",
      "dblevel": 5,
      "location": "/VGMV/05_NgonNguKyHieu/HoatHinh/HoatHinhle/SuSongLaiCuaLa-xa-ro",
      "isVideo": true,
      "url": "05-ngon-ngu-ky-hieu.hoat-hinh.hoat-hinh-le.su-song-lai-cua-la-xa-ro",
      "name": "Sự Sống Lại Của La-xa-rơ",
      "count": 0,
      "isLeaf": null,
      "keyword": null,
      "hash": "",
      "khash": "U2FsdGVkX19CBHIg3g7obbwaRvPnTwIawm4fd4ILgNejrrBNgaeL9hSxmxnj0zIexj0iqDGdkyWyi3lkKepGcQ==",
      "viewCount": null,
      "duration": "3:13",
      "size": 126808554
    },
    {
      "id": "27dd8760-d6db-43d1-9fc3-63756596807b",
      "pid": "e14f6dfb-f6a2-477d-b7af-b49ba10ebd49",
      "dblevel": 5,
      "location": "/VGMV/05_NgonNguKyHieu/HoatHinh/HoatHinhle/Vgm01-QuanNa-a-man",
      "isVideo": true,
      "url": "05-ngon-ngu-ky-hieu.hoat-hinh.hoat-hinh-le.vgm01-quan-na-a-man",
      "name": "Vgm01- Quan Na-a-man",
      "count": 0,
      "isLeaf": null,
      "keyword": null,
      "hash": "",
      "khash": "U2FsdGVkX19Rh5GQzJzXMs+vfIiWQ2JzUY7ieMZnzMAhKzUBDHa2vLmt+VkyI25TpJBrvqkHII5o7byjVoIaow==",
      "viewCount": null,
      "duration": "9:34",
      "size": 304661059
    },
    {
      "id": "3d0fcce8-9f3f-4f09-9159-fd04d83ea00e",
      "pid": "e14f6dfb-f6a2-477d-b7af-b49ba10ebd49",
      "dblevel": 5,
      "location": "/VGMV/05_NgonNguKyHieu/HoatHinh/HoatHinhle/Vgm02-ChaiDauQuiGia",
      "isVideo": true,
      "url": "05-ngon-ngu-ky-hieu.hoat-hinh.hoat-hinh-le.vgm02-chai-dau-qui-gia",
      "name": "Vgm02-Chai Dầu Qúi Giá",
      "count": 0,
      "isLeaf": null,
      "keyword": null,
      "hash": "",
      "khash": "U2FsdGVkX1+UX62RTedr0Z2lExKWxUdCitV9RShh8GXBFkU0eK1vmg1Szst5X3foH3lFqu1olk4QA7XD+WKwjg==",
      "viewCount": null,
      "duration": "7:23",
      "size": 265864523
    },
    {
      "id": "a7e31645-c258-42e8-89ed-9194177a1f05",
      "pid": "e14f6dfb-f6a2-477d-b7af-b49ba10ebd49",
      "dblevel": 5,
      "location": "/VGMV/05_NgonNguKyHieu/HoatHinh/HoatHinhle/Vgm03-NguoiGiauNguDai",
      "isVideo": true,
      "url": "05-ngon-ngu-ky-hieu.hoat-hinh.hoat-hinh-le.vgm03-nguoi-giau-ngu-dai",
      "name": "Vgm03-Người Giàu Ngu Dại",
      "count": 0,
      "isLeaf": null,
      "keyword": null,
      "hash": "",
      "khash": "U2FsdGVkX19FA4evX8V0XGSPVvwetxWa/v7B43ot+L6GtsCgl91rj1Ry0GMiggAabq3hXanvKdpZLEMdJj33Tw==",
      "viewCount": null,
      "duration": "7:48",
      "size": 213372213
    },
    {
      "id": "5c8726e0-44f7-49d6-88ba-1c83076cdc5a",
      "pid": "e14f6dfb-f6a2-477d-b7af-b49ba10ebd49",
      "dblevel": 5,
      "location": "/VGMV/05_NgonNguKyHieu/HoatHinh/HoatHinhle/ViDuVeTiecYenLon",
      "isVideo": true,
      "url": "05-ngon-ngu-ky-hieu.hoat-hinh.hoat-hinh-le.vi-du-ve-tiec-yen-lon",
      "name": "Ví Dụ Về Tiệc Yến Lớn",
      "count": 0,
      "isLeaf": null,
      "keyword": null,
      "hash": "",
      "khash": "U2FsdGVkX187MFi3KUXYo1Rh57ETxTxWWoc5qrVs6N2O22eQnudqtPiBasLxqtJV0JysMPFGwqY4WAAWGWtHSQ==",
      "viewCount": null,
      "duration": "2:7",
      "size": 77411743
    },
    {
      "id": "737e79e7-45c3-42e0-89e2-45d4bac2196e",
      "pid": "e14f6dfb-f6a2-477d-b7af-b49ba10ebd49",
      "dblevel": 5,
      "location": "/VGMV/05_NgonNguKyHieu/HoatHinh/HoatHinhle/ViDuDayToKhongThuongXot",
      "isVideo": true,
      "url": "05-ngon-ngu-ky-hieu.hoat-hinh.hoat-hinh-le.vi-du-day-to-khong-thuong-xot",
      "name": "Ví Dụ Đầy Tớ Không Thương Xót",
      "count": 0,
      "isLeaf": null,
      "keyword": null,
      "hash": "",
      "khash": "U2FsdGVkX1+RGHypZBxOhToepvc/i2cBznOtu1Sr9NYZEnuCgYW7CyOVndmCbxjbZ9N6H5t4Pw77hiDJpLIjEw==",
      "viewCount": null,
      "duration": "1:52",
      "size": 67473475
    },
    {
      "id": "aee49fa3-5c14-4892-a737-2db9a756b088",
      "pid": "e14f6dfb-f6a2-477d-b7af-b49ba10ebd49",
      "dblevel": 5,
      "location": "/VGMV/05_NgonNguKyHieu/HoatHinh/HoatHinhle/Xa-che",
      "isVideo": true,
      "url": "05-ngon-ngu-ky-hieu.hoat-hinh.hoat-hinh-le.xa-che",
      "name": "Xa-chê",
      "count": 0,
      "isLeaf": null,
      "keyword": null,
      "hash": "",
      "khash": "U2FsdGVkX18SsSvEIpb+5pAzXR0q4hEM0yY0zmK+SvJtd6GBc4VasRpOTznBB/lzu/fs72H/AQMwAj82c+z5wQ==",
      "viewCount": null,
      "duration": "1:22",
      "size": 54008031
    },
    {
      "id": "ae08a0c7-b678-40ac-ad0b-51b9e2041830",
      "pid": "e14f6dfb-f6a2-477d-b7af-b49ba10ebd49",
      "dblevel": 5,
      "location": "/VGMV/05_NgonNguKyHieu/HoatHinh/HoatHinhle/Ap-ra-hamTinCayChua",
      "isVideo": true,
      "url": "05-ngon-ngu-ky-hieu.hoat-hinh.hoat-hinh-le.ap-ra-ham-tin-cay-chua",
      "name": "Áp-ra-ham Tin Cậy Chúa",
      "count": 0,
      "isLeaf": null,
      "keyword": null,
      "hash": "",
      "khash": "U2FsdGVkX19iCr/KhOVPUywr5H7M9cxKQ0pTQr8zFYRVbH3K2I99qudSeHhIiWtxKFOCu8esr/9wzE/w5/YBHg==",
      "viewCount": null,
      "duration": "7:23",
      "size": 266103180
    },
    {
      "id": "9f310bde-ebdc-4720-a9fd-aa5bb4f91746",
      "pid": "e14f6dfb-f6a2-477d-b7af-b49ba10ebd49",
      "dblevel": 5,
      "location": "/VGMV/05_NgonNguKyHieu/HoatHinh/HoatHinhle/E-liVaCacTienTriCuaThanBa-anh",
      "isVideo": true,
      "url": "05-ngon-ngu-ky-hieu.hoat-hinh.hoat-hinh-le.e-li-va-cac-tien-tri-cua-than-ba-anh",
      "name": "Ê-li Và Các Tiên Tri Của Thần Ba-anh",
      "count": 0,
      "isLeaf": null,
      "keyword": null,
      "hash": "",
      "khash": "U2FsdGVkX1+lRmhexAJ/F5PqNYDSTbuSL6nraqHCrCc4ddB0gW+PFWeo6yb5sd6K5DWjRVu6d/jLn9uMwNTVYA==",
      "viewCount": null,
      "duration": "5:4",
      "size": 184028918
    },
    {
      "id": "cd5d527d-b65d-4b9b-a966-193f8e1755bd",
      "pid": "e14f6dfb-f6a2-477d-b7af-b49ba10ebd49",
      "dblevel": 5,
      "location": "/VGMV/05_NgonNguKyHieu/HoatHinh/HoatHinhle/E-liVaE-li-se",
      "isVideo": true,
      "url": "05-ngon-ngu-ky-hieu.hoat-hinh.hoat-hinh-le.e-li-va-e-li-se",
      "name": "Ê-li Và Ê-li-sê",
      "count": 0,
      "isLeaf": null,
      "keyword": null,
      "hash": "",
      "khash": "U2FsdGVkX1/bB32K9JztATH4bHA7uz7x77JwZb+n0b+DzexPWVPNy5Psj2naR4/Fl1YfXmX1YmfkBIA+1gLbBA==",
      "viewCount": null,
      "duration": "3:15",
      "size": 125241570
    }
  ]
}