{
  "id": "0b245ff4-9e23-4767-99a6-c4cb2c144df7",
  "pid": "e2205af5-a731-4c3f-b2ed-b9433e18d105",
  "dblevel": 3,
  "location": "/VGMV/05_NgonNguKyHieu/GiaoLyCanBan3D",
  "isVideo": true,
  "url": "05-ngon-ngu-ky-hieu.giao-ly-can-ban-3d",
  "name": "Giáo Lý Căn Bản 3D",
  "count": 7,
  "isLeaf": true,
  "keyword": null,
  "hash": null,
  "khash": null,
  "viewCount": null,
  "duration": null,
  "size": null,
  "children": [
    {
      "id": "1cff71b8-6a7a-4591-b57e-778bad222e71",
      "pid": "0b245ff4-9e23-4767-99a6-c4cb2c144df7",
      "dblevel": 4,
      "location": "/VGMV/05_NgonNguKyHieu/GiaoLyCanBan3D/01_DucChuaTroi",
      "isVideo": true,
      "url": "05-ngon-ngu-ky-hieu.giao-ly-can-ban-3d.01-duc-chua-troi",
      "name": "01_Đức Chúa Trời",
      "count": 0,
      "isLeaf": null,
      "keyword": null,
      "hash": "",
      "khash": "U2FsdGVkX183vQ/aUNKyoBe8KcQA2sMCPqMvVQ6iOtsFTURGjymfqOhQ53kS5Myjh1rHQOzMsoG8mj7so4OEsw==",
      "viewCount": null,
      "duration": "8:32",
      "size": 404148039
    },
    {
      "id": "91dbba99-7288-4c33-ae32-0427be43f4f0",
      "pid": "0b245ff4-9e23-4767-99a6-c4cb2c144df7",
      "dblevel": 4,
      "location": "/VGMV/05_NgonNguKyHieu/GiaoLyCanBan3D/02_KinhThanh",
      "isVideo": true,
      "url": "05-ngon-ngu-ky-hieu.giao-ly-can-ban-3d.02-kinh-thanh",
      "name": "02_Kinh Thánh",
      "count": 0,
      "isLeaf": null,
      "keyword": null,
      "hash": "",
      "khash": "U2FsdGVkX1+FlLplgII2Qvv3F3ohlUOvQQxJjjtdGUIyO34QbmJoVc8QQUsuRy2bsI3mBMLrI4Hgp29T9F4w4Q==",
      "viewCount": null,
      "duration": "10:13",
      "size": 938856007
    },
    {
      "id": "eb57d1f7-432c-4424-a0e7-d0b49ccda867",
      "pid": "0b245ff4-9e23-4767-99a6-c4cb2c144df7",
      "dblevel": 4,
      "location": "/VGMV/05_NgonNguKyHieu/GiaoLyCanBan3D/03_ConNguoiVaToiLoi",
      "isVideo": true,
      "url": "05-ngon-ngu-ky-hieu.giao-ly-can-ban-3d.03-con-nguoi-va-toi-loi",
      "name": "03_Con Người Và Tội Lỗi",
      "count": 0,
      "isLeaf": null,
      "keyword": null,
      "hash": "",
      "khash": "U2FsdGVkX18gweUXEQTSQXLhoiNJL4PmOuhAcCGjyl/TZxhmjerIoiHnzPrUHnd8J7Xgh3JxzUwcyn83VeeHSg==",
      "viewCount": null,
      "duration": "8:34",
      "size": 290271691
    },
    {
      "id": "2b071e20-20a0-492c-9f5b-8ea3463a9780",
      "pid": "0b245ff4-9e23-4767-99a6-c4cb2c144df7",
      "dblevel": 4,
      "location": "/VGMV/05_NgonNguKyHieu/GiaoLyCanBan3D/04_ChuaCuuTheGie-xu",
      "isVideo": true,
      "url": "05-ngon-ngu-ky-hieu.giao-ly-can-ban-3d.04-chua-cuu-the-gie-xu",
      "name": "04_Chúa Cứu Thế Giê-xu",
      "count": 0,
      "isLeaf": null,
      "keyword": null,
      "hash": "",
      "khash": "U2FsdGVkX1/qZf+oMBqpkISraFO/54W7u9Q0bO5E2DzVrjuisBgkBc74+rerAuQETtTy3YMu4JX38qywb/arYw==",
      "viewCount": null,
      "duration": "10:39",
      "size": 357830337
    },
    {
      "id": "a0491328-5157-44d3-831b-6e36013f4faf",
      "pid": "0b245ff4-9e23-4767-99a6-c4cb2c144df7",
      "dblevel": 4,
      "location": "/VGMV/05_NgonNguKyHieu/GiaoLyCanBan3D/05_ToiLoiVaSuCuuChuoc",
      "isVideo": true,
      "url": "05-ngon-ngu-ky-hieu.giao-ly-can-ban-3d.05-toi-loi-va-su-cuu-chuoc",
      "name": "05_Tội Lỗi Và Sự Cứu Chuộc",
      "count": 0,
      "isLeaf": null,
      "keyword": null,
      "hash": "",
      "khash": "U2FsdGVkX18mDafwtvoNEAf+0+YGeITb1mc7SnAZJA6Ud7Tt2ut1nraR9PUdwAuUMpZdzERw2//eUXxdtGmbLw==",
      "viewCount": null,
      "duration": "7:32",
      "size": 169809405
    },
    {
      "id": "6e5dbcc6-2a37-4c92-84de-c08d6337dc31",
      "pid": "0b245ff4-9e23-4767-99a6-c4cb2c144df7",
      "dblevel": 4,
      "location": "/VGMV/05_NgonNguKyHieu/GiaoLyCanBan3D/06_DucThanhLinh",
      "isVideo": true,
      "url": "05-ngon-ngu-ky-hieu.giao-ly-can-ban-3d.06-duc-thanh-linh",
      "name": "06_Đức Thánh Linh",
      "count": 0,
      "isLeaf": null,
      "keyword": null,
      "hash": "",
      "khash": "U2FsdGVkX1/BOxGR+N6YTBA3mJUn6akmSrKGJXGCmcGrozCa7tSkgfA7Cqe1teNOZOK86ISUqsRwFrNV74YM2Q==",
      "viewCount": null,
      "duration": "5:44",
      "size": 193677387
    },
    {
      "id": "f0f2fcd1-f3c4-4437-9cc1-7c141a2b2373",
      "pid": "0b245ff4-9e23-4767-99a6-c4cb2c144df7",
      "dblevel": 4,
      "location": "/VGMV/05_NgonNguKyHieu/GiaoLyCanBan3D/08_SuThoPhuongDucChuaTroi",
      "isVideo": true,
      "url": "05-ngon-ngu-ky-hieu.giao-ly-can-ban-3d.08-su-tho-phuong-duc-chua-troi",
      "name": "08_Sự Thờ Phượng Đức Chúa Trời",
      "count": 0,
      "isLeaf": null,
      "keyword": null,
      "hash": "",
      "khash": "U2FsdGVkX18bD9PNa0xIdoKB6XqKCF3v1cmBKOvKsguyZimGOf4luqfppRCZdJrdrHqb0DCaqOIoV7wO+NswOA==",
      "viewCount": null,
      "duration": "6:38",
      "size": 239977546
    }
  ]
}