{
  "id": "1d2ec9a1-8c6c-42ed-871a-2602ab5d7ec0",
  "pid": "c900d20d-56b4-4e62-91d2-f8777154afe9",
  "dblevel": 4,
  "location": "/VGMV/05_NgonNguKyHieu/KeChuyenKinhThanh/CuuUoc",
  "isVideo": true,
  "url": "05-ngon-ngu-ky-hieu.ke-chuyen-kinh-thanh.cuu-uoc",
  "name": "Cựu Ước",
  "count": 7,
  "isLeaf": true,
  "keyword": null,
  "hash": null,
  "khash": null,
  "viewCount": null,
  "duration": null,
  "size": null,
  "children": [
    {
      "id": "80204fc2-5d7d-4c35-9175-3c032dce22a0",
      "pid": "1d2ec9a1-8c6c-42ed-871a-2602ab5d7ec0",
      "dblevel": 5,
      "location": "/VGMV/05_NgonNguKyHieu/KeChuyenKinhThanh/CuuUoc/001-Ca-inVaA-ben",
      "isVideo": true,
      "url": "05-ngon-ngu-ky-hieu.ke-chuyen-kinh-thanh.cuu-uoc.001-ca-in-va-a-ben",
      "name": "001-Ca-in Và A-bên",
      "count": 0,
      "isLeaf": null,
      "keyword": null,
      "hash": "",
      "khash": "U2FsdGVkX18Bo8ToCSMbk67STd/FH8faBMCIb8f9W9viMWY7sGMjylUDyLIcHiQkx0YjOvJmJvoCKy3L6VMK8Q==",
      "viewCount": null,
      "duration": "3:18",
      "size": 119845979
    },
    {
      "id": "cc7afc10-fd02-4bee-aacc-d8c6bbd1de20",
      "pid": "1d2ec9a1-8c6c-42ed-871a-2602ab5d7ec0",
      "dblevel": 5,
      "location": "/VGMV/05_NgonNguKyHieu/KeChuyenKinhThanh/CuuUoc/002-No-eVaConNuocLut",
      "isVideo": true,
      "url": "05-ngon-ngu-ky-hieu.ke-chuyen-kinh-thanh.cuu-uoc.002-no-e-va-con-nuoc-lut",
      "name": "002-Nô-ê Và Cơn Nước Lụt",
      "count": 0,
      "isLeaf": null,
      "keyword": null,
      "hash": "",
      "khash": "U2FsdGVkX19uHdZKG7tJuuf33CyhisIUkdFenWSE+zr3IUVviIspvEaFXTqZwTTG2CmYOX/ahznlCV6yy22ubw==",
      "viewCount": null,
      "duration": "4:32",
      "size": 164386051
    },
    {
      "id": "6c94b0c7-6450-4622-9c62-bee20e2fe6ca",
      "pid": "1d2ec9a1-8c6c-42ed-871a-2602ab5d7ec0",
      "dblevel": 5,
      "location": "/VGMV/05_NgonNguKyHieu/KeChuyenKinhThanh/CuuUoc/003-ThapBa-ben",
      "isVideo": true,
      "url": "05-ngon-ngu-ky-hieu.ke-chuyen-kinh-thanh.cuu-uoc.003-thap-ba-ben",
      "name": "003-Tháp Ba-bên",
      "count": 0,
      "isLeaf": null,
      "keyword": null,
      "hash": "",
      "khash": "U2FsdGVkX18WY4Gh2bKKgx+yx5+6og6xuOmmRU7kJN+NM6JrWzkNkti9RpPrNED8JhjspfHluo6ogCTERVN09Q==",
      "viewCount": null,
      "duration": "3:3",
      "size": 110522870
    },
    {
      "id": "30d81ff2-66d9-4e11-8d35-6341cd1f9c44",
      "pid": "1d2ec9a1-8c6c-42ed-871a-2602ab5d7ec0",
      "dblevel": 5,
      "location": "/VGMV/05_NgonNguKyHieu/KeChuyenKinhThanh/CuuUoc/004-ChuaGoiAp-ram",
      "isVideo": true,
      "url": "05-ngon-ngu-ky-hieu.ke-chuyen-kinh-thanh.cuu-uoc.004-chua-goi-ap-ram",
      "name": "004-Chúa Gọi Áp-ram",
      "count": 0,
      "isLeaf": null,
      "keyword": null,
      "hash": "",
      "khash": "U2FsdGVkX18bcOfagJlXLlEoG9aevheFUzUcGTByQKmyxV2RUbhvj0GWNUTaiZGEb4xqfwGGJx8ao3TWFMUf9w==",
      "viewCount": null,
      "duration": "2:18",
      "size": 83599384
    },
    {
      "id": "b3318a4d-55bd-4dba-b04a-f6c3604caa33",
      "pid": "1d2ec9a1-8c6c-42ed-871a-2602ab5d7ec0",
      "dblevel": 5,
      "location": "/VGMV/05_NgonNguKyHieu/KeChuyenKinhThanh/CuuUoc/004-DucTinCuaAp-ra-ham",
      "isVideo": true,
      "url": "05-ngon-ngu-ky-hieu.ke-chuyen-kinh-thanh.cuu-uoc.004-duc-tin-cua-ap-ra-ham",
      "name": "004-Đức Tin Của Áp-ra-ham",
      "count": 0,
      "isLeaf": null,
      "keyword": null,
      "hash": "",
      "khash": "U2FsdGVkX1/xB2e9pL5JM4nW3MPCkTT80bADsQaCYiLjqLSuZLoOAVtYZeKpZwmTZMxSFfhLYYlwDjp/17JRGw==",
      "viewCount": null,
      "duration": "3:33",
      "size": 128343662
    },
    {
      "id": "baf6d4f2-d8c3-48e1-a6b6-3c5ec81450dd",
      "pid": "1d2ec9a1-8c6c-42ed-871a-2602ab5d7ec0",
      "dblevel": 5,
      "location": "/VGMV/05_NgonNguKyHieu/KeChuyenKinhThanh/CuuUoc/005-E-sauVaGia-cop",
      "isVideo": true,
      "url": "05-ngon-ngu-ky-hieu.ke-chuyen-kinh-thanh.cuu-uoc.005-e-sau-va-gia-cop",
      "name": "005-Ê-sau Và Gia-cốp",
      "count": 0,
      "isLeaf": null,
      "keyword": null,
      "hash": "",
      "khash": "U2FsdGVkX180k4kDatvACY6peAv0f/qwqeZ8b9lhfvHoFBiAWBX6iOXJXJKHCRqu8Ryfa3wCDWsXquUtV2waZA==",
      "viewCount": null,
      "duration": "3:11",
      "size": 114936995
    },
    {
      "id": "b114e224-8883-408f-8471-09b791fb07c4",
      "pid": "1d2ec9a1-8c6c-42ed-871a-2602ab5d7ec0",
      "dblevel": 5,
      "location": "/VGMV/05_NgonNguKyHieu/KeChuyenKinhThanh/CuuUoc/006-Gia-copCuopPhuocLanhE-sau",
      "isVideo": true,
      "url": "05-ngon-ngu-ky-hieu.ke-chuyen-kinh-thanh.cuu-uoc.006-gia-cop-cuop-phuoc-lanh-e-sau",
      "name": "006-Gia-cốp Cướp Phước Lành Ê-sau",
      "count": 0,
      "isLeaf": null,
      "keyword": null,
      "hash": "",
      "khash": "U2FsdGVkX19D/DFF3sEkrumNGXKasO6aJutQGNALWGdu/UM/FUcROJUdxzwfI8Ee6Gzj3UEjEtH57KHKm/ENRw==",
      "viewCount": null,
      "duration": "6:40",
      "size": 241156690
    }
  ]
}