{
  "id": "3dbe58d9-530e-4403-b7b9-0409ccc4129a",
  "pid": "93cb081b-7d11-4d11-8abe-f1c1989bf56b",
  "dblevel": 4,
  "location": "/VGMV/05_NgonNguKyHieu/HoatHinh/LittleBibleHeroes",
  "isVideo": true,
  "url": "05-ngon-ngu-ky-hieu.hoat-hinh.little-bible-heroes",
  "name": "Little Bible Heroes",
  "count": 16,
  "isLeaf": true,
  "keyword": null,
  "hash": null,
  "khash": null,
  "viewCount": null,
  "duration": null,
  "size": null,
  "children": [
    {
      "id": "480af1c5-5eb9-45f2-b09f-b012afd5e377",
      "pid": "3dbe58d9-530e-4403-b7b9-0409ccc4129a",
      "dblevel": 5,
      "location": "/VGMV/05_NgonNguKyHieu/HoatHinh/LittleBibleHeroes/ChuaGie-xuGiangSinh",
      "isVideo": true,
      "url": "05-ngon-ngu-ky-hieu.hoat-hinh.little-bible-heroes.chua-gie-xu-giang-sinh",
      "name": "Chúa Giê-xu Giáng Sinh",
      "count": 0,
      "isLeaf": null,
      "keyword": null,
      "hash": "",
      "khash": "U2FsdGVkX199B4ZRiF73mTWocwQPFeqPiRhn0PUfmenAnc2CsEAKAeRZPdxq7M8dshCH+ACZpjMLWNH3k4kPZQ==",
      "viewCount": null,
      "duration": "1:41",
      "size": 61146246
    },
    {
      "id": "3f181c94-78be-40ae-be61-68e3c8e7e469",
      "pid": "3dbe58d9-530e-4403-b7b9-0409ccc4129a",
      "dblevel": 5,
      "location": "/VGMV/05_NgonNguKyHieu/HoatHinh/LittleBibleHeroes/ChuaGie-xuPhucSinh",
      "isVideo": true,
      "url": "05-ngon-ngu-ky-hieu.hoat-hinh.little-bible-heroes.chua-gie-xu-phuc-sinh",
      "name": "Chúa Giê-xu Phục Sinh",
      "count": 0,
      "isLeaf": null,
      "keyword": null,
      "hash": "",
      "khash": "U2FsdGVkX19FaoEO3NLLYPNn+bumZkti3jKXQlcdvQdJ3tQFbvSaw6AzchJG9NRBvtBkOxXvKA+YXG4AcUBXxA==",
      "viewCount": null,
      "duration": "1:9",
      "size": 41688263
    },
    {
      "id": "e0949ad8-e6c4-4665-b3d3-1aeda5529b57",
      "pid": "3dbe58d9-530e-4403-b7b9-0409ccc4129a",
      "dblevel": 5,
      "location": "/VGMV/05_NgonNguKyHieu/HoatHinh/LittleBibleHeroes/Gio-sep",
      "isVideo": true,
      "url": "05-ngon-ngu-ky-hieu.hoat-hinh.little-bible-heroes.gio-sep",
      "name": "Giô-sép",
      "count": 0,
      "isLeaf": null,
      "keyword": null,
      "hash": "",
      "khash": "U2FsdGVkX19grAkgt4hZrQDSTnVg9qQqk+iOOxLVWG2deVX7xWOniYlNuZzQs8NcLFW0syGN0ChfTlol+5Id0A==",
      "viewCount": null,
      "duration": "1:30",
      "size": 54175677
    },
    {
      "id": "9da5e7cc-87e8-4d2c-8045-0b25dac80126",
      "pid": "3dbe58d9-530e-4403-b7b9-0409ccc4129a",
      "dblevel": 5,
      "location": "/VGMV/05_NgonNguKyHieu/HoatHinh/LittleBibleHeroes/Gio-sue",
      "isVideo": true,
      "url": "05-ngon-ngu-ky-hieu.hoat-hinh.little-bible-heroes.gio-sue",
      "name": "Giô-suê",
      "count": 0,
      "isLeaf": null,
      "keyword": null,
      "hash": "",
      "khash": "U2FsdGVkX19/obFre8+axP/sbYTq1wkJehqsJ7lcR5tGE0ShWz12P/1NlnA/kLT+G83x7n68Jc7us6QHnyGsgw==",
      "viewCount": null,
      "duration": "1:56",
      "size": 70250763
    },
    {
      "id": "9c2c578b-f2da-46aa-88a8-db151a16af6a",
      "pid": "3dbe58d9-530e-4403-b7b9-0409ccc4129a",
      "dblevel": 5,
      "location": "/VGMV/05_NgonNguKyHieu/HoatHinh/LittleBibleHeroes/Ma-the",
      "isVideo": true,
      "url": "05-ngon-ngu-ky-hieu.hoat-hinh.little-bible-heroes.ma-the",
      "name": "Ma-thê",
      "count": 0,
      "isLeaf": null,
      "keyword": null,
      "hash": "",
      "khash": "U2FsdGVkX19s0ldyNw+lJHd6xt7a0QB9w8qGTRv3ALkkwuf9XVUW/S9ltL8lqP41YBEvbkhiSEwl+nE++kKJ/Q==",
      "viewCount": null,
      "duration": "1:34",
      "size": 56988208
    },
    {
      "id": "8c0b04e4-2313-4274-94dd-8d0cc6fabb9e",
      "pid": "3dbe58d9-530e-4403-b7b9-0409ccc4129a",
      "dblevel": 5,
      "location": "/VGMV/05_NgonNguKyHieu/HoatHinh/LittleBibleHeroes/Mi-ri-am",
      "isVideo": true,
      "url": "05-ngon-ngu-ky-hieu.hoat-hinh.little-bible-heroes.mi-ri-am",
      "name": "Mi-ri-am",
      "count": 0,
      "isLeaf": null,
      "keyword": null,
      "hash": "",
      "khash": "U2FsdGVkX1+D+vS7dsLXx6KmnDUszP46S82TavN23zJXQuhIeyvO/x+Bp51CnyiU6+Q8IcLTabuRevwECk4INw==",
      "viewCount": null,
      "duration": "2:6",
      "size": 75686156
    },
    {
      "id": "2c71963a-7169-4839-b589-06a82827ff75",
      "pid": "3dbe58d9-530e-4403-b7b9-0409ccc4129a",
      "dblevel": 5,
      "location": "/VGMV/05_NgonNguKyHieu/HoatHinh/LittleBibleHeroes/NguoiSa-ma-riNhanLanh",
      "isVideo": true,
      "url": "05-ngon-ngu-ky-hieu.hoat-hinh.little-bible-heroes.nguoi-sa-ma-ri-nhan-lanh",
      "name": "Người Sa-ma-ri Nhân Lành",
      "count": 0,
      "isLeaf": null,
      "keyword": null,
      "hash": "",
      "khash": "U2FsdGVkX18/8+n8mBqahhmIIky0njvo907Tycewy5jso0AthGSsufrvlPA4bpAKdtsGUC37WNdOwmmmCmPsHA==",
      "viewCount": null,
      "duration": "1:25",
      "size": 51464760
    },
    {
      "id": "057f97f8-25c9-48f9-86e6-697e5f922ea9",
      "pid": "3dbe58d9-530e-4403-b7b9-0409ccc4129a",
      "dblevel": 5,
      "location": "/VGMV/05_NgonNguKyHieu/HoatHinh/LittleBibleHeroes/No-e",
      "isVideo": true,
      "url": "05-ngon-ngu-ky-hieu.hoat-hinh.little-bible-heroes.no-e",
      "name": "Nô-ê",
      "count": 0,
      "isLeaf": null,
      "keyword": null,
      "hash": "",
      "khash": "U2FsdGVkX18gTEIpJg6SoItf9Qro7njoEPvl4xzY5vs1O9aGeYLXLNSBA6KToKgjFspO2y2byAE4U7GHZ1eHIQ==",
      "viewCount": null,
      "duration": "1:34",
      "size": 56970697
    },
    {
      "id": "0c125106-6a06-49c0-af31-da7f24080f1d",
      "pid": "3dbe58d9-530e-4403-b7b9-0409ccc4129a",
      "dblevel": 5,
      "location": "/VGMV/05_NgonNguKyHieu/HoatHinh/LittleBibleHeroes/PhepLaCuaChuaGie-xu",
      "isVideo": true,
      "url": "05-ngon-ngu-ky-hieu.hoat-hinh.little-bible-heroes.phep-la-cua-chua-gie-xu",
      "name": "Phép Lạ Của Chúa Giê-xu",
      "count": 0,
      "isLeaf": null,
      "keyword": null,
      "hash": "",
      "khash": "U2FsdGVkX1+f51qyLENr8xKq12NtGbkqRsrNavVm1V6Q48jerFgbOSNcIdg9s5csMGydXIXklK/wSBa0NHmzmw==",
      "viewCount": null,
      "duration": "1:41",
      "size": 61433877
    },
    {
      "id": "69d646c1-f0d8-436e-8c7c-30a989c5c4af",
      "pid": "3dbe58d9-530e-4403-b7b9-0409ccc4129a",
      "dblevel": 5,
      "location": "/VGMV/05_NgonNguKyHieu/HoatHinh/LittleBibleHeroes/Ra-hap",
      "isVideo": true,
      "url": "05-ngon-ngu-ky-hieu.hoat-hinh.little-bible-heroes.ra-hap",
      "name": "Ra-háp",
      "count": 0,
      "isLeaf": null,
      "keyword": null,
      "hash": "",
      "khash": "U2FsdGVkX19YRBb5nRHH/H0xH7skssqyVi+VP7rQIfDSQt80YSdvnw0oVZwxP0DFfnUG7sgL0G86Icx9JrA+KQ==",
      "viewCount": null,
      "duration": "1:43",
      "size": 62041800
    },
    {
      "id": "69a688df-507e-417a-ad88-7a5e25e93bea",
      "pid": "3dbe58d9-530e-4403-b7b9-0409ccc4129a",
      "dblevel": 5,
      "location": "/VGMV/05_NgonNguKyHieu/HoatHinh/LittleBibleHeroes/Sa-mu-en",
      "isVideo": true,
      "url": "05-ngon-ngu-ky-hieu.hoat-hinh.little-bible-heroes.sa-mu-en",
      "name": "Sa-mu-ên",
      "count": 0,
      "isLeaf": null,
      "keyword": null,
      "hash": "",
      "khash": "U2FsdGVkX18sqzSfLJNDwVS7tuq1lZELbIxXT4SxHlcUaQTN4kVb7bUIBLi3PeeH8yR1Xlvc5TWFTP5KVq5OYA==",
      "viewCount": null,
      "duration": "2:16",
      "size": 82349678
    },
    {
      "id": "b787d12b-e6f1-4c55-85c2-655c5ddfd14c",
      "pid": "3dbe58d9-530e-4403-b7b9-0409ccc4129a",
      "dblevel": 5,
      "location": "/VGMV/05_NgonNguKyHieu/HoatHinh/LittleBibleHeroes/SuSangTao",
      "isVideo": true,
      "url": "05-ngon-ngu-ky-hieu.hoat-hinh.little-bible-heroes.su-sang-tao",
      "name": "Sự Sáng Tạo",
      "count": 0,
      "isLeaf": null,
      "keyword": null,
      "hash": "",
      "khash": "U2FsdGVkX18RH62pHMl2XUz5iRzliVaFAIfFKNKbI9OiauHVB1qJeiR+hEwxFE8P1WIAdJBy6YrGkM3CWmnZdw==",
      "viewCount": null,
      "duration": "1:24",
      "size": 50696237
    },
    {
      "id": "764310d5-a200-4a01-9b19-ab530de11cf6",
      "pid": "3dbe58d9-530e-4403-b7b9-0409ccc4129a",
      "dblevel": 5,
      "location": "/VGMV/05_NgonNguKyHieu/HoatHinh/LittleBibleHeroes/E-xo-te",
      "isVideo": true,
      "url": "05-ngon-ngu-ky-hieu.hoat-hinh.little-bible-heroes.e-xo-te",
      "name": "Ê-xơ-tê",
      "count": 0,
      "isLeaf": null,
      "keyword": null,
      "hash": "",
      "khash": "U2FsdGVkX19nqYcUebCaQT7fX88jZggOtJAKF43eFKO09Id5o0gAKatmN6419L/n+sNFnAh5zTqDypL8iB0Zrg==",
      "viewCount": null,
      "duration": "1:18",
      "size": 47824274
    },
    {
      "id": "d5177672-85f7-47ba-8e40-150f44bb2238",
      "pid": "3dbe58d9-530e-4403-b7b9-0409ccc4129a",
      "dblevel": 5,
      "location": "/VGMV/05_NgonNguKyHieu/HoatHinh/LittleBibleHeroes/Da-ni-en",
      "isVideo": true,
      "url": "05-ngon-ngu-ky-hieu.hoat-hinh.little-bible-heroes.da-ni-en",
      "name": "Đa-ni-ên",
      "count": 0,
      "isLeaf": null,
      "keyword": null,
      "hash": "",
      "khash": "U2FsdGVkX18EyAT2gceXmxXx+WDjCDTpPWt34yeOi72y8paQ+pe3hIeJg6VsM+zvfCg3XvoEO/A9tsxiN/qI3A==",
      "viewCount": null,
      "duration": "2:6",
      "size": 76159846
    },
    {
      "id": "aad76881-96dd-4059-bb8a-9e75b3c7eecd",
      "pid": "3dbe58d9-530e-4403-b7b9-0409ccc4129a",
      "dblevel": 5,
      "location": "/VGMV/05_NgonNguKyHieu/HoatHinh/LittleBibleHeroes/Da-vit",
      "isVideo": true,
      "url": "05-ngon-ngu-ky-hieu.hoat-hinh.little-bible-heroes.da-vit",
      "name": "Đa-vít",
      "count": 0,
      "isLeaf": null,
      "keyword": null,
      "hash": "",
      "khash": "U2FsdGVkX1/M5106zR0myf+SGDFqw9HxMA4xfw3woKmhiR1H1x7WnUskA/7nHY3qCQjHrnVdew5TtgTnNYnpmg==",
      "viewCount": null,
      "duration": "1:48",
      "size": 65232591
    },
    {
      "id": "b9255697-4959-4703-a9e2-83bfd4affde6",
      "pid": "3dbe58d9-530e-4403-b7b9-0409ccc4129a",
      "dblevel": 5,
      "location": "/VGMV/05_NgonNguKyHieu/HoatHinh/LittleBibleHeroes/DuaGaiNhoY-so-ra-en",
      "isVideo": true,
      "url": "05-ngon-ngu-ky-hieu.hoat-hinh.little-bible-heroes.dua-gai-nho-y-so-ra-en",
      "name": "Đứa Gái Nhỏ Y-sơ-ra-ên",
      "count": 0,
      "isLeaf": null,
      "keyword": null,
      "hash": "",
      "khash": "U2FsdGVkX1851zDKSA7U+N5uvhDKRWd3jYdouYOCOIiBnDXjTb3ZNRfbvbhnFkKH+YFz7yNTOHiZPDHSGcoLLA==",
      "viewCount": null,
      "duration": "1:26",
      "size": 51880483
    }
  ]
}