{
  "id": "a9f4b878-693a-45e0-8f18-2618fbea7ec2",
  "pid": "e2205af5-a731-4c3f-b2ed-b9433e18d105",
  "dblevel": 3,
  "location": "/VGMV/05_NgonNguKyHieu/ThoPhuongOnline",
  "isVideo": true,
  "url": "05-ngon-ngu-ky-hieu.tho-phuong-online",
  "name": "Thờ Phượng Online",
  "count": 23,
  "isLeaf": true,
  "keyword": null,
  "hash": null,
  "khash": null,
  "viewCount": null,
  "duration": null,
  "size": null,
  "children": [
    {
      "id": "c7ccec79-4998-418d-9594-c7c9fe89721a",
      "pid": "a9f4b878-693a-45e0-8f18-2618fbea7ec2",
      "dblevel": 4,
      "location": "/VGMV/05_NgonNguKyHieu/ThoPhuongOnline/200405CD-HTKH_SongTichCucGiuaDaiDich",
      "isVideo": true,
      "url": "05-ngon-ngu-ky-hieu.tho-phuong-online.200405cd-htkh-song-tich-cuc-giua-dai-dich",
      "name": "200405CD-HTKH_Sống Tích Cực Giữa Đại Dịch",
      "count": 0,
      "isLeaf": null,
      "keyword": null,
      "hash": "",
      "khash": "U2FsdGVkX1+ue/ufMB2cAEjdNqKPNgfBh02u88ONDjZLOlAhRxUcrJHBFgO15JHiFpA36ZE7dk+OZHmNENHx/g==",
      "viewCount": null,
      "duration": "108:50",
      "size": 1771757453
    },
    {
      "id": "34b85e59-74e7-4887-a0a7-f063984712b6",
      "pid": "a9f4b878-693a-45e0-8f18-2618fbea7ec2",
      "dblevel": 4,
      "location": "/VGMV/05_NgonNguKyHieu/ThoPhuongOnline/200405CD-HTTDa_VacThapTuGiaCuaDangChrist",
      "isVideo": true,
      "url": "05-ngon-ngu-ky-hieu.tho-phuong-online.200405cd-httda-vac-thap-tu-gia-cua-dang-christ",
      "name": "200405CD-HTTDa_Vác Thập Tự Giá Của Đấng Christ",
      "count": 0,
      "isLeaf": null,
      "keyword": null,
      "hash": "",
      "khash": "U2FsdGVkX18Q9mI9AjmFpkiNv/D7ZvOryxI5/vtMGuI6+/eCzrWOjH92I/EjMMeUdMXOlvq1pSgnAEykY0+oxA==",
      "viewCount": null,
      "duration": "83:16",
      "size": 1646652901
    },
    {
      "id": "87b4c042-3ee6-4925-90ca-ea5540b5c746",
      "pid": "a9f4b878-693a-45e0-8f18-2618fbea7ec2",
      "dblevel": 4,
      "location": "/VGMV/05_NgonNguKyHieu/ThoPhuongOnline/200409CD-HTKH_ChenDauThuong",
      "isVideo": true,
      "url": "05-ngon-ngu-ky-hieu.tho-phuong-online.200409cd-htkh-chen-dau-thuong",
      "name": "200409CD-HTKH_Chén Đau Thương",
      "count": 0,
      "isLeaf": null,
      "keyword": null,
      "hash": "",
      "khash": "U2FsdGVkX19sdGuPsBzqczNcXUMU2aQWZRiaJRvqKsbx1ZDFNHTy0VnGzMf78r2F9uqRLusF3LF0h572rYIFWA==",
      "viewCount": null,
      "duration": "96:25",
      "size": 1575137560
    },
    {
      "id": "d12ef817-d17e-450e-834f-3f6e7c212bd2",
      "pid": "a9f4b878-693a-45e0-8f18-2618fbea7ec2",
      "dblevel": 4,
      "location": "/VGMV/05_NgonNguKyHieu/ThoPhuongOnline/200409CD-HTTDa_ChenDauThuong",
      "isVideo": true,
      "url": "05-ngon-ngu-ky-hieu.tho-phuong-online.200409cd-httda-chen-dau-thuong",
      "name": "200409CD-HTTDa_Chén Đau Thương",
      "count": 0,
      "isLeaf": null,
      "keyword": null,
      "hash": "",
      "khash": "U2FsdGVkX1/O/FB6QHlt9lUYlLhD6Ivo8S4+5q/CT5fq9MBxlmVspEMe1GhYXaD/jTMGzcLhH0q6PSZGSVQCug==",
      "viewCount": null,
      "duration": "81:35",
      "size": 1358251616
    },
    {
      "id": "9e7a46a6-e13c-4db5-ba83-c0cbd5da66bf",
      "pid": "a9f4b878-693a-45e0-8f18-2618fbea7ec2",
      "dblevel": 4,
      "location": "/VGMV/05_NgonNguKyHieu/ThoPhuongOnline/200409CD-TLH_ChenDauThuong-MSPHTPhanVinhCu",
      "isVideo": true,
      "url": "05-ngon-ngu-ky-hieu.tho-phuong-online.200409cd-tlh-chen-dau-thuong-mspht-phan-vinh-cu",
      "name": "200409CD-TLH_Chén Đau Thương - MSPHT Phan Vĩnh Cự",
      "count": 0,
      "isLeaf": null,
      "keyword": null,
      "hash": "",
      "khash": "U2FsdGVkX1+cAL/empsHjZkGcd29VC2iuYphZVEf5VAgrE1kC2HdLmIWPirUWtZnFbgvvNpU5oTGrVRSWVMudw==",
      "viewCount": null,
      "duration": "40:2",
      "size": 671920787
    },
    {
      "id": "8a1c1712-eb78-4022-ad28-4764bd610a86",
      "pid": "a9f4b878-693a-45e0-8f18-2618fbea7ec2",
      "dblevel": 4,
      "location": "/VGMV/05_NgonNguKyHieu/ThoPhuongOnline/200412CD-HTKH_ChungCoChuaPhucSinh",
      "isVideo": true,
      "url": "05-ngon-ngu-ky-hieu.tho-phuong-online.200412cd-htkh-chung-co-chua-phuc-sinh",
      "name": "200412CD-HTKH_Chứng Cớ Chúa Phục Sinh",
      "count": 0,
      "isLeaf": null,
      "keyword": null,
      "hash": "",
      "khash": "U2FsdGVkX18SLyuKISM6L+d2He0xGZebTQzefzpO2/T/1VeHPl/pV4iVz5RDcR6ovU/ROyEoo+9MkHT2mokCkg==",
      "viewCount": null,
      "duration": "105:40",
      "size": 1697281486
    },
    {
      "id": "ad509817-8b24-4acd-b75a-239b7ea89ee2",
      "pid": "a9f4b878-693a-45e0-8f18-2618fbea7ec2",
      "dblevel": 4,
      "location": "/VGMV/05_NgonNguKyHieu/ThoPhuongOnline/200412CD-HTTDa_ChungCoChuaPhucSinh",
      "isVideo": true,
      "url": "05-ngon-ngu-ky-hieu.tho-phuong-online.200412cd-httda-chung-co-chua-phuc-sinh",
      "name": "200412CD-HTTDa_Chứng Cớ Chúa Phục Sinh",
      "count": 0,
      "isLeaf": null,
      "keyword": null,
      "hash": "",
      "khash": "U2FsdGVkX18/is+cUhs9nUOmwntgVaKfkON88P0Dacw+zM0izTSbAF7CJpBXqzQ9rFg7rCW2goZfqyXoIXv8bw==",
      "viewCount": null,
      "duration": "82:38",
      "size": 1385124006
    },
    {
      "id": "e3d9c66d-2d99-4768-a659-b19a9570ebff",
      "pid": "a9f4b878-693a-45e0-8f18-2618fbea7ec2",
      "dblevel": 4,
      "location": "/VGMV/05_NgonNguKyHieu/ThoPhuongOnline/200412CD-TLH_ChungCoChuaPhucSinh-MSHTThaiPhuocTruong",
      "isVideo": true,
      "url": "05-ngon-ngu-ky-hieu.tho-phuong-online.200412cd-tlh-chung-co-chua-phuc-sinh-msht-thai-phuoc-truong",
      "name": "200412CD-TLH_Chứng Cớ Chúa Phục Sinh - MSHT Thái Phước Trường",
      "count": 0,
      "isLeaf": null,
      "keyword": null,
      "hash": "",
      "khash": "U2FsdGVkX18f8nt3Neu0zhCWSgLmU9iRIa3rd7UyOrdue6/8hQzp1FRLJZPGhPW0GtdcLFy+UEPMBWebQ5b7rw==",
      "viewCount": null,
      "duration": "49:29",
      "size": 831025846
    },
    {
      "id": "a9a7d7a2-aaf9-41fe-bdd9-b7c917c87c51",
      "pid": "a9f4b878-693a-45e0-8f18-2618fbea7ec2",
      "dblevel": 4,
      "location": "/VGMV/05_NgonNguKyHieu/ThoPhuongOnline/200419CD-HTKH_VungTinNoiDangSong",
      "isVideo": true,
      "url": "05-ngon-ngu-ky-hieu.tho-phuong-online.200419cd-htkh-vung-tin-noi-dang-song",
      "name": "200419CD-HTKH_Vững Tin Nơi Đấng Sống",
      "count": 0,
      "isLeaf": null,
      "keyword": null,
      "hash": "",
      "khash": "U2FsdGVkX1+LRi9ta/ByXkNrUjpopwCAcyhbMlv0FiBCvsWlyUTfu4JIm+XU02lYI3L+e1YxolKOcdImVZwp3A==",
      "viewCount": null,
      "duration": "91:42",
      "size": 1511536208
    },
    {
      "id": "2bafb64e-a576-46df-b1ae-7633d070d119",
      "pid": "a9f4b878-693a-45e0-8f18-2618fbea7ec2",
      "dblevel": 4,
      "location": "/VGMV/05_NgonNguKyHieu/ThoPhuongOnline/200419CD-HTTDa_BoiOnCuaChuaSong",
      "isVideo": true,
      "url": "05-ngon-ngu-ky-hieu.tho-phuong-online.200419cd-httda-boi-on-cua-chua-song",
      "name": "200419CD-HTTDa_Bởi Ơn Của Chúa Sống",
      "count": 0,
      "isLeaf": null,
      "keyword": null,
      "hash": "",
      "khash": "U2FsdGVkX1/MLszWjrHP/07hqf1xXejEDkCQbZpm6M88B+kCqajZAZG3OqsRwN6WaENx2FxqajMzHnOGkZCYFg==",
      "viewCount": null,
      "duration": "61:4",
      "size": 1263138713
    },
    {
      "id": "e33cc2bd-bf6f-4f4b-862e-5f9b47392f90",
      "pid": "a9f4b878-693a-45e0-8f18-2618fbea7ec2",
      "dblevel": 4,
      "location": "/VGMV/05_NgonNguKyHieu/ThoPhuongOnline/200426CD_HTKH_CoDocNhanDoiDienVoiBaoTo",
      "isVideo": true,
      "url": "05-ngon-ngu-ky-hieu.tho-phuong-online.200426cd-htkh-co-doc-nhan-doi-dien-voi-bao-to",
      "name": "200426CD_HTKH_Cơ Đốc Nhân Đối Diện Với Bảo Tố",
      "count": 0,
      "isLeaf": null,
      "keyword": null,
      "hash": "",
      "khash": "U2FsdGVkX19Fz6GKXSP3xzNUOUMmSuHt5L69cfd/Hx+LAX4ELEOz6vE1mwBMNRRTZqPkgnfLoWkEJG1HO8F1bg==",
      "viewCount": null,
      "duration": "89:9",
      "size": 1354128230
    },
    {
      "id": "d20acf2a-d073-4dda-ae80-df361bad91de",
      "pid": "a9f4b878-693a-45e0-8f18-2618fbea7ec2",
      "dblevel": 4,
      "location": "/VGMV/05_NgonNguKyHieu/ThoPhuongOnline/200426CD_HTTDa_GapChuaPhucSinh",
      "isVideo": true,
      "url": "05-ngon-ngu-ky-hieu.tho-phuong-online.200426cd-httda-gap-chua-phuc-sinh",
      "name": "200426CD_HTTDa_Gặp Chúa Phục Sinh",
      "count": 0,
      "isLeaf": null,
      "keyword": null,
      "hash": "",
      "khash": "U2FsdGVkX19mgmsa+EwfYaBPHKCSuGt02qxKsDfuCNbwRkCRrBSozieJ/CdpCnyad278PobN+UZfycs3uhI0RQ==",
      "viewCount": null,
      "duration": "77:39",
      "size": 1540020048
    },
    {
      "id": "168f58e8-df7f-4091-9b2c-bf6b8ae9890a",
      "pid": "a9f4b878-693a-45e0-8f18-2618fbea7ec2",
      "dblevel": 4,
      "location": "/VGMV/05_NgonNguKyHieu/ThoPhuongOnline/200503CD-HTKH_BaDieuKhongDuocMat",
      "isVideo": true,
      "url": "05-ngon-ngu-ky-hieu.tho-phuong-online.200503cd-htkh-ba-dieu-khong-duoc-mat",
      "name": "200503CD-HTKH_Ba Điều Không Được Mất",
      "count": 0,
      "isLeaf": null,
      "keyword": null,
      "hash": "",
      "khash": "U2FsdGVkX1+2GKRx6t5oFSgS9gF4R9OksUDNQdooIgkmwstEWu7GX19tfBM3evcEATT6W3CyN5HNhTQT6/yUoQ==",
      "viewCount": null,
      "duration": "109:20",
      "size": 2097673243
    },
    {
      "id": "a8b5a080-20c6-49c2-83a8-213b7fcefb5f",
      "pid": "a9f4b878-693a-45e0-8f18-2618fbea7ec2",
      "dblevel": 4,
      "location": "/VGMV/05_NgonNguKyHieu/ThoPhuongOnline/200503CD-HTTDa_TrongCayDucChuaTroi",
      "isVideo": true,
      "url": "05-ngon-ngu-ky-hieu.tho-phuong-online.200503cd-httda-trong-cay-duc-chua-troi",
      "name": "200503CD-HTTDa_Trông Cậy Đức Chúa Trời",
      "count": 0,
      "isLeaf": null,
      "keyword": null,
      "hash": "",
      "khash": "U2FsdGVkX18cnkpYgeHMAOJfqMWrSUgo909n7rWVwXbvTp5O0AdSZIIifrRxfqDPhK7ep6mtk+yT0r5MC1eTMA==",
      "viewCount": null,
      "duration": "81:54",
      "size": 1375169204
    },
    {
      "id": "c85a3329-e3bd-4a83-b525-612a26abffd3",
      "pid": "a9f4b878-693a-45e0-8f18-2618fbea7ec2",
      "dblevel": 4,
      "location": "/VGMV/05_NgonNguKyHieu/ThoPhuongOnline/200802CD-HTTDa_DauTheNaoToiCungTaOnChua",
      "isVideo": true,
      "url": "05-ngon-ngu-ky-hieu.tho-phuong-online.200802cd-httda-dau-the-nao-toi-cung-ta-on-chua",
      "name": "200802CD-HTTDa_Dầu Thế Nào Tôi Cũng Tạ Ơn Chúa",
      "count": 0,
      "isLeaf": null,
      "keyword": null,
      "hash": "",
      "khash": "U2FsdGVkX181m19jFAUbfGGpI/RlizM/jj7aMBg80bAEscSyvgNv0oRA2ZeXT6KP6wQhEyaA7+wnro54wana6A==",
      "viewCount": null,
      "duration": "82:20",
      "size": 1324172297
    },
    {
      "id": "0b3bd8a7-9902-4b5b-9399-996f82e0278b",
      "pid": "a9f4b878-693a-45e0-8f18-2618fbea7ec2",
      "dblevel": 4,
      "location": "/VGMV/05_NgonNguKyHieu/ThoPhuongOnline/200809CD-HTKH_KinhThanhQuyBau",
      "isVideo": true,
      "url": "05-ngon-ngu-ky-hieu.tho-phuong-online.200809cd-htkh-kinh-thanh-quy-bau",
      "name": "200809CD-HTKH_Kinh Thánh Quý Báu",
      "count": 0,
      "isLeaf": null,
      "keyword": null,
      "hash": "",
      "khash": "U2FsdGVkX1/5MEqWEoC+fs3/Lf6m7OwnoNFXQ7W7dfWdCATd59dUot6zRuwIp8Z6ZBJTo5QAlhZcmijNlorOvQ==",
      "viewCount": null,
      "duration": "85:17",
      "size": 1567027240
    },
    {
      "id": "c70c7ec3-01fc-48f9-aeee-d67dc979c804",
      "pid": "a9f4b878-693a-45e0-8f18-2618fbea7ec2",
      "dblevel": 4,
      "location": "/VGMV/05_NgonNguKyHieu/ThoPhuongOnline/200809CD-HTTDa_ChuaLuonOCungChungTa",
      "isVideo": true,
      "url": "05-ngon-ngu-ky-hieu.tho-phuong-online.200809cd-httda-chua-luon-o-cung-chung-ta",
      "name": "200809CD-HTTDa_Chúa Luôn Ở Cùng Chúng Ta",
      "count": 0,
      "isLeaf": null,
      "keyword": null,
      "hash": "",
      "khash": "U2FsdGVkX1+UugQ39HcIokxmfkAIHxz8lWIvLSLNpHheLvoaFeu7nuwV5wWh+Y1QlOecNYGX8ZEzSk2/qsWFvg==",
      "viewCount": null,
      "duration": "66:47",
      "size": 1339818191
    },
    {
      "id": "6f3101df-4b29-4954-8a9e-481ba59c1509",
      "pid": "a9f4b878-693a-45e0-8f18-2618fbea7ec2",
      "dblevel": 4,
      "location": "/VGMV/05_NgonNguKyHieu/ThoPhuongOnline/200816CD-HTKH_NenLamGiTrongLucNay",
      "isVideo": true,
      "url": "05-ngon-ngu-ky-hieu.tho-phuong-online.200816cd-htkh-nen-lam-gi-trong-luc-nay",
      "name": "200816CD-HTKH_Nên Làm Gì Trong Lúc Này",
      "count": 0,
      "isLeaf": null,
      "keyword": null,
      "hash": "",
      "khash": "U2FsdGVkX19aNFYlFkg85L11cXQ/Mg+nqMZepQrSYIUKTSIrvwRYBJ85vPJX8zhooc/L0Ujg70GZPjUNbymOiQ==",
      "viewCount": null,
      "duration": "75:17",
      "size": 1500648030
    },
    {
      "id": "19dd6716-2562-44d8-86b8-7f2092b4a3f2",
      "pid": "a9f4b878-693a-45e0-8f18-2618fbea7ec2",
      "dblevel": 4,
      "location": "/VGMV/05_NgonNguKyHieu/ThoPhuongOnline/200816CD-HTTDa_NgoiKhenCamTaChua",
      "isVideo": true,
      "url": "05-ngon-ngu-ky-hieu.tho-phuong-online.200816cd-httda-ngoi-khen-cam-ta-chua",
      "name": "200816CD-HTTDa_Ngợi Khen Cảm Tạ Chúa",
      "count": 0,
      "isLeaf": null,
      "keyword": null,
      "hash": "",
      "khash": "U2FsdGVkX19Hd+qTBG6rG3/9esEdzB4mzurPB3U820Z7lQfGQjcgZ//jrRaogoySsmFY+dZhJhynPtg9+e3HfA==",
      "viewCount": null,
      "duration": "64:4",
      "size": 1027077537
    },
    {
      "id": "0fd765bc-8164-4424-8fd5-715d705663ae",
      "pid": "a9f4b878-693a-45e0-8f18-2618fbea7ec2",
      "dblevel": 4,
      "location": "/VGMV/05_NgonNguKyHieu/ThoPhuongOnline/200823CD-HTKH_Gia-copDuocGapChua",
      "isVideo": true,
      "url": "05-ngon-ngu-ky-hieu.tho-phuong-online.200823cd-htkh-gia-cop-duoc-gap-chua",
      "name": "200823CD-HTKH_Gia-cốp Được Gặp Chúa",
      "count": 0,
      "isLeaf": null,
      "keyword": null,
      "hash": "",
      "khash": "U2FsdGVkX18IxVKlY424W4wCA0//PYrEm5bJu63t5sbBCgUs9dNpiCvDwpxa7WQFvLIxv0UtjdxayQg3WKSP2g==",
      "viewCount": null,
      "duration": "100:36",
      "size": 1809273890
    },
    {
      "id": "67055670-60c3-43cb-a15d-f93f5fe9b607",
      "pid": "a9f4b878-693a-45e0-8f18-2618fbea7ec2",
      "dblevel": 4,
      "location": "/VGMV/05_NgonNguKyHieu/ThoPhuongOnline/200823CD-HTTDa_HayTaOnChua",
      "isVideo": true,
      "url": "05-ngon-ngu-ky-hieu.tho-phuong-online.200823cd-httda-hay-ta-on-chua",
      "name": "200823CD-HTTDa_Hãy Tạ Ơn Chúa",
      "count": 0,
      "isLeaf": null,
      "keyword": null,
      "hash": "",
      "khash": "U2FsdGVkX19s9Z/glDbIHsHfZVJBK+uQ6nrUdKb3+GJtUnqVRdPdF5qDwIj73XlypmHUffwecg6PHPPIQH8gsQ==",
      "viewCount": null,
      "duration": "67:42",
      "size": 1082572965
    },
    {
      "id": "85047687-ab78-4b80-ae8e-7afb4a4e6800",
      "pid": "a9f4b878-693a-45e0-8f18-2618fbea7ec2",
      "dblevel": 4,
      "location": "/VGMV/05_NgonNguKyHieu/ThoPhuongOnline/200830CD-HTKH_LamSangDanhChuaTrongNhungNgayCuoiCung",
      "isVideo": true,
      "url": "05-ngon-ngu-ky-hieu.tho-phuong-online.200830cd-htkh-lam-sang-danh-chua-trong-nhung-ngay-cuoi-cung",
      "name": "200830CD-HTKH_Làm Sáng Danh Chúa Trong Những Ngày Cuối Cùng",
      "count": 0,
      "isLeaf": null,
      "keyword": null,
      "hash": "",
      "khash": "U2FsdGVkX1+YrMUa8e5Bcnb8Wtm45T180TW3pRs/WLOT5yCkiBz7H010QSz/EfD8vv+MzhW0726jXiwt64vH9A==",
      "viewCount": null,
      "duration": "86:40",
      "size": 1467326681
    },
    {
      "id": "5681f52d-bae8-436f-9f0a-febdceededf5",
      "pid": "a9f4b878-693a-45e0-8f18-2618fbea7ec2",
      "dblevel": 4,
      "location": "/VGMV/05_NgonNguKyHieu/ThoPhuongOnline/200830CD-HTTDa_SuBaoVeCuaChuaChoCoDocNhan",
      "isVideo": true,
      "url": "05-ngon-ngu-ky-hieu.tho-phuong-online.200830cd-httda-su-bao-ve-cua-chua-cho-co-doc-nhan",
      "name": "200830CD-HTTDa_Sự Bảo Vệ Của Chúa Cho Cơ Đốc Nhân",
      "count": 0,
      "isLeaf": null,
      "keyword": null,
      "hash": "",
      "khash": "U2FsdGVkX1+wsMNthPoDfbqmX6sxnFS1Pqnr/37UjWazuLHq4xxG26ZWLrEBH68pQqV0WaEvmjGikP9dq/8YrA==",
      "viewCount": null,
      "duration": "64:56",
      "size": 1038623142
    }
  ]
}