{
  "id": "2d1a7fe3-687c-4b59-9b94-60d4bd4af089",
  "pid": "d677a665-95b0-407a-9be8-667c3e49d2fd",
  "dblevel": 4,
  "location": "/VGMV/06-Phim/PhimveChuaGie-xu/ConThienChua",
  "isVideo": true,
  "url": "06-phim.phim-ve-chua-gie-xu.con-thien-chua",
  "name": "Con Thiên Chúa",
  "count": 1,
  "isLeaf": true,
  "keyword": null,
  "hash": null,
  "khash": null,
  "viewCount": null,
  "duration": null,
  "size": null,
  "children": [
    {
      "id": "65e054d1-9bd1-4ed8-a5f4-73c6a3ad1f4d",
      "pid": "2d1a7fe3-687c-4b59-9b94-60d4bd4af089",
      "dblevel": 5,
      "location": "/VGMV/06-Phim/PhimveChuaGie-xu/ConThienChua/ConThienChua",
      "isVideo": true,
      "url": "06-phim.phim-ve-chua-gie-xu.con-thien-chua.con-thien-chua",
      "name": "Con Thiên Chúa",
      "count": 0,
      "isLeaf": null,
      "keyword": null,
      "hash": "",
      "khash": "U2FsdGVkX19ED+oRCaTOO1/9IE/cZMCuCyRJTMfPfAq6rbl1Q3lM7wze27Cq9Avop3phb/7UYQRr/4yGUxYDNQ==",
      "viewCount": null,
      "duration": "138:13",
      "size": 3640312185
    }
  ]
}