{
  "id": "463430cd-7c54-431d-b1dd-07f44343ad7f",
  "pid": "04e31d82-0e53-4499-a15e-05223d17a1e3",
  "dblevel": 3,
  "location": "/VGMV/06-Phim/PhimLoiChung",
  "isVideo": true,
  "url": "06-phim.phim-loi-chung",
  "name": "Phim Lời Chứng",
  "count": 7,
  "isLeaf": true,
  "keyword": null,
  "hash": null,
  "khash": null,
  "viewCount": null,
  "duration": null,
  "size": null,
  "children": [
    {
      "id": "e2082523-c714-49ea-8e6f-3206f0ea5d0e",
      "pid": "463430cd-7c54-431d-b1dd-07f44343ad7f",
      "dblevel": 4,
      "location": "/VGMV/06-Phim/PhimLoiChung/BatDauTuTamLong",
      "isVideo": true,
      "url": "06-phim.phim-loi-chung.bat-dau-tu-tam-long",
      "name": "Bắt Đầu Từ Tấm Lòng",
      "count": 0,
      "isLeaf": null,
      "keyword": null,
      "hash": "",
      "khash": "U2FsdGVkX1+PyCyh706www0pXZ3lPS8zRA3e9fpY0gyf3x3ythqI8FDizMxvs3K8klZF1Hpi/UF2UaUBf9IQRQ==",
      "viewCount": null,
      "duration": "77:0",
      "size": 1906983249
    },
    {
      "id": "00576d47-a862-4e16-88e9-2c197e301ab0",
      "pid": "463430cd-7c54-431d-b1dd-07f44343ad7f",
      "dblevel": 4,
      "location": "/VGMV/06-Phim/PhimLoiChung/CuocDoiLenaMaria",
      "isVideo": true,
      "url": "06-phim.phim-loi-chung.cuoc-doi-lena-maria",
      "name": "Cuộc Đời Lena Maria",
      "count": 0,
      "isLeaf": null,
      "keyword": null,
      "hash": "",
      "khash": "U2FsdGVkX187wOfj9lm2wH+pvFnDww85uRHERpH1Q1HyqdoyNCYTAyKOzzE6d892571w+MhRUe3mx5b/ibMWbw==",
      "viewCount": null,
      "duration": "32:28",
      "size": 392822043
    },
    {
      "id": "ee35011e-fe83-4812-b4d6-40eb24bdb39b",
      "pid": "463430cd-7c54-431d-b1dd-07f44343ad7f",
      "dblevel": 4,
      "location": "/VGMV/06-Phim/PhimLoiChung/LoichungMorimoto",
      "isVideo": true,
      "url": "06-phim.phim-loi-chung.loi-chung-morimoto",
      "name": "Lời chứng Morimoto",
      "count": 0,
      "isLeaf": null,
      "keyword": null,
      "hash": "",
      "khash": "U2FsdGVkX1+QX96GXDm86mKtrAf05g7gkhQ/b3lVwjZ6yE3jnfOUDK08RxHaIXFVtBaILdCTH9J6yJIf/hKb/Q==",
      "viewCount": null,
      "duration": "32:41",
      "size": 805592536
    },
    {
      "id": "9bf39701-4edf-4f7e-b42c-ebb83ee80ca5",
      "pid": "463430cd-7c54-431d-b1dd-07f44343ad7f",
      "dblevel": 4,
      "location": "/VGMV/06-Phim/PhimLoiChung/NguonSuSong",
      "isVideo": true,
      "url": "06-phim.phim-loi-chung.nguon-su-song",
      "name": "Nguồn Sự Sống",
      "count": 0,
      "isLeaf": null,
      "keyword": null,
      "hash": "",
      "khash": "U2FsdGVkX1/uFNnOoL17XeC4rJgmz5cp7Srr8E0iHB4gkfQomt/ZE8xjZjzZwXvj7Q5hzLaqkiiMT+kFd+3HDQ==",
      "viewCount": null,
      "duration": "59:48",
      "size": 957212056
    },
    {
      "id": "3e1f3a32-aac9-4d1e-8834-180c83f4972f",
      "pid": "463430cd-7c54-431d-b1dd-07f44343ad7f",
      "dblevel": 4,
      "location": "/VGMV/06-Phim/PhimLoiChung/TraiTimThienThan",
      "isVideo": true,
      "url": "06-phim.phim-loi-chung.trai-tim-thien-than",
      "name": "Trái Tim Thiên Thần",
      "count": 0,
      "isLeaf": null,
      "keyword": null,
      "hash": "",
      "khash": "U2FsdGVkX18AvKakAF9X3y1MA2xd7DauDkhIeYU2iD65QK3RqloVgpONdpqYeCfoh4a2U28DatrEG0AA6MwiPA==",
      "viewCount": null,
      "duration": "75:59",
      "size": 1492424390
    },
    {
      "id": "29cfd1a8-3179-418c-b64d-b1fd75e50db1",
      "pid": "463430cd-7c54-431d-b1dd-07f44343ad7f",
      "dblevel": 4,
      "location": "/VGMV/06-Phim/PhimLoiChung/TuHanThuDenThaThu",
      "isVideo": true,
      "url": "06-phim.phim-loi-chung.tu-han-thu-den-tha-thu",
      "name": "Từ Hận Thù Đến Tha Thứ",
      "count": 0,
      "isLeaf": null,
      "keyword": null,
      "hash": "",
      "khash": "U2FsdGVkX19eiKhri3HWUOHw37smI43ft+CoCiNOvIJKABVFQtZ7CGyorF2MvMp+Zxi2yNbbz+g5h6OgIXA1MA==",
      "viewCount": null,
      "duration": "34:53",
      "size": 556448725
    },
    {
      "id": "f10fb628-deb5-4a3f-82a3-f1e78868f883",
      "pid": "463430cd-7c54-431d-b1dd-07f44343ad7f",
      "dblevel": 4,
      "location": "/VGMV/06-Phim/PhimLoiChung/YeuConMaiMai",
      "isVideo": true,
      "url": "06-phim.phim-loi-chung.yeu-con-mai-mai",
      "name": "Yêu Con Mãi Mãi",
      "count": 0,
      "isLeaf": null,
      "keyword": null,
      "hash": "",
      "khash": "U2FsdGVkX1+NMF7OIkocDZC5bNPrIE7wH2a8r5fUDUYcphCBqqbRdanzlcW27IVRde1x1zwwS9VXgLuEViAKLA==",
      "viewCount": null,
      "duration": "37:21",
      "size": 728834133
    }
  ]
}