{
  "id": "91344291-985a-444b-859a-d3607c585841",
  "pid": "e3490c0c-6b5a-4d96-8952-c2cb6bd9261b",
  "dblevel": 4,
  "location": "/VGMV/06-Phim/PhimTruyen/KyLua",
  "isVideo": true,
  "url": "06-phim.phim-truyen.ky-lua",
  "name": "Kỵ Lửa",
  "count": 2,
  "isLeaf": true,
  "keyword": null,
  "hash": null,
  "khash": null,
  "viewCount": null,
  "duration": null,
  "size": null,
  "children": [
    {
      "id": "fcb35326-e7d5-44f0-b725-1024123e8f21",
      "pid": "91344291-985a-444b-859a-d3607c585841",
      "dblevel": 5,
      "location": "",
      "isVideo": true,
      "url": "06-phim.phim-truyen.ky-lua.ky-lua",
      "name": "Kỵ Lửa",
      "count": 0,
      "isLeaf": null,
      "keyword": null,
      "hash": null,
      "khash": null,
      "viewCount": null,
      "duration": "118:14",
      "size": 2947817071
    }
  ]
}