{
  "id": "8bf96e1f-82b8-4022-a322-8b45144e1d2f",
  "pid": "e3490c0c-6b5a-4d96-8952-c2cb6bd9261b",
  "dblevel": 4,
  "location": "/VGMV/06-Phim/PhimTruyen/SongLai",
  "isVideo": true,
  "url": "06-phim.phim-truyen.song-lai",
  "name": "Sống Lại",
  "count": 2,
  "isLeaf": true,
  "keyword": null,
  "hash": null,
  "khash": null,
  "viewCount": null,
  "duration": null,
  "size": null,
  "children": [
    {
      "id": "37079678-6c28-4edd-b373-d1711837b0d3",
      "pid": "8bf96e1f-82b8-4022-a322-8b45144e1d2f",
      "dblevel": 5,
      "location": "",
      "isVideo": true,
      "url": "06-phim.phim-truyen.song-lai.song-lai",
      "name": "Sống Lại",
      "count": 0,
      "isLeaf": null,
      "keyword": null,
      "hash": null,
      "khash": null,
      "viewCount": null,
      "duration": "107:38",
      "size": 2836706596
    }
  ]
}