{
  "id": "59423982-b3b5-4d3d-9366-8b1a6b8ad802",
  "pid": "e3490c0c-6b5a-4d96-8952-c2cb6bd9261b",
  "dblevel": 4,
  "location": "/VGMV/06-Phim/PhimTruyen/DoiBongDaSacToc",
  "isVideo": true,
  "url": "06-phim.phim-truyen.doi-bong-da-sac-toc",
  "name": "Đội Bóng Đa Sắc Tộc",
  "count": 2,
  "isLeaf": true,
  "keyword": null,
  "hash": null,
  "khash": null,
  "viewCount": null,
  "duration": null,
  "size": null,
  "children": [
    {
      "id": "9941e7ac-037a-4de3-ad23-5dfdae52d191",
      "pid": "59423982-b3b5-4d3d-9366-8b1a6b8ad802",
      "dblevel": 5,
      "location": "",
      "isVideo": true,
      "url": "06-phim.phim-truyen.doi-bong-da-sac-toc.doi-bong-da-sac-toc",
      "name": "Đội Bóng Đa Sắc Tộc",
      "count": 0,
      "isLeaf": null,
      "keyword": null,
      "hash": null,
      "khash": null,
      "viewCount": null,
      "duration": "123:57",
      "size": 3280437430
    }
  ]
}