{
  "id": "eaecf82a-bafa-42a8-b2cb-d9e9f993c049",
  "pid": "e3490c0c-6b5a-4d96-8952-c2cb6bd9261b",
  "dblevel": 4,
  "location": "/VGMV/06-Phim/PhimTruyen/VachNuiHacksaw",
  "isVideo": true,
  "url": "06-phim.phim-truyen.vach-nui-hacksaw",
  "name": "Vách Núi Hacksaw",
  "count": 2,
  "isLeaf": true,
  "keyword": null,
  "hash": null,
  "khash": null,
  "viewCount": null,
  "duration": null,
  "size": null,
  "children": [
    {
      "id": "552840e2-1137-4e76-8dcc-ffae9f516763",
      "pid": "eaecf82a-bafa-42a8-b2cb-d9e9f993c049",
      "dblevel": 5,
      "location": "",
      "isVideo": true,
      "url": "06-phim.phim-truyen.vach-nui-hacksaw.vach-nui-hacksaw",
      "name": "Vách Núi Hacksaw",
      "count": 0,
      "isLeaf": null,
      "keyword": null,
      "hash": null,
      "khash": null,
      "viewCount": null,
      "duration": "139:20",
      "size": 3439272824
    }
  ]
}