{
  "id": "3a092608-1752-4398-9a45-71a593a40e9b",
  "pid": "e3490c0c-6b5a-4d96-8952-c2cb6bd9261b",
  "dblevel": 4,
  "location": "/VGMV/06-Phim/PhimTruyen/MartinLuther",
  "isVideo": true,
  "url": "06-phim.phim-truyen.martin-luther",
  "name": "Martin Luther",
  "count": 2,
  "isLeaf": true,
  "keyword": null,
  "hash": null,
  "khash": null,
  "viewCount": null,
  "duration": null,
  "size": null,
  "children": [
    {
      "id": "3fb750db-d46c-4f19-b474-bd6aa20ae0be",
      "pid": "3a092608-1752-4398-9a45-71a593a40e9b",
      "dblevel": 5,
      "location": "",
      "isVideo": true,
      "url": "06-phim.phim-truyen.martin-luther.martin-luther",
      "name": "Martin Luther",
      "count": 0,
      "isLeaf": null,
      "keyword": null,
      "hash": null,
      "khash": null,
      "viewCount": null,
      "duration": "123:22",
      "size": 3235425945
    }
  ]
}