{
  "id": "66d18cb0-752f-4f9d-82f5-d331b02396c5",
  "pid": "e3490c0c-6b5a-4d96-8952-c2cb6bd9261b",
  "dblevel": 4,
  "location": "/VGMV/06-Phim/PhimTruyen/Ba-ra-ba(2012)",
  "isVideo": true,
  "url": "06-phim.phim-truyen.ba-ra-ba-2012",
  "name": "Ba-ra-ba 2012",
  "count": 3,
  "isLeaf": true,
  "keyword": null,
  "hash": null,
  "khash": null,
  "viewCount": null,
  "duration": null,
  "size": null,
  "children": [
    {
      "id": "8ebacaa0-7c5a-4f02-8491-8dcdb6cb7cf4",
      "pid": "66d18cb0-752f-4f9d-82f5-d331b02396c5",
      "dblevel": 5,
      "location": "/VGMV/06-Phim/PhimTruyen/Ba-ra-ba(2012)/Ba-ra-ba(2012)-P1",
      "isVideo": true,
      "url": "06-phim.phim-truyen.ba-ra-ba-2012.ba-ra-ba-2012-p1",
      "name": "Ba-ra-ba 2012 - P1",
      "count": 0,
      "isLeaf": null,
      "keyword": null,
      "hash": "",
      "khash": "U2FsdGVkX1+Jkmc7TwIWrl6wd4q4RYhUSKNA4ZxvrRG+0xCX8tIZd9LsEeV/mz3NuQhPTDE6p48d/Ci2RvUDvQ==",
      "viewCount": null,
      "duration": "92:23",
      "size": 2451935171
    },
    {
      "id": "2de5c0c9-0ce3-40fb-b78f-aa4300c0ba84",
      "pid": "66d18cb0-752f-4f9d-82f5-d331b02396c5",
      "dblevel": 5,
      "location": "",
      "isVideo": true,
      "url": "06-phim.phim-truyen.ba-ra-ba-2012.ba-ra-ba-2012-p2",
      "name": "Ba-ra-ba 2012 - P2",
      "count": 0,
      "isLeaf": null,
      "keyword": null,
      "hash": null,
      "khash": null,
      "viewCount": null,
      "duration": "89:54",
      "size": 2383833190
    }
  ]
}