{
  "id": "58bdbdaf-306f-4952-9b09-067f4fe08000",
  "pid": "e3490c0c-6b5a-4d96-8952-c2cb6bd9261b",
  "dblevel": 4,
  "location": "/VGMV/06-Phim/PhimTruyen/NguoiChienThang",
  "isVideo": true,
  "url": "06-phim.phim-truyen.nguoi-chien-thang",
  "name": "Người Chiến Thắng",
  "count": 2,
  "isLeaf": true,
  "keyword": null,
  "hash": null,
  "khash": null,
  "viewCount": null,
  "duration": null,
  "size": null,
  "children": [
    {
      "id": "f0f0da2e-8ef7-4ab3-be9f-ce9e17bdea70",
      "pid": "58bdbdaf-306f-4952-9b09-067f4fe08000",
      "dblevel": 5,
      "location": "",
      "isVideo": true,
      "url": "06-phim.phim-truyen.nguoi-chien-thang.nguoi-chien-thang",
      "name": "Người Chiến Thắng",
      "count": 0,
      "isLeaf": null,
      "keyword": null,
      "hash": null,
      "khash": null,
      "viewCount": null,
      "duration": "119:10",
      "size": 3530430246
    }
  ]
}