{
  "id": "26899aba-fdfc-48f4-8892-6f69cf61fd00",
  "pid": "e3490c0c-6b5a-4d96-8952-c2cb6bd9261b",
  "dblevel": 4,
  "location": "/VGMV/06-Phim/PhimTruyen/CoBeClancy",
  "isVideo": true,
  "url": "06-phim.phim-truyen.co-be-clancy",
  "name": "Cô Bé Clancy",
  "count": 2,
  "isLeaf": true,
  "keyword": null,
  "hash": null,
  "khash": null,
  "viewCount": null,
  "duration": null,
  "size": null,
  "children": [
    {
      "id": "3fa3467b-4e87-4490-9dab-1d3af97a0b33",
      "pid": "26899aba-fdfc-48f4-8892-6f69cf61fd00",
      "dblevel": 5,
      "location": "",
      "isVideo": true,
      "url": "06-phim.phim-truyen.co-be-clancy.co-be-clancy",
      "name": "Cô Bé Clancy",
      "count": 0,
      "isLeaf": null,
      "keyword": null,
      "hash": null,
      "khash": null,
      "viewCount": null,
      "duration": "118:54",
      "size": 3518600698
    }
  ]
}