{
  "id": "61382740-197a-4106-a78c-d49bfb3ae1d4",
  "pid": "d677a665-95b0-407a-9be8-667c3e49d2fd",
  "dblevel": 4,
  "location": "/VGMV/06-Phim/PhimveChuaGie-xu/TheoDauChanChuaGie-xu",
  "isVideo": true,
  "url": "06-phim.phim-ve-chua-gie-xu.theo-dau-chan-chua-gie-xu",
  "name": "Theo Dấu Chân Chúa Giê-xu",
  "count": 1,
  "isLeaf": true,
  "keyword": null,
  "hash": null,
  "khash": null,
  "viewCount": null,
  "duration": null,
  "size": null,
  "children": [
    {
      "id": "8dd34aee-3378-4f0f-ad0e-5154ee2946fd",
      "pid": "61382740-197a-4106-a78c-d49bfb3ae1d4",
      "dblevel": 5,
      "location": "/VGMV/06-Phim/PhimveChuaGie-xu/TheoDauChanChuaGie-xu/TheoDauChanChuaGie-xu",
      "isVideo": true,
      "url": "06-phim.phim-ve-chua-gie-xu.theo-dau-chan-chua-gie-xu.theo-dau-chan-chua-gie-xu",
      "name": "Theo Dấu Chân Chúa Giê-xu",
      "count": 0,
      "isLeaf": null,
      "keyword": null,
      "hash": "",
      "khash": "U2FsdGVkX19g6km2x7UGU2VtPYs4qGKwCsAeXpOFZRA84E+6UFyls4wq9OZ4RcWl8DrE8SVzd6GnLWh3M2EDUQ==",
      "viewCount": null,
      "duration": "53:50",
      "size": 3767091860
    }
  ]
}