{
  "id": "8a7cf05b-f7f1-4abf-9da6-5fe0c3d62435",
  "pid": "d677a665-95b0-407a-9be8-667c3e49d2fd",
  "dblevel": 4,
  "location": "/VGMV/06-Phim/PhimveChuaGie-xu/VuaMuonVua",
  "isVideo": true,
  "url": "06-phim.phim-ve-chua-gie-xu.vua-muon-vua",
  "name": "Vua Muôn Vua",
  "count": 1,
  "isLeaf": true,
  "keyword": null,
  "hash": null,
  "khash": null,
  "viewCount": null,
  "duration": null,
  "size": null,
  "children": [
    {
      "id": "ef0d7ba5-b9b8-4027-853e-19a8a0b6d823",
      "pid": "8a7cf05b-f7f1-4abf-9da6-5fe0c3d62435",
      "dblevel": 5,
      "location": "/VGMV/06-Phim/PhimveChuaGie-xu/VuaMuonVua/VuaMuonVua(1961)",
      "isVideo": true,
      "url": "06-phim.phim-ve-chua-gie-xu.vua-muon-vua.vua-muon-vua-1961-",
      "name": "Vua Muôn Vua (1961)",
      "count": 0,
      "isLeaf": null,
      "keyword": null,
      "hash": "",
      "khash": "U2FsdGVkX1+KWS6n1pGjunk7p7kevZ1hbAnOWj5aD7Ogq8QMh6j6ZdbSWEKbNLjKXhjvDcR3TiKwfB+T5IPgTA==",
      "viewCount": null,
      "duration": "168:47",
      "size": 4212769077
    }
  ]
}