{
  "id": "538b3f90-a0f8-42f5-a673-a4c0c0e417b9",
  "pid": "e3490c0c-6b5a-4d96-8952-c2cb6bd9261b",
  "dblevel": 4,
  "location": "/VGMV/06-Phim/PhimTruyen/CuuLayMotCuocDoi",
  "isVideo": true,
  "url": "06-phim.phim-truyen.cuu-lay-mot-cuoc-doi",
  "name": "Cứu Lấy Một Cuộc Đời",
  "count": 2,
  "isLeaf": true,
  "keyword": null,
  "hash": null,
  "khash": null,
  "viewCount": null,
  "duration": null,
  "size": null,
  "children": [
    {
      "id": "dbcaf7fc-10d6-44be-8a86-d26bf3a9fce4",
      "pid": "538b3f90-a0f8-42f5-a673-a4c0c0e417b9",
      "dblevel": 5,
      "location": "",
      "isVideo": true,
      "url": "06-phim.phim-truyen.cuu-lay-mot-cuoc-doi.cuu-lay-mot-cuoc-doi",
      "name": "Cứu Lấy Một Cuộc Đời",
      "count": 0,
      "isLeaf": null,
      "keyword": null,
      "hash": null,
      "khash": null,
      "viewCount": null,
      "duration": "120:11",
      "size": 3648784868
    }
  ]
}