{
  "id": "7f4a6973-5cc9-4427-8783-6134d3e982f6",
  "pid": "d677a665-95b0-407a-9be8-667c3e49d2fd",
  "dblevel": 4,
  "location": "/VGMV/06-Phim/PhimveChuaGie-xu/SuKhoNanCuaChuaGie-xu",
  "isVideo": true,
  "url": "06-phim.phim-ve-chua-gie-xu.su-kho-nan-cua-chua-gie-xu",
  "name": "Sự Khổ Nạn Của Chúa Giê-xu",
  "count": 1,
  "isLeaf": true,
  "keyword": null,
  "hash": null,
  "khash": null,
  "viewCount": null,
  "duration": null,
  "size": null,
  "children": [
    {
      "id": "9dbe6331-f2be-43f2-a261-ed392328aa75",
      "pid": "7f4a6973-5cc9-4427-8783-6134d3e982f6",
      "dblevel": 5,
      "location": "/VGMV/06-Phim/PhimveChuaGie-xu/SuKhoNanCuaChuaGie-xu/SuKhoNanCuaChuaGie-xu",
      "isVideo": true,
      "url": "06-phim.phim-ve-chua-gie-xu.su-kho-nan-cua-chua-gie-xu.su-kho-nan-cua-chua-gie-xu",
      "name": "Sự Khổ Nạn Của Chúa Giê-xu",
      "count": 0,
      "isLeaf": null,
      "keyword": null,
      "hash": "",
      "khash": "U2FsdGVkX1+l+Hf+8yr3ZMN48Pk5gvXyhOD/RZX4sBjc0QAnJuNadt9GzljTOYlCW4xKZ4VDdreLjTDiDTk0HA==",
      "viewCount": null,
      "duration": "126:32",
      "size": 3320640387
    }
  ]
}