{
  "id": "bef6b51c-d140-4815-828d-65c48d9e422f",
  "pid": "e3490c0c-6b5a-4d96-8952-c2cb6bd9261b",
  "dblevel": 4,
  "location": "/VGMV/06-Phim/PhimTruyen/TuCayDangDenOnCuuRoi",
  "isVideo": true,
  "url": "06-phim.phim-truyen.tu-cay-dang-den-on-cuu-roi",
  "name": "Từ Cay Đắng Đến Ơn Cứu Rỗi",
  "count": 2,
  "isLeaf": true,
  "keyword": null,
  "hash": null,
  "khash": null,
  "viewCount": null,
  "duration": null,
  "size": null,
  "children": [
    {
      "id": "30a16524-58b0-4beb-a5c4-b0b3060741e9",
      "pid": "bef6b51c-d140-4815-828d-65c48d9e422f",
      "dblevel": 5,
      "location": "",
      "isVideo": true,
      "url": "06-phim.phim-truyen.tu-cay-dang-den-on-cuu-roi.tu-cay-dang-den-on-cuu-roi",
      "name": "Từ Cay Đắng Đến Ơn Cứu Rỗi",
      "count": 0,
      "isLeaf": null,
      "keyword": null,
      "hash": null,
      "khash": null,
      "viewCount": null,
      "duration": "98:30",
      "size": 3018182177
    }
  ]
}