{
  "id": "cd9fab79-af0b-42fe-964a-35456654545e",
  "pid": "d34fbd7d-4ce6-408a-b31b-197f992e8bf9",
  "dblevel": 3,
  "location": "/VGMA/BaiHatCaNgoiChua/P_",
  "isVideo": false,
  "url": "bai-hat-ca-ngoi-chua.p-",
  "name": "P_",
  "count": 21,
  "isLeaf": true,
  "keyword": null,
  "hash": null,
  "khash": null,
  "viewCount": null,
  "duration": null,
  "size": null,
  "children": [
    {
      "id": "5e883af2-1ca9-493a-8c70-c366ed06efc6",
      "pid": "cd9fab79-af0b-42fe-964a-35456654545e",
      "dblevel": 4,
      "location": "/VGMA/BaiHatCaNgoiChua/P_/PhucNaoHon",
      "isVideo": false,
      "url": "bai-hat-ca-ngoi-chua.p-.phuc-nao-hon",
      "name": "Phúc Nào Hơn",
      "count": 0,
      "isLeaf": null,
      "keyword": null,
      "hash": "U2FsdGVkX1+z2eL1Q90RESQZWxg5JFXubMkhmcIBXGpeSqWvqdLGJme6qtbVD+CVpDgxPJ8JpUPSmrT0PaLrnQ==",
      "khash": null,
      "viewCount": null,
      "duration": "4:25",
      "size": 4248706
    },
    {
      "id": "0bd1c11d-3eef-4117-b285-75a7b90e3a79",
      "pid": "cd9fab79-af0b-42fe-964a-35456654545e",
      "dblevel": 4,
      "location": "/VGMA/BaiHatCaNgoiChua/P_/PhucThienDang",
      "isVideo": false,
      "url": "bai-hat-ca-ngoi-chua.p-.phuc-thien-dang",
      "name": "Phúc Thiên Đàng",
      "count": 0,
      "isLeaf": null,
      "keyword": null,
      "hash": "U2FsdGVkX186vtmjhEuuzOaIUsaAEWA+2VVPLGm++SnBGzh4Il8oRII66nZboB+Z3iXjfisyMticNWsL51+1cw==",
      "khash": null,
      "viewCount": null,
      "duration": "4:6",
      "size": 3944597
    },
    {
      "id": "15243a95-5301-44f9-b037-34c14fb162fa",
      "pid": "cd9fab79-af0b-42fe-964a-35456654545e",
      "dblevel": 4,
      "location": "/VGMA/BaiHatCaNgoiChua/P_/PhutGiaoThua",
      "isVideo": false,
      "url": "bai-hat-ca-ngoi-chua.p-.phut-giao-thua",
      "name": "Phút Giao Thừa",
      "count": 0,
      "isLeaf": null,
      "keyword": null,
      "hash": "U2FsdGVkX19Pqw5TicT26XIrZ5OPPq/MXVXs1Ie2rkavwXMDadqQFWCBXjR2yBdN41Jto1YNr3FTybCv+wze7A==",
      "khash": null,
      "viewCount": null,
      "duration": "4:21",
      "size": 4190127
    },
    {
      "id": "0cfce277-f98c-45b2-8ef3-c9097b9900d0",
      "pid": "cd9fab79-af0b-42fe-964a-35456654545e",
      "dblevel": 4,
      "location": "/VGMA/BaiHatCaNgoiChua/P_/PhutGiayConNguyenCau",
      "isVideo": false,
      "url": "bai-hat-ca-ngoi-chua.p-.phut-giay-con-nguyen-cau",
      "name": "Phút Giây Con Nguyện Cầu",
      "count": 0,
      "isLeaf": null,
      "keyword": null,
      "hash": "U2FsdGVkX19vaoWL3gJ+ZPP+7D4hrmj+/8YnfGGZbf2Gi8rpQWPGKLJpa9LNfIK0H9GYDYjy6lPlddNDA/DIig==",
      "khash": "U2FsdGVkX1+D9aopSalOWsxWvkCJfZKz/dXyFkCaLgqYut5k8dL9s4DBkNEQXGh9WjIlgWTwMEm+l7MRyicxbg==",
      "viewCount": null,
      "duration": "4:52",
      "size": 4680811
    },
    {
      "id": "f1ab1341-90fd-4337-9914-a4ded8b2f668",
      "pid": "cd9fab79-af0b-42fe-964a-35456654545e",
      "dblevel": 4,
      "location": "/VGMA/BaiHatCaNgoiChua/P_/PhutGiayNao",
      "isVideo": false,
      "url": "bai-hat-ca-ngoi-chua.p-.phut-giay-nao",
      "name": "Phút Giây Nào",
      "count": 0,
      "isLeaf": null,
      "keyword": null,
      "hash": "U2FsdGVkX18A5gBjU/mHP7JZBwVcRN35lQkIMJH1NxsejOrS5t8gVaXf+GNg98tNOLxZNrV3RiLViKRxWSYj2g==",
      "khash": null,
      "viewCount": null,
      "duration": "5:42",
      "size": 13687161
    },
    {
      "id": "6395c6eb-4cfe-4251-bd29-0d7d7f6645d6",
      "pid": "cd9fab79-af0b-42fe-964a-35456654545e",
      "dblevel": 4,
      "location": "/VGMA/BaiHatCaNgoiChua/P_/PhutSuyTu1",
      "isVideo": false,
      "url": "bai-hat-ca-ngoi-chua.p-.phut-suy-tu-1",
      "name": "Phút Suy Tư 1",
      "count": 0,
      "isLeaf": null,
      "keyword": null,
      "hash": "U2FsdGVkX1/WeIfLEiO2AnHHctvuizMCOjQVJ+bprAz+qSXYuKYcoluevdiWXh3DMUvLtp8o/zHoyqwko6jCug==",
      "khash": null,
      "viewCount": null,
      "duration": "4:52",
      "size": 11706148
    },
    {
      "id": "d3267106-6351-43f5-a9ac-c4f984b30d38",
      "pid": "cd9fab79-af0b-42fe-964a-35456654545e",
      "dblevel": 4,
      "location": "/VGMA/BaiHatCaNgoiChua/P_/PhutSuyTu2",
      "isVideo": false,
      "url": "bai-hat-ca-ngoi-chua.p-.phut-suy-tu-2",
      "name": "Phút Suy Tư 2",
      "count": 0,
      "isLeaf": null,
      "keyword": null,
      "hash": "U2FsdGVkX19GHYQlclyWkBMLa7u33By7HYIqfHccka1o4Ks8fca8G8o8ujrNTStHVJczsdex9u0zv4jYgaNY8w==",
      "khash": "U2FsdGVkX19daxOxG2bJm+lrT3vT1G5g7t45ISDvyZNkOx7/9fKYumZuXh4wM9fCxe5PILIdAzAn2AibTkW71A==",
      "viewCount": null,
      "duration": "4:21",
      "size": 4192078
    },
    {
      "id": "2b899c96-8afb-49cc-88cf-3471a20f30ab",
      "pid": "cd9fab79-af0b-42fe-964a-35456654545e",
      "dblevel": 4,
      "location": "/VGMA/BaiHatCaNgoiChua/P_/PhuocChoAi",
      "isVideo": false,
      "url": "bai-hat-ca-ngoi-chua.p-.phuoc-cho-ai",
      "name": "Phước Cho Ai",
      "count": 0,
      "isLeaf": null,
      "keyword": null,
      "hash": "U2FsdGVkX1+eNpL9HAkXMU8s+RmAolX1JcXbkN2DbI5DLVitP6iXn1c1i6vQfIUJl7/1J9rH7VYqsYg727IPCA==",
      "khash": null,
      "viewCount": null,
      "duration": "5:9",
      "size": 4963861
    },
    {
      "id": "3c9c6cdc-ac87-4ffa-aee5-46c20a2ca115",
      "pid": "cd9fab79-af0b-42fe-964a-35456654545e",
      "dblevel": 4,
      "location": "/VGMA/BaiHatCaNgoiChua/P_/PhuocChoNhanLoai1-TC54",
      "isVideo": false,
      "url": "bai-hat-ca-ngoi-chua.p-.phuoc-cho-nhan-loai-1-tc-54",
      "name": "Phước Cho Nhân Loại 1-TC 54",
      "count": 0,
      "isLeaf": null,
      "keyword": null,
      "hash": "U2FsdGVkX196ZA+TaIz94ft2PJgyxv4gmzrC0fPZy/k1CbNLkuVH0zYjwW7hefg6LPyIMG36la2sEq0SydacBQ==",
      "khash": "U2FsdGVkX1+GRB1LDs+0bHhNNB91JnvGgGQSEzDDJsevHvDRZghWAm/kZ5FgcjDCsx1yAJW/F3zQ7FuVHKdaJQ==",
      "viewCount": null,
      "duration": "1:39",
      "size": 3965572
    },
    {
      "id": "d763ce51-26c0-4f50-a42e-4d8a4224ed66",
      "pid": "cd9fab79-af0b-42fe-964a-35456654545e",
      "dblevel": 4,
      "location": "/VGMA/BaiHatCaNgoiChua/P_/PhuocChoNhanLoai2",
      "isVideo": false,
      "url": "bai-hat-ca-ngoi-chua.p-.phuoc-cho-nhan-loai-2",
      "name": "Phước Cho Nhân Loại 2",
      "count": 0,
      "isLeaf": null,
      "keyword": null,
      "hash": "U2FsdGVkX18Rdatjce7lFVktFRd1UPXDOAo22TKsH05zn894GZ8bj3CO8ki9HRxML6ypPaJPRg5q/2iUiivhjg==",
      "khash": "U2FsdGVkX1/niNu1Yz+BEqaGWzfGY8fSWGpzZO2FuWxL4wVnS2OPzga9B2LhQzxEmOu+WMm/KC8EpvGl0atfhA==",
      "viewCount": null,
      "duration": "4:10",
      "size": 4007774
    },
    {
      "id": "265bc89b-575f-4747-a78d-367e2b9753b0",
      "pid": "cd9fab79-af0b-42fe-964a-35456654545e",
      "dblevel": 4,
      "location": "/VGMA/BaiHatCaNgoiChua/P_/PhuocChoNhanLoai3-TC54-HopCa",
      "isVideo": false,
      "url": "bai-hat-ca-ngoi-chua.p-.phuoc-cho-nhan-loai-3-tc-54-hop-ca",
      "name": "Phước Cho Nhân Loại 3-TC 54-Hợp Ca",
      "count": 0,
      "isLeaf": null,
      "keyword": null,
      "hash": "U2FsdGVkX1+mJjqj2qe0J8b7uFqH4wJ9W1z7Rm2NFUJpoGvkTaIiS9ORQRJQHa2sL4qqPf6PQQiAFzwjO0MhBg==",
      "khash": "U2FsdGVkX1++zysoVGXSVyFKzGRHbH3m6DymPGpSPasmP8nfaAhVCmamzZcEbpR+cR2d9pToWz7/uxs4JEcy2g==",
      "viewCount": null,
      "duration": "3:8",
      "size": 3015637
    },
    {
      "id": "b01b5cdb-8058-4804-84b8-32dc5eb9d6b4",
      "pid": "cd9fab79-af0b-42fe-964a-35456654545e",
      "dblevel": 4,
      "location": "/VGMA/BaiHatCaNgoiChua/P_/PhuocHanhCuaNguoiDuocCuu-LuuChiVy",
      "isVideo": false,
      "url": "bai-hat-ca-ngoi-chua.p-.phuoc-hanh-cua-nguoi-duoc-cuu-luuchivy",
      "name": "Phước Hạnh Của Người Được Cứu-LuuChiVy",
      "count": 0,
      "isLeaf": null,
      "keyword": null,
      "hash": "U2FsdGVkX1+Qdydb6h0+7NdGoXa8qMndIbdxjvcqJ4i6Xm9FxaCKO49+x8fbS1ptYHqK/dt5t1hjTIHAQ7jULg==",
      "khash": null,
      "viewCount": null,
      "duration": "4:44",
      "size": 11369030
    },
    {
      "id": "a5517a8f-d4ca-437f-87c7-83c6f9d0bae7",
      "pid": "cd9fab79-af0b-42fe-964a-35456654545e",
      "dblevel": 4,
      "location": "/VGMA/BaiHatCaNgoiChua/P_/PhuocHanhDoiToi",
      "isVideo": false,
      "url": "bai-hat-ca-ngoi-chua.p-.phuoc-hanh-doi-toi",
      "name": "Phước Hạnh Đời Tôi",
      "count": 0,
      "isLeaf": null,
      "keyword": null,
      "hash": "U2FsdGVkX1/9J0Kyw3SpDxChXwJ3WVwAre4ucS77WI7S/2bd34S9kPdEf0+W9ycbDUQaLZQGapOZHTW2NY/iPQ==",
      "khash": null,
      "viewCount": null,
      "duration": "3:4",
      "size": 2958101
    },
    {
      "id": "8d5a418d-f967-45be-a29d-c2e3b2ee7f90",
      "pid": "cd9fab79-af0b-42fe-964a-35456654545e",
      "dblevel": 4,
      "location": "/VGMA/BaiHatCaNgoiChua/P_/PhuocNguyenTuTroiXinChayVaoLong1-TC28",
      "isVideo": false,
      "url": "bai-hat-ca-ngoi-chua.p-.phuoc-nguyen-tu-troi-xin-chay-vao-long-1-tc-28",
      "name": "Phước Nguyên Từ Trời Xin Chảy Vào Lòng 1-TC 28",
      "count": 0,
      "isLeaf": null,
      "keyword": null,
      "hash": "U2FsdGVkX1/G0e4YqyR0+uPF7OXl+uainSWHX5KTtnBU1H4bkUvpGDRzydyK0E+c45qnG/WktEC+kV7rPw8b7Q==",
      "khash": null,
      "viewCount": null,
      "duration": "2:24",
      "size": 5790002
    },
    {
      "id": "854714b5-46e3-4d52-b526-b85e6446c44a",
      "pid": "cd9fab79-af0b-42fe-964a-35456654545e",
      "dblevel": 4,
      "location": "/VGMA/BaiHatCaNgoiChua/P_/PhuocNguyenTuTroiXinChayVaoLong2-TC28",
      "isVideo": false,
      "url": "bai-hat-ca-ngoi-chua.p-.phuoc-nguyen-tu-troi-xin-chay-vao-long-2-tc-28",
      "name": "Phước Nguyên Từ Trời Xin Chảy Vào Lòng 2-TC 28",
      "count": 0,
      "isLeaf": null,
      "keyword": null,
      "hash": "U2FsdGVkX19Tx+XgRBamxjvrcPbWmArmsNqRUzqgGLXZRUgkTiiV+9965WT95quc5Is4RedSCBE7jaN+psFF9w==",
      "khash": null,
      "viewCount": null,
      "duration": "3:10",
      "size": 3057040
    },
    {
      "id": "0e4f6a0b-3e62-401a-b0fa-8833c9c2db9e",
      "pid": "cd9fab79-af0b-42fe-964a-35456654545e",
      "dblevel": 4,
      "location": "/VGMA/BaiHatCaNgoiChua/P_/PhuocThauTrongLong",
      "isVideo": false,
      "url": "bai-hat-ca-ngoi-chua.p-.phuoc-thau-trong-long",
      "name": "Phước Thấu Trong Lòng",
      "count": 0,
      "isLeaf": null,
      "keyword": null,
      "hash": "U2FsdGVkX19jgSHbxHbwOwwGxjt8du0650BPUtvez/wPUJ3IxjPChZW2x9+XA0b0dNewXffphB95TmCZHEFDPA==",
      "khash": null,
      "viewCount": null,
      "duration": "3:40",
      "size": 8838964
    },
    {
      "id": "73b56632-05b6-4a28-a78e-04eeb6fd21a3",
      "pid": "cd9fab79-af0b-42fe-964a-35456654545e",
      "dblevel": 4,
      "location": "/VGMA/BaiHatCaNgoiChua/P_/PhaiHauViecChua",
      "isVideo": false,
      "url": "bai-hat-ca-ngoi-chua.p-.phai-hau-viec-chua",
      "name": "Phải Hầu Việc Chúa",
      "count": 0,
      "isLeaf": null,
      "keyword": null,
      "hash": "U2FsdGVkX18/Q3GhiGle13zWy9mbl4qzQ84hw/odWmXvUGhggecaBtZkcXq9qLAGbByMS6A7lQ3jonDea0uxHQ==",
      "khash": null,
      "viewCount": null,
      "duration": "5:7",
      "size": 3684656
    },
    {
      "id": "015a4eef-dfee-4094-bb5b-10103c43837a",
      "pid": "cd9fab79-af0b-42fe-964a-35456654545e",
      "dblevel": 4,
      "location": "/VGMA/BaiHatCaNgoiChua/P_/Phanhung",
      "isVideo": false,
      "url": "bai-hat-ca-ngoi-chua.p-.phan-hung-",
      "name": "Phấn hưng ",
      "count": 0,
      "isLeaf": null,
      "keyword": null,
      "hash": "U2FsdGVkX191GJobN4jfyN3tBIKokAAsiMxF7uYmfDBQbzuS5lWXRhYGRdfmWfz5ee4+I2dJFG2lcQYampaHvg==",
      "khash": null,
      "viewCount": null,
      "duration": "4:10",
      "size": 4013978
    },
    {
      "id": "b2d30f08-5e88-4d24-864e-aed286a7dbad",
      "pid": "cd9fab79-af0b-42fe-964a-35456654545e",
      "dblevel": 4,
      "location": "/VGMA/BaiHatCaNgoiChua/P_/PhucHung1",
      "isVideo": false,
      "url": "bai-hat-ca-ngoi-chua.p-.phuc-hung-1",
      "name": "Phục Hưng 1",
      "count": 0,
      "isLeaf": null,
      "keyword": null,
      "hash": "U2FsdGVkX1/c3vL8LgkHMZrhbl02xbPW1MUTPHoHVkQn+rmqjjTlaB/D1obNfK08dnuH3QcKH+vdngTSKRHJmg==",
      "khash": null,
      "viewCount": null,
      "duration": "4:18",
      "size": 4131886
    },
    {
      "id": "18cdb69a-53a4-4021-8304-92f6139e78b2",
      "pid": "cd9fab79-af0b-42fe-964a-35456654545e",
      "dblevel": 4,
      "location": "/VGMA/BaiHatCaNgoiChua/P_/PhucHung2",
      "isVideo": false,
      "url": "bai-hat-ca-ngoi-chua.p-.phuc-hung-2",
      "name": "Phục Hưng 2",
      "count": 0,
      "isLeaf": null,
      "keyword": null,
      "hash": "U2FsdGVkX1/PAUwRuJawsUURfUYvfLqPmI/sWqZmwC8HKpSOeMQb/5VzP8YuLK+gzIWVQihY22ENxCc9n4ZoLQ==",
      "khash": null,
      "viewCount": null,
      "duration": "5:30",
      "size": 7928837
    },
    {
      "id": "d6d05b90-04b8-43d8-acdf-6f13d9e3a1ac",
      "pid": "cd9fab79-af0b-42fe-964a-35456654545e",
      "dblevel": 4,
      "location": "/VGMA/BaiHatCaNgoiChua/P_/Phucsinh(ThanhHuy-KinhKha)",
      "isVideo": false,
      "url": "bai-hat-ca-ngoi-chua.p-.phuc-sinh-thanhhuy-kinhkha-",
      "name": "Phục sinh(ThanhHuy-KinhKha)",
      "count": 0,
      "isLeaf": null,
      "keyword": null,
      "hash": "U2FsdGVkX190bE/Ukg1Rx5t+KK6JQbAsASE+DpBk7SHnQwZ/Lgw5T0qivjhySTUCqLeb/f3qOR/oQ4wsmmQBZQ==",
      "khash": "U2FsdGVkX19O3xtA2az2wU5BFdtj68stcpVdvDbsKyLp830UeF1y4wZfAzd33FPAK9bTy+CaTltWmBSMymuoBQ==",
      "viewCount": null,
      "duration": "5:17",
      "size": 5083957
    }
  ]
}