{
  "id": "7f50bf4b-c507-4ed9-a3fe-4e13b690c125",
  "pid": "d34fbd7d-4ce6-408a-b31b-197f992e8bf9",
  "dblevel": 3,
  "location": "/VGMA/BaiHatCaNgoiChua/R_",
  "isVideo": false,
  "url": "bai-hat-ca-ngoi-chua.r-",
  "name": "R_",
  "count": 14,
  "isLeaf": true,
  "keyword": null,
  "hash": null,
  "khash": null,
  "viewCount": null,
  "duration": null,
  "size": null,
  "children": [
    {
      "id": "7b5a9c74-d96b-490a-a1f3-5d4e7636057d",
      "pid": "7f50bf4b-c507-4ed9-a3fe-4e13b690c125",
      "dblevel": 4,
      "location": "/VGMA/BaiHatCaNgoiChua/R_/RaDi",
      "isVideo": false,
      "url": "bai-hat-ca-ngoi-chua.r-.ra-di",
      "name": "Ra Đi",
      "count": 0,
      "isLeaf": null,
      "keyword": null,
      "hash": "U2FsdGVkX18auGuEDCyqSKeA0EpkrJe//cvvEtS2MWdeJTjoUABb3rGhXWR4HXOvZ56ud29c4JAt4Jor9LBpyA==",
      "khash": "U2FsdGVkX1+U3a56OtFgH8aX6chIlsXjtsotjBoZL7zCUUdkQBI5N/gLaNgIey57MPfjmngZhZQSEUG6RazXaQ==",
      "viewCount": null,
      "duration": "3:17",
      "size": 3156064
    },
    {
      "id": "f85551af-edd9-465a-8f0c-b27296a36af3",
      "pid": "7f50bf4b-c507-4ed9-a3fe-4e13b690c125",
      "dblevel": 4,
      "location": "/VGMA/BaiHatCaNgoiChua/R_/RaoTruyenDanhYeuThuong-HopCa",
      "isVideo": false,
      "url": "bai-hat-ca-ngoi-chua.r-.rao-truyen-danh-yeu-thuong-hop-ca",
      "name": "Rao Truyền Danh Yêu Thương-Hợp Ca",
      "count": 0,
      "isLeaf": null,
      "keyword": null,
      "hash": "U2FsdGVkX1+SoKLQH4j9TMqLwGlImUUg7bkyqiIkzEE77aCM18vItiY39DyrZYZSV3YgvjCeWv0ZeZJzaGdbFg==",
      "khash": "U2FsdGVkX18UiZXFN6PAAN8jm0xB8KOc9UP6EVb8fZK76kI+4+LlCUQrD2m3GrSCTbAsR6R66eSCLvoZS45PTA==",
      "viewCount": null,
      "duration": "2:40",
      "size": 2561988
    },
    {
      "id": "5eea907a-56f9-48ee-8059-7ee1358514bf",
      "pid": "7f50bf4b-c507-4ed9-a3fe-4e13b690c125",
      "dblevel": 4,
      "location": "/VGMA/BaiHatCaNgoiChua/R_/Rungchuonglen",
      "isVideo": false,
      "url": "bai-hat-ca-ngoi-chua.r-.rung-chuong-len",
      "name": "Rung chuông lên",
      "count": 0,
      "isLeaf": null,
      "keyword": null,
      "hash": "U2FsdGVkX1/IYXg6PMovAzlYHhBxA8avzdKfwXUpcWc5EndzqFjJo/yvpuvC7tyrBD9AA4el+6QnrdZj865ZIw==",
      "khash": null,
      "viewCount": null,
      "duration": "3:23",
      "size": 3263952
    },
    {
      "id": "dd08f320-0bbb-4ff6-9c1f-9ab808634d07",
      "pid": "7f50bf4b-c507-4ed9-a3fe-4e13b690c125",
      "dblevel": 4,
      "location": "/VGMA/BaiHatCaNgoiChua/R_/RanKeDuocMoi",
      "isVideo": false,
      "url": "bai-hat-ca-ngoi-chua.r-.ran-ke-duoc-moi",
      "name": "Răn Kẻ Được Mời",
      "count": 0,
      "isLeaf": null,
      "keyword": null,
      "hash": "U2FsdGVkX1/Efu9Afd4c7a1OU0ytwJKDqBi4HViN07km3K5/6I0EW1Z4GfmMXx0dMWJpoVt9ZMzpslOTAP8zEw==",
      "khash": "U2FsdGVkX19xURguAZkntZXBET1bBFxrBs11DhrhGYSjTDzIJ6qzPVJdnzW8mG1XdU7upf5sWHjnpCSQyd8/KA==",
      "viewCount": null,
      "duration": "4:14",
      "size": 4534674
    },
    {
      "id": "c471b839-2521-4f55-87f3-4debf81245ee",
      "pid": "7f50bf4b-c507-4ed9-a3fe-4e13b690c125",
      "dblevel": 4,
      "location": "/VGMA/BaiHatCaNgoiChua/R_/RatAnNinhTrongCanhChrist",
      "isVideo": false,
      "url": "bai-hat-ca-ngoi-chua.r-.rat-an-ninh-trong-canh-christ",
      "name": "Rất An Ninh Trong Cánh Christ",
      "count": 0,
      "isLeaf": null,
      "keyword": null,
      "hash": "U2FsdGVkX1+x61M1NzEOrK9bpW3Fp13CfrReCSM2yxocikm7nx5BSYDEctR+wNatcSOloN/RaCHlFP8OREpQcg==",
      "khash": null,
      "viewCount": null,
      "duration": "3:59",
      "size": 3825061
    },
    {
      "id": "75fd8f44-734c-4c97-80a8-2c7df7f244b7",
      "pid": "7f50bf4b-c507-4ed9-a3fe-4e13b690c125",
      "dblevel": 4,
      "location": "/VGMA/BaiHatCaNgoiChua/R_/RoiMotNgayChuaDen",
      "isVideo": false,
      "url": "bai-hat-ca-ngoi-chua.r-.roi-mot-ngay-chua-den",
      "name": "Rồi Một Ngày Chúa Đến",
      "count": 0,
      "isLeaf": null,
      "keyword": null,
      "hash": "U2FsdGVkX1+0ERZb/N7FDT0veQzCBUNL+jVshrNo2YxuVTrXDm7Y98xWMCTLykgEXwTY0B1PLtn9CogJcil/Iw==",
      "khash": null,
      "viewCount": null,
      "duration": "5:18",
      "size": 5091665
    },
    {
      "id": "6940c2c9-21c4-4b6e-820a-510b86404eb4",
      "pid": "7f50bf4b-c507-4ed9-a3fe-4e13b690c125",
      "dblevel": 4,
      "location": "/VGMA/BaiHatCaNgoiChua/R_/RoiNgaySeTroiQua1",
      "isVideo": false,
      "url": "bai-hat-ca-ngoi-chua.r-.roi-ngay-se-troi-qua-1",
      "name": "Rồi Ngày Sẽ Trôi Qua 1",
      "count": 0,
      "isLeaf": null,
      "keyword": null,
      "hash": "U2FsdGVkX1+FwLWv48qnSE4cih9j0bZyIDkHqaN2Jl8rVTFepcPhRIp/u8QVKxLTzVCamjHOsPwLtpx2bymPIw==",
      "khash": "U2FsdGVkX18HidsfhbAjiEy52wVPVRcEamURhxQJxL6rqu0gWZNFHcSvogVU4Mx6+2n2HfJcEIy0A2AyoTB89A==",
      "viewCount": null,
      "duration": "5:7",
      "size": 12293399
    },
    {
      "id": "bb2d2e40-f064-4965-aa2e-5f80f0a190f5",
      "pid": "7f50bf4b-c507-4ed9-a3fe-4e13b690c125",
      "dblevel": 4,
      "location": "/VGMA/BaiHatCaNgoiChua/R_/RoiNgaySeTroiQua2",
      "isVideo": false,
      "url": "bai-hat-ca-ngoi-chua.r-.roi-ngay-se-troi-qua-2",
      "name": "Rồi Ngày Sẽ Trôi Qua 2",
      "count": 0,
      "isLeaf": null,
      "keyword": null,
      "hash": "U2FsdGVkX1/x5xcXEOIIyCB3atHg5gHgb/Gs2KUCdqk1ndF9eSauE/oU8T7MaTzfHjVKTC+FJsTd7kAobw8x9Q==",
      "khash": null,
      "viewCount": null,
      "duration": "5:54",
      "size": 14163766
    },
    {
      "id": "fafdc3b8-9f98-4b3f-8409-eb9ee255e437",
      "pid": "7f50bf4b-c507-4ed9-a3fe-4e13b690c125",
      "dblevel": 4,
      "location": "/VGMA/BaiHatCaNgoiChua/R_/RoiNgaySeTroiQua3",
      "isVideo": false,
      "url": "bai-hat-ca-ngoi-chua.r-.roi-ngay-se-troi-qua-3",
      "name": "Rồi Ngày Sẽ Trôi Qua 3",
      "count": 0,
      "isLeaf": null,
      "keyword": null,
      "hash": "U2FsdGVkX1+dmcr6wFYFgOBzdnWvQ+xSTc2vxmzRBpC36BbVc1aPO59T3wC02ByaVevJWu+X1Kyp7rUcDUC2kQ==",
      "khash": null,
      "viewCount": null,
      "duration": "4:13",
      "size": 4056085
    },
    {
      "id": "438576c6-4880-4f90-b304-81ec9d0373fc",
      "pid": "7f50bf4b-c507-4ed9-a3fe-4e13b690c125",
      "dblevel": 4,
      "location": "/VGMA/BaiHatCaNgoiChua/R_/RoiNgaySeTroiQua4",
      "isVideo": false,
      "url": "bai-hat-ca-ngoi-chua.r-.roi-ngay-se-troi-qua-4",
      "name": "Rồi Ngày Sẽ Trôi Qua 4",
      "count": 0,
      "isLeaf": null,
      "keyword": null,
      "hash": "U2FsdGVkX18DBdKXxt2lT3Jy2seb2PZbV5M7vR30ptEHKdSW7Xe+fK1G243ngzV6zIIOgsc1TP/OzNRJtQymSA==",
      "khash": null,
      "viewCount": null,
      "duration": "5:16",
      "size": 10132483
    },
    {
      "id": "e3bd2237-f6e6-456d-9f4f-40dcbdf50d86",
      "pid": "7f50bf4b-c507-4ed9-a3fe-4e13b690c125",
      "dblevel": 4,
      "location": "/VGMA/BaiHatCaNgoiChua/R_/RoiDenMotNgay",
      "isVideo": false,
      "url": "bai-hat-ca-ngoi-chua.r-.roi-den-mot-ngay",
      "name": "Rồi Đến Một Ngày",
      "count": 0,
      "isLeaf": null,
      "keyword": null,
      "hash": "U2FsdGVkX18KUYaQKPppq7IJ4OxZcTbQNdIckjaeX0X8XqXa0BH3bOFT9SxHFLIMzG/7T9SnRCXmvmQ3eRzjoQ==",
      "khash": "U2FsdGVkX1+hBo1W1qw02W08rSiyFBYU166+htjF/vKei7lI5D3ONZdJHV7FVM4ibBZHeeALzZWGdjauu35tWA==",
      "viewCount": null,
      "duration": "5:9",
      "size": 4949008
    },
    {
      "id": "bd51c1c2-4857-4fc5-9815-612a332ba8e0",
      "pid": "7f50bf4b-c507-4ed9-a3fe-4e13b690c125",
      "dblevel": 4,
      "location": "/VGMA/BaiHatCaNgoiChua/R_/RonRangKhucNhacXuan",
      "isVideo": false,
      "url": "bai-hat-ca-ngoi-chua.r-.ron-rang-khuc-nhac-xuan",
      "name": "Rộn Ràng Khúc Nhạc Xuân",
      "count": 0,
      "isLeaf": null,
      "keyword": null,
      "hash": "U2FsdGVkX1/n8LxnoivdE9p08f0bpE9s1R8lOV56hc9qny8Uz4PAUJzd9R7mgq4YXtWWp5T39QEts+gLfnvOmw==",
      "khash": null,
      "viewCount": null,
      "duration": "5:34",
      "size": 5349845
    },
    {
      "id": "a32fe522-12c8-4100-aea0-5ada14a65a45",
      "pid": "7f50bf4b-c507-4ed9-a3fe-4e13b690c125",
      "dblevel": 4,
      "location": "/VGMA/BaiHatCaNgoiChua/R_/RungHoaTuoiTham",
      "isVideo": false,
      "url": "bai-hat-ca-ngoi-chua.r-.rung-hoa-tuoi-tham",
      "name": "Rừng Hoa Tươi Thắm",
      "count": 0,
      "isLeaf": null,
      "keyword": null,
      "hash": "U2FsdGVkX18cFSLEWU4ZwIOdPdj1AwdZOgG2AUdk2l3VQAhvz5J39/2g+gv04FQqWgt8xgfdW9UUPSQg6/uK/g==",
      "khash": null,
      "viewCount": null,
      "duration": "4:38",
      "size": 4459582
    },
    {
      "id": "4a6757a6-1186-4f1c-a7be-8a0fa2c5c8f6",
      "pid": "7f50bf4b-c507-4ed9-a3fe-4e13b690c125",
      "dblevel": 4,
      "location": "/VGMA/BaiHatCaNgoiChua/R_/Rungxanhxanhtham",
      "isVideo": false,
      "url": "bai-hat-ca-ngoi-chua.r-.rung-xanh-xanh-tham",
      "name": "Rừng xanh xanh thẳm",
      "count": 0,
      "isLeaf": null,
      "keyword": null,
      "hash": "U2FsdGVkX19D9znNR8ned22Ff/yHJHsupcRze+HI+o5O2cvHReKYoeIyS8e5evHdEPDBtor2lz1i8EIL2c+W6A==",
      "khash": null,
      "viewCount": null,
      "duration": "4:30",
      "size": 4335386
    }
  ]
}