{
  "id": "45e429d6-e158-4187-92ef-204ccb64323f",
  "pid": "d34fbd7d-4ce6-408a-b31b-197f992e8bf9",
  "dblevel": 3,
  "location": "/VGMA/BaiHatCaNgoiChua/Q_",
  "isVideo": false,
  "url": "bai-hat-ca-ngoi-chua.q-",
  "name": "Q_",
  "count": 27,
  "isLeaf": true,
  "keyword": null,
  "hash": null,
  "khash": null,
  "viewCount": null,
  "duration": null,
  "size": null,
  "children": [
    {
      "id": "5709649c-cc10-4608-862c-5d345d305162",
      "pid": "45e429d6-e158-4187-92ef-204ccb64323f",
      "dblevel": 4,
      "location": "/VGMA/BaiHatCaNgoiChua/Q_/QuaManKhoiDem",
      "isVideo": false,
      "url": "bai-hat-ca-ngoi-chua.q-.qua-man-khoi-dem",
      "name": "Qua Màn Khói Đêm",
      "count": 0,
      "isLeaf": null,
      "keyword": null,
      "hash": "U2FsdGVkX195ow/nmjM/A5WrYOVn58v5jD5TDUB+nJwCpmlnxDHgw30t8o6dXRJfYD3rkeKnkTYLxTMUqnlOpA==",
      "khash": "U2FsdGVkX1/r60kw1soDQPE4Sgh6sxdhpDKnIOyBx7++NaPePdmZHNc0AVSioAefoy8SJpWZMCOnzfaRkU+LGQ==",
      "viewCount": null,
      "duration": "4:43",
      "size": 11346709
    },
    {
      "id": "98fbb926-0b72-4dff-b64c-b81ea52fa63e",
      "pid": "45e429d6-e158-4187-92ef-204ccb64323f",
      "dblevel": 4,
      "location": "/VGMA/BaiHatCaNgoiChua/Q_/QuanToaVaBaQua",
      "isVideo": false,
      "url": "bai-hat-ca-ngoi-chua.q-.quan-toa-va-ba-qua",
      "name": "Quan Tòa Và Bà Quá",
      "count": 0,
      "isLeaf": null,
      "keyword": null,
      "hash": "U2FsdGVkX1/WkDPeOgJecZOfVmcKatm0rfsqAJ/VPs5+p3/hjuecRKvK9KX8+QvRoJx4EyCQZol5NB+rXiJ++w==",
      "khash": null,
      "viewCount": null,
      "duration": "4:2",
      "size": 3888778
    },
    {
      "id": "b924ed04-f403-482d-a585-1437a2357af9",
      "pid": "45e429d6-e158-4187-92ef-204ccb64323f",
      "dblevel": 4,
      "location": "/VGMA/BaiHatCaNgoiChua/Q_/QuanhDemLuonNgay1-TC52",
      "isVideo": false,
      "url": "bai-hat-ca-ngoi-chua.q-.quanh-dem-luon-ngay-1-tc-52",
      "name": "Quanh Đêm Luôn Ngày 1-TC 52",
      "count": 0,
      "isLeaf": null,
      "keyword": null,
      "hash": "U2FsdGVkX1+9nQRkHT6ncnSM1jYqRG4Y1u+6RsMSDEwwX5frr0tBI/8SwCKc3GkoVllWkP/Tl8TIKpF0nr04fw==",
      "khash": null,
      "viewCount": null,
      "duration": "3:39",
      "size": 8761653
    },
    {
      "id": "fce1c3ee-cf5b-4ded-9ebd-20693b9cb978",
      "pid": "45e429d6-e158-4187-92ef-204ccb64323f",
      "dblevel": 4,
      "location": "/VGMA/BaiHatCaNgoiChua/Q_/QuanhDemLuonNgay2",
      "isVideo": false,
      "url": "bai-hat-ca-ngoi-chua.q-.quanh-dem-luon-ngay-2",
      "name": "Quanh Đêm Luôn Ngày 2",
      "count": 0,
      "isLeaf": null,
      "keyword": null,
      "hash": "U2FsdGVkX182KSQ3pl5GSNvhV8rMrhfFXSjy1cxgBVrJOb5lKHqGIkkFMQ2G8bNSnkHefVTXgnad1RfMiQJURg==",
      "khash": "U2FsdGVkX1+FYMJOu6guNYktn2E39fsrkVOr1yo72ItiFb0rPhJaGTvXhU7Dun9YFd2vTBLE1i5y/95YF4y1rw==",
      "viewCount": null,
      "duration": "4:17",
      "size": 4117820
    },
    {
      "id": "cc9934db-9d4c-47ff-9f83-7f2da1ac6f52",
      "pid": "45e429d6-e158-4187-92ef-204ccb64323f",
      "dblevel": 4,
      "location": "/VGMA/BaiHatCaNgoiChua/Q_/Quayeuthuong_Hagim-SiuYKao-PhuongTrinh-GS",
      "isVideo": false,
      "url": "bai-hat-ca-ngoi-chua.q-.qua-yeu-thuong-hagim-siuykao-phuongtrinh-gs",
      "name": "Quá yêu thương_Hagim-SiuYKao-PhuongTrinh-GS",
      "count": 0,
      "isLeaf": null,
      "keyword": null,
      "hash": "U2FsdGVkX19G/AHhxCFBaZ5QuvJeTDA5HqArNJLw2WLgatNzS/XVme/IkV7xE6vQ61ZNoqsAvHUFH5S4hPhljw==",
      "khash": null,
      "viewCount": null,
      "duration": "5:23",
      "size": 12950508
    },
    {
      "id": "2fac7796-c182-4740-9403-c16921939f0c",
      "pid": "45e429d6-e158-4187-92ef-204ccb64323f",
      "dblevel": 4,
      "location": "/VGMA/BaiHatCaNgoiChua/Q_/QuyetDang",
      "isVideo": false,
      "url": "bai-hat-ca-ngoi-chua.q-.quyet-dang",
      "name": "Quyết Dâng",
      "count": 0,
      "isLeaf": null,
      "keyword": null,
      "hash": "U2FsdGVkX18fSDM7JfUsRVAcy2sz7dIZTys9gY2Q8TkVYZaxqhDAbtLaXNg3Mn6aqGvaPiCVj4T/4gX1HeJEJQ==",
      "khash": null,
      "viewCount": null,
      "duration": "4:15",
      "size": 4090439
    },
    {
      "id": "121496b8-e800-4593-9b33-b4b062ed8789",
      "pid": "45e429d6-e158-4187-92ef-204ccb64323f",
      "dblevel": 4,
      "location": "/VGMA/BaiHatCaNgoiChua/Q_/QuyetNhinXemCuuChua",
      "isVideo": false,
      "url": "bai-hat-ca-ngoi-chua.q-.quyet-nhin-xem-cuu-chua",
      "name": "Quyết Nhìn Xem Cứu Chúa",
      "count": 0,
      "isLeaf": null,
      "keyword": null,
      "hash": "U2FsdGVkX19LrpXYHFIjxsRIUXpqv6sIN7fzAzYvlWK5WftJ2dHcfwl4Om1O57ISz+1r+rjJ9BHmYj49pY08RA==",
      "khash": null,
      "viewCount": null,
      "duration": "1:26",
      "size": 1391702
    },
    {
      "id": "92f789c9-9332-4bcc-ad4a-076b56033dc1",
      "pid": "45e429d6-e158-4187-92ef-204ccb64323f",
      "dblevel": 4,
      "location": "/VGMA/BaiHatCaNgoiChua/Q_/QuyetSongChoChrist-TC381",
      "isVideo": false,
      "url": "bai-hat-ca-ngoi-chua.q-.quyet-song-cho-christ-tc-381",
      "name": "Quyết Sống Cho Christ-TC 381",
      "count": 0,
      "isLeaf": null,
      "keyword": null,
      "hash": "U2FsdGVkX1+lSBULHoOeQ/VMIOkTAjLXa1TnW3h7XxLmAmKwIJtkVsOJE/Tv9O8N7b2zK7TraZkIn1DX3k+DHg==",
      "khash": null,
      "viewCount": null,
      "duration": "1:9",
      "size": 1106424
    },
    {
      "id": "19ed8366-51b2-4876-8576-b5bb1d5f4ea6",
      "pid": "45e429d6-e158-4187-92ef-204ccb64323f",
      "dblevel": 4,
      "location": "/VGMA/BaiHatCaNgoiChua/Q_/QuyenTrongHuyetGie-Xu-TC183",
      "isVideo": false,
      "url": "bai-hat-ca-ngoi-chua.q-.quyen-trong-huyet-gie-xu-tc-183",
      "name": "Quyền Trong Huyết Giê-Xu-TC 183",
      "count": 0,
      "isLeaf": null,
      "keyword": null,
      "hash": "U2FsdGVkX19yovfYvNLkw9dcr8nou6/etoMBYRS7qefY2K/juixS55d/mB00tzxGCCzFidfyaNwYQHn5t/MUHg==",
      "khash": null,
      "viewCount": null,
      "duration": "2:52",
      "size": 6913237
    },
    {
      "id": "e2a1d9e1-fe60-4a81-9616-e65078a895a3",
      "pid": "45e429d6-e158-4187-92ef-204ccb64323f",
      "dblevel": 4,
      "location": "/VGMA/BaiHatCaNgoiChua/Q_/QuaQuanhNam",
      "isVideo": false,
      "url": "bai-hat-ca-ngoi-chua.q-.qua-quanh-nam",
      "name": "Quà Quanh Năm",
      "count": 0,
      "isLeaf": null,
      "keyword": null,
      "hash": "U2FsdGVkX1+G68i8qLDLy0qqz/ZzW8Y3Vozbk8XLd9OnlSwC3uOdDo6RtQXCKQeupsVAB+paHI4xC0PS2FqYxQ==",
      "khash": null,
      "viewCount": null,
      "duration": "2:34",
      "size": 6197376
    },
    {
      "id": "02390e10-22e8-4963-a808-7c5735dd3426",
      "pid": "45e429d6-e158-4187-92ef-204ccb64323f",
      "dblevel": 4,
      "location": "/VGMA/BaiHatCaNgoiChua/Q_/QuaTinhYeu",
      "isVideo": false,
      "url": "bai-hat-ca-ngoi-chua.q-.qua-tinh-yeu",
      "name": "Quà Tình Yêu",
      "count": 0,
      "isLeaf": null,
      "keyword": null,
      "hash": "U2FsdGVkX19V+bxAnPLyNwMzhbhvQRA1/wcVe+5nKgeYWhDIwhSfQ1Bh90ZLJREyzU8SBRiROyYdbJg3oVf+dQ==",
      "khash": null,
      "viewCount": null,
      "duration": "4:0",
      "size": 9638512
    },
    {
      "id": "3424eb78-4fe2-4c4d-9a4d-a35209465f65",
      "pid": "45e429d6-e158-4187-92ef-204ccb64323f",
      "dblevel": 4,
      "location": "/VGMA/BaiHatCaNgoiChua/Q_/QuaTangCuaChua1",
      "isVideo": false,
      "url": "bai-hat-ca-ngoi-chua.q-.qua-tang-cua-chua-1",
      "name": "Quà Tặng Của Chúa 1",
      "count": 0,
      "isLeaf": null,
      "keyword": null,
      "hash": "U2FsdGVkX1/pf/l78Fl1gvJav8ldgmyA886Ojj0fzyCHHkLFiC8rm4zp40lGJ+HTUUl//+Sgmh49EOzWnwmlvA==",
      "khash": null,
      "viewCount": null,
      "duration": "4:8",
      "size": 3984396
    },
    {
      "id": "9f61a255-c9a8-4b89-9879-b190c01a7e3a",
      "pid": "45e429d6-e158-4187-92ef-204ccb64323f",
      "dblevel": 4,
      "location": "/VGMA/BaiHatCaNgoiChua/Q_/QuaTangCuaChua2",
      "isVideo": false,
      "url": "bai-hat-ca-ngoi-chua.q-.qua-tang-cua-chua-2",
      "name": "Quà Tặng Của Chúa 2",
      "count": 0,
      "isLeaf": null,
      "keyword": null,
      "hash": "U2FsdGVkX1/Mx7Ng0JI5tlWgRsAsLutqGzDwXpcikXayVvGA+7I/sU4QNWTt2rV3OFC+7RC+y5TESD6XLSWamQ==",
      "khash": "U2FsdGVkX1+LV7t9gdZmrMe5n85PAVO/70RLLQXbfK/hlxo3rjux/upbAaBan5IG7xnIcwsjgDOFgxzc//KhAQ==",
      "viewCount": null,
      "duration": "2:26",
      "size": 2345067
    },
    {
      "id": "c322c492-19e5-4dcd-9731-5ea35d7a293b",
      "pid": "45e429d6-e158-4187-92ef-204ccb64323f",
      "dblevel": 4,
      "location": "/VGMA/BaiHatCaNgoiChua/Q_/QuaTangMuaXuan-HuongTham",
      "isVideo": false,
      "url": "bai-hat-ca-ngoi-chua.q-.qua-tang-mua-xuan-huongtham",
      "name": "Quà Tặng Mùa Xuân-HuongTham",
      "count": 0,
      "isLeaf": null,
      "keyword": null,
      "hash": "U2FsdGVkX18SxmZKbSy0VaaGUMffwhqllBWVT8/QPeSnVoKKpOdSU9OIX4WYU7T4XrkZFWjuzMeNEzU6XD+b3Q==",
      "khash": "U2FsdGVkX1/u3sVMWam6ZvjLIc6cKPaBfnbGnZOAMugWTB2EiIdDgboBm7UWAgJPunUTVRJENUQR90iBM8fy9A==",
      "viewCount": null,
      "duration": "3:28",
      "size": 4995731
    },
    {
      "id": "25c27d89-4299-4c7d-a3d9-04be9bf3e1b2",
      "pid": "45e429d6-e158-4187-92ef-204ccb64323f",
      "dblevel": 4,
      "location": "/VGMA/BaiHatCaNgoiChua/Q_/QuaTang-NiemDauChua",
      "isVideo": false,
      "url": "bai-hat-ca-ngoi-chua.q-.qua-tang-niem-dau-chua",
      "name": "Quà Tặng- Niềm Đau Chúa",
      "count": 0,
      "isLeaf": null,
      "keyword": null,
      "hash": "U2FsdGVkX19+TvL0VkBfoFHFgjSddupOzqmO7y9mF0dQoOXIyQPt5uajLaICyEJ+3iSJEX1+vwsidtY/JwDiHw==",
      "khash": "U2FsdGVkX18HIHNXLurc4BRAu6OUMEftdlMzZYOu3xEaavO8pUd0uhlmwppUr51FZN3LThgQ16n0OlDolPC9eg==",
      "viewCount": null,
      "duration": "5:18",
      "size": 5094799
    },
    {
      "id": "83f6ce0d-7897-442f-a66d-c0b49dfbb19b",
      "pid": "45e429d6-e158-4187-92ef-204ccb64323f",
      "dblevel": 4,
      "location": "/VGMA/BaiHatCaNgoiChua/Q_/QuayQuanBenChua",
      "isVideo": false,
      "url": "bai-hat-ca-ngoi-chua.q-.quay-quan-ben-chua-",
      "name": "Quây Quần Bên Chúa ",
      "count": 0,
      "isLeaf": null,
      "keyword": null,
      "hash": "U2FsdGVkX1+AGEFFnO/bi3C32mNx/LBpdj+J+A9rRbbE8pTvzDJMAJaLKHCOpQyzijq9yRm2G3kF99yhPoXpVA==",
      "khash": null,
      "viewCount": null,
      "duration": "4:34",
      "size": 4388949
    },
    {
      "id": "b5208332-1751-4048-aa98-bacff00544c3",
      "pid": "45e429d6-e158-4187-92ef-204ccb64323f",
      "dblevel": 4,
      "location": "/VGMA/BaiHatCaNgoiChua/Q_/QuayQuanBenChua1",
      "isVideo": false,
      "url": "bai-hat-ca-ngoi-chua.q-.quay-quan-ben-chua-1",
      "name": "Quây Quần Bên Chúa 1",
      "count": 0,
      "isLeaf": null,
      "keyword": null,
      "hash": "U2FsdGVkX189YZBD4JpI09vqYEX72ggBqlfQaJdzxfzOb1w1nxuaYIJmYag2tzxWypPJgUee1C9DLOS1XL/+Vg==",
      "khash": "U2FsdGVkX182SrW5VTSzdMNbDe4ZJvQ0IEkBrf0NKprdTWn4H09vSzhbqpKqZfQl+6yLrNgLZIiTDq+a5y/A5Q==",
      "viewCount": null,
      "duration": "3:57",
      "size": 9512921
    },
    {
      "id": "7ea65cdb-a7c7-4788-85ab-232193abb32f",
      "pid": "45e429d6-e158-4187-92ef-204ccb64323f",
      "dblevel": 4,
      "location": "/VGMA/BaiHatCaNgoiChua/Q_/QuayQuanBenChua2",
      "isVideo": false,
      "url": "bai-hat-ca-ngoi-chua.q-.quay-quan-ben-chua-2",
      "name": "Quây Quần Bên Chúa 2",
      "count": 0,
      "isLeaf": null,
      "keyword": null,
      "hash": "U2FsdGVkX18qzvKr9qR2WfMo87p6LdCPX1mlPp2boFdbBUBeryT9BYUP9XlGATbqMXeyqDS58SNa/oB3rC+RyA==",
      "khash": "U2FsdGVkX1+yCx9RAZDtMwiNHh1pboZ0r7lF5hOSEQ985jeP2kRwXBmR2AxTdl49WJ+CGzYqgRg5v0BxHXVsmQ==",
      "viewCount": null,
      "duration": "3:28",
      "size": 3332350
    },
    {
      "id": "4944ac11-cf54-4ce0-8003-d8795ea44e15",
      "pid": "45e429d6-e158-4187-92ef-204ccb64323f",
      "dblevel": 4,
      "location": "/VGMA/BaiHatCaNgoiChua/Q_/QuayQuanBenChua3-TopCa",
      "isVideo": false,
      "url": "bai-hat-ca-ngoi-chua.q-.quay-quan-ben-chua-3-top-ca",
      "name": "Quây Quần Bên Chúa 3-Tốp Ca",
      "count": 0,
      "isLeaf": null,
      "keyword": null,
      "hash": "U2FsdGVkX19jYUAXnCPD1f/I9ayiwJ3X+uUib+Pj8hLSVoi6+WfHt6oBK44H2wd7kMDJNmv1AxAYlOc5TVb+aA==",
      "khash": null,
      "viewCount": null,
      "duration": "3:13",
      "size": 3098305
    },
    {
      "id": "1e93a75f-2b01-4e2d-a25d-c7fcb5e1eed2",
      "pid": "45e429d6-e158-4187-92ef-204ccb64323f",
      "dblevel": 4,
      "location": "/VGMA/BaiHatCaNgoiChua/Q_/QueHuongVinhHien",
      "isVideo": false,
      "url": "bai-hat-ca-ngoi-chua.q-.que-huong-vinh-hien",
      "name": "Quê Hương Vinh Hiển",
      "count": 0,
      "isLeaf": null,
      "keyword": null,
      "hash": "U2FsdGVkX18OgfYrc0OeQILv9bS6R5w4VCegsumpXh9UFyqBfJtVu6s8OI5uTFsxox6CLOABW7RWgrvaMcs2dw==",
      "khash": null,
      "viewCount": null,
      "duration": "3:54",
      "size": 3748574
    },
    {
      "id": "6c4a9c02-6925-4d78-b0ab-b3438a1d59be",
      "pid": "45e429d6-e158-4187-92ef-204ccb64323f",
      "dblevel": 4,
      "location": "/VGMA/BaiHatCaNgoiChua/Q_/QuangLuoiRa",
      "isVideo": false,
      "url": "bai-hat-ca-ngoi-chua.q-.quang-luoi-ra",
      "name": "Quăng Lưới Ra",
      "count": 0,
      "isLeaf": null,
      "keyword": null,
      "hash": "U2FsdGVkX19ngQgrf9SYD1MXILzMl3IjM03N7+c7PtTtiIbtvNcdmAVWUx4/F3/j7MpjMLNFk5xWjeYmmGmLkQ==",
      "khash": null,
      "viewCount": null,
      "duration": "3:29",
      "size": 3355742
    },
    {
      "id": "d1f2142d-faad-4112-b50a-77e682e351c2",
      "pid": "45e429d6-e158-4187-92ef-204ccb64323f",
      "dblevel": 4,
      "location": "/VGMA/BaiHatCaNgoiChua/Q_/QuyBenCha",
      "isVideo": false,
      "url": "bai-hat-ca-ngoi-chua.q-.quy-ben-cha",
      "name": "Quỳ Bên Cha",
      "count": 0,
      "isLeaf": null,
      "keyword": null,
      "hash": "U2FsdGVkX19KeCyblnCdehXkPzqXdDtarQ0qp65XbIgCadkkJNTgCZL+Mc8YoxMlsdEk4ZrsgEFNUuVUBTkETA==",
      "khash": null,
      "viewCount": null,
      "duration": "4:56",
      "size": 4750662
    },
    {
      "id": "1ff660b7-c70a-4e99-98f4-3661466b5368",
      "pid": "45e429d6-e158-4187-92ef-204ccb64323f",
      "dblevel": 4,
      "location": "/VGMA/BaiHatCaNgoiChua/Q_/QuyBenChaKinhYeu",
      "isVideo": false,
      "url": "bai-hat-ca-ngoi-chua.q-.quy-ben-cha-kinh-yeu",
      "name": "Quỳ Bên Cha Kính Yêu",
      "count": 0,
      "isLeaf": null,
      "keyword": null,
      "hash": "U2FsdGVkX19Il9Y0xfwmco6FZtpSD1eJX3J3dglJx6ElUmrPPKSeCoW82QJXugDIXR7aPZL4s9yobICgh6RaMQ==",
      "khash": null,
      "viewCount": null,
      "duration": "4:47",
      "size": 4605160
    },
    {
      "id": "ee773dff-8a92-490f-a91d-0f4ab4a99e97",
      "pid": "45e429d6-e158-4187-92ef-204ccb64323f",
      "dblevel": 4,
      "location": "/VGMA/BaiHatCaNgoiChua/Q_/QuyDangLenCha",
      "isVideo": false,
      "url": "bai-hat-ca-ngoi-chua.q-.quy-dang-len-cha",
      "name": "Quỳ Dâng Lên Cha",
      "count": 0,
      "isLeaf": null,
      "keyword": null,
      "hash": "U2FsdGVkX1/UySvqwBg/+4+w34gOsJyeAYHG4kQwyV+N2WIVxtErHs+aXrOfQaHw/FMe09lmlX1CmRa2YMv3EQ==",
      "khash": null,
      "viewCount": null,
      "duration": "3:2",
      "size": 2918144
    },
    {
      "id": "7ceb3947-de93-4ed8-91c1-c1c839462f8c",
      "pid": "45e429d6-e158-4187-92ef-204ccb64323f",
      "dblevel": 4,
      "location": "/VGMA/BaiHatCaNgoiChua/Q_/QuyDangLenChua",
      "isVideo": false,
      "url": "bai-hat-ca-ngoi-chua.q-.quy-dang-len-chua",
      "name": "Quỳ Dâng Lên Chúa",
      "count": 0,
      "isLeaf": null,
      "keyword": null,
      "hash": "U2FsdGVkX19qj6/ROQmwVds17NFllt1/zuRQAB33xrLoKx5B0GEqKvzilRIAxyYvAj3UbkPQZEzpL7n8sLt57A==",
      "khash": null,
      "viewCount": null,
      "duration": "5:8",
      "size": 3696752
    },
    {
      "id": "2c01984e-4a7d-4e6f-a6e3-736089e44ec7",
      "pid": "45e429d6-e158-4187-92ef-204ccb64323f",
      "dblevel": 4,
      "location": "/VGMA/BaiHatCaNgoiChua/Q_/QuyDangLenChuaMuonLoai",
      "isVideo": false,
      "url": "bai-hat-ca-ngoi-chua.q-.quy-dang-len-chua-muon-loai",
      "name": "Quỳ Dâng Lên Chúa Muôn Loài",
      "count": 0,
      "isLeaf": null,
      "keyword": null,
      "hash": "U2FsdGVkX19zeCdIg4FNGbelxyBjyKlG/fc4DDeZAJi77uIBCWiC+UKke/6RnZBJTazQE5gCYCQMVnBifzlTHw==",
      "khash": null,
      "viewCount": null,
      "duration": "1:55",
      "size": 4638486
    },
    {
      "id": "a4687700-ff35-4a38-9856-5d2bda294b70",
      "pid": "45e429d6-e158-4187-92ef-204ccb64323f",
      "dblevel": 4,
      "location": "/VGMA/BaiHatCaNgoiChua/Q_/QuyDuoiChanChua",
      "isVideo": false,
      "url": "bai-hat-ca-ngoi-chua.q-.quy-duoi-chan-chua",
      "name": "Quỳ Dưới Chân Chúa",
      "count": 0,
      "isLeaf": null,
      "keyword": null,
      "hash": "U2FsdGVkX18KDbx1OlfHWBLtUY74biX398PmTxZRnlnqBT8prfXhpWPPU8LZlSYGvBNP5RYDqBIBSvRXV4c5ww==",
      "khash": null,
      "viewCount": null,
      "duration": "4:58",
      "size": 4772992
    }
  ]
}