{
  "id": "230f9aeb-554f-40b0-b79e-738d5fd8c52d",
  "pid": "d34fbd7d-4ce6-408a-b31b-197f992e8bf9",
  "dblevel": 3,
  "location": "/VGMA/BaiHatCaNgoiChua/S_",
  "isVideo": false,
  "url": "bai-hat-ca-ngoi-chua.s-",
  "name": "S_",
  "count": 63,
  "isLeaf": true,
  "keyword": null,
  "hash": null,
  "khash": null,
  "viewCount": null,
  "duration": null,
  "size": null,
  "children": [
    {
      "id": "d0c8bf6d-cd25-42ad-85f9-51af447c71e8",
      "pid": "230f9aeb-554f-40b0-b79e-738d5fd8c52d",
      "dblevel": 4,
      "location": "/VGMA/BaiHatCaNgoiChua/S_/Sa-Lom-Gie-ho-va-MaiThao",
      "isVideo": false,
      "url": "bai-hat-ca-ngoi-chua.s-.sa-lom-gie-ho-va-maithao",
      "name": "Sa-Lom-Giê-hô-va-MaiThao",
      "count": 0,
      "isLeaf": null,
      "keyword": null,
      "hash": "U2FsdGVkX1/R3NTwiSHdDEozT6y1Q1vtWIMzFqdnz875zYxJk0KgnH1g3wlFV79ZWnmEjeQU0bI3KUCwx1XUNw==",
      "khash": null,
      "viewCount": null,
      "duration": "4:59",
      "size": 7198937
    },
    {
      "id": "fb9b40c9-26f4-4d96-86a6-15b8fe2ca07a",
      "pid": "230f9aeb-554f-40b0-b79e-738d5fd8c52d",
      "dblevel": 4,
      "location": "/VGMA/BaiHatCaNgoiChua/S_/SaoConHoangVang-NguyenTrongToan-ThaiTrinh",
      "isVideo": false,
      "url": "bai-hat-ca-ngoi-chua.s-.sao-con-hoang-vang-nguyentrongtoan-thaitrinh",
      "name": "Sao Còn Hoang Vắng-NguyenTrongToan-ThaiTrinh",
      "count": 0,
      "isLeaf": null,
      "keyword": null,
      "hash": "U2FsdGVkX1/uwGvMhNXSGqbfCzk/Z9am2v+zGBuiYBI20yy/XI56qtxZK09BadVOGljIz/SK1IW219p2SuOk1w==",
      "khash": null,
      "viewCount": null,
      "duration": "6:9",
      "size": 5913831
    },
    {
      "id": "34ffff7b-54bd-4306-beab-3929f1be2a7f",
      "pid": "230f9aeb-554f-40b0-b79e-738d5fd8c52d",
      "dblevel": 4,
      "location": "/VGMA/BaiHatCaNgoiChua/S_/SaoConLoSo-HoangBich",
      "isVideo": false,
      "url": "bai-hat-ca-ngoi-chua.s-.sao-con-lo-so-hoangbich",
      "name": "Sao Còn Lo Sợ-HoangBich",
      "count": 0,
      "isLeaf": null,
      "keyword": null,
      "hash": "U2FsdGVkX19YfG2Z6HD+U5ctDbUYhQqrn7b0e7ZfaLH56B8/7VQfSTxaksEb1Eufrg9L2QMOKn6fZiMt5EW3WQ==",
      "khash": null,
      "viewCount": null,
      "duration": "3:54",
      "size": 3751743
    },
    {
      "id": "200804e9-cdae-42fd-962e-169c242d2244",
      "pid": "230f9aeb-554f-40b0-b79e-738d5fd8c52d",
      "dblevel": 4,
      "location": "/VGMA/BaiHatCaNgoiChua/S_/SaoConVanMai-XuanPhu",
      "isVideo": false,
      "url": "bai-hat-ca-ngoi-chua.s-.sao-con-van-mai-xuanphu",
      "name": "Sao Còn Van Mãi-XuanPhu",
      "count": 0,
      "isLeaf": null,
      "keyword": null,
      "hash": "U2FsdGVkX1/QxBwCVvnTTSyfv5w/cMQMFzBsWnjjEych8PruyD678CTCTAOXTO1PoR/5DBBS/nWmBb1ZiJ6S5Q==",
      "khash": null,
      "viewCount": null,
      "duration": "5:5",
      "size": 9766350
    },
    {
      "id": "d5b91616-49e3-4c46-934d-a36ed8658086",
      "pid": "230f9aeb-554f-40b0-b79e-738d5fd8c52d",
      "dblevel": 4,
      "location": "/VGMA/BaiHatCaNgoiChua/S_/SaoCuLoChoNgayMai-LinhNang",
      "isVideo": false,
      "url": "bai-hat-ca-ngoi-chua.s-.sao-cu-lo-cho-ngay-mai-linhnang",
      "name": "Sao Cứ Lo Cho Ngày Mai-LinhNang",
      "count": 0,
      "isLeaf": null,
      "keyword": null,
      "hash": "U2FsdGVkX1/YtTHigaqQorkvuQZx/oY42hTf2YAq+rEj8WnkVEELgCsE22fkT05b0BnyIHuFg5nC+fQjF01+sQ==",
      "khash": null,
      "viewCount": null,
      "duration": "4:25",
      "size": 4253293
    },
    {
      "id": "65636637-105b-4e61-b4bb-cd3676f97a90",
      "pid": "230f9aeb-554f-40b0-b79e-738d5fd8c52d",
      "dblevel": 4,
      "location": "/VGMA/BaiHatCaNgoiChua/S_/SaoCuThoO",
      "isVideo": false,
      "url": "bai-hat-ca-ngoi-chua.s-.sao-cu-tho-o",
      "name": "Sao Cứ Thờ Ơ",
      "count": 0,
      "isLeaf": null,
      "keyword": null,
      "hash": "U2FsdGVkX1+rTGPX4xc0b+th/P01TmG/liWY9jTwxtZjL2pfSNtGOxgk6Bn2n8BuW2haExvsQrFJAIqVRXqL9w==",
      "khash": null,
      "viewCount": null,
      "duration": "1:59",
      "size": 4789898
    },
    {
      "id": "8d2f3ad3-a99f-4d2a-aaf4-713b3ca633f0",
      "pid": "230f9aeb-554f-40b0-b79e-738d5fd8c52d",
      "dblevel": 4,
      "location": "/VGMA/BaiHatCaNgoiChua/S_/SaoKhuocTu-LinhNang",
      "isVideo": false,
      "url": "bai-hat-ca-ngoi-chua.s-.sao-khuoc-tu-linhnang",
      "name": "Sao Khước Từ-LinhNang",
      "count": 0,
      "isLeaf": null,
      "keyword": null,
      "hash": "U2FsdGVkX1+8R/sfcBoGxgXD7MsNGJONrn6c4A0Q568VZp0LV8xcF9JhxNgXYbmvR0uJ++db5iCuVUvnw7dDCw==",
      "khash": null,
      "viewCount": null,
      "duration": "3:30",
      "size": 8432413
    },
    {
      "id": "b697cc11-625a-4057-8d04-31fb90cf5e48",
      "pid": "230f9aeb-554f-40b0-b79e-738d5fd8c52d",
      "dblevel": 4,
      "location": "/VGMA/BaiHatCaNgoiChua/S_/SaoMaiSangNgoiNgaiDaDenGiuaChonToiTam-LD",
      "isVideo": false,
      "url": "bai-hat-ca-ngoi-chua.s-.sao-mai-sang-ngoi-ngai-da-den-giua-chon-toi-tam-ld",
      "name": "Sao Mai Sáng Ngời Ngài Đã Đến Giữa Chốn Tối Tăm-LD",
      "count": 0,
      "isLeaf": null,
      "keyword": null,
      "hash": "U2FsdGVkX18MbXYZcXX4P/5ChGt7O/MYD9VtHgsTlpYuG9c4x8utfZKXbLH1c8Lh34FMQBazoCjV3uSkq6DHTg==",
      "khash": null,
      "viewCount": null,
      "duration": "4:24",
      "size": 4234661
    },
    {
      "id": "84dcaa46-1a5e-4c9d-b666-d8343fe3f3b4",
      "pid": "230f9aeb-554f-40b0-b79e-738d5fd8c52d",
      "dblevel": 4,
      "location": "/VGMA/BaiHatCaNgoiChua/S_/SaoNo-NguyenThuy",
      "isVideo": false,
      "url": "bai-hat-ca-ngoi-chua.s-.sao-no-nguyenthuy",
      "name": "Sao Nợ-NguyenThuy",
      "count": 0,
      "isLeaf": null,
      "keyword": null,
      "hash": "U2FsdGVkX18KoVHkKC/Hu07NY0TnKPhy14CC2p0mxgbBIyyVWXs0m5IHj5ijDH7SoDGQxssEsJULVP7Vo4tjeA==",
      "khash": null,
      "viewCount": null,
      "duration": "3:55",
      "size": 9431335
    },
    {
      "id": "fe28a28f-2637-4449-b865-5bb0edfbc90c",
      "pid": "230f9aeb-554f-40b0-b79e-738d5fd8c52d",
      "dblevel": 4,
      "location": "/VGMA/BaiHatCaNgoiChua/S_/SinhNhatVuaThanh-KinhKha-BichVan-Haghim-ToChau-GS",
      "isVideo": false,
      "url": "bai-hat-ca-ngoi-chua.s-.sinh-nhat-vua-thanh-kinhkha-bichvan-haghim-tochau-gs",
      "name": "Sinh Nhật Vua Thánh-KinhKha-BichVan-Haghim-ToChau-GS",
      "count": 0,
      "isLeaf": null,
      "keyword": null,
      "hash": "U2FsdGVkX1/3gIoBoY0ldzTKpU/olWiTI4GWXafl5/lAqnMli3wrNVEU/CYkWfpez1Pkp08Qnj41B5tlVWtkZg==",
      "khash": null,
      "viewCount": null,
      "duration": "3:17",
      "size": 3166943
    },
    {
      "id": "d2956c32-80e5-4ccc-a84f-82d81bbf1010",
      "pid": "230f9aeb-554f-40b0-b79e-738d5fd8c52d",
      "dblevel": 4,
      "location": "/VGMA/BaiHatCaNgoiChua/S_/SoiBong",
      "isVideo": false,
      "url": "bai-hat-ca-ngoi-chua.s-.soi-bong",
      "name": "Soi Bóng",
      "count": 0,
      "isLeaf": null,
      "keyword": null,
      "hash": "U2FsdGVkX19LLW8vBgLm4Mq5K8WO5VJcD/md5Qi6m8LxdkszpW3ozqLVfGs9nSLH3btpFpWtEibO3s41h1kwtg==",
      "khash": null,
      "viewCount": null,
      "duration": "5:29",
      "size": 5281615
    },
    {
      "id": "af1cdd51-9e32-4710-be77-a20b8e47a861",
      "pid": "230f9aeb-554f-40b0-b79e-738d5fd8c52d",
      "dblevel": 4,
      "location": "/VGMA/BaiHatCaNgoiChua/S_/SongHanh",
      "isVideo": false,
      "url": "bai-hat-ca-ngoi-chua.s-.song-hanh",
      "name": "Song Hành",
      "count": 0,
      "isLeaf": null,
      "keyword": null,
      "hash": "U2FsdGVkX19iuYTBA7jrpvWQhM8UVTM6dyp2TNIf0DK4F+XtIdJD3SbZXCgs+ehz4WuyJCZBq+Meq+8CKRgtrg==",
      "khash": null,
      "viewCount": null,
      "duration": "5:12",
      "size": 4993315
    },
    {
      "id": "a861f13e-935d-477d-a66a-13480462f935",
      "pid": "230f9aeb-554f-40b0-b79e-738d5fd8c52d",
      "dblevel": 4,
      "location": "/VGMA/BaiHatCaNgoiChua/S_/SuyNiemTinhYeu-Mydung",
      "isVideo": false,
      "url": "bai-hat-ca-ngoi-chua.s-.suy-niem-tinh-yeu-mydung",
      "name": "Suy Niệm Tình Yêu-Mydung",
      "count": 0,
      "isLeaf": null,
      "keyword": null,
      "hash": "U2FsdGVkX1/sDU6D1lfjG7P7g6CsmLxJ6oyktFt95jp8jT7ey3SNsxLoby2DuzMhlZlPSowQ8W/L3qgd7pAzmg==",
      "khash": "U2FsdGVkX19w/mER+x8C7P3284DJTTT+Vfji86GqBXHSUn9S71dZHH+S3mGyp/0tNgKPfSbVGTTxl0/3ChglOA==",
      "viewCount": null,
      "duration": "3:32",
      "size": 8511825
    },
    {
      "id": "c32d5a2e-3321-4a66-a756-52c2758cf2ed",
      "pid": "230f9aeb-554f-40b0-b79e-738d5fd8c52d",
      "dblevel": 4,
      "location": "/VGMA/BaiHatCaNgoiChua/S_/SuyNiem-NhatMai",
      "isVideo": false,
      "url": "bai-hat-ca-ngoi-chua.s-.suy-niem-nhatmai",
      "name": "Suy Niệm-NhatMai",
      "count": 0,
      "isLeaf": null,
      "keyword": null,
      "hash": "U2FsdGVkX19Dk3FTme0fIQMr7n4DH4rAcUXVCQsYGhETFmGn52fFVbrNlu3AS+YNs5z496Jb2zu1bSXl+YoWxg==",
      "khash": null,
      "viewCount": null,
      "duration": "4:17",
      "size": 10292695
    },
    {
      "id": "5190ccef-2490-4f6f-8c3d-29187cd13bfd",
      "pid": "230f9aeb-554f-40b0-b79e-738d5fd8c52d",
      "dblevel": 4,
      "location": "/VGMA/BaiHatCaNgoiChua/S_/SuyNemTrongDem-1",
      "isVideo": false,
      "url": "bai-hat-ca-ngoi-chua.s-.suy-nem-trong-dem-1",
      "name": "Suy Nệm Trong Đêm-1",
      "count": 0,
      "isLeaf": null,
      "keyword": null,
      "hash": "U2FsdGVkX19t97SApKPQ1KiEJGtISJG42p4nXbUeUEmx6nc5F86jhRuhxRjQtFFELVKGawpvIw1gX2RsAL+vdg==",
      "khash": null,
      "viewCount": null,
      "duration": "4:0",
      "size": 1996922
    },
    {
      "id": "a3c0c055-0f37-486d-a9ba-c5a00cd20bfe",
      "pid": "230f9aeb-554f-40b0-b79e-738d5fd8c52d",
      "dblevel": 4,
      "location": "/VGMA/BaiHatCaNgoiChua/S_/SuyNemTrongDem-2-NayEli",
      "isVideo": false,
      "url": "bai-hat-ca-ngoi-chua.s-.suy-nem-trong-dem-2-nayeli",
      "name": "Suy Nệm Trong Đêm-2-NayEli",
      "count": 0,
      "isLeaf": null,
      "keyword": null,
      "hash": "U2FsdGVkX1+bfzmiVD3/r3yLriiBpdKm1FQ6ML7EKjR8a9GSxlWLWbCS7z5KMGzVW1ABxRXAdqTjhl+p/uR7eA==",
      "khash": null,
      "viewCount": null,
      "duration": "4:1",
      "size": 3860240
    },
    {
      "id": "f7bf0e07-57db-4ca9-b0bf-7475a28b2285",
      "pid": "230f9aeb-554f-40b0-b79e-738d5fd8c52d",
      "dblevel": 4,
      "location": "/VGMA/BaiHatCaNgoiChua/S_/SuyTuBenChua1-KimSa",
      "isVideo": false,
      "url": "bai-hat-ca-ngoi-chua.s-.suy-tu-ben-chua-1-kimsa",
      "name": "Suy Tư Bên Chúa 1-KimSa",
      "count": 0,
      "isLeaf": null,
      "keyword": null,
      "hash": "U2FsdGVkX19bNt4pubpnHrQP759LYdOmgbtRSeFWOlUQH2ZM9lzoOF8h9AACeiBZlqVV0hcELPZLt7+6T0DbMA==",
      "khash": null,
      "viewCount": null,
      "duration": "2:39",
      "size": 2559120
    },
    {
      "id": "b8d82e5d-35f2-4bdb-8813-b7bd2c258e55",
      "pid": "230f9aeb-554f-40b0-b79e-738d5fd8c52d",
      "dblevel": 4,
      "location": "/VGMA/BaiHatCaNgoiChua/S_/SuyTuBenChua2-Naomi",
      "isVideo": false,
      "url": "bai-hat-ca-ngoi-chua.s-.suy-tu-ben-chua-2-naomi",
      "name": "Suy Tư Bên Chúa 2-Naomi",
      "count": 0,
      "isLeaf": null,
      "keyword": null,
      "hash": "U2FsdGVkX1+RikfixBOl75QQaU08tf6gr2/NkVkrJWfDObIKqTDK5Azm2Di7k1NQHpQchxX9wINUJAPmihkPwQ==",
      "khash": null,
      "viewCount": null,
      "duration": "3:46",
      "size": 9053002
    },
    {
      "id": "ff161bd9-0efe-4887-b138-c0b5381db927",
      "pid": "230f9aeb-554f-40b0-b79e-738d5fd8c52d",
      "dblevel": 4,
      "location": "/VGMA/BaiHatCaNgoiChua/S_/SuyTuBenChua3-NgocAnh",
      "isVideo": false,
      "url": "bai-hat-ca-ngoi-chua.s-.suy-tu-ben-chua-3-ngocanh",
      "name": "Suy Tư Bên Chúa 3-NgocAnh",
      "count": 0,
      "isLeaf": null,
      "keyword": null,
      "hash": "U2FsdGVkX18V56IJWPNnkJcpg4Pjo1sGgQd13DXuJx+yDAWGPB2jo2RlZWZx2cGHClO28b4LuAVg45Uw9I3Bgw==",
      "khash": null,
      "viewCount": null,
      "duration": "3:46",
      "size": 9075109
    },
    {
      "id": "783d1183-fd27-4694-ae82-f7b02997e09f",
      "pid": "230f9aeb-554f-40b0-b79e-738d5fd8c52d",
      "dblevel": 4,
      "location": "/VGMA/BaiHatCaNgoiChua/S_/SuyTuBonMua-HuuAi",
      "isVideo": false,
      "url": "bai-hat-ca-ngoi-chua.s-.suy-tu-bon-mua-huuai",
      "name": "Suy Tư Bốn Mùa-HuuAi",
      "count": 0,
      "isLeaf": null,
      "keyword": null,
      "hash": "U2FsdGVkX1/bMvK4S11ObJ3C7wFwvwgFsLD0a5u0/AE6LXCJgMGSkCvyiwL3xqC3P9NkLBkTyuLpH9hMHki1+Q==",
      "khash": null,
      "viewCount": null,
      "duration": "4:30",
      "size": 4325833
    },
    {
      "id": "6a52bc35-7ecb-4013-a7b7-7ad9cb5fa479",
      "pid": "230f9aeb-554f-40b0-b79e-738d5fd8c52d",
      "dblevel": 4,
      "location": "/VGMA/BaiHatCaNgoiChua/S_/SuyTuCuocDoi",
      "isVideo": false,
      "url": "bai-hat-ca-ngoi-chua.s-.suy-tu-cuoc-doi",
      "name": "Suy Tư Cuộc Đời",
      "count": 0,
      "isLeaf": null,
      "keyword": null,
      "hash": "U2FsdGVkX1/pxG3PDu6yjrFkTmE0lOl6i2jT8A7R6L90vLpMKQXo5vaHk/QIw0xnM1MGAh/np6iyGjQilQ57ow==",
      "khash": "U2FsdGVkX18PYQRlZ0cSFP2uOEDeNseJp+lwvtKsfQI/kCIpiBIVZYlRs8CZ0VQgRlCbQQESumj6fDM1Ss3ufg==",
      "viewCount": null,
      "duration": "4:53",
      "size": 4695730
    },
    {
      "id": "964d1d32-5860-4b45-92c5-18ac42d3a125",
      "pid": "230f9aeb-554f-40b0-b79e-738d5fd8c52d",
      "dblevel": 4,
      "location": "/VGMA/BaiHatCaNgoiChua/S_/Suytu-Nhaca",
      "isVideo": false,
      "url": "bai-hat-ca-ngoi-chua.s-.suy-tu-nhaca",
      "name": "Suy tư-Nhaca",
      "count": 0,
      "isLeaf": null,
      "keyword": null,
      "hash": "U2FsdGVkX190O8tFYSQWYWkV6cJbcz/v5sn8D85xWfBlJ7uGxJn/59lbMIb2M69mTQRaALehxto/I9Kk0MOzFQ==",
      "khash": null,
      "viewCount": null,
      "duration": "7:11",
      "size": 13806344
    },
    {
      "id": "e76f6391-0508-4938-b864-2fc8418bb9ae",
      "pid": "230f9aeb-554f-40b0-b79e-738d5fd8c52d",
      "dblevel": 4,
      "location": "/VGMA/BaiHatCaNgoiChua/S_/SuotDuong",
      "isVideo": false,
      "url": "bai-hat-ca-ngoi-chua.s-.suot-duong",
      "name": "Suốt Đường",
      "count": 0,
      "isLeaf": null,
      "keyword": null,
      "hash": "U2FsdGVkX19cp3i53MspljzarZKf7I5m+QRpiETl+nxld4367dgLEs0EnUHbWjnFWxiQLuic3Y2LGU5TJYtKug==",
      "khash": null,
      "viewCount": null,
      "duration": "4:34",
      "size": 4401050
    },
    {
      "id": "b08be394-4561-4765-82e0-52c3072db7b3",
      "pid": "230f9aeb-554f-40b0-b79e-738d5fd8c52d",
      "dblevel": 4,
      "location": "/VGMA/BaiHatCaNgoiChua/S_/SangDanhChua",
      "isVideo": false,
      "url": "bai-hat-ca-ngoi-chua.s-.sang-danh-chua",
      "name": "Sáng Danh Chúa",
      "count": 0,
      "isLeaf": null,
      "keyword": null,
      "hash": "U2FsdGVkX1/jX/Lqulo35wfrEVnJM0+6QDO8rqEPzMDJXuwuDzsue2NUdsxNBA5C1ZFQ6J0p2hIrxqIaDppZJQ==",
      "khash": null,
      "viewCount": null,
      "duration": "6:23",
      "size": 6143109
    },
    {
      "id": "4085b0f5-31c7-4791-aa68-711f474f4c1e",
      "pid": "230f9aeb-554f-40b0-b79e-738d5fd8c52d",
      "dblevel": 4,
      "location": "/VGMA/BaiHatCaNgoiChua/S_/SangDanhGie-xu1",
      "isVideo": false,
      "url": "bai-hat-ca-ngoi-chua.s-.sang-danh-gie-xu-1",
      "name": "Sáng Danh Giê-xu 1",
      "count": 0,
      "isLeaf": null,
      "keyword": null,
      "hash": "U2FsdGVkX1+0vudSbcMuB1JtENAYAaYEip/xdrobOTnxCcUA0bPsGpwHR18ALkCxVgxosmCRgrvMiKaBDo/aMw==",
      "khash": null,
      "viewCount": null,
      "duration": "5:48",
      "size": 5570688
    },
    {
      "id": "25bff92d-268c-4b84-8024-3206e9362229",
      "pid": "230f9aeb-554f-40b0-b79e-738d5fd8c52d",
      "dblevel": 4,
      "location": "/VGMA/BaiHatCaNgoiChua/S_/SangDanhGie-xu2-ChungtuLuu",
      "isVideo": false,
      "url": "bai-hat-ca-ngoi-chua.s-.sang-danh-gie-xu-2-chungtuluu",
      "name": "Sáng Danh Giê-xu 2-ChungtuLuu",
      "count": 0,
      "isLeaf": null,
      "keyword": null,
      "hash": "U2FsdGVkX1+wJtRNXt7OwNVxIx3d5VnanJIbQMZ5D0eibGFeGIhcxTPwfO00tfiXU5oAd5LaYGxP5PDKRn4A3g==",
      "khash": null,
      "viewCount": null,
      "duration": "4:13",
      "size": 10158678
    },
    {
      "id": "28a81e4b-5f8f-46af-80c0-462f94ba2077",
      "pid": "230f9aeb-554f-40b0-b79e-738d5fd8c52d",
      "dblevel": 4,
      "location": "/VGMA/BaiHatCaNgoiChua/S_/SangDanhThienChua",
      "isVideo": false,
      "url": "bai-hat-ca-ngoi-chua.s-.sang-danh-thien-chua",
      "name": "Sáng Danh Thiên Chúa",
      "count": 0,
      "isLeaf": null,
      "keyword": null,
      "hash": "U2FsdGVkX1/ktEPf5Slwj41NFMvkYCWis+4oYfhyP4zYmHI+1Jx0cf7MRv55Ym+PTqElGR4SuwOXhLX5UMWEbQ==",
      "khash": null,
      "viewCount": null,
      "duration": "4:0",
      "size": 3849373
    },
    {
      "id": "f946f097-2702-4eea-ad02-d3516ba58741",
      "pid": "230f9aeb-554f-40b0-b79e-738d5fd8c52d",
      "dblevel": 4,
      "location": "/VGMA/BaiHatCaNgoiChua/S_/SangNayThucDayCoNiemVuiNao-LD-HL",
      "isVideo": false,
      "url": "bai-hat-ca-ngoi-chua.s-.sang-nay-thuc-day-co-niem-vui-nao-ld-hl",
      "name": "Sáng Nay Thức Dậy Có Niềm Vui Nào-LD-HL",
      "count": 0,
      "isLeaf": null,
      "keyword": null,
      "hash": "U2FsdGVkX1/HtEYYEUvbQfpvSbwoH7avwhqpESpIbJWOoxLICk3HY4Ntp7PvfMSokYJ2vxkMDc/9sBwP6KSPNQ==",
      "khash": null,
      "viewCount": null,
      "duration": "4:44",
      "size": 4552310
    },
    {
      "id": "12e5c210-5f09-4b9f-9e75-bdb81923b0e8",
      "pid": "230f9aeb-554f-40b0-b79e-738d5fd8c52d",
      "dblevel": 4,
      "location": "/VGMA/BaiHatCaNgoiChua/S_/SangNhuDuoc-SiuYKao",
      "isVideo": false,
      "url": "bai-hat-ca-ngoi-chua.s-.sang-nhu-duoc-siuykao",
      "name": "Sáng Như Đuốc-SiuYKao",
      "count": 0,
      "isLeaf": null,
      "keyword": null,
      "hash": "U2FsdGVkX18oMZSDI+ez78pNnWlmGlo2ZoVfReFO3Z6S6Fa3BK/WORmo03UD71Yv/QehR/QwW+owx2ePl0Kf4w==",
      "khash": null,
      "viewCount": null,
      "duration": "4:38",
      "size": 4461440
    },
    {
      "id": "41735ea7-5020-4132-9a60-058366305564",
      "pid": "230f9aeb-554f-40b0-b79e-738d5fd8c52d",
      "dblevel": 4,
      "location": "/VGMA/BaiHatCaNgoiChua/S_/SangSoiTamHon",
      "isVideo": false,
      "url": "bai-hat-ca-ngoi-chua.s-.sang-soi-tam-hon",
      "name": "Sáng Soi Tâm Hồn",
      "count": 0,
      "isLeaf": null,
      "keyword": null,
      "hash": "U2FsdGVkX18VE7EPuP4Vkw0evypkSiQc9AiKWXmBOF6uE4P+FLKDDsoa7GF2zBtvJ2soB1RfkRPOifdDpdZJXA==",
      "khash": null,
      "viewCount": null,
      "duration": "3:57",
      "size": 9485740
    },
    {
      "id": "1085a290-08e9-4895-9ba9-3f5f673e69e3",
      "pid": "230f9aeb-554f-40b0-b79e-738d5fd8c52d",
      "dblevel": 4,
      "location": "/VGMA/BaiHatCaNgoiChua/S_/SanLongHauViec-Nenita",
      "isVideo": false,
      "url": "bai-hat-ca-ngoi-chua.s-.san-long-hau-viec-nenita",
      "name": "Sẵn Lòng Hầu Việc-Nenita",
      "count": 0,
      "isLeaf": null,
      "keyword": null,
      "hash": "U2FsdGVkX19fg/CcOrlACQRVk2ai4sKDTCDHddWWV+qah8mV/7l9ypmAiiNemqBXibfXKcv4DF6BbQhQowi1Eg==",
      "khash": null,
      "viewCount": null,
      "duration": "2:1",
      "size": 1949515
    },
    {
      "id": "4bc5fa74-ca00-4a0d-8f69-6f51538ae7fd",
      "pid": "230f9aeb-554f-40b0-b79e-738d5fd8c52d",
      "dblevel": 4,
      "location": "/VGMA/BaiHatCaNgoiChua/S_/SeKhongConBongToi",
      "isVideo": false,
      "url": "bai-hat-ca-ngoi-chua.s-.se-khong-con-bong-toi",
      "name": "Sẽ Không Còn Bóng Tối",
      "count": 0,
      "isLeaf": null,
      "keyword": null,
      "hash": "U2FsdGVkX19GaCk4BrvLNmVqwSQfIx1+S4nvENarYZ4k8h22aF8qVeZw5hysR0VuoXR3BJs7BoIsMgZ4TyYLCg==",
      "khash": null,
      "viewCount": null,
      "duration": "2:44",
      "size": 2634103
    },
    {
      "id": "aff6b251-4d40-44ed-b656-855103b4849c",
      "pid": "230f9aeb-554f-40b0-b79e-738d5fd8c52d",
      "dblevel": 4,
      "location": "/VGMA/BaiHatCaNgoiChua/S_/SongBietOnNgai-HoiThanh.Com",
      "isVideo": false,
      "url": "bai-hat-ca-ngoi-chua.s-.song-biet-on-ngai-hoithanh-com",
      "name": "Sống Biết Ơn Ngài-HoiThanh.Com",
      "count": 0,
      "isLeaf": null,
      "keyword": null,
      "hash": "U2FsdGVkX18Bb2WFIQvnlwZr6PluUglKb59DMmmRtF3DbT2IzY1Vj/Nuzo6xQfOszlWXC/PXdq2uq1opkJC3UQ==",
      "khash": null,
      "viewCount": null,
      "duration": "4:43",
      "size": 4534415
    },
    {
      "id": "b11d9e25-ad61-4fb1-a821-b15fe8d73fc6",
      "pid": "230f9aeb-554f-40b0-b79e-738d5fd8c52d",
      "dblevel": 4,
      "location": "/VGMA/BaiHatCaNgoiChua/S_/SongBenNhau-1-HaiTuyen",
      "isVideo": false,
      "url": "bai-hat-ca-ngoi-chua.s-.song-ben-nhau-1-haituyen",
      "name": "Sống Bên Nhau-1-HaiTuyen",
      "count": 0,
      "isLeaf": null,
      "keyword": null,
      "hash": "U2FsdGVkX1/yztsSu6jynJeJp67VIOoi+Cldn77TlE012/hXOZEDxd47VlqlQHoAUF6wI5oBQkbLw/rvE+KSdw==",
      "khash": "U2FsdGVkX1+U4a2pfwn26EcMxEBZOjwWdLoy0qABB8JCNwWH0sd9dyDzyvAz7ae8EY5zapTG3C9J90EhwPrfvA==",
      "viewCount": null,
      "duration": "2:40",
      "size": 2565815
    },
    {
      "id": "5bfc4524-4478-4732-8f50-c6b849a09766",
      "pid": "230f9aeb-554f-40b0-b79e-738d5fd8c52d",
      "dblevel": 4,
      "location": "/VGMA/BaiHatCaNgoiChua/S_/SongBenNhau-2-HongChau",
      "isVideo": false,
      "url": "bai-hat-ca-ngoi-chua.s-.song-ben-nhau-2-hongchau",
      "name": "Sống Bên Nhau-2-HongChau",
      "count": 0,
      "isLeaf": null,
      "keyword": null,
      "hash": "U2FsdGVkX187uYmZpdvjgIR9fWu6nbw42vXASLLtQw6woqL7lRfUakfMXEi0k2GCZ1Xw5oiZ5Q8J99wpNKtbqA==",
      "khash": "U2FsdGVkX1/559CSklnFM88ge2AlNPiHNyUItNL77avlshNVww4njmYBi7AD8PjOZ8FkqcoEDlJHmROIQhHhww==",
      "viewCount": null,
      "duration": "3:11",
      "size": 3065705
    },
    {
      "id": "c1f4d50a-e044-40a0-b94b-2036c285f97b",
      "pid": "230f9aeb-554f-40b0-b79e-738d5fd8c52d",
      "dblevel": 4,
      "location": "/VGMA/BaiHatCaNgoiChua/S_/SongChoChrist",
      "isVideo": false,
      "url": "bai-hat-ca-ngoi-chua.s-.song-cho-christ",
      "name": "Sống Cho Christ",
      "count": 0,
      "isLeaf": null,
      "keyword": null,
      "hash": "U2FsdGVkX197frbh837x8fyFbyXpIhwfEuEJwWsoVR/x9XdD66R+upZznBFmr9Ph4GFoI5+ggz5puIGBIhj09Q==",
      "khash": null,
      "viewCount": null,
      "duration": "5:33",
      "size": 5337550
    },
    {
      "id": "26719c71-58cb-4302-b239-81aa5d62132d",
      "pid": "230f9aeb-554f-40b0-b79e-738d5fd8c52d",
      "dblevel": 4,
      "location": "/VGMA/BaiHatCaNgoiChua/S_/SongChoChua-Haghim",
      "isVideo": false,
      "url": "bai-hat-ca-ngoi-chua.s-.song-cho-chua-haghim",
      "name": "Sống Cho Chúa-Haghim",
      "count": 0,
      "isLeaf": null,
      "keyword": null,
      "hash": "U2FsdGVkX1/WCvuvKslXevq0AJ8sRS3MhryeGIK5rb4pUvgOFVlrtje9lm4J2PA0vDRWU1TfrXTLlgzAU5sHxQ==",
      "khash": null,
      "viewCount": null,
      "duration": "3:26",
      "size": 3303448
    },
    {
      "id": "12763943-eea5-478d-82d2-99e4c2572823",
      "pid": "230f9aeb-554f-40b0-b79e-738d5fd8c52d",
      "dblevel": 4,
      "location": "/VGMA/BaiHatCaNgoiChua/S_/SongChoGie-xu",
      "isVideo": false,
      "url": "bai-hat-ca-ngoi-chua.s-.song-cho-gie-xu",
      "name": "Sống Cho Giê-xu",
      "count": 0,
      "isLeaf": null,
      "keyword": null,
      "hash": "U2FsdGVkX1/rqPSzkrA/HTgUngxrZSVhriVtslpbuf8amKFlRRIEHSfbIsG2ONRHzfutTo8QoTDiPh1SE00pIw==",
      "khash": "U2FsdGVkX18/FowPeccgOlGElwzo3vbYh/4Uh6cuwklkIeZNJXcgkzhFFYOjzjUbrExlALeD5ybT5lvdNwxd5w==",
      "viewCount": null,
      "duration": "5:7",
      "size": 4924481
    },
    {
      "id": "63bcdd4f-d8e4-4d6a-9c90-e064030929df",
      "pid": "230f9aeb-554f-40b0-b79e-738d5fd8c52d",
      "dblevel": 4,
      "location": "/VGMA/BaiHatCaNgoiChua/S_/SongChoNguoiYeu(Phuong)",
      "isVideo": false,
      "url": "bai-hat-ca-ngoi-chua.s-.song-cho-nguoi-yeu-phuong-",
      "name": "Sống Cho Người Yêu(Phuong)",
      "count": 0,
      "isLeaf": null,
      "keyword": null,
      "hash": "U2FsdGVkX1+leMxdZrQpmlQxXZUXQ8/n3BZESY+F93Uoy1aXUujI8ttPjRqzimziTke6xtM1Qvk/abZTb2AZaA==",
      "khash": null,
      "viewCount": null,
      "duration": "3:16",
      "size": 3152633
    },
    {
      "id": "65d98667-50c6-4af4-9bd3-f00141b246f7",
      "pid": "230f9aeb-554f-40b0-b79e-738d5fd8c52d",
      "dblevel": 4,
      "location": "/VGMA/BaiHatCaNgoiChua/S_/SongChoTinhNgai",
      "isVideo": false,
      "url": "bai-hat-ca-ngoi-chua.s-.song-cho-tinh-ngai",
      "name": "Sống Cho Tình Ngài",
      "count": 0,
      "isLeaf": null,
      "keyword": null,
      "hash": "U2FsdGVkX1+yOqPlbc6W0fEgxzsgrv/CNvsoBHsAAd0zZ+W5J6azpcJwqY184S4mYGCSQhWIxjE58z5wDOLmog==",
      "khash": null,
      "viewCount": null,
      "duration": "5:40",
      "size": 5458006
    },
    {
      "id": "95b76d3e-666a-4643-9bc9-2a0fa10df18e",
      "pid": "230f9aeb-554f-40b0-b79e-738d5fd8c52d",
      "dblevel": 4,
      "location": "/VGMA/BaiHatCaNgoiChua/S_/SongGiuaDoi",
      "isVideo": false,
      "url": "bai-hat-ca-ngoi-chua.s-.song-giua-doi-",
      "name": "Sống Giữa Đời ",
      "count": 0,
      "isLeaf": null,
      "keyword": null,
      "hash": "U2FsdGVkX189zsSIvEz4PpcJKcXhLT1pobUSQvnqPx3HfqrM016NWTJEAJwAz0VDtSNtoQVO8X0c/pyvCNw3pA==",
      "khash": null,
      "viewCount": null,
      "duration": "4:5",
      "size": 3937624
    },
    {
      "id": "b2a8fc09-37ae-4cb7-ae53-f1560c8cc35a",
      "pid": "230f9aeb-554f-40b0-b79e-738d5fd8c52d",
      "dblevel": 4,
      "location": "/VGMA/BaiHatCaNgoiChua/S_/SongHauViec-1-AnhThuy",
      "isVideo": false,
      "url": "bai-hat-ca-ngoi-chua.s-.song-hau-viec-1-anhthuy",
      "name": "Sống Hầu Việc-1-AnhThuy",
      "count": 0,
      "isLeaf": null,
      "keyword": null,
      "hash": "U2FsdGVkX1/LuQE90bAPPLDt2kuWZcJV2+qKLc/EnOwpMDUlZ8JbpJw1zQRV+79DaSDse20MwYW3SzHFVZYp5g==",
      "khash": "U2FsdGVkX1/P9/3NdheRRa6b+1wuQkKHfci0a6zpWw/4zuisqzKg5G8wmAF6DcYbbQ0TwPq5zKkWI7/sugpOEg==",
      "viewCount": null,
      "duration": "2:40",
      "size": 2565813
    },
    {
      "id": "ae267cc6-ef10-4590-9c64-ac0c528d9204",
      "pid": "230f9aeb-554f-40b0-b79e-738d5fd8c52d",
      "dblevel": 4,
      "location": "/VGMA/BaiHatCaNgoiChua/S_/SongHauViec-2-Dac",
      "isVideo": false,
      "url": "bai-hat-ca-ngoi-chua.s-.song-hau-viec-2-dac",
      "name": "Sống Hầu Việc-2-Dac",
      "count": 0,
      "isLeaf": null,
      "keyword": null,
      "hash": "U2FsdGVkX19URdOFnACjrXznsrC9STLIqpBMgQXdyBb+2o0fZNuFQx7S2yHWuqeGwQRXi+lwHkc2B+gCvly7Gg==",
      "khash": null,
      "viewCount": null,
      "duration": "2:5",
      "size": 2016125
    },
    {
      "id": "19b8c387-19a9-46e7-a5b4-f705fc155873",
      "pid": "230f9aeb-554f-40b0-b79e-738d5fd8c52d",
      "dblevel": 4,
      "location": "/VGMA/BaiHatCaNgoiChua/S_/SongTrongNiemVui-1-Dalena",
      "isVideo": false,
      "url": "bai-hat-ca-ngoi-chua.s-.song-trong-niem-vui-1-dalena",
      "name": "Sống Trong Niềm Vui-1-Dalena",
      "count": 0,
      "isLeaf": null,
      "keyword": null,
      "hash": "U2FsdGVkX1/wwuuEAisJ16obXbMIsD8kxNfLGb/1mdEpHMmqo/Gz4KIxszbkhyK2utY3tzBrYC2H3EvuN3XWuA==",
      "khash": null,
      "viewCount": null,
      "duration": "5:31",
      "size": 6147861
    },
    {
      "id": "b757a820-1e7b-4c98-831a-46dedd5bcf31",
      "pid": "230f9aeb-554f-40b0-b79e-738d5fd8c52d",
      "dblevel": 4,
      "location": "/VGMA/BaiHatCaNgoiChua/S_/SongTrongNiemVui-2-ChungTuLuu",
      "isVideo": false,
      "url": "bai-hat-ca-ngoi-chua.s-.song-trong-niem-vui-2-chungtuluu",
      "name": "Sống Trong Niềm Vui-2-ChungTuLuu",
      "count": 0,
      "isLeaf": null,
      "keyword": null,
      "hash": "U2FsdGVkX19uK7pg4lw2bkzBFozCRI2PEnelYA6XT3htDCFxketgOuJ0U6A71skC8oun5BBzD/O7v0eWeoH3mQ==",
      "khash": "U2FsdGVkX18MuQ346LKCU87vR8S/4LJLd4Nn8D2852o/TRYiXjo9E9jAb6hPO2VRAOcaYk4HJeY4J/qwpWyKLg==",
      "viewCount": null,
      "duration": "5:27",
      "size": 13094849
    },
    {
      "id": "1d427798-8254-4841-bc71-eb786d9d018f",
      "pid": "230f9aeb-554f-40b0-b79e-738d5fd8c52d",
      "dblevel": 4,
      "location": "/VGMA/BaiHatCaNgoiChua/S_/SongTrongQuyenNang-MaiHuong",
      "isVideo": false,
      "url": "bai-hat-ca-ngoi-chua.s-.song-trong-quyen-nang-maihuong",
      "name": "Sống Trong Quyền Năng-MaiHuong",
      "count": 0,
      "isLeaf": null,
      "keyword": null,
      "hash": "U2FsdGVkX18QBrrMoFAus06BVsX1+ZXw1DjnK6rItfz4/LgE2Hd5ARwbV6kniDHZkqijVoOh4L3UyQbCQX6arw==",
      "khash": "U2FsdGVkX19LJaoAv0Qsig9C4LyIhiPZRLpKmglGORMfaBFfie5/RDyDg6mqkMWhGW14FrYbs2HJu9PmnWaLvw==",
      "viewCount": null,
      "duration": "3:16",
      "size": 3146189
    },
    {
      "id": "f7ad84a4-a84f-4d96-b9ca-ca4ccf0735f0",
      "pid": "230f9aeb-554f-40b0-b79e-738d5fd8c52d",
      "dblevel": 4,
      "location": "/VGMA/BaiHatCaNgoiChua/S_/SongTrongTinhNgai-KhacCuong",
      "isVideo": false,
      "url": "bai-hat-ca-ngoi-chua.s-.song-trong-tinh-ngai-khaccuong",
      "name": "Sống Trong Tình Ngài-KhacCuong",
      "count": 0,
      "isLeaf": null,
      "keyword": null,
      "hash": "U2FsdGVkX1+p+hQlcgCpcjaVd3OPLkpzrNtoRAHQ7vYgTIwwSkv1t7CwfBTyiEcZpR5F3yEL9bsrNaqC/Jk5rA==",
      "khash": null,
      "viewCount": null,
      "duration": "5:11",
      "size": 12466862
    },
    {
      "id": "447a646f-050d-4a32-84fa-9cd723676a86",
      "pid": "230f9aeb-554f-40b0-b79e-738d5fd8c52d",
      "dblevel": 4,
      "location": "/VGMA/BaiHatCaNgoiChua/S_/SongVoiChua-1-HongYen",
      "isVideo": false,
      "url": "bai-hat-ca-ngoi-chua.s-.song-voi-chua-1-hongyen",
      "name": "Sống Với Chúa-1-HongYen",
      "count": 0,
      "isLeaf": null,
      "keyword": null,
      "hash": "U2FsdGVkX1/nyrvibooeaoVHc69HPqAAMCBdA/ndNEwD57CKVvoF6gWaMVBAn8sPXzDFTKLCTWu2AKnel6Ku1A==",
      "khash": null,
      "viewCount": null,
      "duration": "3:45",
      "size": 9028090
    },
    {
      "id": "17423e0a-054b-4f32-9a89-f1188fe842ed",
      "pid": "230f9aeb-554f-40b0-b79e-738d5fd8c52d",
      "dblevel": 4,
      "location": "/VGMA/BaiHatCaNgoiChua/S_/SongVoiChua-2-ThaiBinh",
      "isVideo": false,
      "url": "bai-hat-ca-ngoi-chua.s-.song-voi-chua-2-thaibinh",
      "name": "Sống Với Chúa-2-ThaiBinh",
      "count": 0,
      "isLeaf": null,
      "keyword": null,
      "hash": "U2FsdGVkX18C+WQcETvAHYrzP1gznB+kpFCiJqdGMV1urJ5wpWKtvfyJ9VF27LyOVX059K5LQkOT7ppXW0Y5Xg==",
      "khash": "U2FsdGVkX1/R/qC4MxIN4++jLpOVdLVcHSmlmzq8DF6o+qa2GDygVQmjX1TU19Iy+L6dSeU3Rm40phx2qn8YAA==",
      "viewCount": null,
      "duration": "2:48",
      "size": 2704996
    },
    {
      "id": "63a46aaa-c497-42ca-9368-c33ef8e6d165",
      "pid": "230f9aeb-554f-40b0-b79e-738d5fd8c52d",
      "dblevel": 4,
      "location": "/VGMA/BaiHatCaNgoiChua/S_/SongYeuThuong",
      "isVideo": false,
      "url": "bai-hat-ca-ngoi-chua.s-.song-yeu-thuong",
      "name": "Sống Yêu Thương",
      "count": 0,
      "isLeaf": null,
      "keyword": null,
      "hash": "U2FsdGVkX19AfhRtBn7w+WMdDSXT1j59OvaCXQvMNZRqa1kHi3sgAi3i0Vzn4VBsrjcUFCKp0RqzHr38ByfrLg==",
      "khash": "U2FsdGVkX19K8CyifqueRHQ3iXPD+JCiS6NUHExt9sF2X+/A78YZ1gS2SP95W5hx0Q5HToXsyVrPo2pSJUYpaA==",
      "viewCount": null,
      "duration": "4:34",
      "size": 4399754
    },
    {
      "id": "c7121af2-c7fe-4273-9a24-6bcbc56ccd93",
      "pid": "230f9aeb-554f-40b0-b79e-738d5fd8c52d",
      "dblevel": 4,
      "location": "/VGMA/BaiHatCaNgoiChua/S_/SongDao",
      "isVideo": false,
      "url": "bai-hat-ca-ngoi-chua.s-.song-dao",
      "name": "Sống Đạo",
      "count": 0,
      "isLeaf": null,
      "keyword": null,
      "hash": "U2FsdGVkX18Og1Ae5mZgkf+4HIrq65BomMOzmNX1+DZaklHYWf7fJqFbB8Lk+Xm/2IM2zk5CnxQIR4xsEiK8SA==",
      "khash": null,
      "viewCount": null,
      "duration": "4:31",
      "size": 4344621
    },
    {
      "id": "36404cb4-da23-4c80-b159-7ddc7f91c04e",
      "pid": "230f9aeb-554f-40b0-b79e-738d5fd8c52d",
      "dblevel": 4,
      "location": "/VGMA/BaiHatCaNgoiChua/S_/SongDepYChua-Topca(LeAnhDong)",
      "isVideo": false,
      "url": "bai-hat-ca-ngoi-chua.s-.song-dep-y-chua-topca-leanhdong-",
      "name": "Sống Đẹp Ý Chúa-Topca(LeAnhDong)",
      "count": 0,
      "isLeaf": null,
      "keyword": null,
      "hash": "U2FsdGVkX18W89y1oW4ayMsFv+KTpyqQFIjd1bZWT2c1nqgqk9ejuIafcm+YAcdlAwkBnKexmMIbplSZ/pIpfg==",
      "khash": null,
      "viewCount": null,
      "duration": "4:56",
      "size": 7106413
    },
    {
      "id": "9e013240-6291-4770-a1e4-02c657796413",
      "pid": "230f9aeb-554f-40b0-b79e-738d5fd8c52d",
      "dblevel": 4,
      "location": "/VGMA/BaiHatCaNgoiChua/S_/SongDeChet",
      "isVideo": false,
      "url": "bai-hat-ca-ngoi-chua.s-.song-de-chet",
      "name": "Sống Để Chết",
      "count": 0,
      "isLeaf": null,
      "keyword": null,
      "hash": "U2FsdGVkX19PURFduTkrbX1AG2eBwKQlnB67aBWFg3c+cXESBeD2KyG/DeEfiO8p/Aup0zKTsKLYmVmYAneN9A==",
      "khash": null,
      "viewCount": null,
      "duration": "4:33",
      "size": 4383497
    },
    {
      "id": "9c697439-6683-4f7b-8540-222befd799ff",
      "pid": "230f9aeb-554f-40b0-b79e-738d5fd8c52d",
      "dblevel": 4,
      "location": "/VGMA/BaiHatCaNgoiChua/S_/SuMangDoiCon-HopCa",
      "isVideo": false,
      "url": "bai-hat-ca-ngoi-chua.s-.su-mang-doi-con-hopca",
      "name": "Sứ Mạng Đời Con-HopCa",
      "count": 0,
      "isLeaf": null,
      "keyword": null,
      "hash": "U2FsdGVkX19xs+mUGSV+JZ6JnVeI5+wEqzqVLTAzPAePiMyKXglw8qw64vDQ6CdXD4lmFGuGoWI9Nw9u9v6QZA==",
      "khash": null,
      "viewCount": null,
      "duration": "4:38",
      "size": 11161495
    },
    {
      "id": "62544e58-5bd6-4560-bdf4-ef2dbc2b950b",
      "pid": "230f9aeb-554f-40b0-b79e-738d5fd8c52d",
      "dblevel": 4,
      "location": "/VGMA/BaiHatCaNgoiChua/S_/SucMoi-NayDanh",
      "isVideo": false,
      "url": "bai-hat-ca-ngoi-chua.s-.suc-moi-naydanh",
      "name": "Sức Mới-NayDanh",
      "count": 0,
      "isLeaf": null,
      "keyword": null,
      "hash": "U2FsdGVkX191ct0MY30q6B9NLs/8LNx+vZ4d/MsBmwIB6tKvz5L5zJvLFhcMO88V8zTZcz0bM4eLqvfFsd0fUA==",
      "khash": null,
      "viewCount": null,
      "duration": "4:19",
      "size": 4145152
    },
    {
      "id": "1bf226dd-d9d0-417a-b4a3-b8effd4d19d1",
      "pid": "230f9aeb-554f-40b0-b79e-738d5fd8c52d",
      "dblevel": 4,
      "location": "/VGMA/BaiHatCaNgoiChua/S_/SucSongMoi-ToHa",
      "isVideo": false,
      "url": "bai-hat-ca-ngoi-chua.s-.suc-song-moi-toha",
      "name": "Sức Sống Mới-ToHa",
      "count": 0,
      "isLeaf": null,
      "keyword": null,
      "hash": "U2FsdGVkX18FiFC3/j/40lOoMtpbk9hNhKkx8E08vz0ocKBAYMiJEehelF38EUk1c8hvmQC/gqZk98yOyPikaQ==",
      "khash": "U2FsdGVkX1+cukW10Jj0hjUzub00Tjk9TDibdDMymwurNYcgxZdXgBUK+vf2R3yVAzslzejs/R3pX2o55zKqSQ==",
      "viewCount": null,
      "duration": "2:48",
      "size": 2694899
    },
    {
      "id": "7b77154a-ef1a-4bd9-be06-0af22d4e2e8e",
      "pid": "230f9aeb-554f-40b0-b79e-738d5fd8c52d",
      "dblevel": 4,
      "location": "/VGMA/BaiHatCaNgoiChua/S_/SucsongmoitrongNgai-Haghim",
      "isVideo": false,
      "url": "bai-hat-ca-ngoi-chua.s-.suc-song-moi-trong-ngai-haghim",
      "name": "Sức sống mới trong Ngài-Haghim",
      "count": 0,
      "isLeaf": null,
      "keyword": null,
      "hash": "U2FsdGVkX1/Fzabnd1Uc1e/j1Rzp0XmaoEvm/YESAUhs/1l52EVx1IowFFsXgsSA6vpbmqX/InLJLBqEHEZmEQ==",
      "khash": "U2FsdGVkX19L6gkpqPJ6ejxmY2Xki4I08qWw5l7Khwk83G3jR0tzicbGf+vWS9GslOgiKwpuU8mdNFuHw7qeyw==",
      "viewCount": null,
      "duration": "4:19",
      "size": 4161288
    },
    {
      "id": "16233f87-681b-49d5-aca2-58b6e74095f0",
      "pid": "230f9aeb-554f-40b0-b79e-738d5fd8c52d",
      "dblevel": 4,
      "location": "/VGMA/BaiHatCaNgoiChua/S_/SuBinhAn",
      "isVideo": false,
      "url": "bai-hat-ca-ngoi-chua.s-.su-binh-an",
      "name": "Sự Bình An",
      "count": 0,
      "isLeaf": null,
      "keyword": null,
      "hash": "U2FsdGVkX196S7wdMVlIrhrm+mak7RrGsbn9M8ZGVzcH66ROdlZj45vuVenyc2LSA2rf69vW2c+cwY51a9AnOg==",
      "khash": null,
      "viewCount": null,
      "duration": "4:0",
      "size": 4116005
    },
    {
      "id": "d0053234-b396-4c8f-a40f-f31b11e46371",
      "pid": "230f9aeb-554f-40b0-b79e-738d5fd8c52d",
      "dblevel": 4,
      "location": "/VGMA/BaiHatCaNgoiChua/S_/SuSangRangSoi-BichVan",
      "isVideo": false,
      "url": "bai-hat-ca-ngoi-chua.s-.su-sang-rang-soi-bichvan",
      "name": "Sự Sáng Rạng Soi-BichVan",
      "count": 0,
      "isLeaf": null,
      "keyword": null,
      "hash": "U2FsdGVkX1/8tuH0Kwq1leKFlNkXiOeiURVH/6u5eWfTvnyEuHLz1ITCtn28F6TFWwShjNxqeMw7Asl9b6hGfA==",
      "khash": null,
      "viewCount": null,
      "duration": "3:40",
      "size": 8814802
    },
    {
      "id": "b7979dca-a9aa-4517-a3ed-4974ea0eda36",
      "pid": "230f9aeb-554f-40b0-b79e-738d5fd8c52d",
      "dblevel": 4,
      "location": "/VGMA/BaiHatCaNgoiChua/S_/SuSongMoiTrongNgai-HaGhim",
      "isVideo": false,
      "url": "bai-hat-ca-ngoi-chua.s-.su-song-moi-trong-ngai-haghim",
      "name": "Sự Sống Mới Trong Ngài-HaGhim",
      "count": 0,
      "isLeaf": null,
      "keyword": null,
      "hash": "U2FsdGVkX18pR9Kiszt844hwh2KqonZHEQeKtc8uc00jNET/atmJ2/0Qk1aOy0fWEgVPgRH9kSRyTZsDgCCRyg==",
      "khash": "U2FsdGVkX1/qkQJs/CISR0AF6Wo1Z+sozjg2rtUbSSAY3lkE58IZ6+SxgNS0BDTULcp0LPngD7sVJBtTthRcVw==",
      "viewCount": null,
      "duration": "4:19",
      "size": 3118835
    },
    {
      "id": "c45eb4fa-68cd-46c8-97b7-2b8aa474c422",
      "pid": "230f9aeb-554f-40b0-b79e-738d5fd8c52d",
      "dblevel": 4,
      "location": "/VGMA/BaiHatCaNgoiChua/S_/SuSongThayDoi",
      "isVideo": false,
      "url": "bai-hat-ca-ngoi-chua.s-.su-song-thay-doi",
      "name": "Sự Sống Thay Đổi",
      "count": 0,
      "isLeaf": null,
      "keyword": null,
      "hash": "U2FsdGVkX18T1Y+uEGQQYiQqwm+rsWALQKCXrECAcSRttUb0UESD0LsD8BfmqFYuK350c2m7oZ4Zpf1ga+A0GQ==",
      "khash": null,
      "viewCount": null,
      "duration": "4:50",
      "size": 4647775
    },
    {
      "id": "66068ce5-e8c9-43b8-aed6-4419befc6dac",
      "pid": "230f9aeb-554f-40b0-b79e-738d5fd8c52d",
      "dblevel": 4,
      "location": "/VGMA/BaiHatCaNgoiChua/S_/SuSongVaSuSang",
      "isVideo": false,
      "url": "bai-hat-ca-ngoi-chua.s-.su-song-va-su-sang",
      "name": "Sự Sống Và Sự Sáng",
      "count": 0,
      "isLeaf": null,
      "keyword": null,
      "hash": "U2FsdGVkX1/mj5AAwg7uJHY3x51Y3Vrn/4b7CEog+o8bAwOt+BZZ8tHeL4xdVjT4jAw0JRIVrUOmAa6Fg762Gg==",
      "khash": "U2FsdGVkX19i1FJEHJE6DL4UGUpFKEA0HC0R6y1k0wnnoP6P4c5krPvWCiQthbGRZ32lKxp71c2QNjJM0gWs0g==",
      "viewCount": null,
      "duration": "3:55",
      "size": 3769105
    },
    {
      "id": "8e872458-dcf7-4581-a4a8-1f3a123b6263",
      "pid": "230f9aeb-554f-40b0-b79e-738d5fd8c52d",
      "dblevel": 4,
      "location": "/VGMA/BaiHatCaNgoiChua/S_/Susangtao",
      "isVideo": false,
      "url": "bai-hat-ca-ngoi-chua.s-.su-sang-tao",
      "name": "Sự sáng tạo",
      "count": 0,
      "isLeaf": null,
      "keyword": null,
      "hash": "U2FsdGVkX19rVkKvIHsN4uvTfsVMFJH6Nkh2diqTJQODfEvbdfw6af8wjZ+N8XQOKy9LlWzJybWiQL6PEQd+kQ==",
      "khash": null,
      "viewCount": null,
      "duration": "4:36",
      "size": 8855480
    }
  ]
}