{
  "id": "f6635e8a-a5da-4d2a-a9a1-2865e1f32f94",
  "pid": "d34fbd7d-4ce6-408a-b31b-197f992e8bf9",
  "dblevel": 3,
  "location": "/VGMA/BaiHatCaNgoiChua/O_",
  "isVideo": false,
  "url": "bai-hat-ca-ngoi-chua.o-",
  "name": "O_",
  "count": 28,
  "isLeaf": true,
  "keyword": null,
  "hash": null,
  "khash": null,
  "viewCount": null,
  "duration": null,
  "size": null,
  "children": [
    {
      "id": "de3bfb28-114c-4051-ae1c-b08ecca39704",
      "pid": "f6635e8a-a5da-4d2a-a9a1-2865e1f32f94",
      "dblevel": 4,
      "location": "/VGMA/BaiHatCaNgoiChua/O_/OaiNghiThayChua1",
      "isVideo": false,
      "url": "bai-hat-ca-ngoi-chua.o-.oai-nghi-thay-chua-1",
      "name": "Oai Nghi Thay Chúa 1",
      "count": 0,
      "isLeaf": null,
      "keyword": null,
      "hash": "U2FsdGVkX19p5p73vORFfTjUlYr7MIqTTVrLhkbumTvUWOUwPnOKkEw7nNTSOnuuConhyEYDpLFArILNAA/FVA==",
      "khash": "U2FsdGVkX18SVBfsai1pdSWKzmhkR4P0DAOjuo85rRbS6EQtGWOBhaefv6L4lwthOXoeohqoHVwf5a2h5LUzIg==",
      "viewCount": null,
      "duration": "1:37",
      "size": 1567724
    },
    {
      "id": "9a73668b-b10a-4d37-a2a0-d98cf4d54e53",
      "pid": "f6635e8a-a5da-4d2a-a9a1-2865e1f32f94",
      "dblevel": 4,
      "location": "/VGMA/BaiHatCaNgoiChua/O_/OaiNghiThayChua2",
      "isVideo": false,
      "url": "bai-hat-ca-ngoi-chua.o-.oai-nghi-thay-chua-2",
      "name": "Oai Nghi Thay Chúa 2",
      "count": 0,
      "isLeaf": null,
      "keyword": null,
      "hash": "U2FsdGVkX1/pPbO8TLiGcdNvJQGSMRSAdRQ2UMfJ8b/whhIY3rTY+YXbEBlzzFHIIAtiUtflTcd6DJ5RD3poBQ==",
      "khash": null,
      "viewCount": null,
      "duration": "3:25",
      "size": 8216199
    },
    {
      "id": "b376dbe5-bac5-4761-bbb2-16fda6dcf2c2",
      "pid": "f6635e8a-a5da-4d2a-a9a1-2865e1f32f94",
      "dblevel": 4,
      "location": "/VGMA/BaiHatCaNgoiChua/O_/OBet-Le-HemApNho3-ToChau",
      "isVideo": false,
      "url": "bai-hat-ca-ngoi-chua.o-.o-bet-le-hem-ap-nho-3-tochau",
      "name": "Ô Bết-Lê-Hem Ấp Nhỏ 3-ToChau",
      "count": 0,
      "isLeaf": null,
      "keyword": null,
      "hash": "U2FsdGVkX19HCeYJjN2PiszKoxIntsFlgkKUSplFW/pTHCeKV0LPGoFdEsIPkmNoCQSafWsAHVONs7orHQh64g==",
      "khash": null,
      "viewCount": null,
      "duration": "3:33",
      "size": 3427633
    },
    {
      "id": "07340db7-0e35-452a-9cf6-300dbdfb40a2",
      "pid": "f6635e8a-a5da-4d2a-a9a1-2865e1f32f94",
      "dblevel": 4,
      "location": "/VGMA/BaiHatCaNgoiChua/O_/O!Bet-Le-HemApNho!1-TC61",
      "isVideo": false,
      "url": "bai-hat-ca-ngoi-chua.o-.o-bet-le-hem-ap-nho-1-tc-61",
      "name": "Ô! Bết-Lê-Hem Ấp Nhỏ! 1- TC 61",
      "count": 0,
      "isLeaf": null,
      "keyword": null,
      "hash": "U2FsdGVkX1/SH6GawoDD5wsWTDiDAMhHHfDe2z1xmeNYyWWgGQYFBzg0f12oz9UspckARCNaOhOACtTxmY/oeg==",
      "khash": "U2FsdGVkX1+bD8ZtKu4qHZz727+pvcG3ZkDB96941EoHjws3gp7x+1ALdrn+72FvumPgWvdI7jTPT/W0cRJCAg==",
      "viewCount": null,
      "duration": "5:3",
      "size": 4859928
    },
    {
      "id": "392420ec-b1bf-4c45-a4a6-704d13236ae6",
      "pid": "f6635e8a-a5da-4d2a-a9a1-2865e1f32f94",
      "dblevel": 4,
      "location": "/VGMA/BaiHatCaNgoiChua/O_/O!Bet-Le-HemApNho!2-TC61",
      "isVideo": false,
      "url": "bai-hat-ca-ngoi-chua.o-.o-bet-le-hem-ap-nho-2-tc-61",
      "name": "Ô! Bết-Lê-Hem Ấp Nhỏ! 2- TC 61",
      "count": 0,
      "isLeaf": null,
      "keyword": null,
      "hash": "U2FsdGVkX1/6xj0AgblXwZ5XEIo0pIisKzNuzW97oA4i8X0kUpqsf4X2Yzjia6tTp0J2jX0JF9IZF/yunMzb1w==",
      "khash": "U2FsdGVkX19q1NpnGTiBgZ06+GYV8v1MOSkbxqD/jaKcHil38wVt+kCyUfsm0dcc3V3xN4EUnKEMRSd0eucOKg==",
      "viewCount": null,
      "duration": "3:34",
      "size": 8582980
    },
    {
      "id": "75bedcd7-1eee-4e01-b0d2-888cea5b3fd6",
      "pid": "f6635e8a-a5da-4d2a-a9a1-2865e1f32f94",
      "dblevel": 4,
      "location": "/VGMA/BaiHatCaNgoiChua/O_/OiChuaOi",
      "isVideo": false,
      "url": "bai-hat-ca-ngoi-chua.o-.oi-chua-oi",
      "name": "Ôi Chúa Ơi",
      "count": 0,
      "isLeaf": null,
      "keyword": null,
      "hash": "U2FsdGVkX1/DMqR0/GtaPI9J8WzgRaGeCXT3nOOHWhsdIkdS017qFiQwyHTaryw2r2KG2OuYAnSXXjYqkFzp+A==",
      "khash": null,
      "viewCount": null,
      "duration": "6:38",
      "size": 15948428
    },
    {
      "id": "ba42131b-5ce1-47e5-8889-95f37b7ab195",
      "pid": "f6635e8a-a5da-4d2a-a9a1-2865e1f32f94",
      "dblevel": 4,
      "location": "/VGMA/BaiHatCaNgoiChua/O_/OiChua,DangToiCanLuon-TC258",
      "isVideo": false,
      "url": "bai-hat-ca-ngoi-chua.o-.oi-chua-dang-toi-can-luon-tc-258",
      "name": "Ôi Chúa, Đấng Tôi Cần Luôn - TC 258",
      "count": 0,
      "isLeaf": null,
      "keyword": null,
      "hash": "U2FsdGVkX18sOnXTwJhxmIggvwHCSQ2aPtopuwvgn2/6C4r3nHDr8442rJ6N5VD7mYhJIl5lhtdQvGdkizjyAw==",
      "khash": "U2FsdGVkX1/4KoxsJX1P8TsCnOMS1RmTM2z9LMZUDbVZWBIX4mekn27mhceogZLQ3CKe0SQIJsx7twN4CKf9ZA==",
      "viewCount": null,
      "duration": "4:41",
      "size": 4507263
    },
    {
      "id": "422b41df-53b5-460e-932c-36b89561960d",
      "pid": "f6635e8a-a5da-4d2a-a9a1-2865e1f32f94",
      "dblevel": 4,
      "location": "/VGMA/BaiHatCaNgoiChua/O_/OiNo-enLaiVe-ToChau",
      "isVideo": false,
      "url": "bai-hat-ca-ngoi-chua.o-.oi-no-en-lai-ve-tochau",
      "name": "Ôi Nô-ên Lại Về-ToChau",
      "count": 0,
      "isLeaf": null,
      "keyword": null,
      "hash": "U2FsdGVkX1+r2mOmWnwOb0lfwuxjESCCe4vBNA4SIj0ZxUVqmZlV3mlaJgcid8zOyA782oWzzV+Wm4zhZd5Fwg==",
      "khash": null,
      "viewCount": null,
      "duration": "3:25",
      "size": 3288450
    },
    {
      "id": "62accfb7-b5b1-484a-a94e-15f02d3f5da7",
      "pid": "f6635e8a-a5da-4d2a-a9a1-2865e1f32f94",
      "dblevel": 4,
      "location": "/VGMA/BaiHatCaNgoiChua/O_/OiTinhYeuChuaBanCho-LD-HongHoa",
      "isVideo": false,
      "url": "bai-hat-ca-ngoi-chua.o-.oi-tinh-yeu-chua-ban-cho-ld-honghoa",
      "name": "Ôi Tình Yêu Chúa Ban Cho-LD-HongHoa",
      "count": 0,
      "isLeaf": null,
      "keyword": null,
      "hash": "U2FsdGVkX1+XJZG4Vqo0zDpITLCSKD2RGNTu8cEaHZn4HqBtwWz1PGQ0OIiARsYYdEvls+quNfnbCtoPI8foWw==",
      "khash": null,
      "viewCount": null,
      "duration": "4:51",
      "size": 3493360
    },
    {
      "id": "8a6fd116-cc45-4212-9482-97614dbcdfea",
      "pid": "f6635e8a-a5da-4d2a-a9a1-2865e1f32f94",
      "dblevel": 4,
      "location": "/VGMA/BaiHatCaNgoiChua/O_/OiDemXanhNgat,DemBet-le-hem",
      "isVideo": false,
      "url": "bai-hat-ca-ngoi-chua.o-.oi-dem-xanh-ngat-dem-bet-le-hem",
      "name": "Ôi Đêm Xanh Ngắt, Đêm Bết-lê-hem",
      "count": 0,
      "isLeaf": null,
      "keyword": null,
      "hash": "U2FsdGVkX18qwD6zk9cYmB82lqHQZO7V40fStD9qXhT6Fjk8dYGlPow0hWdiMB46sNaklXo7TQTxZM5szq/TWg==",
      "khash": null,
      "viewCount": null,
      "duration": "5:28",
      "size": 5265954
    },
    {
      "id": "956b5068-6432-44ce-b368-fde2175157db",
      "pid": "f6635e8a-a5da-4d2a-a9a1-2865e1f32f94",
      "dblevel": 4,
      "location": "/VGMA/BaiHatCaNgoiChua/O_/OnBienTroi",
      "isVideo": false,
      "url": "bai-hat-ca-ngoi-chua.o-.on-bien-troi",
      "name": "Ơn Biển Trời",
      "count": 0,
      "isLeaf": null,
      "keyword": null,
      "hash": "U2FsdGVkX1/KAbfT5iVYiHWeVxWlxYqPVaq1FXm6JzaQV77EgfMiRvirA1+JhtiBTt/G5IkiPJQgzrbafNJ43g==",
      "khash": null,
      "viewCount": null,
      "duration": "3:55",
      "size": 3762973
    },
    {
      "id": "526d7533-4ac3-4ba2-b537-ea2317f90dff",
      "pid": "f6635e8a-a5da-4d2a-a9a1-2865e1f32f94",
      "dblevel": 4,
      "location": "/VGMA/BaiHatCaNgoiChua/O_/OnCaoSau1",
      "isVideo": false,
      "url": "bai-hat-ca-ngoi-chua.o-.on-cao-sau-1",
      "name": "Ơn Cao Sâu 1",
      "count": 0,
      "isLeaf": null,
      "keyword": null,
      "hash": "U2FsdGVkX19SkVpTB3rxBYZsKl8QXPRALTc2eX1EBBDvfouavtHPWACtKJo888xFpsVut87NkUYqruxiA4269g==",
      "khash": null,
      "viewCount": null,
      "duration": "4:54",
      "size": 4717548
    },
    {
      "id": "600727f0-92ad-4d8b-bb0f-6704663923ed",
      "pid": "f6635e8a-a5da-4d2a-a9a1-2865e1f32f94",
      "dblevel": 4,
      "location": "/VGMA/BaiHatCaNgoiChua/O_/OnCaoSau2",
      "isVideo": false,
      "url": "bai-hat-ca-ngoi-chua.o-.on-cao-sau-2",
      "name": "Ơn Cao Sâu 2",
      "count": 0,
      "isLeaf": null,
      "keyword": null,
      "hash": "U2FsdGVkX18R+Mi2mYjHnbRtdSyUJtrQZYcYfB8axN3/i5SjUlnJGycl5jMn+o6CEm/QiLuODHgRWRtV2+VLzQ==",
      "khash": null,
      "viewCount": null,
      "duration": "5:53",
      "size": 5657859
    },
    {
      "id": "d7caf9b1-6f58-446f-a46e-ee0ccfe7d1ed",
      "pid": "f6635e8a-a5da-4d2a-a9a1-2865e1f32f94",
      "dblevel": 4,
      "location": "/VGMA/BaiHatCaNgoiChua/O_/OnChua",
      "isVideo": false,
      "url": "bai-hat-ca-ngoi-chua.o-.on-chua",
      "name": "Ơn Chúa",
      "count": 0,
      "isLeaf": null,
      "keyword": null,
      "hash": "U2FsdGVkX18NY8KYJN5PUqgrKH7BIrcPuDlX4lNtN71kmqNOfb7xVkumLWnAKI7ZaIVlQRl/I9uiqJPVTRT2wQ==",
      "khash": null,
      "viewCount": null,
      "duration": "4:48",
      "size": 4618802
    },
    {
      "id": "f57a8b87-d4ea-4646-a139-4ed1ad713ae1",
      "pid": "f6635e8a-a5da-4d2a-a9a1-2865e1f32f94",
      "dblevel": 4,
      "location": "/VGMA/BaiHatCaNgoiChua/O_/OnChuaLongGhiSau1",
      "isVideo": false,
      "url": "bai-hat-ca-ngoi-chua.o-.on-chua-long-ghi-sau-1",
      "name": "Ơn Chúa Lòng Ghi Sâu 1",
      "count": 0,
      "isLeaf": null,
      "keyword": null,
      "hash": "U2FsdGVkX1+vaghheOHCeVThQ6on2cCOdd+LEXLwcI7HOrkG3vrln5uJEb76Rp9nfS3Vi4Rdc67hrvceayeL8g==",
      "khash": null,
      "viewCount": null,
      "duration": "4:29",
      "size": 10770851
    },
    {
      "id": "f2da5aad-f171-4f7d-ab04-40d24ed07feb",
      "pid": "f6635e8a-a5da-4d2a-a9a1-2865e1f32f94",
      "dblevel": 4,
      "location": "/VGMA/BaiHatCaNgoiChua/O_/OnChuaLongGhiSau2",
      "isVideo": false,
      "url": "bai-hat-ca-ngoi-chua.o-.on-chua-long-ghi-sau-2",
      "name": "Ơn Chúa Lòng Ghi Sâu 2",
      "count": 0,
      "isLeaf": null,
      "keyword": null,
      "hash": "U2FsdGVkX1/b75KtjxKk87NcYuHqZL/qB2GM5iuon/PbK1UCVeoljXF2epdBnYekstEFTqmHumEOpOK/aowLng==",
      "khash": null,
      "viewCount": null,
      "duration": "5:11",
      "size": 4982637
    },
    {
      "id": "b71c61da-3587-4bb4-87f0-bd68785cb0b0",
      "pid": "f6635e8a-a5da-4d2a-a9a1-2865e1f32f94",
      "dblevel": 4,
      "location": "/VGMA/BaiHatCaNgoiChua/O_/OnChuaLongGhiSau3",
      "isVideo": false,
      "url": "bai-hat-ca-ngoi-chua.o-.on-chua-long-ghi-sau-3",
      "name": "Ơn Chúa Lòng Ghi Sâu 3",
      "count": 0,
      "isLeaf": null,
      "keyword": null,
      "hash": "U2FsdGVkX1//jB5Twh35K0JnDAHQCTNXk3IUVPivx+AutKbiBGIX4sZpCIaYx1L4OC0msPnugOroXvaQAEcAmA==",
      "khash": null,
      "viewCount": null,
      "duration": "5:10",
      "size": 9924339
    },
    {
      "id": "264ca1e2-701d-4ef5-b87e-003a7380460b",
      "pid": "f6635e8a-a5da-4d2a-a9a1-2865e1f32f94",
      "dblevel": 4,
      "location": "/VGMA/BaiHatCaNgoiChua/O_/OnGie-xuCaoSauLamThay1-TC415",
      "isVideo": false,
      "url": "bai-hat-ca-ngoi-chua.o-.on-gie-xu-cao-sau-lam-thay-1-tc-415",
      "name": "Ơn Giê-xu Cao Sâu Lắm Thay 1 - TC 415",
      "count": 0,
      "isLeaf": null,
      "keyword": null,
      "hash": "U2FsdGVkX19JdaVLsyQPCcG6A9FpQYwrZGBhDmgwaf/xj4YfM+lf9XW95SEhBRU2K8REUgyLy471OJFbofq1ww==",
      "khash": null,
      "viewCount": null,
      "duration": "5:16",
      "size": 5065319
    },
    {
      "id": "29932adb-38f3-4c32-8d54-3382dafcf660",
      "pid": "f6635e8a-a5da-4d2a-a9a1-2865e1f32f94",
      "dblevel": 4,
      "location": "/VGMA/BaiHatCaNgoiChua/O_/OnGie-xuCaoSauLamThay2-TC415",
      "isVideo": false,
      "url": "bai-hat-ca-ngoi-chua.o-.on-gie-xu-cao-sau-lam-thay-2-tc-415",
      "name": "Ơn Giê-xu Cao Sâu Lắm Thay 2 - TC 415",
      "count": 0,
      "isLeaf": null,
      "keyword": null,
      "hash": "U2FsdGVkX18i2Ur2Fn+vGe2Lh2U5b1IEfou1T175YV/00kw1xkYR2TGJho9fqOTnCU0HACHDE/KSd0ZSo70EVw==",
      "khash": "U2FsdGVkX19D1erxWLLWk/PSAbwT5XD3iyjgvfIeJbZ0WZ0FrEb1uG68v3A16c5ZI0SjR6NhELEO4SJXzA8DMQ==",
      "viewCount": null,
      "duration": "5:0",
      "size": 4816243
    },
    {
      "id": "31ffc288-b8f2-4822-ba4b-896043133293",
      "pid": "f6635e8a-a5da-4d2a-a9a1-2865e1f32f94",
      "dblevel": 4,
      "location": "/VGMA/BaiHatCaNgoiChua/O_/OnGie-xuCuu1",
      "isVideo": false,
      "url": "bai-hat-ca-ngoi-chua.o-.on-gie-xu-cuu-1",
      "name": "Ơn Giê-xu Cứu 1",
      "count": 0,
      "isLeaf": null,
      "keyword": null,
      "hash": "U2FsdGVkX1+QxDqRom1dqp8eUe+wBLC+HI6CxitRQ+bJ4mvOEu8HxsiiMFSWvHq0zMGqv6C//Jd5FFVu70hULg==",
      "khash": null,
      "viewCount": null,
      "duration": "5:6",
      "size": 4903030
    },
    {
      "id": "a6170c7d-0bcf-46e4-86f9-e72d3afd9eea",
      "pid": "f6635e8a-a5da-4d2a-a9a1-2865e1f32f94",
      "dblevel": 4,
      "location": "/VGMA/BaiHatCaNgoiChua/O_/OnGie-xuCuu2",
      "isVideo": false,
      "url": "bai-hat-ca-ngoi-chua.o-.on-gie-xu-cuu-2",
      "name": "Ơn Giê-xu Cứu 2",
      "count": 0,
      "isLeaf": null,
      "keyword": null,
      "hash": "U2FsdGVkX19HOEGInx+AzyHPdg/wmo6rxhHuCw2rskfigyApTDeTGwmmuTJyoav4QQ2mUTsfrmoI6pGxylofeA==",
      "khash": null,
      "viewCount": null,
      "duration": "4:38",
      "size": 11155417
    },
    {
      "id": "63c370e4-1b4c-47e1-8404-af6f972c7752",
      "pid": "f6635e8a-a5da-4d2a-a9a1-2865e1f32f94",
      "dblevel": 4,
      "location": "/VGMA/BaiHatCaNgoiChua/O_/OnLaLung1",
      "isVideo": false,
      "url": "bai-hat-ca-ngoi-chua.o-.on-la-lung-1",
      "name": "Ơn Lạ Lùng 1",
      "count": 0,
      "isLeaf": null,
      "keyword": null,
      "hash": "U2FsdGVkX1+vxyGuRGet9xMVe9BpL/zvw1m9jBLdbHLrWFHCFXgMptKEPpM7LviIE9zGazB3iqSI9VGFQg7poQ==",
      "khash": "U2FsdGVkX18o7uBDnEE/C+CRp9aFE2jdqjVQhymQ3HD8z6Dum97C8cg6G+7TfzMxitFXTaFopSzBlTvtRSJ/bw==",
      "viewCount": null,
      "duration": "3:55",
      "size": 3773999
    },
    {
      "id": "5cbbe0b8-f97e-49da-95e5-6ef015b539e6",
      "pid": "f6635e8a-a5da-4d2a-a9a1-2865e1f32f94",
      "dblevel": 4,
      "location": "/VGMA/BaiHatCaNgoiChua/O_/OnLaLung2",
      "isVideo": false,
      "url": "bai-hat-ca-ngoi-chua.o-.on-la-lung-2",
      "name": "Ơn Lạ Lùng 2",
      "count": 0,
      "isLeaf": null,
      "keyword": null,
      "hash": "U2FsdGVkX1/KOZNKQaWSY733nXf16ciKu9cD6y00y67P+DqTFFjYtkqdsH2nc+9lFNqjcRtMy1OrUcNaA/KI3g==",
      "khash": null,
      "viewCount": null,
      "duration": "3:43",
      "size": 3582690
    },
    {
      "id": "eb99abfb-c4c4-4042-aa85-1e0d46224620",
      "pid": "f6635e8a-a5da-4d2a-a9a1-2865e1f32f94",
      "dblevel": 4,
      "location": "/VGMA/BaiHatCaNgoiChua/O_/OnLaLung3-BichVan",
      "isVideo": false,
      "url": "bai-hat-ca-ngoi-chua.o-.on-la-lung-3-bichvan",
      "name": "Ơn Lạ Lùng 3-BichVan",
      "count": 0,
      "isLeaf": null,
      "keyword": null,
      "hash": "U2FsdGVkX18DQ+jAPSjkCCnE9P4b0i6Sw1T+Cy5IXQi3d6/Tze2UYkFTbLP6Y7FRAptZzucSXYAQFNIzV6uJIw==",
      "khash": null,
      "viewCount": null,
      "duration": "3:35",
      "size": 8636695
    },
    {
      "id": "ecd1f979-f0bf-4ffd-babd-8ede670f3eb2",
      "pid": "f6635e8a-a5da-4d2a-a9a1-2865e1f32f94",
      "dblevel": 4,
      "location": "/VGMA/BaiHatCaNgoiChua/O_/OnPhuocTheoChua",
      "isVideo": false,
      "url": "bai-hat-ca-ngoi-chua.o-.on-phuoc-theo-chua",
      "name": "Ơn Phước Theo Chúa",
      "count": 0,
      "isLeaf": null,
      "keyword": null,
      "hash": "U2FsdGVkX1+ydCfClBF93N1Zz4nADwt57UFnSS2FnHfB1BvGsozMBzhKbDuZPl5KhCxeIOkc0t8QyvfrMC5xlA==",
      "khash": null,
      "viewCount": null,
      "duration": "4:10",
      "size": 4006514
    },
    {
      "id": "b35707b8-d050-4e0e-b97f-00f3c8d79b25",
      "pid": "f6635e8a-a5da-4d2a-a9a1-2865e1f32f94",
      "dblevel": 4,
      "location": "/VGMA/BaiHatCaNgoiChua/O_/OnThien",
      "isVideo": false,
      "url": "bai-hat-ca-ngoi-chua.o-.on-thien",
      "name": "Ơn Thiên",
      "count": 0,
      "isLeaf": null,
      "keyword": null,
      "hash": "U2FsdGVkX1/Lftvh/q1/L3khIHmsP5Kv/WQpkSDXAA1DcHcgJ0vkhDzZn4OwEQUag3sqysfPKc86z3qOLO624w==",
      "khash": null,
      "viewCount": null,
      "duration": "4:27",
      "size": 4274406
    },
    {
      "id": "73edf2f1-2290-4aab-96a3-b3ad65347f97",
      "pid": "f6635e8a-a5da-4d2a-a9a1-2865e1f32f94",
      "dblevel": 4,
      "location": "/VGMA/BaiHatCaNgoiChua/O_/OSi-onOiMauLenNguoi-TC359-Dac",
      "isVideo": false,
      "url": "bai-hat-ca-ngoi-chua.o-.o-si-on-oi-mau-len-nguoi-tc359-dac",
      "name": "Ớ Si-ôn Ơi Mau Lên Ngươi-TC359-Dắc",
      "count": 0,
      "isLeaf": null,
      "keyword": null,
      "hash": "U2FsdGVkX1/PPSG4DSKIaX6kK5AxzqQKVvDYH1iViIYGaASweUgOJNZVa7pV/XwhX7BjtICTcOC3w3tzWM0j6Q==",
      "khash": null,
      "viewCount": null,
      "duration": "4:6",
      "size": 3953144
    },
    {
      "id": "ae4dbf9a-d4f6-4d09-b71f-40856668ee8b",
      "pid": "f6635e8a-a5da-4d2a-a9a1-2865e1f32f94",
      "dblevel": 4,
      "location": "/VGMA/BaiHatCaNgoiChua/O_/OVutCaoTrenTroiMay",
      "isVideo": false,
      "url": "bai-hat-ca-ngoi-chua.o-.o-vut-cao-tren-troi-may",
      "name": "Ở Vút Cao Trên Trời Mây",
      "count": 0,
      "isLeaf": null,
      "keyword": null,
      "hash": "U2FsdGVkX19UaL5fiCfAKItfA3QLVDZ149HVgZzvEjIPnz6VvezQQeGH7di1UUG5MlEmvl4HgItJLdM5/6r2pw==",
      "khash": null,
      "viewCount": null,
      "duration": "6:1",
      "size": 5781364
    }
  ]
}