{
  "id": "ee604c0b-7c7b-40da-92ef-b839bd524d8b",
  "pid": "d34fbd7d-4ce6-408a-b31b-197f992e8bf9",
  "dblevel": 3,
  "location": "/VGMA/BaiHatCaNgoiChua/B_",
  "isVideo": false,
  "url": "bai-hat-ca-ngoi-chua.b-",
  "name": "B_",
  "count": 114,
  "isLeaf": true,
  "keyword": null,
  "hash": null,
  "khash": null,
  "viewCount": null,
  "duration": null,
  "size": null,
  "children": [
    {
      "id": "641b4f67-b834-4dda-928e-0812fce700df",
      "pid": "ee604c0b-7c7b-40da-92ef-b839bd524d8b",
      "dblevel": 4,
      "location": "/VGMA/BaiHatCaNgoiChua/B_/BaVuaHanhKhuc-1-KinhKha-Haghim",
      "isVideo": false,
      "url": "bai-hat-ca-ngoi-chua.b-.ba-vua-hanh-khuc-1-kinhkha-haghim",
      "name": "Ba Vua Hành Khúc -1-KinhKha-Haghim",
      "count": 0,
      "isLeaf": null,
      "keyword": null,
      "hash": "U2FsdGVkX19jRECPj1i+eawgJjCsDiIMZIgXOau0SP/zP7d3URc9JyOX/YTj+vcz3jA3kmfSQjwaWCTLLzYqJg==",
      "khash": "U2FsdGVkX19ThQKUS+kamyCQIrtytWxcJVlH9KhsPQoFwdb8gLyicKIzsg87ArnbFm00KVepSooujyDzmESLjA==",
      "viewCount": null,
      "duration": "4:35",
      "size": 4410739
    },
    {
      "id": "44bbbe65-530d-44de-a6c2-302baaec6f04",
      "pid": "ee604c0b-7c7b-40da-92ef-b839bd524d8b",
      "dblevel": 4,
      "location": "/VGMA/BaiHatCaNgoiChua/B_/BaVuaHanhKhuc-2-SiuYKao",
      "isVideo": false,
      "url": "bai-hat-ca-ngoi-chua.b-.ba-vua-hanh-khuc-2-siuykao",
      "name": "Ba Vua Hành Khúc -2-SiuYKao",
      "count": 0,
      "isLeaf": null,
      "keyword": null,
      "hash": "U2FsdGVkX1/OJBlAQ/v2RLCzo1EDRlFuENBKI9exGyZMobbxetZXctCl48LR4x4YH3vlAiU3fyKxD38WD4af4g==",
      "khash": "U2FsdGVkX1+v5vtD1ej3j2/wODvfr19qJUJg/vKQv0OcUGnClyf5ZUor0gV/xMg97m6RHivabSLjtTzA2rkHlw==",
      "viewCount": null,
      "duration": "4:35",
      "size": 6613290
    },
    {
      "id": "3f414a6d-e27c-4800-90f0-4276656b8ccd",
      "pid": "ee604c0b-7c7b-40da-92ef-b839bd524d8b",
      "dblevel": 4,
      "location": "/VGMA/BaiHatCaNgoiChua/B_/BaVuaLenDuong-TamcaDongPhuong",
      "isVideo": false,
      "url": "bai-hat-ca-ngoi-chua.b-.ba-vua-len-duong-tam-ca-dong-phuong",
      "name": "Ba Vua Lên Đường -Tam ca Đông Phương",
      "count": 0,
      "isLeaf": null,
      "keyword": null,
      "hash": "U2FsdGVkX1/cP0+iIP8PQnjwBZXuQpeNgBWPIdU0EZS1Ag3sVA0HNjgQ9bOeGCz5o9O0UnwFDK4nhTRzjrB82w==",
      "khash": "U2FsdGVkX1+fvPFdxetd80qThOdA2pNsU8nMhLt5lvS5gJZiPBNGMP/0ccuqFdfZlplOCHxQHliSeUPNfisK1w==",
      "viewCount": null,
      "duration": "4:19",
      "size": 4155018
    },
    {
      "id": "3efc7de4-4f29-4fe2-a229-7a78725d4448",
      "pid": "ee604c0b-7c7b-40da-92ef-b839bd524d8b",
      "dblevel": 4,
      "location": "/VGMA/BaiHatCaNgoiChua/B_/BaoCuongQuocConDau-TC147-HopCa",
      "isVideo": false,
      "url": "bai-hat-ca-ngoi-chua.b-.bao-cuong-quoc-con-dau-tc-147-hop-ca",
      "name": "Bao Cường Quốc Còn Đâu-TC 147-Hợp  Ca",
      "count": 0,
      "isLeaf": null,
      "keyword": null,
      "hash": "U2FsdGVkX198RvSVQ8SLgApD/FAqL3Yj6p5WJLd908+vtx48+GmbNnqL5YUahYTyRH0YkO7GkwlwfynhAfZcyQ==",
      "khash": "U2FsdGVkX18Bsgf3Ha8klFNuz2jLxia3oQGMeUzv+vGNf96ST57aFxaO+LsS/hC8R47FNU7gzbkA28ZlIGakBw==",
      "viewCount": null,
      "duration": "1:48",
      "size": 4352204
    },
    {
      "id": "c72b4a97-5439-418c-a6d0-3533e11303ab",
      "pid": "ee604c0b-7c7b-40da-92ef-b839bd524d8b",
      "dblevel": 4,
      "location": "/VGMA/BaiHatCaNgoiChua/B_/BaoLaTinhChua1",
      "isVideo": false,
      "url": "bai-hat-ca-ngoi-chua.b-.bao-la-tinh-chua-1",
      "name": "Bao La Tình Chúa 1",
      "count": 0,
      "isLeaf": null,
      "keyword": null,
      "hash": "U2FsdGVkX1+bkChxw0gdKEyNWde8oTYiTw4lJ3zJPuIiKqDJHjF6yJ9GGR9Ol80N1/43LCkq8TUJt5HVxorAgw==",
      "khash": "U2FsdGVkX19gYrhEKtyxOIfi+zh3odGQgDjgmje0ImKLSNJdIv9rei3YvfET3Ye7/7hlD6qakBluX4uwp7UUlw==",
      "viewCount": null,
      "duration": "4:43",
      "size": 11350770
    },
    {
      "id": "5cfd0d31-98fc-4297-8016-a8f350d0c08c",
      "pid": "ee604c0b-7c7b-40da-92ef-b839bd524d8b",
      "dblevel": 4,
      "location": "/VGMA/BaiHatCaNgoiChua/B_/BaoLaTinhChua2",
      "isVideo": false,
      "url": "bai-hat-ca-ngoi-chua.b-.bao-la-tinh-chua-2",
      "name": "Bao La Tình Chúa 2",
      "count": 0,
      "isLeaf": null,
      "keyword": null,
      "hash": "U2FsdGVkX1+hxrjgbfH1NyQs6j5RJ08CpazjBScgOD+MCo9kpt7miGYbTvqfq/6oyvfN5hzJ3dGYVBySm/KLtA==",
      "khash": "U2FsdGVkX1/Q9T4hS5wV5VbFVYNgftxjipgWCcpIUh3lHgddzXZct/mVbE9O1CtApTGcSs4Djg27/u+iCByEcw==",
      "viewCount": null,
      "duration": "5:3",
      "size": 4863364
    },
    {
      "id": "7c6078f5-5f2f-4288-9d1c-cc8f45b1b469",
      "pid": "ee604c0b-7c7b-40da-92ef-b839bd524d8b",
      "dblevel": 4,
      "location": "/VGMA/BaiHatCaNgoiChua/B_/BaoLaTinhNgai",
      "isVideo": false,
      "url": "bai-hat-ca-ngoi-chua.b-.bao-la-tinh-ngai",
      "name": "Bao La Tình Ngài",
      "count": 0,
      "isLeaf": null,
      "keyword": null,
      "hash": "U2FsdGVkX19nkMzZ69GH3fwM7HpDlIzPEq5wZJH4I2ZMSaMENkqs3ZtHaS0xHSpDQqAyyq9yki/rT1U1xgTgkg==",
      "khash": "U2FsdGVkX19e93prejRywMLlJ6RoabWvBjkBBkOhtKTOEWX03ialPuX9A6ymfuBPCp+hChfXMiQgCGADUMnKHw==",
      "viewCount": null,
      "duration": "4:10",
      "size": 8020074
    },
    {
      "id": "1448dce6-a31d-449a-b519-5f72c117f4ac",
      "pid": "ee604c0b-7c7b-40da-92ef-b839bd524d8b",
      "dblevel": 4,
      "location": "/VGMA/BaiHatCaNgoiChua/B_/BaoNgayQuaDiTuaConGio",
      "isVideo": false,
      "url": "bai-hat-ca-ngoi-chua.b-.bao-ngay-qua-di-tua-con-gio",
      "name": "Bao Ngày Qua Đi Tựa Cơn Gió",
      "count": 0,
      "isLeaf": null,
      "keyword": null,
      "hash": "U2FsdGVkX18swTD00EA9yCAH5EhHnyqH+sdQ4XkBdvtXlc/pHLHlp6cbez2YBSOsQDNG+HFpKCnPZbehd+Cs/A==",
      "khash": "U2FsdGVkX1/mm0KughpvgW4il3UOyIeBwzN3kGSVO6kipBB3d+Yp2JoXMMuZJ7LgvKaavdcoNEmHfJUoUPKsaQ==",
      "viewCount": null,
      "duration": "5:23",
      "size": 5187373
    },
    {
      "id": "2bbd3629-cdfb-4263-9dec-edf081dd4d01",
      "pid": "ee604c0b-7c7b-40da-92ef-b839bd524d8b",
      "dblevel": 4,
      "location": "/VGMA/BaiHatCaNgoiChua/B_/BaoNamQuaBuocChan",
      "isVideo": false,
      "url": "bai-hat-ca-ngoi-chua.b-.bao-nam-qua-buoc-chan",
      "name": "Bao Năm Qua Bước Chân",
      "count": 0,
      "isLeaf": null,
      "keyword": null,
      "hash": "U2FsdGVkX1+KCh08KLtNnLjtB2i1WYvMuOtFeqJXcdVmBPrvYAQsm5yyC0HM8E5HkxkcmbZYlUwTeJPdUxtM2Q==",
      "khash": "U2FsdGVkX184oqzx4m05gxTsWU6T4LHcRkc9Jkozl3epMzjts5P8hj4tT3ZTf2g7YKvJXZhH+UCcV85SYd4ZMA==",
      "viewCount": null,
      "duration": "5:30",
      "size": 5287983
    },
    {
      "id": "4fc6f1e9-e044-4247-81d0-d64a1f4f4f06",
      "pid": "ee604c0b-7c7b-40da-92ef-b839bd524d8b",
      "dblevel": 4,
      "location": "/VGMA/BaiHatCaNgoiChua/B_/BaoThangNgayDiXa-DanCaMienNam",
      "isVideo": false,
      "url": "bai-hat-ca-ngoi-chua.b-.bao-thang-ngay-di-xa-dan-ca-mien-nam",
      "name": "Bao Tháng Ngày Đi Xa-Dân Ca Miền Nam",
      "count": 0,
      "isLeaf": null,
      "keyword": null,
      "hash": "U2FsdGVkX1/xN+EJxq89PTbnJQG8OPLFvj/idtLm6GjnIRXsxbCbNX11Km7ARNA0NFKo5nz0GqVHf9BEt453VA==",
      "khash": "U2FsdGVkX18OwPCMKvl1GMUKLeue64o5Vl+P64bB6djeM6gusWapAlQZNHDp2FO4i+GLN+ylxLjoD2gJrzdK6w==",
      "viewCount": null,
      "duration": "4:45",
      "size": 4575360
    },
    {
      "id": "34ec10d8-fb03-40d5-baa6-0819ae5f521a",
      "pid": "ee604c0b-7c7b-40da-92ef-b839bd524d8b",
      "dblevel": 4,
      "location": "/VGMA/BaiHatCaNgoiChua/B_/BaonamliaxaChua-LD-LinhNang",
      "isVideo": false,
      "url": "bai-hat-ca-ngoi-chua.b-.bao-nam-lia-xa-chua-ld-linhnang",
      "name": "Bao năm lìa xa Chúa-LD-LinhNang",
      "count": 0,
      "isLeaf": null,
      "keyword": null,
      "hash": "U2FsdGVkX19uo/jJ01G4TevfqscUIS7hXv1EarASYaOC0x8SfQ0b3hxciGVn+RN6O4bZVk5kx67DojsOnfoKYw==",
      "khash": "U2FsdGVkX1+bHSJDz2acZxwJMhjFH4gY5/3ytNXzpTlNwSRgk8ozDBaB5t1prnnZm7e9UjrYNpx+8Pki4cKJHg==",
      "viewCount": null,
      "duration": "5:10",
      "size": 4964564
    },
    {
      "id": "49ec61fd-8d60-4447-b991-a7a10331abdd",
      "pid": "ee604c0b-7c7b-40da-92ef-b839bd524d8b",
      "dblevel": 4,
      "location": "/VGMA/BaiHatCaNgoiChua/B_/Baothangnamdaiqua-LD",
      "isVideo": false,
      "url": "bai-hat-ca-ngoi-chua.b-.bao-thang-nam-dai-qua-ld",
      "name": "Bao tháng năm dài qua-LD",
      "count": 0,
      "isLeaf": null,
      "keyword": null,
      "hash": "U2FsdGVkX187bA6ISzHJku4j2qLQu3tepOoJFvfl3RbRLNZYJYEvVfrBFvlKlnR8HgI61Ulo84PIr3EHTcZlNg==",
      "khash": "U2FsdGVkX19hPMtc52OsxN7siE69qJHteUQQ+H5hcBMvZg2SyCDPr/+5VxpWOneHIYQDouZJ5P9AtbxuDZE4Wg==",
      "viewCount": null,
      "duration": "5:1",
      "size": 3616704
    },
    {
      "id": "e440df57-c6a2-4331-b16a-57340dee049d",
      "pid": "ee604c0b-7c7b-40da-92ef-b839bd524d8b",
      "dblevel": 4,
      "location": "/VGMA/BaiHatCaNgoiChua/B_/BayNhuChimPhuongHoang-DucThanh",
      "isVideo": false,
      "url": "bai-hat-ca-ngoi-chua.b-.bay-nhu-chim-phuong-hoang-ducthanh",
      "name": "Bay Như Chim Phượng Hoàng -DucThanh",
      "count": 0,
      "isLeaf": null,
      "keyword": null,
      "hash": "U2FsdGVkX19Kmz+dRS+AG1YtAMZD3JcToval5b26ZcGryXmjZ83pEWsZxjlN/FWidO5QhHMF+nvcIQZMhQkI0g==",
      "khash": "U2FsdGVkX19AlOc+IPskDZIpQB/swMZyhjauapW9wq23vuEIZwQDvGNWSafuXV8lQaImRQoOO50malDg4fj3qg==",
      "viewCount": null,
      "duration": "4:52",
      "size": 4679975
    },
    {
      "id": "aeefab73-f609-4de1-be30-56911dfa2411",
      "pid": "ee604c0b-7c7b-40da-92ef-b839bd524d8b",
      "dblevel": 4,
      "location": "/VGMA/BaiHatCaNgoiChua/B_/Baycao",
      "isVideo": false,
      "url": "bai-hat-ca-ngoi-chua.b-.bay-cao",
      "name": "Bay cao",
      "count": 0,
      "isLeaf": null,
      "keyword": null,
      "hash": "U2FsdGVkX19y3R8rf8WJgkrRSbOUJ/3SwI2+pTZFtevJBf22PluLw4Vu2/I0TMjSbWppd65pd2Z+7B5p3ZSrCw==",
      "khash": "U2FsdGVkX18gPkmvmCFfwj/8Ft2SbkyVu9oI7X1qNCRyGM8YIsUCUk3bJC6aqVTPFvFFicR26RiiRL3YvZ0mBg==",
      "viewCount": null,
      "duration": "5:8",
      "size": 4936184
    },
    {
      "id": "a67a079a-af1b-43f3-bcb9-3615b645d36f",
      "pid": "ee604c0b-7c7b-40da-92ef-b839bd524d8b",
      "dblevel": 4,
      "location": "/VGMA/BaiHatCaNgoiChua/B_/BinhanbenChua-1-AnhHong",
      "isVideo": false,
      "url": "bai-hat-ca-ngoi-chua.b-.binh-an-ben-chua-1-anhhong",
      "name": "Bình an bên Chúa-1-AnhHong",
      "count": 0,
      "isLeaf": null,
      "keyword": null,
      "hash": "U2FsdGVkX19qn2gFdRb9VHiNkwmGX0pwITvIgAQQ3MRhQxbiy7YQUQDRW1ps7plZvcHT0DE2roYUe3fQPRbSng==",
      "khash": "U2FsdGVkX18BwVvI8JKned68NIBTvGz6gllcUZTKgtAIYWKOpx9ZjppDh4PefMWa+E0kAFRrT2aR5GNTH2XLvg==",
      "viewCount": null,
      "duration": "5:5",
      "size": 12240021
    },
    {
      "id": "6bd7f1a1-f84f-46ae-ae29-a69d98d41654",
      "pid": "ee604c0b-7c7b-40da-92ef-b839bd524d8b",
      "dblevel": 4,
      "location": "/VGMA/BaiHatCaNgoiChua/B_/BinhanbenChua-2-LuuChiVi",
      "isVideo": false,
      "url": "bai-hat-ca-ngoi-chua.b-.binh-an-ben-chua-2-luuchivi",
      "name": "Bình an bên Chúa-2-LuuChiVi",
      "count": 0,
      "isLeaf": null,
      "keyword": null,
      "hash": "U2FsdGVkX19GO/L1kcy5kx8DUCbI6zeiLNV48jnXiHnMmo67aYhwJfsaULcxajS1l+gPQoRctAX81XAn9gvGIg==",
      "khash": "U2FsdGVkX194JrSHvlKwPA5nHiuQfIg7C8A/0MDAGAlnNbzWL1EIwJG3OktwnWvlBqpiQRco1PY+x0O/m73syA==",
      "viewCount": null,
      "duration": "5:5",
      "size": 12240021
    },
    {
      "id": "56d22707-a9dd-4d61-96ec-30f4d92df2be",
      "pid": "ee604c0b-7c7b-40da-92ef-b839bd524d8b",
      "dblevel": 4,
      "location": "/VGMA/BaiHatCaNgoiChua/B_/BienDoi",
      "isVideo": false,
      "url": "bai-hat-ca-ngoi-chua.b-.bien-doi",
      "name": "Biến Đổi",
      "count": 0,
      "isLeaf": null,
      "keyword": null,
      "hash": "U2FsdGVkX1/lijsV3U6Ujepz9ozvJaPLy3H/6Enodyq+mBPryv2bZrXeB/Wf+pC9kKVH04Aw5TGHCNQtngb1mQ==",
      "khash": "U2FsdGVkX1/nWYoS1Ji8ptUWkhxk3/kisbDsG6yD8LVIafvxOPb68SSzTYDCUfPM6CkwRSV001XeVcoSPcfKzw==",
      "viewCount": null,
      "duration": "3:42",
      "size": 3569040
    },
    {
      "id": "2f9233e4-9df4-48e5-a308-f0aac119e6c4",
      "pid": "ee604c0b-7c7b-40da-92ef-b839bd524d8b",
      "dblevel": 4,
      "location": "/VGMA/BaiHatCaNgoiChua/B_/BietChuaBietCon",
      "isVideo": false,
      "url": "bai-hat-ca-ngoi-chua.b-.biet-chua-biet-con",
      "name": "Biết Chúa Biết Con",
      "count": 0,
      "isLeaf": null,
      "keyword": null,
      "hash": "U2FsdGVkX19O7yDyoTq4JTDMfJn7rbh7YZEDwzoib7KsTwi/Q0xYij765NrWl50CtsSMedhgGuBlNtVDXlcLIg==",
      "khash": "U2FsdGVkX1/1XWZR+OvNl8Mvj9fLj28ZBKwo9XstdxAEdQdLuzinmXhpwFtlRxsNXAB5QeEIRmW2OuibUjn6tg==",
      "viewCount": null,
      "duration": "6:30",
      "size": 6256978
    },
    {
      "id": "51a0d269-9cd5-4a9c-9617-41490c724b0f",
      "pid": "ee604c0b-7c7b-40da-92ef-b839bd524d8b",
      "dblevel": 4,
      "location": "/VGMA/BaiHatCaNgoiChua/B_/BietChuaOGan-HongChau",
      "isVideo": false,
      "url": "bai-hat-ca-ngoi-chua.b-.biet-chua-o-gan-hong-chau",
      "name": "Biết Chúa Ở Gần - Hồng Châu",
      "count": 0,
      "isLeaf": null,
      "keyword": null,
      "hash": "U2FsdGVkX1+VdPYSC8eIhVQYoynte6EtKN4w0mGCjQRi6dvaK1Q08kea0WV/0A91DUAM2zzB//qWCxIzes9DZg==",
      "khash": "U2FsdGVkX1+dkaiRYPuBxn2FtFOuGH16V6//bgQ3CpPPFRG6VYyc8rGKCKzznQ4eCWfCkjK0TmPOZztDtvyX3g==",
      "viewCount": null,
      "duration": "1:40",
      "size": 4011449
    },
    {
      "id": "f67e795c-ac12-4510-9fb6-007aace70147",
      "pid": "ee604c0b-7c7b-40da-92ef-b839bd524d8b",
      "dblevel": 4,
      "location": "/VGMA/BaiHatCaNgoiChua/B_/BietChangNgayMai",
      "isVideo": false,
      "url": "bai-hat-ca-ngoi-chua.b-.biet-chang-ngay-mai",
      "name": "Biết Chăng Ngày Mai",
      "count": 0,
      "isLeaf": null,
      "keyword": null,
      "hash": "U2FsdGVkX1/1KSE4MpOAzedkZimrhjJH6vLveVs4SN5+5FSnsRIt9rGUNu+x1Bch2zPLFjrtJAn3TR/4LMmirw==",
      "khash": "U2FsdGVkX18WluF651KOAOz2eI/Zw/SlSO3M17TJTJ8oy7wsc6x7mYvgLv05g3C/QOL91vGeDFlRZC/21+yd/A==",
      "viewCount": null,
      "duration": "3:15",
      "size": 7804429
    },
    {
      "id": "0717498c-d1ae-46ee-9a0b-564a6c7fd249",
      "pid": "ee604c0b-7c7b-40da-92ef-b839bd524d8b",
      "dblevel": 4,
      "location": "/VGMA/BaiHatCaNgoiChua/B_/BietPhaiVaThuThue-ThuGiang-HoangNam",
      "isVideo": false,
      "url": "bai-hat-ca-ngoi-chua.b-.biet-phai-va-thu-thue-thugiang-hoangnam",
      "name": "Biệt Phái Và Thu Thuế-ThuGiang-HoangNam",
      "count": 0,
      "isLeaf": null,
      "keyword": null,
      "hash": "U2FsdGVkX18KFdrSSpLU6YCxdUMTcKXn1OXR+bAwYa7X50wLPJ3WIvKJ6TrOz8GdI+/A16n7I+UqUkFjGir6VA==",
      "khash": "U2FsdGVkX19CYSNqkomDOt8U9GXSN6sn84ya+LVDyS4Aw0yi/fYYjD7xN3bL33mSs4OKz/je0lQnW5BB3wlb5w==",
      "viewCount": null,
      "duration": "3:38",
      "size": 3766769
    },
    {
      "id": "3e9afe16-6fee-4106-96c6-bc40eee48461",
      "pid": "ee604c0b-7c7b-40da-92ef-b839bd524d8b",
      "dblevel": 4,
      "location": "/VGMA/BaiHatCaNgoiChua/B_/BuonLamChi",
      "isVideo": false,
      "url": "bai-hat-ca-ngoi-chua.b-.buon-lam-chi",
      "name": "Buồn Làm Chi",
      "count": 0,
      "isLeaf": null,
      "keyword": null,
      "hash": "U2FsdGVkX191A4NqFo/HVOQ1ig7w8jqmKfBgJLYpOWDOngCH0lPBqj31GL/bO/vPE/arVerIQzwxHuS+Vd8f3w==",
      "khash": "U2FsdGVkX1/+jBQMDKcVt4TDVzSi4DaXEiA84LMZFX7xymqpV3tAJ+ERWPpC6ohLLrjc5siLYx0NPCBkRKI1aw==",
      "viewCount": null,
      "duration": "3:6",
      "size": 7448119
    },
    {
      "id": "3c617b45-247e-45bb-ae50-5ae7e7c97be8",
      "pid": "ee604c0b-7c7b-40da-92ef-b839bd524d8b",
      "dblevel": 4,
      "location": "/VGMA/BaiHatCaNgoiChua/B_/BuoiMaiVoiGie-Xu",
      "isVideo": false,
      "url": "bai-hat-ca-ngoi-chua.b-.buoi-mai-voi-gie-xu",
      "name": "Buổi Mai Với Giê-Xu",
      "count": 0,
      "isLeaf": null,
      "keyword": null,
      "hash": "U2FsdGVkX1+EODE7WQE7AmDLkFTyzOZCEArbBnE/zve6USkqvBqFwGGWPP42aGjqw5ORnaC8n6QWV+9jdlBDVA==",
      "khash": "U2FsdGVkX19FliMdIHmu5ZIMzbbEO9rBgavrmLMced0Y/8KWJ1evhBueyvqBHHyoX2wJJeptQqUnWfKeixt8/w==",
      "viewCount": null,
      "duration": "4:24",
      "size": 4228034
    },
    {
      "id": "3396f959-7a46-490f-96b2-303820841872",
      "pid": "ee604c0b-7c7b-40da-92ef-b839bd524d8b",
      "dblevel": 4,
      "location": "/VGMA/BaiHatCaNgoiChua/B_/BuocConXaNgai-LuuChiVi",
      "isVideo": false,
      "url": "bai-hat-ca-ngoi-chua.b-.buoc-con-xa-ngai-luu-chi-vi",
      "name": "Buộc Con Xa Ngài - Lưu Chí Vĩ",
      "count": 0,
      "isLeaf": null,
      "keyword": null,
      "hash": "U2FsdGVkX19CrVgwjH+UrLCbJN6gs7qN9bsBOWoo/JwvvPIlMcE/yBBjryHVmsirdOe5ddROisx2SlnVFiBAyA==",
      "khash": "U2FsdGVkX1+PiQ3bc12fOsCDl3ZwTtzcdJP/cLLljHMhISEHu9k6jRQ3GyDyHeoK/R9qi5g3mUmiJ6lvAQbXNA==",
      "viewCount": null,
      "duration": "5:41",
      "size": 13680935
    },
    {
      "id": "fcd79439-ac4b-4001-a1fe-d9463b314998",
      "pid": "ee604c0b-7c7b-40da-92ef-b839bd524d8b",
      "dblevel": 4,
      "location": "/VGMA/BaiHatCaNgoiChua/B_/BaiCaBuoiSang",
      "isVideo": false,
      "url": "bai-hat-ca-ngoi-chua.b-.bai-ca-buoi-sang",
      "name": "Bài Ca Buổi Sáng",
      "count": 0,
      "isLeaf": null,
      "keyword": null,
      "hash": "U2FsdGVkX18IGQ4cbtqifRLZDQ+AJ+4eWMKcH9JuQNLGXtIF+gCGRZd3zRSLCLolJfEo0v8coI7cIcSbZtF+uQ==",
      "khash": "U2FsdGVkX19a0ofBFgpsVlY7RlJ0mXXfILrWeMJPbcWgWDD4G0rJXANm7xOy0y1hFQIOs4MrjtYgsNzj/niWOQ==",
      "viewCount": null,
      "duration": "3:47",
      "size": 3643838
    },
    {
      "id": "35dbcf40-7326-4782-9646-40735bbb2701",
      "pid": "ee604c0b-7c7b-40da-92ef-b839bd524d8b",
      "dblevel": 4,
      "location": "/VGMA/BaiHatCaNgoiChua/B_/BaiCaChucTung",
      "isVideo": false,
      "url": "bai-hat-ca-ngoi-chua.b-.bai-ca-chuc-tung",
      "name": "Bài Ca Chúc Tụng",
      "count": 0,
      "isLeaf": null,
      "keyword": null,
      "hash": "U2FsdGVkX1++wb3mi+q8NlwpR7vRYwGAWgCJpTY7Ri6KuyFTmyFoolGiDj9kAsJZVj0GXlPesKhWPMaT7MA4aA==",
      "khash": null,
      "viewCount": null,
      "duration": "1:39",
      "size": 1592062
    },
    {
      "id": "82734c42-2681-4388-9daf-88f27b74cdd5",
      "pid": "ee604c0b-7c7b-40da-92ef-b839bd524d8b",
      "dblevel": 4,
      "location": "/VGMA/BaiHatCaNgoiChua/B_/BaiCaChapCanh1",
      "isVideo": false,
      "url": "bai-hat-ca-ngoi-chua.b-.bai-ca-chap-canh-1",
      "name": "Bài Ca Chấp Cánh 1",
      "count": 0,
      "isLeaf": null,
      "keyword": null,
      "hash": "U2FsdGVkX19aIO+5UdYZOpSWlX/c1yV/hicx+7xIgnYSCw8S/iELwAvgk7B3Yex+FGpxAixBh9hUC6YdIVUt+A==",
      "khash": "U2FsdGVkX1/7u6vrAGQP6qysx9UmkpDw++0yGa76mS+NWXAQlNJreYDOroSxlG9cWj7jy9ILZWM0DdteEXX3uA==",
      "viewCount": null,
      "duration": "2:18",
      "size": 2216683
    },
    {
      "id": "96390a2f-f422-4383-b4e9-29ea5b99badf",
      "pid": "ee604c0b-7c7b-40da-92ef-b839bd524d8b",
      "dblevel": 4,
      "location": "/VGMA/BaiHatCaNgoiChua/B_/BaiCaChapCanh2",
      "isVideo": false,
      "url": "bai-hat-ca-ngoi-chua.b-.bai-ca-chap-canh-2",
      "name": "Bài Ca Chấp Cánh 2",
      "count": 0,
      "isLeaf": null,
      "keyword": null,
      "hash": "U2FsdGVkX18eo7USnLhmAYfoubgH3syphQGo2odduZ1Eu/TN92/XgOPkk3PPUjZ22/J8IQvw+vfuLlPNvDNlOA==",
      "khash": null,
      "viewCount": null,
      "duration": "4:23",
      "size": 5057937
    },
    {
      "id": "96da3707-29ea-4abe-abec-ea56b4a8c9e2",
      "pid": "ee604c0b-7c7b-40da-92ef-b839bd524d8b",
      "dblevel": 4,
      "location": "/VGMA/BaiHatCaNgoiChua/B_/BaiCaCamTa1",
      "isVideo": false,
      "url": "bai-hat-ca-ngoi-chua.b-.bai-ca-cam-ta-1",
      "name": "Bài Ca Cảm Tạ 1",
      "count": 0,
      "isLeaf": null,
      "keyword": null,
      "hash": "U2FsdGVkX19cIihPL1DRndQfxEBG3Sshqv4oIogx1Ix2c0P3Hn4gBvpGmdwIqX/A3T9i+9LroL22+ypr8j7HGw==",
      "khash": "U2FsdGVkX1+C3T+KuKElZXp9ixL/IHn/jAjdNfW4oiSOome4scu6Caw6nH9hWi74rlxDdYBEpzihUDnpEWzXUw==",
      "viewCount": null,
      "duration": "3:17",
      "size": 6308344
    },
    {
      "id": "9c254a61-e4ab-498c-8ebf-be8b07b947be",
      "pid": "ee604c0b-7c7b-40da-92ef-b839bd524d8b",
      "dblevel": 4,
      "location": "/VGMA/BaiHatCaNgoiChua/B_/BaiCaCamTa2",
      "isVideo": false,
      "url": "bai-hat-ca-ngoi-chua.b-.bai-ca-cam-ta-2",
      "name": "Bài Ca Cảm Tạ 2",
      "count": 0,
      "isLeaf": null,
      "keyword": null,
      "hash": "U2FsdGVkX19zQLW+S17tKkAr6I53KNTaNRwVf78fU8lihMSUjqpM+Ynrsp0Ehq95Not9KJjUADLP2u8kmWqP4Q==",
      "khash": "U2FsdGVkX1+2IdM4f1i5K9R27AFcsmq4XaPLvhJAwWZK3OkAhXL3ZECDKjvcrgomKKZ+/muzV+ihAiosAixgxQ==",
      "viewCount": null,
      "duration": "2:43",
      "size": 2610106
    },
    {
      "id": "b8e5c9d5-c04c-491e-ad76-e4e84fa4a488",
      "pid": "ee604c0b-7c7b-40da-92ef-b839bd524d8b",
      "dblevel": 4,
      "location": "/VGMA/BaiHatCaNgoiChua/B_/BaiCaCamTa-3-BichNgoc-KlongHaghim",
      "isVideo": false,
      "url": "bai-hat-ca-ngoi-chua.b-.bai-ca-cam-ta-3-bichngoc-klonghaghim",
      "name": "Bài Ca Cảm Tạ-3-BichNgoc-KlongHaghim",
      "count": 0,
      "isLeaf": null,
      "keyword": null,
      "hash": "U2FsdGVkX1+CUGNljgl6xJX3fFMchz3sGKC+bsp2BCpOoX3/dsitsAgXHWLMBzpBCIxUuczUlOzlVOoKsWnbjw==",
      "khash": "U2FsdGVkX19KF+sfEpzw7PFIVPo/biu4R0NQDbAk4k1zQAX1Q0ZgC7ChQ2uyou1NRbmvKPTuV9K4LfLzGXid7Q==",
      "viewCount": null,
      "duration": "3:54",
      "size": 3752146
    },
    {
      "id": "c5e2a2d0-c1e5-4699-baa9-d31b105b0de2",
      "pid": "ee604c0b-7c7b-40da-92ef-b839bd524d8b",
      "dblevel": 4,
      "location": "/VGMA/BaiHatCaNgoiChua/B_/BaiCaCuaMari",
      "isVideo": false,
      "url": "bai-hat-ca-ngoi-chua.b-.bai-ca-cua-ma-ri",
      "name": "Bài Ca Của Ma ri",
      "count": 0,
      "isLeaf": null,
      "keyword": null,
      "hash": "U2FsdGVkX18uZdgiVYUJPJmXJNYQXP2uSaXhr67+CdUAzX45SD/HxwBZj0eTVga8dXyQ6kfIGcZD3+fbGDdv0A==",
      "khash": null,
      "viewCount": null,
      "duration": "6:5",
      "size": 5851237
    },
    {
      "id": "925d8530-5385-4a6b-8553-18008a9ab050",
      "pid": "ee604c0b-7c7b-40da-92ef-b839bd524d8b",
      "dblevel": 4,
      "location": "/VGMA/BaiHatCaNgoiChua/B_/BaiCaDangChua",
      "isVideo": false,
      "url": "bai-hat-ca-ngoi-chua.b-.bai-ca-dang-chua",
      "name": "Bài Ca Dâng Chúa",
      "count": 0,
      "isLeaf": null,
      "keyword": null,
      "hash": "U2FsdGVkX184Hs+Uq1Fdo+xcKkwm3V/sHEuuJSezL+trmfKSXURRqTSLEXfORdvzRn15wv4a15Dt5+kEqJdLtw==",
      "khash": "U2FsdGVkX1/igfDT8FXQ18vjM7B3RjE5nlHwEffeeSkUJKuMcUdKQRxJnfslmgEqHIXfMPpOu+xwMUbbPJmVrw==",
      "viewCount": null,
      "duration": "4:3",
      "size": 9756374
    },
    {
      "id": "82b41413-a928-4c9a-a594-afce4a71c6be",
      "pid": "ee604c0b-7c7b-40da-92ef-b839bd524d8b",
      "dblevel": 4,
      "location": "/VGMA/BaiHatCaNgoiChua/B_/BaiCaMangCo1-HopCa",
      "isVideo": false,
      "url": "bai-hat-ca-ngoi-chua.b-.bai-ca-mang-co-1-hop-ca",
      "name": "Bài Ca Máng Cỏ 1-Hợp  Ca",
      "count": 0,
      "isLeaf": null,
      "keyword": null,
      "hash": "U2FsdGVkX1+++bOVNe9ZkT/Vxh/9n84Nsl/HPB4s4Y+jFBKM0Ectmr4ouahM/Qv/Ey8b+ufclV75NiEd2TsRcA==",
      "khash": null,
      "viewCount": null,
      "duration": "4:7",
      "size": 3960968
    },
    {
      "id": "a626ac9f-dc3e-41b5-a180-ccb9daed1b02",
      "pid": "ee604c0b-7c7b-40da-92ef-b839bd524d8b",
      "dblevel": 4,
      "location": "/VGMA/BaiHatCaNgoiChua/B_/BaiCaMangCo2",
      "isVideo": false,
      "url": "bai-hat-ca-ngoi-chua.b-.bai-ca-mang-co-2",
      "name": "Bài Ca Máng Cỏ 2",
      "count": 0,
      "isLeaf": null,
      "keyword": null,
      "hash": "U2FsdGVkX1/b5959YKGkJOwl3ztKb3qWNy6py1r2epGIOwOyY1RuA3ZPM5ojX6awmOH0mpUg+/GPAdz62zJfag==",
      "khash": "U2FsdGVkX1/zSTOJFnzU6akmUcu7lo5h2FDDS4yZXZa5yuXGNmt+NumQ6bQw3f2/Xu+WSrodLdcAO8kadI62aQ==",
      "viewCount": null,
      "duration": "2:23",
      "size": 2301654
    },
    {
      "id": "bcf665ad-5f6b-4152-929e-42bc66c1566e",
      "pid": "ee604c0b-7c7b-40da-92ef-b839bd524d8b",
      "dblevel": 4,
      "location": "/VGMA/BaiHatCaNgoiChua/B_/BaiCaMungDoiLua",
      "isVideo": false,
      "url": "bai-hat-ca-ngoi-chua.b-.bai-ca-mung-doi-lua",
      "name": "Bài Ca Mừng Đôi Lứa",
      "count": 0,
      "isLeaf": null,
      "keyword": null,
      "hash": "U2FsdGVkX1+0YTr70mmi3KnH1B/lG3Ym5/54uoM53bXX/iqX5EIo9ZxuvFaxkFDEmp7JHEa1qGrjXL8q9DQNvg==",
      "khash": "U2FsdGVkX19yC+xXKLya+U6z1HEcCV8LEtXirsfkIoD4neFfMf6t8QFv1Jh1Kjlj0e36/R+oAk6R5O9V6muiUA==",
      "viewCount": null,
      "duration": "4:25",
      "size": 7512777
    },
    {
      "id": "c94a6241-8c6f-4892-990e-25c52869fc97",
      "pid": "ee604c0b-7c7b-40da-92ef-b839bd524d8b",
      "dblevel": 4,
      "location": "/VGMA/BaiHatCaNgoiChua/B_/BaiCaNgoiKhen1",
      "isVideo": false,
      "url": "bai-hat-ca-ngoi-chua.b-.bai-ca-ngoi-khen-1",
      "name": "Bài Ca Ngợi Khen 1",
      "count": 0,
      "isLeaf": null,
      "keyword": null,
      "hash": "U2FsdGVkX1/P3xpH9cfFiGA5YlbVYLngzRXtYgu76QAu5X5hUM90GxHVvME/bLz2U63XqBHVh2MHJ8n2WIGSTA==",
      "khash": "U2FsdGVkX1/Q/b7x9xI5QrmL8qfPGtg0JS3oPgPWIE5LaWkrSU03SRiPIbwxG3AOw7v6MgNvqEqVopIxPfOr5w==",
      "viewCount": null,
      "duration": "3:47",
      "size": 9111676
    },
    {
      "id": "51279113-8aff-4428-a62c-057475d2a52b",
      "pid": "ee604c0b-7c7b-40da-92ef-b839bd524d8b",
      "dblevel": 4,
      "location": "/VGMA/BaiHatCaNgoiChua/B_/BaiCaNgoiKhen2",
      "isVideo": false,
      "url": "bai-hat-ca-ngoi-chua.b-.bai-ca-ngoi-khen-2",
      "name": "Bài Ca Ngợi Khen 2",
      "count": 0,
      "isLeaf": null,
      "keyword": null,
      "hash": "U2FsdGVkX1/lEdndaGjIVscBFgF53C8DbaiDsCwD3kKLVzdAWfnpdbzx/jWQPB1rDRFuvs2Mu5EuaJjkIJHK1Q==",
      "khash": "U2FsdGVkX1+/Q9jPvNuHXxO0kADh2j1Az6VCeDB/yhdY1R1z3izKPD2Y+B/+dyVUqP+2gxnyreDyq4udyahavw==",
      "viewCount": null,
      "duration": "4:38",
      "size": 4455820
    },
    {
      "id": "8f3bddbf-5eb2-45e3-a7fe-3d64cb47cc6a",
      "pid": "ee604c0b-7c7b-40da-92ef-b839bd524d8b",
      "dblevel": 4,
      "location": "/VGMA/BaiHatCaNgoiChua/B_/BaiCaNgoiKhen3-HopXuong",
      "isVideo": false,
      "url": "bai-hat-ca-ngoi-chua.b-.bai-ca-ngoi-khen-3-hop-xuong",
      "name": "Bài Ca Ngợi Khen 3-Hợp Xướng",
      "count": 0,
      "isLeaf": null,
      "keyword": null,
      "hash": "U2FsdGVkX1/Q30mCe0tDymPViken8pHs11HvwsUzTYdN9zesKNqE/FGXlGSfEDgmTI3H5tCJHTUUVWj/8iNMJA==",
      "khash": "U2FsdGVkX19eB7lkQKZMq6uCoP306gO2QcpFpyDYd/MaZ2WjaQodvoVmYShe0tSXm4eDWH+BRq82UpM2z1Dv6Q==",
      "viewCount": null,
      "duration": "4:58",
      "size": 4770562
    },
    {
      "id": "03ddfc64-6e2f-4df4-a610-22b51e93a2f6",
      "pid": "ee604c0b-7c7b-40da-92ef-b839bd524d8b",
      "dblevel": 4,
      "location": "/VGMA/BaiHatCaNgoiChua/B_/BaiCaNiemTin",
      "isVideo": false,
      "url": "bai-hat-ca-ngoi-chua.b-.bai-ca-niem-tin",
      "name": "Bài Ca Niềm Tin",
      "count": 0,
      "isLeaf": null,
      "keyword": null,
      "hash": "U2FsdGVkX19/9oaKwdfuizGnW++jRcVWEX8yV79uk4Y5BXElsjhno3lZ8zBlf4LBbMsS9tTDc1YOtJj6Jg6P9g==",
      "khash": "U2FsdGVkX1/zKZ5SUw4EwNTbptF6s8ISjDggiWfmKJBM8/1rI+9Cmm98AsANDWuJg3CBf2m0YCdJjp1wz+iLOQ==",
      "viewCount": null,
      "duration": "2:58",
      "size": 7155547
    },
    {
      "id": "468a8161-2acf-41e6-9ac0-d5087c1d3b28",
      "pid": "ee604c0b-7c7b-40da-92ef-b839bd524d8b",
      "dblevel": 4,
      "location": "/VGMA/BaiHatCaNgoiChua/B_/BaiCaTamLinh1-HopCa",
      "isVideo": false,
      "url": "bai-hat-ca-ngoi-chua.b-.bai-ca-tam-linh-1-hop-ca",
      "name": "Bài Ca Tâm Linh 1-Hợp  Ca",
      "count": 0,
      "isLeaf": null,
      "keyword": null,
      "hash": "U2FsdGVkX18M9iulZBIB9AKOl1J5EUyLujYObUUhFVD2gjGZLwyz+sKZm+RU0esHsfa/uRFysYJY0zutg5vnXA==",
      "khash": null,
      "viewCount": null,
      "duration": "4:46",
      "size": 4588745
    },
    {
      "id": "face312a-0620-432c-8379-419e083f3f32",
      "pid": "ee604c0b-7c7b-40da-92ef-b839bd524d8b",
      "dblevel": 4,
      "location": "/VGMA/BaiHatCaNgoiChua/B_/BaiCaTamLinh2",
      "isVideo": false,
      "url": "bai-hat-ca-ngoi-chua.b-.bai-ca-tam-linh-2",
      "name": "Bài Ca Tâm Linh 2",
      "count": 0,
      "isLeaf": null,
      "keyword": null,
      "hash": "U2FsdGVkX1+L7+TO4VCi3eH8LFNHj2lfwqsowJIulIaxGY14sctRwy0lDox4hCd6id9eCNV87je65rE1qM6qBQ==",
      "khash": "U2FsdGVkX19LyQ5tmrqqdMpkeOQCDHdJ21/igsAomleZvgOyHa6TBcB3cYrCpOVK1oDrZOfm8dMTP3zF93L8QQ==",
      "viewCount": null,
      "duration": "5:22",
      "size": 12903609
    },
    {
      "id": "a3b98058-5792-4d78-a078-aed87e380682",
      "pid": "ee604c0b-7c7b-40da-92ef-b839bd524d8b",
      "dblevel": 4,
      "location": "/VGMA/BaiHatCaNgoiChua/B_/BaiCaTamLinh3",
      "isVideo": false,
      "url": "bai-hat-ca-ngoi-chua.b-.bai-ca-tam-linh-3",
      "name": "Bài Ca Tâm Linh 3",
      "count": 0,
      "isLeaf": null,
      "keyword": null,
      "hash": "U2FsdGVkX19F8yu2WPqUmh0Uc36RRFn/DKJy7y1PWxbIlof03AQh5z2PX0NlRBKAyKF5LCLAsTZooiC/+AqphA==",
      "khash": "U2FsdGVkX1+5Guvbfka1yn/ei3f1TKq499xt26T7Xmpp8T9/vfANMdpmV7+oweWh70kTaMWA55VDJq1/gqGXiw==",
      "viewCount": null,
      "duration": "4:31",
      "size": 4351323
    },
    {
      "id": "17e39327-2f21-4e29-b8c7-730564ca186f",
      "pid": "ee604c0b-7c7b-40da-92ef-b839bd524d8b",
      "dblevel": 4,
      "location": "/VGMA/BaiHatCaNgoiChua/B_/BaiCaTonTho",
      "isVideo": false,
      "url": "bai-hat-ca-ngoi-chua.b-.bai-ca-ton-tho",
      "name": "Bài Ca Tôn Thờ",
      "count": 0,
      "isLeaf": null,
      "keyword": null,
      "hash": "U2FsdGVkX1+cP8qqGsG7m+XpA5kxIRJ16oD68V/B5BVEpm9XWdLBi5vhg31lr1to2M9tPI+fDuT6T4m0+MJrlw==",
      "khash": "U2FsdGVkX18yDeTVQIqS3KLFEn07JTueFATfp48is7YTOcetS6/2pl1VN3eELtUig3b40X6SF3rLsjvKXmG7yw==",
      "viewCount": null,
      "duration": "5:49",
      "size": 5596839
    },
    {
      "id": "60878616-325c-4f57-b16f-c58a4a0eeddd",
      "pid": "ee604c0b-7c7b-40da-92ef-b839bd524d8b",
      "dblevel": 4,
      "location": "/VGMA/BaiHatCaNgoiChua/B_/BaiCaAnNan",
      "isVideo": false,
      "url": "bai-hat-ca-ngoi-chua.b-.bai-ca-an-nan",
      "name": "Bài Ca Ăn Năn",
      "count": 0,
      "isLeaf": null,
      "keyword": null,
      "hash": "U2FsdGVkX19nl7PjbsC8QqYOWieTKs9omw20PR2WJCMhed23D6FyV4DLqIqcNhGFQ6R1ogevIOmXj316ZFHohg==",
      "khash": "U2FsdGVkX1+11qX6NfVXcHupqEKDQqVieSm/G/y53yOH6hOefXsAy0clqH3om0qKS/0UtOYhUO3aGpHgc2YsdQ==",
      "viewCount": null,
      "duration": "4:52",
      "size": 4683276
    },
    {
      "id": "766bf2e7-0a62-4901-9dd4-cddaea7b87a5",
      "pid": "ee604c0b-7c7b-40da-92ef-b839bd524d8b",
      "dblevel": 4,
      "location": "/VGMA/BaiHatCaNgoiChua/B_/BaiCaDuongDoi",
      "isVideo": false,
      "url": "bai-hat-ca-ngoi-chua.b-.bai-ca-duong-doi",
      "name": "Bài Ca Đường Đời",
      "count": 0,
      "isLeaf": null,
      "keyword": null,
      "hash": "U2FsdGVkX18mpXqE3BxvRHOtkL5pv5Tf8F2Q7TAhJIg2PwwYiPNtcLMGLSBO7b/gJdkGxJdgigjDiVNkGQGw5Q==",
      "khash": "U2FsdGVkX19xIJcE6Moa974rYKkxFC2ibptZMmGOi7KQDbsBaD9irDiOzBnw2urF3zwjtKLvTiT300+/FuGuSA==",
      "viewCount": null,
      "duration": "2:58",
      "size": 7124200
    },
    {
      "id": "43bcca3d-865e-4a10-ae23-683ba184c41a",
      "pid": "ee604c0b-7c7b-40da-92ef-b839bd524d8b",
      "dblevel": 4,
      "location": "/VGMA/BaiHatCaNgoiChua/B_/BaiCauNguyenChung1",
      "isVideo": false,
      "url": "bai-hat-ca-ngoi-chua.b-.bai-cau-nguyen-chung-1",
      "name": "Bài Cầu Nguyện Chung 1",
      "count": 0,
      "isLeaf": null,
      "keyword": null,
      "hash": "U2FsdGVkX18sR3UogBdq50RfOk3n11CnAT1zkRoCO0ANWtwlJfEZPZKUPV0koi4P51QM/Dshm9/1CkDLDUNOVA==",
      "khash": "U2FsdGVkX1/Qmy5QBcEfT8RopmbbglSN5E/C7+cjbEC7JPtPw/G1nc9AnXeb9hoL6EqEYc4I3lHG9uYH7EOjnA==",
      "viewCount": null,
      "duration": "4:40",
      "size": 4493026
    },
    {
      "id": "8348af4a-c538-4d85-b179-fbbc01369eec",
      "pid": "ee604c0b-7c7b-40da-92ef-b839bd524d8b",
      "dblevel": 4,
      "location": "/VGMA/BaiHatCaNgoiChua/B_/BaiCauNguyenChung2",
      "isVideo": false,
      "url": "bai-hat-ca-ngoi-chua.b-.bai-cau-nguyen-chung-2",
      "name": "Bài Cầu Nguyện Chung 2",
      "count": 0,
      "isLeaf": null,
      "keyword": null,
      "hash": "U2FsdGVkX18OnQss13MzASL15DRE3lsKNyrFuaW29FS3qavcnIIQeImnp+c3jnqDFfVuRoTm+r+R5f5REpG3sA==",
      "khash": null,
      "viewCount": null,
      "duration": "3:48",
      "size": 9153480
    },
    {
      "id": "068fafea-021c-444b-b360-e5a470fcd991",
      "pid": "ee604c0b-7c7b-40da-92ef-b839bd524d8b",
      "dblevel": 4,
      "location": "/VGMA/BaiHatCaNgoiChua/B_/BaiCauNguyenChung3",
      "isVideo": false,
      "url": "bai-hat-ca-ngoi-chua.b-.bai-cau-nguyen-chung-3",
      "name": "Bài Cầu Nguyện Chung 3",
      "count": 0,
      "isLeaf": null,
      "keyword": null,
      "hash": "U2FsdGVkX1+6djeEZ0a1bvQgvll1XqmDlb7kHtigkJoteQkuHAPO9xObc6U8mU9p5oUw+ruNSXJqlGa8FQq50g==",
      "khash": "U2FsdGVkX1/vSnOZ/joAUzMrCAwrCKCzn+VKZYFDKrwnnwNimWaazhQZncUwoR9FE9ceGdJyxwe8qW7Jp+mRyw==",
      "viewCount": null,
      "duration": "4:43",
      "size": 4538705
    },
    {
      "id": "cfa0205e-3a69-435c-9ac6-8a999702bd02",
      "pid": "ee604c0b-7c7b-40da-92ef-b839bd524d8b",
      "dblevel": 4,
      "location": "/VGMA/BaiHatCaNgoiChua/B_/BaiHatSaiDi1",
      "isVideo": false,
      "url": "bai-hat-ca-ngoi-chua.b-.bai-hat-sai-di-1",
      "name": "Bài Hát Sai Đi 1",
      "count": 0,
      "isLeaf": null,
      "keyword": null,
      "hash": "U2FsdGVkX19Fm9cyCjwON9EUtlDZ1wOnpGMblgKsX4vUEC8ZO9SFpWKU/sCjoyUMwqe60aKa1WOc0tfu0xBjNA==",
      "khash": "U2FsdGVkX18y64EK3DeE0EjYbV2h5hKklK4E8ANK6klXT8Poq+DA7RUXGlvbgy65OR3RR5TQs2K77hC/JeKXKQ==",
      "viewCount": null,
      "duration": "6:18",
      "size": 6057436
    },
    {
      "id": "8a55d5f1-b28a-42cb-be4b-ca7aeec3019e",
      "pid": "ee604c0b-7c7b-40da-92ef-b839bd524d8b",
      "dblevel": 4,
      "location": "/VGMA/BaiHatCaNgoiChua/B_/BaiHatSaiDi2",
      "isVideo": false,
      "url": "bai-hat-ca-ngoi-chua.b-.bai-hat-sai-di-2",
      "name": "Bài Hát Sai Đi 2",
      "count": 0,
      "isLeaf": null,
      "keyword": null,
      "hash": "U2FsdGVkX1+PZ0uqmKQodwwSXUFeuvJx6EUaUMDZRTCMxKiDA9vQFJKNKnAkWGEDfFSDVq9z26VLPVvuHyzezg==",
      "khash": "U2FsdGVkX1+/jR53szLfT1gmGCCNUETNMgxArXXe4XGX+cA/d+vKLZiQNc2Sl3SAQ7IoXnCeBPDLNj28p5yP+g==",
      "viewCount": null,
      "duration": "4:46",
      "size": 4584964
    },
    {
      "id": "65e513eb-f2f6-459b-bb1e-2217b703bb11",
      "pid": "ee604c0b-7c7b-40da-92ef-b839bd524d8b",
      "dblevel": 4,
      "location": "/VGMA/BaiHatCaNgoiChua/B_/BaiNgoiCa-HopCa",
      "isVideo": false,
      "url": "bai-hat-ca-ngoi-chua.b-.bai-ngoi-ca-hop-ca",
      "name": "Bài Ngợi Ca-Họp Ca",
      "count": 0,
      "isLeaf": null,
      "keyword": null,
      "hash": "U2FsdGVkX19c+I4zkmSc8kzO1CPECa957GC0LqKtUddv2/gzlGOmokkxSGjrJXBXY+WGc72+d8lIls2vePP0SQ==",
      "khash": "U2FsdGVkX1/yrt3CONTJxzYvrJiZvIYDxvnaoCMoadrdcHfe4VQUhs6NURani4shGiujI2tnam42QKyKTPGBpw==",
      "viewCount": null,
      "duration": "3:40",
      "size": 3536021
    },
    {
      "id": "1c5b26e4-794f-478b-99ce-9b095ff0d2ce",
      "pid": "ee604c0b-7c7b-40da-92ef-b839bd524d8b",
      "dblevel": 4,
      "location": "/VGMA/BaiHatCaNgoiChua/B_/BaiThanhCaToiYeu",
      "isVideo": false,
      "url": "bai-hat-ca-ngoi-chua.b-.bai-thanh-ca-toi-yeu",
      "name": "Bài Thánh Ca Tôi Yêu",
      "count": 0,
      "isLeaf": null,
      "keyword": null,
      "hash": "U2FsdGVkX18QBAsYH3usL5hXQGTuw4z3l1gaiDuqxau01wGGjrieVHmCVHiwEQ6wyc5iIm32sOt2jRXTiGLaQg==",
      "khash": "U2FsdGVkX1/fxTkAhWrafSycC4Q7FHaj4YB919pkkxN99sph2GUJM2np3sgbanJa4EipOr8KQ5MSZqVdURh+Hg==",
      "viewCount": null,
      "duration": "3:55",
      "size": 5660828
    },
    {
      "id": "cdfb39c1-0c6c-4a7c-86c0-3ad45c1bc5ce",
      "pid": "ee604c0b-7c7b-40da-92ef-b839bd524d8b",
      "dblevel": 4,
      "location": "/VGMA/BaiHatCaNgoiChua/B_/BaicaMa-ri",
      "isVideo": false,
      "url": "bai-hat-ca-ngoi-chua.b-.bai-ca-ma-ri",
      "name": "Bài ca Ma-ri",
      "count": 0,
      "isLeaf": null,
      "keyword": null,
      "hash": "U2FsdGVkX18w39kXugDassL3KVHKt01yhAt3I4Rc2WNu5opJEMG2S6xHJBmPpvInuztuQfo6Aj0T8TV+lPQVPQ==",
      "khash": "U2FsdGVkX19ScrYjkXK66T/kSU1ScWRj+Y0Y7neN9ZFzwiDDVpoWgsRZBn9MpFORcWypUVGLIoiml19PRb78Bw==",
      "viewCount": null,
      "duration": "6:5",
      "size": 5851237
    },
    {
      "id": "3989203e-a989-48b8-8503-a8d29864b077",
      "pid": "ee604c0b-7c7b-40da-92ef-b839bd524d8b",
      "dblevel": 4,
      "location": "/VGMA/BaiHatCaNgoiChua/B_/BaicaNgoikhen4-ThienBao",
      "isVideo": false,
      "url": "bai-hat-ca-ngoi-chua.b-.bai-ca-ngoi-khen-4-thienbao",
      "name": "Bài ca Ngợi khen 4-ThienBao",
      "count": 0,
      "isLeaf": null,
      "keyword": null,
      "hash": "U2FsdGVkX1+lwd7q7xC5Mgnwv/TuVbXrTKcp3PkBo5XaWg+Lam+Zc/Oke/vU1ChJCD2M4oyaGMR7hTnlC8bQEQ==",
      "khash": "U2FsdGVkX1/mCQonvFyj2IP31VJoMoYY7E1sIA44kfp38rWldNDW45KaiGDsUYKZeU1y2O/8e/5I+kSd0VLGtA==",
      "viewCount": null,
      "duration": "4:41",
      "size": 4506562
    },
    {
      "id": "65189c4b-4c45-491e-a39d-f4d71f46c1ee",
      "pid": "ee604c0b-7c7b-40da-92ef-b839bd524d8b",
      "dblevel": 4,
      "location": "/VGMA/BaiHatCaNgoiChua/B_/BanChanNguoiTruyenDao",
      "isVideo": false,
      "url": "bai-hat-ca-ngoi-chua.b-.ban-chan-nguoi-truyen-dao",
      "name": "Bàn Chân Người Truyền Đạo",
      "count": 0,
      "isLeaf": null,
      "keyword": null,
      "hash": "U2FsdGVkX1/J1gC172CKasTDf4TkcmftUWpdzc8NcYe0nf9KCUh1kJVQNKzmOOG6KntRy7bcZNtmwJr8akt3Tg==",
      "khash": "U2FsdGVkX1+R1mTo+PRYAS4Ahh0j2jP9PEL7sMpoB8+21HXMjZl+W+lsNEaLtAki5tGaaabIdbs1AUuNRJIDkg==",
      "viewCount": null,
      "duration": "4:30",
      "size": 4335389
    },
    {
      "id": "0e97f227-ac75-4516-a3d7-64ef0102c295",
      "pid": "ee604c0b-7c7b-40da-92ef-b839bd524d8b",
      "dblevel": 4,
      "location": "/VGMA/BaiHatCaNgoiChua/B_/BanChanRaoGiangTinLanh",
      "isVideo": false,
      "url": "bai-hat-ca-ngoi-chua.b-.ban-chan-rao-giang-tin-lanh",
      "name": "Bàn Chân Rao Giảng Tin Lành",
      "count": 0,
      "isLeaf": null,
      "keyword": null,
      "hash": "U2FsdGVkX18I+3RP6OtSO2kuLUmrR1O0/jIOy82hEC0CSc4FLFXjy/KxgU1gaXVAhOODnv+1H+oA+57N0XLcCQ==",
      "khash": null,
      "viewCount": null,
      "duration": "3:30",
      "size": 4219990
    },
    {
      "id": "f5dbb65c-0a55-4640-9cca-afaed335cab6",
      "pid": "ee604c0b-7c7b-40da-92ef-b839bd524d8b",
      "dblevel": 4,
      "location": "/VGMA/BaiHatCaNgoiChua/B_/BanTayMangDauDinh",
      "isVideo": false,
      "url": "bai-hat-ca-ngoi-chua.b-.ban-tay-mang-dau-dinh",
      "name": "Bàn Tay Mang Dấu Đinh",
      "count": 0,
      "isLeaf": null,
      "keyword": null,
      "hash": "U2FsdGVkX1+EnqeYfq4p472dTBzxD98hAuajMMtfTTYH7FmePgsIzwwXolADe/tZQkwjvBhFw9y9ii6yKAuCmw==",
      "khash": "U2FsdGVkX19D2gxSaV+IoNUtwCwCgUEbxgCcwgfBGvYDpllT8t8Duya8bpfccvlRZ01vp9qMohlND5xzyKmYjA==",
      "viewCount": null,
      "duration": "3:38",
      "size": 3498280
    },
    {
      "id": "2a538ade-7d01-4b59-8d8b-58007ad4754d",
      "pid": "ee604c0b-7c7b-40da-92ef-b839bd524d8b",
      "dblevel": 4,
      "location": "/VGMA/BaiHatCaNgoiChua/B_/BayGioTaXaCach-LD",
      "isVideo": false,
      "url": "bai-hat-ca-ngoi-chua.b-.bay-gio-ta-xa-cach-ld",
      "name": "Bây Giờ Ta Xa Cách -LD",
      "count": 0,
      "isLeaf": null,
      "keyword": null,
      "hash": "U2FsdGVkX19d2nBsgklicIctmRa8MOgLDjq+mRnaFbT89oKFUGxs75gm6wmbeCT3Hmhi26YnxDoZBz1snJ2uEQ==",
      "khash": "U2FsdGVkX196K+tspUNRC6peKiQHZm1BSAWt4xoYZCubYvnK3x4IRtNFjIsNq/aVBqj9qQ/wevOnvbDKgxOybw==",
      "viewCount": null,
      "duration": "3:19",
      "size": 1681921
    },
    {
      "id": "ab992a77-8277-45d4-bd64-fda65f730c9e",
      "pid": "ee604c0b-7c7b-40da-92ef-b839bd524d8b",
      "dblevel": 4,
      "location": "/VGMA/BaiHatCaNgoiChua/B_/BayGioToiTin-ThanhCa102-Haghim",
      "isVideo": false,
      "url": "bai-hat-ca-ngoi-chua.b-.bay-gio-toi-tin-thanh-ca-102-haghim",
      "name": "Bây Giờ Tôi Tin -Thánh Ca 102-Haghim",
      "count": 0,
      "isLeaf": null,
      "keyword": null,
      "hash": "U2FsdGVkX1+9eonn6ohCjYhEPqAQJ4L3O/jwgYOmr1KNoRXoTrEbpMcZBiQg7coAk8Zos1JUPf3km7Ft98JKBg==",
      "khash": "U2FsdGVkX1+7guEQkuDQmic/KBPf2dPQ4shR4y1IUyJcAS6b01KKEvCEdfIgG+PoYlnTepMW/vV4/AUSd7NDDw==",
      "viewCount": null,
      "duration": "3:26",
      "size": 8266390
    },
    {
      "id": "cf808cd9-a0f3-4691-9595-4c1b40102f81",
      "pid": "ee604c0b-7c7b-40da-92ef-b839bd524d8b",
      "dblevel": 4,
      "location": "/VGMA/BaiHatCaNgoiChua/B_/Be-lemNamXua-KhacCuong-GS",
      "isVideo": false,
      "url": "bai-hat-ca-ngoi-chua.b-.be-lem-nam-xua-khac-cuong-gs",
      "name": "Bê-lem Năm Xưa - Khắc Cường -GS",
      "count": 0,
      "isLeaf": null,
      "keyword": null,
      "hash": "U2FsdGVkX1/RYRACNTW8O/R4CWHbz6+OHVUmrARMYKODwTYqmLNRI+3TGEslKwDv9W+IU1HlxhrxCVqPr+877A==",
      "khash": "U2FsdGVkX19E0fgE3Hx+EdylkUpkbkmzCzbmIC9rFCgWRllInG9LUtkRpycAmOoU1nXlU4TBOp+86HViBZfJJg==",
      "viewCount": null,
      "duration": "4:6",
      "size": 3945537
    },
    {
      "id": "324b60cc-267d-4ef2-b448-8731b7495ff7",
      "pid": "ee604c0b-7c7b-40da-92ef-b839bd524d8b",
      "dblevel": 4,
      "location": "/VGMA/BaiHatCaNgoiChua/B_/BenCha-ThuVan",
      "isVideo": false,
      "url": "bai-hat-ca-ngoi-chua.b-.ben-cha-thu-van",
      "name": "Bên Cha-Thu Vân",
      "count": 0,
      "isLeaf": null,
      "keyword": null,
      "hash": "U2FsdGVkX1/hoB9Rxgf0M1SysvTCy5kgiTyRjohHEulccQ6TOb/snedk22RJNC2UPipZHWYWXy9qrOo/UwxSHQ==",
      "khash": "U2FsdGVkX19eqT8GAlLsmCPOVBVGk/FcV3Vplt5FJEljDWdXnkBmToZqmA+/7DDA5AQNcfBXuIarR1FqGfR2iQ==",
      "viewCount": null,
      "duration": "5:9",
      "size": 4954439
    },
    {
      "id": "f9fd0c57-fef0-40ed-a8fb-f33e713a56e6",
      "pid": "ee604c0b-7c7b-40da-92ef-b839bd524d8b",
      "dblevel": 4,
      "location": "/VGMA/BaiHatCaNgoiChua/B_/BenChanChua-TuyetTrinh",
      "isVideo": false,
      "url": "bai-hat-ca-ngoi-chua.b-.ben-chan-chua-tuyet-trinh",
      "name": "Bên Chân Chúa - Tuyết Trinh",
      "count": 0,
      "isLeaf": null,
      "keyword": null,
      "hash": "U2FsdGVkX1/f+6AV3dQY87iRDqCVg6VCNi9TEgVS7OsINDnqIwfM0pkcY+p33MWIWw7vkZI7PaFHKq9XvbO0ig==",
      "khash": "U2FsdGVkX1+RLyMVxR0s1jqAOEaKQvsBIptLosBRbkoB5BoLVtyFO3c8kuSiHwcopOh9fqnd8XWirAKZQY7AnQ==",
      "viewCount": null,
      "duration": "4:44",
      "size": 11383302
    },
    {
      "id": "88891744-307d-443d-b7fc-5c7394d4b701",
      "pid": "ee604c0b-7c7b-40da-92ef-b839bd524d8b",
      "dblevel": 4,
      "location": "/VGMA/BaiHatCaNgoiChua/B_/BenChanThapTu",
      "isVideo": false,
      "url": "bai-hat-ca-ngoi-chua.b-.ben-chan-thap-tu",
      "name": "Bên Chân Thập Tự",
      "count": 0,
      "isLeaf": null,
      "keyword": null,
      "hash": "U2FsdGVkX1/kMEkQ6G3gVZRCRw8YRa11IS8q7pOLE/mdrbjSY1wg3krkHZvK8Rr/1lArn0Ew6cmK9LkuegsoKg==",
      "khash": "U2FsdGVkX1/664AHDjS0Dpu1xbdNKMPvpfh9AY+G7LdI003iWiPLkpIwLtpL+t89gL1OQHv7qXBb2qz5ZqXpfw==",
      "viewCount": null,
      "duration": "3:47",
      "size": 3635913
    },
    {
      "id": "9af401ba-18c5-4cc6-bb26-cf29f9c8b3f6",
      "pid": "ee604c0b-7c7b-40da-92ef-b839bd524d8b",
      "dblevel": 4,
      "location": "/VGMA/BaiHatCaNgoiChua/B_/BenChuaToiMoiNuocMatSeLauKho-LD",
      "isVideo": false,
      "url": "bai-hat-ca-ngoi-chua.b-.ben-chua-toi-moi-nuoc-mat-se-lau-kho-ld",
      "name": "Bên Chúa Tôi Mọi Nước Mắt Sẽ Lau Khô-LD",
      "count": 0,
      "isLeaf": null,
      "keyword": null,
      "hash": "U2FsdGVkX19K6mo9k/UOhAuia0cYK8cul8XLaxnONDhgicxxH0KUQkttEaRXaLOA3W8stId7pQX+9yQCDfCFlQ==",
      "khash": "U2FsdGVkX19qAtTTHBZigEG+3On0/g59Xjx85S0eB9XBDIbWVKELbDJhw1qx91Is1wfki9byOvRn1u0WrdEvFg==",
      "viewCount": null,
      "duration": "4:44",
      "size": 4558954
    },
    {
      "id": "87475d11-f593-4764-8e12-f368c7df12e3",
      "pid": "ee604c0b-7c7b-40da-92ef-b839bd524d8b",
      "dblevel": 4,
      "location": "/VGMA/BaiHatCaNgoiChua/B_/BenChuaVinhQuang",
      "isVideo": false,
      "url": "bai-hat-ca-ngoi-chua.b-.ben-chua-vinh-quang",
      "name": "Bên Chúa Vinh Quang",
      "count": 0,
      "isLeaf": null,
      "keyword": null,
      "hash": "U2FsdGVkX18uC5wrGIKHCEKbtgVlLFIQlrbbvgr9pADnJ0ZsAYX/KtyV+Oebdz8jZ4BVQfLzlYDX+g5W57rD1A==",
      "khash": "U2FsdGVkX19gDQsavpzME3DCC4LdDXpCexEMjno9t9n1cdau557wGBEOYZyWE3PrA7D5DKmsSynjQXfvsumswg==",
      "viewCount": null,
      "duration": "5:12",
      "size": 4999306
    },
    {
      "id": "83737b89-ed28-4d7b-af05-e91c1936ea0e",
      "pid": "ee604c0b-7c7b-40da-92ef-b839bd524d8b",
      "dblevel": 4,
      "location": "/VGMA/BaiHatCaNgoiChua/B_/BenDongSong-HuongGiang",
      "isVideo": false,
      "url": "bai-hat-ca-ngoi-chua.b-.ben-dong-song-huong-giang",
      "name": "Bên Dòng Sông -Hương Giang",
      "count": 0,
      "isLeaf": null,
      "keyword": null,
      "hash": "U2FsdGVkX193fevYE67D+KFhguSGL8B9vfbBXiODlE1YbHU68NvhdHR/iY0/Kv7ZeNsKgFbFvLRm98qyYQuTLw==",
      "khash": "U2FsdGVkX19KuZnjBNCfAhBV0UdoyZKo1q0PSLOcOnQfnuJXBQ/lGfW9QB9vAHK9EWoo/95op5LJ9Db69YsC2g==",
      "viewCount": null,
      "duration": "4:22",
      "size": 4201642
    },
    {
      "id": "7df29fd0-a5f5-4383-a8c1-1bdc40e837e2",
      "pid": "ee604c0b-7c7b-40da-92ef-b839bd524d8b",
      "dblevel": 4,
      "location": "/VGMA/BaiHatCaNgoiChua/B_/BenKiaHoangHon-HuuAi",
      "isVideo": false,
      "url": "bai-hat-ca-ngoi-chua.b-.ben-kia-hoang-hon-huu-ai",
      "name": "Bên Kia Hoàng Hôn - Hữu Ái",
      "count": 0,
      "isLeaf": null,
      "keyword": null,
      "hash": "U2FsdGVkX18i1ByPzXgQX7nfXmyyaH/7wI9S7XVkENxxe1IPL6FnDJ0mYhgePBdoUPT4gq/Ggg2hkA4fhvj9mg==",
      "khash": "U2FsdGVkX18TZH/OmeYMpYsNNllJ80+l7R/NvExQdDStjVM78sQNLfg3EhgOBxIaIAHF13FD+th6xPQT5a3WXQ==",
      "viewCount": null,
      "duration": "3:37",
      "size": 3483245
    },
    {
      "id": "37f08d37-f415-4e33-b420-3f1fd9f93a8f",
      "pid": "ee604c0b-7c7b-40da-92ef-b839bd524d8b",
      "dblevel": 4,
      "location": "/VGMA/BaiHatCaNgoiChua/B_/BenToiLaChuaGie-xu",
      "isVideo": false,
      "url": "bai-hat-ca-ngoi-chua.b-.ben-toi-la-chua-gie-xu",
      "name": "Bên Tôi Là Chúa Giê-xu",
      "count": 0,
      "isLeaf": null,
      "keyword": null,
      "hash": "U2FsdGVkX19PImtIZzGKu8pEH2hJE0XFDiO31/lkY/KZWusvrPpLctxJACIn56h4xa2BTccCWe6aiEBNjTfcNg==",
      "khash": "U2FsdGVkX1/6tvPxlNeGeIy9Q+sIlKloH9r17UU+imusDJmXs8R/n2xNWGWz2RTIy09hvGPZmNzFEmcYT0URUg==",
      "viewCount": null,
      "duration": "3:42",
      "size": 3560559
    },
    {
      "id": "b702c1d5-705b-4155-a852-829ea717c4e1",
      "pid": "ee604c0b-7c7b-40da-92ef-b839bd524d8b",
      "dblevel": 4,
      "location": "/VGMA/BaiHatCaNgoiChua/B_/BenVongTayThienChua",
      "isVideo": false,
      "url": "bai-hat-ca-ngoi-chua.b-.ben-vong-tay-thien-chua",
      "name": "Bên Vòng Tay Thiên Chúa",
      "count": 0,
      "isLeaf": null,
      "keyword": null,
      "hash": "U2FsdGVkX18BdtnioUVX1d9o1ALpf7i9MP0LJ0vQeVBcBriPai0bXewCPws9NTUv0AGWVBMIGcEpOxrqLtkemQ==",
      "khash": "U2FsdGVkX18BOjTGVXrK7JNQp0ik92KOTlBk9f3pRewePu7QVzVnBp06myw/KikwBupmy1FSad2FUFhZ68NQ1g==",
      "viewCount": null,
      "duration": "4:2",
      "size": 3878410
    },
    {
      "id": "f66a7d3d-7983-4b96-8673-28b5fc5a554c",
      "pid": "ee604c0b-7c7b-40da-92ef-b839bd524d8b",
      "dblevel": 4,
      "location": "/VGMA/BaiHatCaNgoiChua/B_/BenDangChanChien-DoanTrang",
      "isVideo": false,
      "url": "bai-hat-ca-ngoi-chua.b-.ben-dang-chan-chien-doan-trang",
      "name": "Bên Đấng Chăn Chiên - Đoan Trang",
      "count": 0,
      "isLeaf": null,
      "keyword": null,
      "hash": "U2FsdGVkX18JCSHYvX7N0o5ERM05/osrZm3ePrU30udLc6rZ88eIgcxyhxI2lk114t/WDvXQg5OdFYgFIOv8UQ==",
      "khash": "U2FsdGVkX18Ak22zEuv+9pvl4nS6lIWNkrYjnbbTxRKx9TwoP78sQJVM4IutrOIZ/ZKgWPDsv7F5gEk1o/+8fA==",
      "viewCount": null,
      "duration": "4:55",
      "size": 7087005
    },
    {
      "id": "1de2b3c6-050a-48aa-99d0-8d633b3b9b8f",
      "pid": "ee604c0b-7c7b-40da-92ef-b839bd524d8b",
      "dblevel": 4,
      "location": "/VGMA/BaiHatCaNgoiChua/B_/BinhAn-NguyenThuy",
      "isVideo": false,
      "url": "bai-hat-ca-ngoi-chua.b-.binh-an-nguyen-thuy",
      "name": "Bình An - Nguyên Thùy",
      "count": 0,
      "isLeaf": null,
      "keyword": null,
      "hash": "U2FsdGVkX18MbbGuB2q/n8xYEEmyb6ilxf6BxkHcDGnIGSJCH3DFw9N8l8UFZdLPQw4efXlWyS6gQFTAIO8iAA==",
      "khash": "U2FsdGVkX18l/EqoX6iODvrhgrYp+6K5mJ1UwdsEaIFUpi8AHTlfXd/RmRibiOGntja5JatNY4cO52+b8rvQ+Q==",
      "viewCount": null,
      "duration": "2:14",
      "size": 5387580
    },
    {
      "id": "aa40cc71-8898-49d3-ba12-075d0c00e2d2",
      "pid": "ee604c0b-7c7b-40da-92ef-b839bd524d8b",
      "dblevel": 4,
      "location": "/VGMA/BaiHatCaNgoiChua/B_/BinhAnBenChua3-AnhHong",
      "isVideo": false,
      "url": "bai-hat-ca-ngoi-chua.b-.binh-an-ben-chua-3-anh-hong",
      "name": "Bình An Bên Chúa 3- Ánh Hồng",
      "count": 0,
      "isLeaf": null,
      "keyword": null,
      "hash": "U2FsdGVkX1/9INw5QBZ3qPVUAsjzqn6mNArCx/PRFFAEYYE71W2xaFEIMTF9uygYaQ97/4VVVRh7e/whwzev0w==",
      "khash": "U2FsdGVkX18j0mzTwIbyTOUBfwEuAjhcHG17zLjw4kmjBKiR2Haa05i3UiNQchw+dywQ8GuoFIflgkbSs8sFvQ==",
      "viewCount": null,
      "duration": "5:5",
      "size": 12240021
    },
    {
      "id": "79aa4c0d-7474-4e5c-9b5c-f10847520997",
      "pid": "ee604c0b-7c7b-40da-92ef-b839bd524d8b",
      "dblevel": 4,
      "location": "/VGMA/BaiHatCaNgoiChua/B_/BinhAnChoLoainguoi-1",
      "isVideo": false,
      "url": "bai-hat-ca-ngoi-chua.b-.binh-an-cho-loai-nguoi-1",
      "name": "Bình An Cho Loài người - 1",
      "count": 0,
      "isLeaf": null,
      "keyword": null,
      "hash": "U2FsdGVkX1+507U/h2cXDBPt/mKv8fZ6ne8KlnZ31r3hazG6rCbLYpr8W657vFOUVaOSP6qwfV26rUlA2e/yzQ==",
      "khash": "U2FsdGVkX1/SUyMpmWvg7oP1876vsLjdEm1N5OR3Y50amGGeHvw3qiujI1PI6wr90K63+V8l/ylLNFM2qn8IAw==",
      "viewCount": null,
      "duration": "3:16",
      "size": 3146065
    },
    {
      "id": "3fd88496-0fe7-44cc-ba7f-440d522ffc0c",
      "pid": "ee604c0b-7c7b-40da-92ef-b839bd524d8b",
      "dblevel": 4,
      "location": "/VGMA/BaiHatCaNgoiChua/B_/BinhAnChoLoainguoi-2-HopCa",
      "isVideo": false,
      "url": "bai-hat-ca-ngoi-chua.b-.binh-an-cho-loai-nguoi-2-hop-ca",
      "name": "Bình An Cho Loài người - 2 - Hợp Ca",
      "count": 0,
      "isLeaf": null,
      "keyword": null,
      "hash": "U2FsdGVkX1+NrlPsH+sjPLLxXJSAafpx3HQZO/0MmVTIqEGpxiPmSu7evq2jkgC616l1EHokWyvTJwwHRKz3Sw==",
      "khash": "U2FsdGVkX1/3U3tcRw1EFNzofbCiQ42C3QWD3eXbl49YCtA+JGwi7tV94E0j9zG2xotA7B0UqrX4UypyriVM/w==",
      "viewCount": null,
      "duration": "4:30",
      "size": 6485162
    },
    {
      "id": "5c268413-6f20-436b-9c5c-6b1bf19f4ab6",
      "pid": "ee604c0b-7c7b-40da-92ef-b839bd524d8b",
      "dblevel": 4,
      "location": "/VGMA/BaiHatCaNgoiChua/B_/BinhAnGiuaDongDoi",
      "isVideo": false,
      "url": "bai-hat-ca-ngoi-chua.b-.binh-an-giua-dong-doi",
      "name": "Bình An Giữa Dòng Đời",
      "count": 0,
      "isLeaf": null,
      "keyword": null,
      "hash": "U2FsdGVkX1+DD7oCZVDWLIjqJMfMT32x/CnyrF6dIFdHHLWv2D3D0JmCB5cIBPeymkjqoO/FmetrrTqDsS3zfw==",
      "khash": "U2FsdGVkX1/dHt2dBqveIjT9L7gFvOOTWOQyTFd1uiERnmkl392Z1BNHjuD357f0BpH8NjyEkq3FAxR1J2WNgQ==",
      "viewCount": null,
      "duration": "6:49",
      "size": 6557448
    },
    {
      "id": "57f7d95f-e7f8-4919-aac7-f018ec824b19",
      "pid": "ee604c0b-7c7b-40da-92ef-b839bd524d8b",
      "dblevel": 4,
      "location": "/VGMA/BaiHatCaNgoiChua/B_/BinhAnTrongGie-xu-1",
      "isVideo": false,
      "url": "bai-hat-ca-ngoi-chua.b-.binh-an-trong-gie-xu-1",
      "name": "Bình An Trong Giê-xu - 1",
      "count": 0,
      "isLeaf": null,
      "keyword": null,
      "hash": "U2FsdGVkX1+AMzLnIh8o6fuqAqV539t+3W9yKQkNAPmTljFrpi0FjPYNIqQTDfZ5fA5CHZYjrWwBNFl73u59LQ==",
      "khash": "U2FsdGVkX1+UnCZsMBZoktNZgiFiCe6NGzTXH/+QVLp3q0xwJyBnJkH5wAVrJRKFhAuwpsgUayHrB2ZZim32TQ==",
      "viewCount": null,
      "duration": "4:23",
      "size": 4218761
    },
    {
      "id": "949dd36d-2d91-4bf3-8697-5f6e42c63ee0",
      "pid": "ee604c0b-7c7b-40da-92ef-b839bd524d8b",
      "dblevel": 4,
      "location": "/VGMA/BaiHatCaNgoiChua/B_/BinhAnTrongGie-xu-2",
      "isVideo": false,
      "url": "bai-hat-ca-ngoi-chua.b-.binh-an-trong-gie-xu-2",
      "name": "Bình An Trong Giê-xu - 2",
      "count": 0,
      "isLeaf": null,
      "keyword": null,
      "hash": "U2FsdGVkX1+3UbsU8EHwDEh6zjPqMLEmPuQUqaEq/ShIeaf1EswSXBO1IiXsxDPcLzb2HVphHcWZcRdpYISvQA==",
      "khash": "U2FsdGVkX19emL1KOpCVD36EQx0J3CH3VfnG6S4afWR/CkY+o/ozKKVE2RQG+CbLXcwYCcltFy920DecMsRgvQ==",
      "viewCount": null,
      "duration": "4:34",
      "size": 5496960
    },
    {
      "id": "6fe149e5-ed40-4afc-a89f-e8ec11511575",
      "pid": "ee604c0b-7c7b-40da-92ef-b839bd524d8b",
      "dblevel": 4,
      "location": "/VGMA/BaiHatCaNgoiChua/B_/BinhMinhDaDen-ChungTuLuu",
      "isVideo": false,
      "url": "bai-hat-ca-ngoi-chua.b-.binh-minh-da-den-chung-tu-luu",
      "name": "Bình Minh Đã Đến - Chung Tử Lưu",
      "count": 0,
      "isLeaf": null,
      "keyword": null,
      "hash": "U2FsdGVkX1+xFyC0teRQis2PuiCj/7MnOXaN57LbD3qNZBxC9HrLBACUotxXdD3rXxTBjVJnZBVkH6U5qBS9iQ==",
      "khash": null,
      "viewCount": null,
      "duration": "4:47",
      "size": 11510788
    },
    {
      "id": "522ae896-79ad-4641-92d5-52b85dd87ae1",
      "pid": "ee604c0b-7c7b-40da-92ef-b839bd524d8b",
      "dblevel": 4,
      "location": "/VGMA/BaiHatCaNgoiChua/B_/BongMoSeBayDiKhongCon",
      "isVideo": false,
      "url": "bai-hat-ca-ngoi-chua.b-.bong-mo-se-bay-di-khong-con",
      "name": "Bóng Mờ Sẽ Bay Đi Không Còn",
      "count": 0,
      "isLeaf": null,
      "keyword": null,
      "hash": "U2FsdGVkX1+OxgnXQKv7LM7tttP+s47Uc8f8d37WWsN9oqG04/DiUVHrNdGbulDFp0qGkMdzzStezfkVSO9vkw==",
      "khash": "U2FsdGVkX18t5VXG8oaqpPPjxIPHizgaj41YdKIiemTsJZ8HTelHZhAY9Q6r9sRWQBpIlNDZxDwmdvhq129qkQ==",
      "viewCount": null,
      "duration": "3:4",
      "size": 2950627
    },
    {
      "id": "807f7e91-4976-432f-8270-62fd397db2d6",
      "pid": "ee604c0b-7c7b-40da-92ef-b839bd524d8b",
      "dblevel": 4,
      "location": "/VGMA/BaiHatCaNgoiChua/B_/BongToiQuaDi",
      "isVideo": false,
      "url": "bai-hat-ca-ngoi-chua.b-.bong-toi-qua-di",
      "name": "Bóng Tối Qua Đi",
      "count": 0,
      "isLeaf": null,
      "keyword": null,
      "hash": "U2FsdGVkX1+l3KfyB1l3ofJrUgHW/ct7EseCqnr5OpYkqTzTNHM0XJsMolnBwPMV9aU1mJPvIrDuvjr/NqkWOw==",
      "khash": "U2FsdGVkX1/BMR2tLEDOeKIDRFG7KtVtSWeTs+X17tq7t+2wZw0keG2/bS9oBkZ72A9Zx1OuuCdwXlJHU1y4kw==",
      "viewCount": null,
      "duration": "2:6",
      "size": 5061646
    },
    {
      "id": "641eb80d-2141-4fa2-8677-2c3142218c55",
      "pid": "ee604c0b-7c7b-40da-92ef-b839bd524d8b",
      "dblevel": 4,
      "location": "/VGMA/BaiHatCaNgoiChua/B_/BongToiSeQua",
      "isVideo": false,
      "url": "bai-hat-ca-ngoi-chua.b-.bong-toi-se-qua",
      "name": "Bóng Tối Sẽ Qua",
      "count": 0,
      "isLeaf": null,
      "keyword": null,
      "hash": "U2FsdGVkX18u1zZA9S7wJ37p09g3JN58uWyyUSmuBlgmnhlr7ukLxH8fmXMt0jNAdApi1Oac2xM9oBqjLR6Yww==",
      "khash": "U2FsdGVkX1/NbtSwm7r7RP00OTBZJPEfwGB91TFWPZ3uvlYzfSBUvHA0Ga0VB7pvANplmXC6fP85nD+etKVTFw==",
      "viewCount": null,
      "duration": "3:23",
      "size": 3250785
    },
    {
      "id": "8153ccf2-5318-44b8-a4ac-3ad18bd70490",
      "pid": "ee604c0b-7c7b-40da-92ef-b839bd524d8b",
      "dblevel": 4,
      "location": "/VGMA/BaiHatCaNgoiChua/B_/BongTraiThanhLinh-ToHa",
      "isVideo": false,
      "url": "bai-hat-ca-ngoi-chua.b-.bong-trai-thanh-linh-to-ha",
      "name": "Bông Trái Thánh Linh - Tô Hà",
      "count": 0,
      "isLeaf": null,
      "keyword": null,
      "hash": "U2FsdGVkX1/Po4HpRSR+yfV0UdnHHRhur927t46zM6OjebLIee5k6spJUV/L0VA/jo1mvrOAGPrijkG/qsm+Bg==",
      "khash": "U2FsdGVkX1+63qnflXGQ+CUFL7UPpDOfy7zzYsfOPgjPB+Ukezgwepv5Mg0xntOGjXdQzLPU1AfgwX2vQjysLw==",
      "viewCount": null,
      "duration": "4:6",
      "size": 3945236
    },
    {
      "id": "0af5531b-5264-4047-bf41-3bcc481c0d4d",
      "pid": "ee604c0b-7c7b-40da-92ef-b839bd524d8b",
      "dblevel": 4,
      "location": "/VGMA/BaiHatCaNgoiChua/B_/BuocChanCon",
      "isVideo": false,
      "url": "bai-hat-ca-ngoi-chua.b-.buoc-chan-con",
      "name": "Bước Chân Con",
      "count": 0,
      "isLeaf": null,
      "keyword": null,
      "hash": "U2FsdGVkX1/iHbXtJ4WG6GkRDRSitFFGfOtFZuK4bfnqBSZtVJkvGetgeh/Yz+5iml2H3KcAKrjPgFprZZfwNQ==",
      "khash": "U2FsdGVkX18oIpjl+kCY3zMA0OLQmTpY+9d3BwikbFEMrlhzshO8gMt9O/LSD1Mz/JrS86vyTulLrNxollLGUQ==",
      "viewCount": null,
      "duration": "4:9",
      "size": 4994781
    },
    {
      "id": "2b6a02c3-b97e-4e2e-b48a-808214ebcaba",
      "pid": "ee604c0b-7c7b-40da-92ef-b839bd524d8b",
      "dblevel": 4,
      "location": "/VGMA/BaiHatCaNgoiChua/B_/BuocChanConTroVe-ToHa",
      "isVideo": false,
      "url": "bai-hat-ca-ngoi-chua.b-.buoc-chan-con-tro-ve-to-ha",
      "name": "Bước Chân Con Trở Về - Tô Hà",
      "count": 0,
      "isLeaf": null,
      "keyword": null,
      "hash": "U2FsdGVkX18MC0lsf0fxAPsdMWDVjB90GI0L8DybLQWggv3D/keJJKsI4FVE7rXZlG/JtFlzvQh1TW/oNkfLfA==",
      "khash": "U2FsdGVkX1/sPDqcbbHoE6neTY6sXsW7UPD7MhLY7VX+xwWFQXpRRC54bHeXGAONccxB1ou33ip1EwwCJISwJA==",
      "viewCount": null,
      "duration": "4:47",
      "size": 11497198
    },
    {
      "id": "92f140e6-c126-4481-a7ce-8de4ff76de51",
      "pid": "ee604c0b-7c7b-40da-92ef-b839bd524d8b",
      "dblevel": 4,
      "location": "/VGMA/BaiHatCaNgoiChua/B_/BuocChanHoang-DangNgocQuoc",
      "isVideo": false,
      "url": "bai-hat-ca-ngoi-chua.b-.buoc-chan-hoang-dang-ngoc-quoc",
      "name": "Bước Chân Hoang - Đặng Ngọc Quốc",
      "count": 0,
      "isLeaf": null,
      "keyword": null,
      "hash": "U2FsdGVkX19ElR3xy2mbvPz+gruMx9Hwkcg3xtOfL6+HP0+ZkaNtmxDKr+A02PhDbol+7jr2hOxjR4Yf8RvMPg==",
      "khash": "U2FsdGVkX1/yFIHB4PHGswMeToTw0pIKcQRPMWekt78/z7faE5hbxxnIc/aH1xDtWXUPlsaclj1Uc2W3gmTAkA==",
      "viewCount": null,
      "duration": "5:29",
      "size": 5276673
    },
    {
      "id": "530de5e2-8988-4c4a-b683-eab19abb237b",
      "pid": "ee604c0b-7c7b-40da-92ef-b839bd524d8b",
      "dblevel": 4,
      "location": "/VGMA/BaiHatCaNgoiChua/B_/BuocCungCha-ThuVan",
      "isVideo": false,
      "url": "bai-hat-ca-ngoi-chua.b-.buoc-cung-cha-thu-van",
      "name": "Bước Cùng Cha - Thu Vân",
      "count": 0,
      "isLeaf": null,
      "keyword": null,
      "hash": "U2FsdGVkX1+c9yxTCGdnQv6lQUZuk0EDKnAN5BZbw0PFCjZWmakD6kk7CBvKDjWIQULGl2bDsNFfaoTAmSF5rQ==",
      "khash": "U2FsdGVkX190BhVbhajZPGV5SH2IbKoh9yO3sfY88ZIbmwxui/wPaC5n+GWBSvQo73G/ZOuM4/dgogHZY+UTJA==",
      "viewCount": null,
      "duration": "3:28",
      "size": 3330684
    },
    {
      "id": "278a2a86-98ee-4957-bbae-c37241605b8e",
      "pid": "ee604c0b-7c7b-40da-92ef-b839bd524d8b",
      "dblevel": 4,
      "location": "/VGMA/BaiHatCaNgoiChua/B_/BuocNguoiDiQua-2-ThanhLien",
      "isVideo": false,
      "url": "bai-hat-ca-ngoi-chua.b-.buoc-nguoi-di-qua-2-thanh-lien",
      "name": "Bước Người Đi Qua - 2 - Thanh Liên",
      "count": 0,
      "isLeaf": null,
      "keyword": null,
      "hash": "U2FsdGVkX1/APXN4XlqxHCxYMXgfEj95rTrlJY9MDOAsi015mJTOyu8+Ia3o5zita32NhFgf2FCbOcIUm/1Ddw==",
      "khash": "U2FsdGVkX1/JCnV5x19XxhRXHkZnUmuIYf+tr2mb3toiXMd/Ez8np3PokONYQitAYuTfDY3XTS0x+hKYMJlesg==",
      "viewCount": null,
      "duration": "4:46",
      "size": 5730432
    },
    {
      "id": "fe897a38-239d-4bf8-b33a-a71cedb9f25c",
      "pid": "ee604c0b-7c7b-40da-92ef-b839bd524d8b",
      "dblevel": 4,
      "location": "/VGMA/BaiHatCaNgoiChua/B_/BuocNguoiDiQua-1-ThaiHien",
      "isVideo": false,
      "url": "bai-hat-ca-ngoi-chua.b-.buoc-nguoi-di-qua-1-thai-hien",
      "name": "Bước Người Đi Qua -1 - Thái Hiền",
      "count": 0,
      "isLeaf": null,
      "keyword": null,
      "hash": "U2FsdGVkX1+TgMHaGpUHQubF6ehmTNThbldXtWWB8YfOkAG55u5Mvy19sDQ7Ooh5hha/XxpabfBssxqLxUz0wA==",
      "khash": "U2FsdGVkX1/DMxZMDN/n/aYEIDa4H0NgKYQSDPngFs0PlmDqqCpyohbiX04ypS9/Y6xSXqnoQGzbIuAqi5g0zw==",
      "viewCount": null,
      "duration": "5:32",
      "size": 5317593
    },
    {
      "id": "466bcf72-d7b7-4b6b-ae21-78ec43dec510",
      "pid": "ee604c0b-7c7b-40da-92ef-b839bd524d8b",
      "dblevel": 4,
      "location": "/VGMA/BaiHatCaNgoiChua/B_/BuocNguoiDiQua-3-MaiHuong",
      "isVideo": false,
      "url": "bai-hat-ca-ngoi-chua.b-.buoc-nguoi-di-qua-3-mai-huong",
      "name": "Bước Người Đi Qua -3 - Mai Hương",
      "count": 0,
      "isLeaf": null,
      "keyword": null,
      "hash": "U2FsdGVkX1+RRn7jc6GSd53rHSFZS0TcfVgkTDgglRQn/b5G+nUX631UaCXAZA0P0f6UTEWU1bcaMdfoBDszBg==",
      "khash": "U2FsdGVkX19mJxoKJ9djDoT5OyogudZ/Hs7EAKlbANIYXOg1oxWyFtrpn1w8saIeyJwxpu9PyYKBLNx7CNdAQg==",
      "viewCount": null,
      "duration": "3:49",
      "size": 9194251
    },
    {
      "id": "9605702e-1cd5-4640-a830-1fb77f93b8b2",
      "pid": "ee604c0b-7c7b-40da-92ef-b839bd524d8b",
      "dblevel": 4,
      "location": "/VGMA/BaiHatCaNgoiChua/B_/BuocTheoTiengGoi-TranHieuToan-LuuChiVy",
      "isVideo": false,
      "url": "bai-hat-ca-ngoi-chua.b-.buoc-theo-tieng-goi-tranhieutoan-luuchivy",
      "name": "Bước Theo Tiếng Gọi-TranHieuToan-LuuChiVy",
      "count": 0,
      "isLeaf": null,
      "keyword": null,
      "hash": "U2FsdGVkX19/jHHi5w+rBMHMS5mO0SH7G+6XdxNEG/7MeGWemJCfazpW3GnIa3vRLngx0166OsVyV8R/kGDlig==",
      "khash": "U2FsdGVkX182Oy6+rxltcXRFXLSBO/EP8pPj7Ij7Mq1jNF8bNTsmBXdfkVYSMS1WX0qNDmlgNvSpaotZlzZDqg==",
      "viewCount": null,
      "duration": "5:55",
      "size": 5681028
    },
    {
      "id": "b177e778-9700-44e5-8f99-92d0370569ce",
      "pid": "ee604c0b-7c7b-40da-92ef-b839bd524d8b",
      "dblevel": 4,
      "location": "/VGMA/BaiHatCaNgoiChua/B_/BuocThanh",
      "isVideo": false,
      "url": "bai-hat-ca-ngoi-chua.b-.buoc-thanh",
      "name": "Bước Thánh",
      "count": 0,
      "isLeaf": null,
      "keyword": null,
      "hash": "U2FsdGVkX19155HhPHjWqGw75lM/cjmxwP9VmxPNArl87jjTbCr8p1Fd5+zqJHfRRwK8ByTqw64P3DN98H1gJQ==",
      "khash": "U2FsdGVkX1+VndpHUumx5SaUZZHpg1XsgE6Bh+aLVgomrKIkDYL98WDa0V7cdxl1Cecqe2B/BPtb+Q0fwkfi9g==",
      "viewCount": null,
      "duration": "4:26",
      "size": 4268305
    },
    {
      "id": "0b5ff0c9-4f40-472c-85e4-05bbe2ffa1fd",
      "pid": "ee604c0b-7c7b-40da-92ef-b839bd524d8b",
      "dblevel": 4,
      "location": "/VGMA/BaiHatCaNgoiChua/B_/BuocVoiChuaYeuThuong-1",
      "isVideo": false,
      "url": "bai-hat-ca-ngoi-chua.b-.buoc-voi-chua-yeu-thuong-1",
      "name": "Bước Với Chúa Yêu Thương - 1",
      "count": 0,
      "isLeaf": null,
      "keyword": null,
      "hash": "U2FsdGVkX19UcZWLrGGtOvdgbt4NJ8OZQmHr1/uBZu8RAE83eG4iqVLBXY1BuN6jmnPNNvjquCHKaaJawQyCfw==",
      "khash": "U2FsdGVkX1+T0zccURoM0GFur/2BDNDpAfmieEcpDW34UKa861lh5nLTcqWE5YaPAIrevnQ6yH/2304U6otYHg==",
      "viewCount": null,
      "duration": "5:2",
      "size": 4847601
    },
    {
      "id": "1b53769d-f8e0-4d0c-88d5-f1b56f99be96",
      "pid": "ee604c0b-7c7b-40da-92ef-b839bd524d8b",
      "dblevel": 4,
      "location": "/VGMA/BaiHatCaNgoiChua/B_/BuocVoiChuaYeuThuong-2-TopCa",
      "isVideo": false,
      "url": "bai-hat-ca-ngoi-chua.b-.buoc-voi-chua-yeu-thuong-2-top-ca",
      "name": "Bước Với Chúa Yêu Thương - 2 - Tốp Ca",
      "count": 0,
      "isLeaf": null,
      "keyword": null,
      "hash": "U2FsdGVkX1/7q05Zcy12aDwJ6JNulLxAGmQI5xQRIevF2GJwuPyAq+PLXxuU+0McgEyLazMkVGcLlheF0FOUgQ==",
      "khash": "U2FsdGVkX19EaS3IFzITWf01zk8mge17h3eot+SQqLvp7yOzWI9HkKauGgdP1tDIlwjYjj+RVOpIH63hEx40GA==",
      "viewCount": null,
      "duration": "4:1",
      "size": 3860265
    },
    {
      "id": "d14e79c8-6557-447e-8830-f1506757d7c3",
      "pid": "ee604c0b-7c7b-40da-92ef-b839bd524d8b",
      "dblevel": 4,
      "location": "/VGMA/BaiHatCaNgoiChua/B_/BuocVoiGie-Xu2-Nenita",
      "isVideo": false,
      "url": "bai-hat-ca-ngoi-chua.b-.buoc-voi-gie-xu-2-nenita",
      "name": "Bước Với Giê-Xu 2-Nenita",
      "count": 0,
      "isLeaf": null,
      "keyword": null,
      "hash": "U2FsdGVkX1/1weS8FIvWlVuNIJqNI5JlfdkBr9hDpaz6SYEpkAPP9KmmvqlSLZOeu6G/CUby9YySihRIjs/L2A==",
      "khash": "U2FsdGVkX1/pWjwCUrLgtp+kBKsOxNWneRjLNCWQCyj1wllpouV7XN3JE0N8LN7ZGxiD2IRHlSu64Pwe0pF3pA==",
      "viewCount": null,
      "duration": "4:12",
      "size": 4047048
    },
    {
      "id": "82625a62-6a5b-4637-85d9-b4b62d10c7cd",
      "pid": "ee604c0b-7c7b-40da-92ef-b839bd524d8b",
      "dblevel": 4,
      "location": "/VGMA/BaiHatCaNgoiChua/B_/BuocVoiGie-xu1-MyDung",
      "isVideo": false,
      "url": "bai-hat-ca-ngoi-chua.b-.buoc-voi-gie-xu-1-my-dung",
      "name": "Bước Với Giê-xu 1- Mỹ Dung",
      "count": 0,
      "isLeaf": null,
      "keyword": null,
      "hash": "U2FsdGVkX18yxq1x8M8SpzfrTR7988VYY+9pYnTTC1935MJ95r1DpIUtfEpwTdQZW1hU84b2NImGkk51HFz80w==",
      "khash": "U2FsdGVkX1/O35owVF3GSUeiKrwfMN85huEyNls9iqzDtBy6LWvwOW4cxU4lp0tmMnhivU8d2rqvHeG7apqV7w==",
      "viewCount": null,
      "duration": "3:40",
      "size": 3536523
    },
    {
      "id": "522feb48-6d81-4766-9fb2-b08813b1aa2f",
      "pid": "ee604c0b-7c7b-40da-92ef-b839bd524d8b",
      "dblevel": 4,
      "location": "/VGMA/BaiHatCaNgoiChua/B_/BuocDiTrongKhaiTuong-Haghim",
      "isVideo": false,
      "url": "bai-hat-ca-ngoi-chua.b-.buoc-di-trong-khai-tuong-haghim",
      "name": "Bước Đi Trong Khải Tượng-Haghim",
      "count": 0,
      "isLeaf": null,
      "keyword": null,
      "hash": "U2FsdGVkX1+SJZYE9rNaQtQpgXBMePBTCw54v9nuw3y7sV4h/smgj9XGqLHtKwJhr3eUwclIKVJsyc0PhKEc0w==",
      "khash": "U2FsdGVkX19/vpFxroysbihC2B9S6rjPw8iRDVNZN1V14cdhk1t31EzmHjjXQ0wdPB9EhcK+qDQKUkn7ggME3w==",
      "viewCount": null,
      "duration": "4:31",
      "size": 10846615
    },
    {
      "id": "72085f13-8372-48b7-a41d-8a3f2ca55162",
      "pid": "ee604c0b-7c7b-40da-92ef-b839bd524d8b",
      "dblevel": 4,
      "location": "/VGMA/BaiHatCaNgoiChua/B_/BuocDiVoiChua-TranHieuToan-TuyetMai",
      "isVideo": false,
      "url": "bai-hat-ca-ngoi-chua.b-.buoc-di-voi-chua-tranhieutoan-tuyetmai",
      "name": "Bước Đi Với Chúa-TranHieuToan-TuyetMai",
      "count": 0,
      "isLeaf": null,
      "keyword": null,
      "hash": "U2FsdGVkX1/PWDXHzYgHRzMlk5yCrxRvUVHeNoMMouHx+BacZtmiV1rKHYoLxBb3luxuXDTO5ogwfcwtGeM9/Q==",
      "khash": null,
      "viewCount": null,
      "duration": "5:41",
      "size": 5458674
    },
    {
      "id": "96f214db-fe7e-4f50-9300-0adfe0036d4b",
      "pid": "ee604c0b-7c7b-40da-92ef-b839bd524d8b",
      "dblevel": 4,
      "location": "/VGMA/BaiHatCaNgoiChua/B_/BuocDuongTheoChua-PhongVu",
      "isVideo": false,
      "url": "bai-hat-ca-ngoi-chua.b-.buoc-duong-theo-chua-phong-vu",
      "name": "Bước Đường Theo Chúa - Phong Vũ",
      "count": 0,
      "isLeaf": null,
      "keyword": null,
      "hash": "U2FsdGVkX18x+LyPGe+qFVF3ja9tqSefLx2NzR3V238rt6bsr5OeteNJTAMnZAyp/ba+cVZZpxkP3RgMZUevog==",
      "khash": "U2FsdGVkX18/ybsB9BLUOnUkaHfMRYfu9X0GaCWMfdMfVic82bhKk3vqxvU5+hIYJbjgnXpmVo2zXoAPA9JfhA==",
      "viewCount": null,
      "duration": "5:9",
      "size": 4949490
    },
    {
      "id": "e6bf0094-8216-4d5e-ac4b-6ce6f432bd33",
      "pid": "ee604c0b-7c7b-40da-92ef-b839bd524d8b",
      "dblevel": 4,
      "location": "/VGMA/BaiHatCaNgoiChua/B_/BanHoiHaySong",
      "isVideo": false,
      "url": "bai-hat-ca-ngoi-chua.b-.ban-hoi-hay-song",
      "name": "Bạn Hỡi Hãy Sống",
      "count": 0,
      "isLeaf": null,
      "keyword": null,
      "hash": "U2FsdGVkX1+8kPm/hap4EJU6m0Mr7wdVZlWYkG9S9JfpjwJzFYNLKIyQWiUkguAoGVQvi4S/aDq4COq0wPYZnQ==",
      "khash": "U2FsdGVkX18VglURfo++7UCx2bslfnBPT3Qn5YUetAmUo99SMqRw7i3g33I+aCHLr8tUQNlKv5Z+s8qc8xnOmw==",
      "viewCount": null,
      "duration": "3:49",
      "size": 3674177
    },
    {
      "id": "4a4d0865-9280-46d6-ab23-a5be8b4ec04e",
      "pid": "ee604c0b-7c7b-40da-92ef-b839bd524d8b",
      "dblevel": 4,
      "location": "/VGMA/BaiHatCaNgoiChua/B_/BanMimCuoiDi",
      "isVideo": false,
      "url": "bai-hat-ca-ngoi-chua.b-.ban-mim-cuoi-di",
      "name": "Bạn Mỉm Cười Đi",
      "count": 0,
      "isLeaf": null,
      "keyword": null,
      "hash": "U2FsdGVkX190/CZWdxDBhwC5mQrU4s8nbjpbvLxPajtN9s1xud3jPGnlyi8uzEQj0Mb69zNtlx1dNmFCjM3cdA==",
      "khash": "U2FsdGVkX1+/MYk2BS9IwhaoCIabEk5AnmKrrCJC/fTWA47+9U+9BPYTZHaMNDSaXKcGRl/fzPCEHiI2oTpTzg==",
      "viewCount": null,
      "duration": "2:20",
      "size": 2242549
    },
    {
      "id": "f8d87e79-41a9-4da2-bb72-9a573b50bce9",
      "pid": "ee604c0b-7c7b-40da-92ef-b839bd524d8b",
      "dblevel": 4,
      "location": "/VGMA/BaiHatCaNgoiChua/B_/BanThan1",
      "isVideo": false,
      "url": "bai-hat-ca-ngoi-chua.b-.ban-than-1",
      "name": "Bạn Thân 1",
      "count": 0,
      "isLeaf": null,
      "keyword": null,
      "hash": "U2FsdGVkX18C+FpdFeOJLL0neMLmxkTSEODpRAMLVBSYfGJ7ZuwHFzb7y4jitH/9j+PITTHQORSfdCjiQcYUWQ==",
      "khash": "U2FsdGVkX18XANgCNtmXfDsBPKWSApKRyED/ni2x2J0fAlVZA3WZXUnCkdcVXyCE13jk86ryk9uTmCujivQ2tw==",
      "viewCount": null,
      "duration": "5:27",
      "size": 5233165
    },
    {
      "id": "21dc4978-d5a0-4ab1-8bcf-ca339b3ac200",
      "pid": "ee604c0b-7c7b-40da-92ef-b839bd524d8b",
      "dblevel": 4,
      "location": "/VGMA/BaiHatCaNgoiChua/B_/BanThan2",
      "isVideo": false,
      "url": "bai-hat-ca-ngoi-chua.b-.ban-than-2",
      "name": "Bạn Thân 2",
      "count": 0,
      "isLeaf": null,
      "keyword": null,
      "hash": "U2FsdGVkX1/tw6I6LsiDmQbe9zD8fSIqKM/Eu40JxuMDrEDyy+kEibFQWXPW4JjUoMzlDvIe/WlMZ4Nt8pSsXg==",
      "khash": "U2FsdGVkX18oQMU9jZ8d3mnLpnfbvXaAQpUkJTGcvfHk7hdAkzKXhRha6Arc5J8++NEqyrPyZlNzGWdfJQYivg==",
      "viewCount": null,
      "duration": "4:7",
      "size": 9890109
    },
    {
      "id": "d3d09066-2746-4e61-98a3-d12850341cc1",
      "pid": "ee604c0b-7c7b-40da-92ef-b839bd524d8b",
      "dblevel": 4,
      "location": "/VGMA/BaiHatCaNgoiChua/B_/BanDuong",
      "isVideo": false,
      "url": "bai-hat-ca-ngoi-chua.b-.ban-duong",
      "name": "Bạn Đường",
      "count": 0,
      "isLeaf": null,
      "keyword": null,
      "hash": "U2FsdGVkX18prKQujL9EbHstozW4xugA7SsEPdHn8Hg6MQHA+vgC8I40Cd79GV01mb1LEoJPDs/RMqi0n8XqHQ==",
      "khash": "U2FsdGVkX18y4qRyae5/fdj414maqRRgdCLIYCNa+euwe7RvdHGv34VtU6KeVnxyzHuL0PXwInJ3o6bgNc3WhA==",
      "viewCount": null,
      "duration": "3:14",
      "size": 3112501
    },
    {
      "id": "59dd527c-7143-4510-b519-36bb8f88d590",
      "pid": "ee604c0b-7c7b-40da-92ef-b839bd524d8b",
      "dblevel": 4,
      "location": "/VGMA/BaiHatCaNgoiChua/B_/BauTroiBe-lem",
      "isVideo": false,
      "url": "bai-hat-ca-ngoi-chua.b-.bau-troi-be-lem",
      "name": "Bầu Trời Bê-lem",
      "count": 0,
      "isLeaf": null,
      "keyword": null,
      "hash": "U2FsdGVkX18zTrQVdj3ikhXDQQIcIK1sJHkYH6RmI6IT6z0/l70P7MpqanJ+E38Z7EtRsZvOLoOy4R1X0GCB4A==",
      "khash": "U2FsdGVkX1/inkCogCvgwkgwl1VCMF0jSUchHvq3SZWD0yCNhHFHXkmhGOxKvt+S8ei7NEDIusV5M3lygvGGAg==",
      "viewCount": null,
      "duration": "4:8",
      "size": 4266727
    },
    {
      "id": "d583a177-b354-4f0e-acca-26a10c854309",
      "pid": "ee604c0b-7c7b-40da-92ef-b839bd524d8b",
      "dblevel": 4,
      "location": "/VGMA/BaiHatCaNgoiChua/B_/BangChungTinhYeu",
      "isVideo": false,
      "url": "bai-hat-ca-ngoi-chua.b-.bang-chung-tinh-yeu",
      "name": "Bằng Chứng Tình Yêu",
      "count": 0,
      "isLeaf": null,
      "keyword": null,
      "hash": "U2FsdGVkX1+NLlqMmBU4gQWnGkUehePwdTHUWb1sxtL1p6FKjNs+RtNqCLU38choj9GkjExEVEtU5l7x+bKOIQ==",
      "khash": null,
      "viewCount": null,
      "duration": "3:13",
      "size": 3104976
    },
    {
      "id": "9605cc65-2694-4319-b9c2-8f3e55c98ec8",
      "pid": "ee604c0b-7c7b-40da-92ef-b839bd524d8b",
      "dblevel": 4,
      "location": "/VGMA/BaiHatCaNgoiChua/B_/BenBinhAn-ThuyLong",
      "isVideo": false,
      "url": "bai-hat-ca-ngoi-chua.b-.ben-binh-an-thuy-long",
      "name": "Bến Bình An -Thuỷ Long",
      "count": 0,
      "isLeaf": null,
      "keyword": null,
      "hash": "U2FsdGVkX18KKK1Z5nMvCqNhxRIMFjpziOZc+Ex30nITfUaYVdN1qOIA2A0l3UIR3v0pnpij3DRmb5IZyBUFxw==",
      "khash": "U2FsdGVkX19xXZQFv5xdsFYIw4mNMhXcJsgqgj/sDE4y4fmcW5nDhauIXISwE/cmnpAC8ZUvqbBtkEi52eR5oQ==",
      "viewCount": null,
      "duration": "4:52",
      "size": 4687807
    },
    {
      "id": "64009336-c78b-48c9-ac44-8a84c27868a9",
      "pid": "ee604c0b-7c7b-40da-92ef-b839bd524d8b",
      "dblevel": 4,
      "location": "/VGMA/BaiHatCaNgoiChua/B_/BoLaiQuaKhu",
      "isVideo": false,
      "url": "bai-hat-ca-ngoi-chua.b-.bo-lai-qua-khu",
      "name": "Bỏ Lại Quá Khứ",
      "count": 0,
      "isLeaf": null,
      "keyword": null,
      "hash": "U2FsdGVkX193rVltnfhLLvuZAE4745hay+x7+AICTW/JmJC+QSeA6AnlPJqzpBWA3JhagK6Xi5DjHBimoRryhg==",
      "khash": "U2FsdGVkX19dZO8lb28qvRvpvfPFs6nEYt/Kyz4UYsMIZCNSKM/g3OSJj7x1G+EHtmRVwGVctlLQahIIU5F6Gg==",
      "viewCount": null,
      "duration": "3:38",
      "size": 3504245
    },
    {
      "id": "cbfb033d-96c8-424a-9213-849410fcded1",
      "pid": "ee604c0b-7c7b-40da-92ef-b839bd524d8b",
      "dblevel": 4,
      "location": "/VGMA/BaiHatCaNgoiChua/B_/BonMuaDiVoiNgai-NhatTrung",
      "isVideo": false,
      "url": "bai-hat-ca-ngoi-chua.b-.bon-mua-di-voi-ngai-nhat-trung",
      "name": "Bốn Mùa Đi Với Ngài - Nhật Trung",
      "count": 0,
      "isLeaf": null,
      "keyword": null,
      "hash": "U2FsdGVkX182OXsUGqh3guE460zCYx0RpgYTz5bzTdkSaJudKRdHflriT1OIf8iNVaH2S0BwEfE9G52oRR4Lwg==",
      "khash": "U2FsdGVkX18ShSrRx9EVxwZW8Th6E/e3QMGtbI2zfnrTvPRSJ/gCexoAaAu3lAip+SCLY6WBEeIPDiZkKq2Fyw==",
      "viewCount": null,
      "duration": "4:0",
      "size": 9626839
    },
    {
      "id": "bada7cfc-2f4c-4c14-9022-9fd6c6ed1fe6",
      "pid": "ee604c0b-7c7b-40da-92ef-b839bd524d8b",
      "dblevel": 4,
      "location": "/VGMA/BaiHatCaNgoiChua/B_/BoDaXanhTaToi",
      "isVideo": false,
      "url": "bai-hat-ca-ngoi-chua.b-.bo-da-xanh-ta-toi",
      "name": "Bờ Đá Xanh Tạ Tội",
      "count": 0,
      "isLeaf": null,
      "keyword": null,
      "hash": "U2FsdGVkX1/kAeCCUUE8WdWKqDEUxdzOpyN8TAwtgf6zzRFkpCmpdEJ0wfDUr16PLCNxIeKI8TUq3ETmULlRRQ==",
      "khash": null,
      "viewCount": null,
      "duration": "2:27",
      "size": 3544488
    },
    {
      "id": "163b8e91-a65c-4352-a95f-3613bc2b7f78",
      "pid": "ee604c0b-7c7b-40da-92ef-b839bd524d8b",
      "dblevel": 4,
      "location": "/VGMA/BaiHatCaNgoiChua/B_/BoiLanDonNgai-YenXuan",
      "isVideo": false,
      "url": "bai-hat-ca-ngoi-chua.b-.boi-lan-don-ngai-yenxuan",
      "name": "Bởi Lằn Đòn Ngài-YenXuan",
      "count": 0,
      "isLeaf": null,
      "keyword": null,
      "hash": "U2FsdGVkX1/q1Tnzf3Wdijh249b68LHniHSdLIJMpiNftqVUrlApo+wnQ/YQ4dEl7VwUd0fdIAw/aTBd7ZBKfQ==",
      "khash": null,
      "viewCount": null,
      "duration": "4:23",
      "size": 4220767
    },
    {
      "id": "2b5a822d-d5b2-406d-83cd-73ef3f5c2201",
      "pid": "ee604c0b-7c7b-40da-92ef-b839bd524d8b",
      "dblevel": 4,
      "location": "/VGMA/BaiHatCaNgoiChua/B_/BoiTaYeuCon-QuynhNga",
      "isVideo": false,
      "url": "bai-hat-ca-ngoi-chua.b-.boi-ta-yeu-con-quynh-nga",
      "name": "Bởi Ta Yêu Con - Quỳnh Nga",
      "count": 0,
      "isLeaf": null,
      "keyword": null,
      "hash": "U2FsdGVkX1/x2IP5zv1W1jxmXqgfmU8ES2sl+VQGE6gujPhl2c0089I2QNBTyZd4UiGiC8ExSyBgNnCDwG6ZIw==",
      "khash": null,
      "viewCount": null,
      "duration": "4:21",
      "size": 6274440
    },
    {
      "id": "aa2f22eb-04ed-4552-95ef-d54764d37951",
      "pid": "ee604c0b-7c7b-40da-92ef-b839bd524d8b",
      "dblevel": 4,
      "location": "/VGMA/BaiHatCaNgoiChua/B_/BoiThanTa-BacPhuong",
      "isVideo": false,
      "url": "bai-hat-ca-ngoi-chua.b-.boi-than-ta-bac-phuong",
      "name": "Bởi Thần Ta - Bắc Phương",
      "count": 0,
      "isLeaf": null,
      "keyword": null,
      "hash": "U2FsdGVkX1+HfHWBN8foBcUEGmot585mwHKBQlM2icQctVV6L63qB5smAYG253aceEVCswfMgLf9Ew6mYdAuVg==",
      "khash": "U2FsdGVkX18H/bmAyoepTs8PisaULlhx/XxhL1JSlg68Uu7fqoDC9ReD8Bq+J4Mc+Rq8cxiH/5Brz54Li40zXQ==",
      "viewCount": null,
      "duration": "3:58",
      "size": 3810502
    },
    {
      "id": "e23e374a-f94a-48f9-ae99-758ba08d134e",
      "pid": "ee604c0b-7c7b-40da-92ef-b839bd524d8b",
      "dblevel": 4,
      "location": "/VGMA/BaiHatCaNgoiChua/B_/BuaTiecLongTrong",
      "isVideo": false,
      "url": "bai-hat-ca-ngoi-chua.b-.bua-tiec-long-trong",
      "name": "Bữa Tiệc Long Trọng",
      "count": 0,
      "isLeaf": null,
      "keyword": null,
      "hash": "U2FsdGVkX19ATJ89Kph+UwN7wD91awzCZsdRz9m+C0hxguh4CBQz3iOMWP3cB7sY/kkOeyDXiRrkfNIXr/r9cw==",
      "khash": "U2FsdGVkX1/XiEGSs9F1zb7Df9eSb3IrqxH6AgW+1tGr8P+esa7oYFoP5NanKsJLfLLqnBtbfk/MNNcbZkjjYQ==",
      "viewCount": null,
      "duration": "3:31",
      "size": 3386392
    }
  ]
}