{
  "id": "4e7c5fa4-6887-429e-ad1c-7df449f39d90",
  "pid": "7a2d9631-6b71-42e1-9d08-8383aa256e89",
  "dblevel": 3,
  "location": "/VGMA/BaiGiangTheoDienGia/Ms.ChauTuTon",
  "isVideo": false,
  "url": "bai-giang-theo-dien-gia.ms--chau-tu-ton",
  "name": "Ms. Châu Tử Tôn",
  "count": 21,
  "isLeaf": true,
  "keyword": null,
  "hash": null,
  "khash": null,
  "viewCount": null,
  "duration": null,
  "size": null,
  "children": [
    {
      "id": "d4a84fb6-87b9-4355-9474-ace3ea5f144c",
      "pid": "4e7c5fa4-6887-429e-ad1c-7df449f39d90",
      "dblevel": 4,
      "location": "/VGMA/BaiGiangTheoDienGia/Ms.ChauTuTon/01-AnhSangCuaThanThe-Mathio6_22-23",
      "isVideo": false,
      "url": "bai-giang-theo-dien-gia.ms--chau-tu-ton.01-anh-sang-cua-than-the-ma-thi-o-6-22-23",
      "name": "01-Ánh Sáng Của Thân Thể-Ma thi ơ 6_22-23",
      "count": 0,
      "isLeaf": null,
      "keyword": null,
      "hash": "U2FsdGVkX18QhYL4GJ08wjBLB9EHgXY3h1OCykjFqE/hR/FgguQHzIupXmEF2XlBWg3fuk5XZGEx8PSQtqii8Q==",
      "khash": "U2FsdGVkX1/KihhlUME21HVKLSK6DVWLfz78ziuc/h8c5rcHIKcNKuioBjLWTcla+GjVzrzxFYx0gnT6qUDOZQ==",
      "viewCount": null,
      "duration": "50:57",
      "size": 48922853
    },
    {
      "id": "b7229c68-d870-4dcf-8057-6eea75663fbb",
      "pid": "4e7c5fa4-6887-429e-ad1c-7df449f39d90",
      "dblevel": 4,
      "location": "/VGMA/BaiGiangTheoDienGia/Ms.ChauTuTon/02-BetLeHemXuaVaNay-Luca2_7",
      "isVideo": false,
      "url": "bai-giang-theo-dien-gia.ms--chau-tu-ton.02-bet-le-hem-xua-va-nay-lu-ca-2-7",
      "name": "02-Bết Lê Hem Xưa Và Nay-Lu ca 2_7",
      "count": 0,
      "isLeaf": null,
      "keyword": null,
      "hash": "U2FsdGVkX1/2DA32nZDp1pUXRn0Ub6u8HhXxz4bo+Fwxg6w8TzTck3qmn0J2Iwrku//DfI0rEhZVnb/63FI33w==",
      "khash": "U2FsdGVkX18fBQYCGVEazTTVSgtyJaoCKbdXxwa87cpcG19mDfw8V5zdkH/Oeq4djPYuRWtuSOztyaJqMwnzag==",
      "viewCount": null,
      "duration": "56:54",
      "size": 54638554
    },
    {
      "id": "ce4d884a-58ec-4841-b974-dd1a692156c1",
      "pid": "4e7c5fa4-6887-429e-ad1c-7df449f39d90",
      "dblevel": 4,
      "location": "/VGMA/BaiGiangTheoDienGia/Ms.ChauTuTon/03-ChuanBiBuocVaoNamMoi-IICorinhto4_16-18",
      "isVideo": false,
      "url": "bai-giang-theo-dien-gia.ms--chau-tu-ton.03-chuan-bi-buoc-vao-nam-moi-ii-co-rinh-to-4-16-18",
      "name": "03-Chuẩn Bị Bước Vào Năm Mới-II Cô rinh tô 4_16-18",
      "count": 0,
      "isLeaf": null,
      "keyword": null,
      "hash": "U2FsdGVkX1+N+NCc/M4cw+nZb+G1vYsMSN+7IIyjbmlKt8Oxqby3SHFuHSC8yb/8m0jCr7pJTGUXqvArfgE/Zw==",
      "khash": "U2FsdGVkX18p2u4s5fngoP64dkhYoY/ol6mqcVzANXk7o3b2h03mv0OnNAmS5YYW1S+5KKyBeINx4roSRwzdrw==",
      "viewCount": null,
      "duration": "36:43",
      "size": 35262711
    },
    {
      "id": "a3d2df70-3346-4374-8841-1770f49d4cca",
      "pid": "4e7c5fa4-6887-429e-ad1c-7df449f39d90",
      "dblevel": 4,
      "location": "/VGMA/BaiGiangTheoDienGia/Ms.ChauTuTon/04-DeCoMotNamMoiPhuocHanh-Philip3_13-14",
      "isVideo": false,
      "url": "bai-giang-theo-dien-gia.ms--chau-tu-ton.04-de-co-mot-nam-moi-phuoc-hanh-phi-lip-3-13-14",
      "name": "04-Để Có Một Năm Mới Phước Hạnh-Phi lip 3_13-14",
      "count": 0,
      "isLeaf": null,
      "keyword": null,
      "hash": "U2FsdGVkX1+OtCrNCKYWNVvZ4tTsKUhjKZz0vxNImM90AjkIn/v+lCfkOL0rpPmbttwTrwjldwzHlDtDSESptQ==",
      "khash": "U2FsdGVkX1+CU08yYUT0eQlLUv7bSDPqP7QpRpKrgHdPpHQd9gZ/i1+dU99P4O1g70USMAMw2aNcUc6poN/JhA==",
      "viewCount": null,
      "duration": "48:38",
      "size": 46700576
    },
    {
      "id": "79be22e0-240d-4d2e-a2bc-6b970d4cc173",
      "pid": "4e7c5fa4-6887-429e-ad1c-7df449f39d90",
      "dblevel": 4,
      "location": "/VGMA/BaiGiangTheoDienGia/Ms.ChauTuTon/05-DemChuaVaoDoi-ITimothe1_15",
      "isVideo": false,
      "url": "bai-giang-theo-dien-gia.ms--chau-tu-ton.05-dem-chua-vao-doi-i-ti-mo-the-1-15",
      "name": "05-Đêm Chúa Vào Đời-I Ti mô thê 1_15",
      "count": 0,
      "isLeaf": null,
      "keyword": null,
      "hash": "U2FsdGVkX19agcMqmzyLxwDP2dDzXmaejRmD4tyifBZDEkyiOLsfh0RLLl6uL/rXSNjwk64wUTyq7VKryruefQ==",
      "khash": "U2FsdGVkX1/jDEr30rl0/EH+cusFsKCoTvTo5f9BR404NF5/ocA2Q3P9h6iXkRq9sbJIX//IbWzbu84BuBmfRw==",
      "viewCount": null,
      "duration": "35:17",
      "size": 33874641
    },
    {
      "id": "2c87bdf0-156c-4ba0-9ccf-71b275069585",
      "pid": "4e7c5fa4-6887-429e-ad1c-7df449f39d90",
      "dblevel": 4,
      "location": "/VGMA/BaiGiangTheoDienGia/Ms.ChauTuTon/06-DemThanh-Luca2_10-11",
      "isVideo": false,
      "url": "bai-giang-theo-dien-gia.ms--chau-tu-ton.06-dem-thanh-lu-ca-2-10-11",
      "name": "06-Đêm Thánh-Lu ca 2_10-11",
      "count": 0,
      "isLeaf": null,
      "keyword": null,
      "hash": "U2FsdGVkX18R0Pu9svTAdqI+tuFzwZdQMV3tX4fbTl2JlRaFKOLTK9H+pKrt1C5CSdfROv2dHAbZG36wcn92Ag==",
      "khash": "U2FsdGVkX18gKLoeVjwdOYo+tVT/ndbpXRggKFi+jdIOgR+1mYBBzGno7vyNCG6ZGpLTdakO16ybVAoxc+XG8g==",
      "viewCount": null,
      "duration": "38:25",
      "size": 36883091
    },
    {
      "id": "19a352cb-94fe-4853-96cd-31a31bb764e0",
      "pid": "4e7c5fa4-6887-429e-ad1c-7df449f39d90",
      "dblevel": 4,
      "location": "/VGMA/BaiGiangTheoDienGia/Ms.ChauTuTon/07-GayVapPham-Mathio18_1-7",
      "isVideo": false,
      "url": "bai-giang-theo-dien-gia.ms--chau-tu-ton.07-gay-vap-pham-ma-thi-o-18-1-7",
      "name": "07-Gây Vấp Phạm-Ma thi ơ 18_1-7",
      "count": 0,
      "isLeaf": null,
      "keyword": null,
      "hash": "U2FsdGVkX1/SVjOtpMs5lWE5xhtNR32D59B41Ma8KQUOmZ6u4pM6HetpPgcHvAqh7VArdTpIEkrsBeSd3r9/Pg==",
      "khash": "U2FsdGVkX1/KHC54f6po7rfPMZ5spKNEKlX+HNX5LYkVUfZQgvhoxS/v5hYOtPSS2RxFQIixkOmWGmtQU1ZMKg==",
      "viewCount": null,
      "duration": "44:49",
      "size": 43026683
    },
    {
      "id": "372a83b6-8b04-413c-9876-80a3ca165d5c",
      "pid": "4e7c5fa4-6887-429e-ad1c-7df449f39d90",
      "dblevel": 4,
      "location": "/VGMA/BaiGiangTheoDienGia/Ms.ChauTuTon/08-KyHanDaDuocTron-Galati4_4-5",
      "isVideo": false,
      "url": "bai-giang-theo-dien-gia.ms--chau-tu-ton.08-ky-han-da-duoc-tron-ga-la-ti-4-4-5",
      "name": "08-Kỳ Hạn Đã Được Trọn-Ga la ti 4_4-5",
      "count": 0,
      "isLeaf": null,
      "keyword": null,
      "hash": "U2FsdGVkX1+Ux5auPrdBZXF7Iqes60A3iSs6RLIlz8jAFCDJ2+/mAOb4x7s0p7LQY4msWx2ZQFFprw3ISOpofQ==",
      "khash": "U2FsdGVkX1/n1HC8Ykjz/qoiN2a12cUTNBveFlwAJI1cZ7vv3nNCo5BbxfvtFLw3yzqmyDQPq8K1dh1qlercQg==",
      "viewCount": null,
      "duration": "36:52",
      "size": 35392253
    },
    {
      "id": "c03477b6-8e2c-483e-8d9a-17b65b898d10",
      "pid": "4e7c5fa4-6887-429e-ad1c-7df449f39d90",
      "dblevel": 4,
      "location": "/VGMA/BaiGiangTheoDienGia/Ms.ChauTuTon/09-MucTieuChoNamMoi-Philip3_13-14",
      "isVideo": false,
      "url": "bai-giang-theo-dien-gia.ms--chau-tu-ton.09-muc-tieu-cho-nam-moi-phi-lip-3-13-14",
      "name": "09-Mục Tiêu Cho Năm Mới-Phi líp 3_13-14",
      "count": 0,
      "isLeaf": null,
      "keyword": null,
      "hash": "U2FsdGVkX1+XGv0QMI3eYpgmquR1fJJ1iwbH2ccCly2QlDfvTD1+SAdMy0pz/kN9bbLQ3HC0ybWTfa4S74/l2Q==",
      "khash": "U2FsdGVkX18cPQshY+HThGLNNXPYQ2DBIUj7tFzlYBcxSGxk5jjkoBEbrZEk9OJWuyJw0gmBcTbFVG6He6KYLQ==",
      "viewCount": null,
      "duration": "45:4",
      "size": 43264936
    },
    {
      "id": "1417793a-f9ad-4ba2-827f-5eed4d383766",
      "pid": "4e7c5fa4-6887-429e-ad1c-7df449f39d90",
      "dblevel": 4,
      "location": "/VGMA/BaiGiangTheoDienGia/Ms.ChauTuTon/10-NguoiDonDuongChoChua-Giang1_19-34",
      "isVideo": false,
      "url": "bai-giang-theo-dien-gia.ms--chau-tu-ton.10-nguoi-don-duong-cho-chua-giang-1-19-34",
      "name": "10-Người Dọn Đường Cho Chúa-Giăng 1_19-34",
      "count": 0,
      "isLeaf": null,
      "keyword": null,
      "hash": "U2FsdGVkX1++1x/hGBT2B2KWb+/Pw5KxhN1ERucRDfOv6K975V1hmIpimEG/97ymBjXWMINWW9mE2qckvVa97g==",
      "khash": "U2FsdGVkX1/q1Wdkq4O4V86pI9wNWeA9IvWW5RXabqpp+/n/vLXnjaclOHzs4P2l6NwvCXz0eDz0agvGTOe7hA==",
      "viewCount": null,
      "duration": "38:48",
      "size": 37248835
    },
    {
      "id": "547f7bf3-142a-4149-808b-f9553fe29de4",
      "pid": "4e7c5fa4-6887-429e-ad1c-7df449f39d90",
      "dblevel": 4,
      "location": "/VGMA/BaiGiangTheoDienGia/Ms.ChauTuTon/11-NguoiDuocChuaChonVaSuDung-XuatEDipToKy3_7-14",
      "isVideo": false,
      "url": "bai-giang-theo-dien-gia.ms--chau-tu-ton.11-nguoi-duoc-chua-chon-va-su-dung-xuat-e-dip-to-ky-3-7-14",
      "name": "11-Người Được Chúa Chọn Và Sử Dụng-Xuất  Ê Díp Tô Ký 3_7-14",
      "count": 0,
      "isLeaf": null,
      "keyword": null,
      "hash": "U2FsdGVkX1/mwMAWLwclrqLyGHORAZ+I6dYO6OIdJMeZ4/A0y9VUPPbv8eXtFdaQnDDRxCVtE7Xr4Yp3LPeMkg==",
      "khash": "U2FsdGVkX184W3ih/4yZthdkMl+nC7g9XGOQugXAybbLNV2nuNlzRG2Ml0EpbIJ2nwvpcz+Q4kAR/soJ0UEgXA==",
      "viewCount": null,
      "duration": "45:57",
      "size": 44117613
    },
    {
      "id": "7f48a299-a13f-4b88-8fca-d983e50ac6e5",
      "pid": "4e7c5fa4-6887-429e-ad1c-7df449f39d90",
      "dblevel": 4,
      "location": "/VGMA/BaiGiangTheoDienGia/Ms.ChauTuTon/12-NhanThucThoiKyChuaDen-Roma13_11-12",
      "isVideo": false,
      "url": "bai-giang-theo-dien-gia.ms--chau-tu-ton.12-nhan-thuc-thoi-ky-chua-den-ro-ma-13-11-12",
      "name": "12-Nhận Thức Thời Kỳ Chúa Đến-Rô ma 13_11-12",
      "count": 0,
      "isLeaf": null,
      "keyword": null,
      "hash": "U2FsdGVkX1/ZKPHj0e+m5m2dX4XmML1JDEmOW07zvvVkLTaZxNW8/ACLARbOJBVDKCrdtqG7seghYu05YvTKsw==",
      "khash": "U2FsdGVkX18c9Ms1lW52/wq3pj/Kse9CZUslOaGuc2TGXpgj4QLp1Bg5+NIda2NOmyTe1ClR1ETtAYvgVQ31kA==",
      "viewCount": null,
      "duration": "53:16",
      "size": 51149328
    },
    {
      "id": "635b1970-b984-4309-833c-da273ee422c0",
      "pid": "4e7c5fa4-6887-429e-ad1c-7df449f39d90",
      "dblevel": 4,
      "location": "/VGMA/BaiGiangTheoDienGia/Ms.ChauTuTon/13-SunDungAnTu-IPhi4_7-11",
      "isVideo": false,
      "url": "bai-giang-theo-dien-gia.ms--chau-tu-ton.13-sun-dung-an-tu-i-phi-4-7-11",
      "name": "13-Sửn Dụng Ân Tứ-I Phi 4_7-11",
      "count": 0,
      "isLeaf": null,
      "keyword": null,
      "hash": "U2FsdGVkX1/N9dHCfw+m2fCkbQffq+aVvNPV1WZkIO/hqgsmM84rgWaHDxzP1rAJPagoyvMg3UrFJSf5CRdD2g==",
      "khash": "U2FsdGVkX1/17cTZxoMMfJbE6ptVjv5Kx0l0cKQExpiKDrAksapZkM8IED3xB/c4QwpbZIBGQXumOwxcJuYHKQ==",
      "viewCount": null,
      "duration": "37:22",
      "size": 35886684
    },
    {
      "id": "ed22273a-8ff0-4382-a625-d52b599a53de",
      "pid": "4e7c5fa4-6887-429e-ad1c-7df449f39d90",
      "dblevel": 4,
      "location": "/VGMA/BaiGiangTheoDienGia/Ms.ChauTuTon/14-TuongGiaoVoiGie-Xu-Heboro10_19-22",
      "isVideo": false,
      "url": "bai-giang-theo-dien-gia.ms--chau-tu-ton.14-tuong-giao-voi-gie-xu-he-bo-ro-10-19-22",
      "name": "14-Tương Giao Với Giê-Xu-Hê bơ rơ 10_19-22",
      "count": 0,
      "isLeaf": null,
      "keyword": null,
      "hash": "U2FsdGVkX1/Sbkqyuon547Q+kBQ/+jzkQTlcyi9UI+UKtlt4nXyybYIVqkl8S+REmCS2q6GNC7O/DVjs996hgA==",
      "khash": "U2FsdGVkX1/qQs+DAiQXQ+l8gVzFapy7ALKjezP/O2eqihx+9JGPcWZ0vWRYOZTGl1Qx2WXvwpLTjZGh+5ZPuw==",
      "viewCount": null,
      "duration": "46:52",
      "size": 44996547
    },
    {
      "id": "683652f5-2bf0-4f32-8652-1b21faf4ea2e",
      "pid": "4e7c5fa4-6887-429e-ad1c-7df449f39d90",
      "dblevel": 4,
      "location": "/VGMA/BaiGiangTheoDienGia/Ms.ChauTuTon/15-AnhSangTheGian-Giang8",
      "isVideo": false,
      "url": "bai-giang-theo-dien-gia.ms--chau-tu-ton.15-anh-sang-the-gian-giang-8",
      "name": "15-Ánh Sáng Thế Gian-Giăng 8",
      "count": 0,
      "isLeaf": null,
      "keyword": null,
      "hash": "U2FsdGVkX1+HB7MXUjdBWpQmac/OWYhx3iTVDq6mvvjqBT7ynGqpBmn+1edpHz3j8xbZtkre8TD0crZcejnXag==",
      "khash": "U2FsdGVkX1/yTkE5B7R5FZ7Yw1+PpMLN23O7Yk6RYSpMaiWujXxSDb0tzT/TmP0TUMtD65NTU87aDxBV+/LUEw==",
      "viewCount": null,
      "duration": "31:1",
      "size": 29790328
    },
    {
      "id": "875f7b12-40e2-4c58-8895-944d9edf6e68",
      "pid": "4e7c5fa4-6887-429e-ad1c-7df449f39d90",
      "dblevel": 4,
      "location": "/VGMA/BaiGiangTheoDienGia/Ms.ChauTuTon/16-BayLoiCuaChuaTrenThapTuGia-Luca23-33-38_34a",
      "isVideo": false,
      "url": "bai-giang-theo-dien-gia.ms--chau-tu-ton.16-bay-loi-cua-chua-tren-thap-tu-gia-lu-ca-23-33-38-34a",
      "name": "16-Bảy Lời Của Chúa Trên Thập Tự Giá-Lu ca 23-33-38_34a",
      "count": 0,
      "isLeaf": null,
      "keyword": null,
      "hash": "U2FsdGVkX1+FCuc3dPZAZ8C08slIUzyjrm1doDqE/o+uJSHUJPgbaG3pi3Qp/rmHf3Q+CUsm5qf7HU55xoViWw==",
      "khash": "U2FsdGVkX19OiGtNJcmg3wijD5Cl3siwb0MYI+nctn1N3aIdP9WhgGYJWNqPvMxZ7ybs8LVwULSJLDY/T1nFig==",
      "viewCount": null,
      "duration": "40:52",
      "size": 39239464
    },
    {
      "id": "bd6a27c0-8477-4bc4-85cb-be42f3759968",
      "pid": "4e7c5fa4-6887-429e-ad1c-7df449f39d90",
      "dblevel": 4,
      "location": "/VGMA/BaiGiangTheoDienGia/Ms.ChauTuTon/17-DemPhuocHanh-Luca2_14",
      "isVideo": false,
      "url": "bai-giang-theo-dien-gia.ms--chau-tu-ton.17-dem-phuoc-hanh-lu-ca-2-14",
      "name": "17-Đêm Phước Hạnh-Lu ca 2_14",
      "count": 0,
      "isLeaf": null,
      "keyword": null,
      "hash": "U2FsdGVkX1+LyIsu+H8fosfvjJJxNr8VGixfQv/TVpHlvhZs/hK5gJQ2C64pRihgyGbIWiN+Q8j0Twcywm4+uw==",
      "khash": "U2FsdGVkX1/o/qFnrPl8mZLgOyNzsZXznPkk9qVjBGSIOKML5CTNTrb+PL2wP3goaXWph86vtoW4/hmg5I5XDA==",
      "viewCount": null,
      "duration": "39:20",
      "size": 37773766
    },
    {
      "id": "794e3179-c623-454f-b83b-fe1140eefe28",
      "pid": "4e7c5fa4-6887-429e-ad1c-7df449f39d90",
      "dblevel": 4,
      "location": "/VGMA/BaiGiangTheoDienGia/Ms.ChauTuTon/18-LongTinChacCuaPhaoLo-IICorinhto4_13-18",
      "isVideo": false,
      "url": "bai-giang-theo-dien-gia.ms--chau-tu-ton.18-long-tin-chac-cua-phao-lo-ii-co-rinh-to-4-13-18",
      "name": "18-Lòng Tin Chắc Của Phao Lô-II Cô rinh tô 4_13-18",
      "count": 0,
      "isLeaf": null,
      "keyword": null,
      "hash": "U2FsdGVkX1+SfasJLvzgjd5dtjJ36WV01iEXDobUryPs6NYeI8qOA/Zc7uUjwnjnvpgwxC623C8R/0VEjTPWVA==",
      "khash": "U2FsdGVkX1+bXO8L7o/Y+4SZzOAUjNkP+P2p99WFNijDSkVnLnvKLqTyLbu3qO5tNg6aA9KPfBlJdgh8oUquCQ==",
      "viewCount": null,
      "duration": "47:46",
      "size": 45866199
    },
    {
      "id": "36feb7db-e407-4701-89ff-1d372b1c74da",
      "pid": "4e7c5fa4-6887-429e-ad1c-7df449f39d90",
      "dblevel": 4,
      "location": "/VGMA/BaiGiangTheoDienGia/Ms.ChauTuTon/19-PhepLa-Giang20_30,31",
      "isVideo": false,
      "url": "bai-giang-theo-dien-gia.ms--chau-tu-ton.19-phep-la-giang-20-30-31",
      "name": "19-Phép Lạ-Giăng 20_30, 31",
      "count": 0,
      "isLeaf": null,
      "keyword": null,
      "hash": "U2FsdGVkX1/xiSNMIWPpqXvZHzEuBhVmS6KvxILKnCUU1lJZB/mpWSYP2zS3UnOYJdJIzHKUofRvZvyeH9kTxQ==",
      "khash": "U2FsdGVkX1+WFsSRrflDXKp6V02wiL1Xm1gN3s/uuUvBlA08U6L4dnY4XJAkID8NB2PfLo1GYsgt4xn9kBrT9A==",
      "viewCount": null,
      "duration": "47:46",
      "size": 45866199
    },
    {
      "id": "0195d39a-5c11-484f-aed3-6ecc9d77ad55",
      "pid": "4e7c5fa4-6887-429e-ad1c-7df449f39d90",
      "dblevel": 4,
      "location": "/VGMA/BaiGiangTheoDienGia/Ms.ChauTuTon/20-SongYeuThuong-Colose3_13-14,ICorinhto16_14",
      "isVideo": false,
      "url": "bai-giang-theo-dien-gia.ms--chau-tu-ton.20-song-yeu-thuong-co-lo-se-3-13-14-i-co-rinh-to-16-14",
      "name": "20-Sống Yêu Thương-Cô lô se 3_13-14, I Cô rinh tô 16_14",
      "count": 0,
      "isLeaf": null,
      "keyword": null,
      "hash": "U2FsdGVkX197ecrkWHh6956vMqT4LRIIU9HIfRiq9SI3qt957Y+fS15T9OQpth83FotSG5i/xMNf2F80OCumiA==",
      "khash": "U2FsdGVkX189ECEtU2P7U8SfwlMbKKdSEe7AjebzrpNNkgGunEQm5qSN/nwdal6zRwp3ENEVDwTxAogtKq8zxw==",
      "viewCount": null,
      "duration": "43:38",
      "size": 41903536
    },
    {
      "id": "8b1515f1-e3cc-4d3e-9a6e-83b1edf0d220",
      "pid": "4e7c5fa4-6887-429e-ad1c-7df449f39d90",
      "dblevel": 4,
      "location": "/VGMA/BaiGiangTheoDienGia/Ms.ChauTuTon/21-UocAoLamGiau-ITimothe6_6-9,30_8b-9",
      "isVideo": false,
      "url": "bai-giang-theo-dien-gia.ms--chau-tu-ton.21-uoc-ao-lam-giau-i-ti-mo-the-6-6-9-30-8b-9",
      "name": "21-Ước Ao Làm Giàu-I Ti mô thê 6_6-9, 30_8b-9",
      "count": 0,
      "isLeaf": null,
      "keyword": null,
      "hash": "U2FsdGVkX1+CjnqnW/MwvAbwNPwDRsNetnJpT7W6HTKzpeeKnCBj2/Xjl5qcwoPrH0L4/P8mdwe2evQQb7+6Bw==",
      "khash": "U2FsdGVkX18215eqBj+yXz2Eu3RUrjOuw9kwI3CcmwLpMwB/WTPjbAsnSYODzTEaVl46HH6QUP6LYKsx0ezr1A==",
      "viewCount": null,
      "duration": "41:24",
      "size": 39752419
    }
  ]
}