{
  "id": "1e971985-62e8-41b2-97e1-3cd6f1f3438e",
  "pid": "ce888415-a267-4522-813e-80d629113299",
  "dblevel": 3,
  "location": "/VGMA/DocSach/CuocDoiVaChucVuTongThuongTiet",
  "isVideo": false,
  "url": "doc-sach.cuoc-doi-va-chuc-vu-tong-thuong-tiet",
  "name": "Cuộc Đời Và Chức Vụ Tống Thượng Tiết",
  "count": 27,
  "isLeaf": true,
  "keyword": null,
  "hash": null,
  "khash": null,
  "viewCount": null,
  "duration": null,
  "size": null,
  "children": [
    {
      "id": "8417e044-af53-4620-826b-4f1784a525fe",
      "pid": "1e971985-62e8-41b2-97e1-3cd6f1f3438e",
      "dblevel": 4,
      "location": "/VGMA/DocSach/CuocDoiVaChucVuTongThuongTiet/CuocDoiVaChucVuTongThuongTiet_01",
      "isVideo": false,
      "url": "doc-sach.cuoc-doi-va-chuc-vu-tong-thuong-tiet.cuoc-doi-va-chuc-vu-tong-thuong-tiet-01",
      "name": "Cuộc Đời Và Chức Vụ Tống Thượng Tiết_01",
      "count": 0,
      "isLeaf": null,
      "keyword": null,
      "hash": "U2FsdGVkX1/RRtJbjRWNzKoh+JpcKGWuWo3heW85G4DBkYznA6pBza1OIgDt59o14sjvJwnlBpF0A4oX+cD/PA==",
      "khash": null,
      "viewCount": null,
      "duration": "27:53",
      "size": 26786229
    },
    {
      "id": "f199befa-836e-474b-8334-ff5dbf0559ca",
      "pid": "1e971985-62e8-41b2-97e1-3cd6f1f3438e",
      "dblevel": 4,
      "location": "/VGMA/DocSach/CuocDoiVaChucVuTongThuongTiet/CuocDoiVaChucVuTongThuongTiet_02",
      "isVideo": false,
      "url": "doc-sach.cuoc-doi-va-chuc-vu-tong-thuong-tiet.cuoc-doi-va-chuc-vu-tong-thuong-tiet-02",
      "name": "Cuộc Đời Và Chức Vụ Tống Thượng Tiết_02",
      "count": 0,
      "isLeaf": null,
      "keyword": null,
      "hash": "U2FsdGVkX1/MbrKWK6ihZ9ToNixoLbUbd5MlEQq3mUjZmr55i1Kcizu3j4Tr3xoqaqW+2herYPRenXjOe+7k3A==",
      "khash": null,
      "viewCount": null,
      "duration": "27:55",
      "size": 26820006
    },
    {
      "id": "69c047c0-fb30-46b5-88e6-5603590d77fe",
      "pid": "1e971985-62e8-41b2-97e1-3cd6f1f3438e",
      "dblevel": 4,
      "location": "/VGMA/DocSach/CuocDoiVaChucVuTongThuongTiet/CuocDoiVaChucVuTongThuongTiet_03",
      "isVideo": false,
      "url": "doc-sach.cuoc-doi-va-chuc-vu-tong-thuong-tiet.cuoc-doi-va-chuc-vu-tong-thuong-tiet-03",
      "name": "Cuộc Đời Và Chức Vụ Tống Thượng Tiết_03",
      "count": 0,
      "isLeaf": null,
      "keyword": null,
      "hash": "U2FsdGVkX18DFdYG/tKQ8YjHuSjbL4WOFGhORAfbUjd0wpTwTWqF+e15zO7XpbTZTBv2Gz/y0iwCQFhdB8/nyA==",
      "khash": null,
      "viewCount": null,
      "duration": "30:40",
      "size": 29458424
    },
    {
      "id": "7543ef55-ec2f-4b9d-a5c1-f8ba1153cfb2",
      "pid": "1e971985-62e8-41b2-97e1-3cd6f1f3438e",
      "dblevel": 4,
      "location": "/VGMA/DocSach/CuocDoiVaChucVuTongThuongTiet/CuocDoiVaChucVuTongThuongTiet_04",
      "isVideo": false,
      "url": "doc-sach.cuoc-doi-va-chuc-vu-tong-thuong-tiet.cuoc-doi-va-chuc-vu-tong-thuong-tiet-04",
      "name": "Cuộc Đời Và Chức Vụ Tống Thượng Tiết_04",
      "count": 0,
      "isLeaf": null,
      "keyword": null,
      "hash": "U2FsdGVkX1/2H18gX5yJUTy8tBZppChV50eM1kWyMIFZRPU+tryXOtHaMy7CCWzvbo1iSuqkE8T0Kix4rOMa1g==",
      "khash": null,
      "viewCount": null,
      "duration": "27:51",
      "size": 26748817
    },
    {
      "id": "e43eb636-b008-45de-805d-0376e1d2d435",
      "pid": "1e971985-62e8-41b2-97e1-3cd6f1f3438e",
      "dblevel": 4,
      "location": "/VGMA/DocSach/CuocDoiVaChucVuTongThuongTiet/CuocDoiVaChucVuTongThuongTiet_05",
      "isVideo": false,
      "url": "doc-sach.cuoc-doi-va-chuc-vu-tong-thuong-tiet.cuoc-doi-va-chuc-vu-tong-thuong-tiet-05",
      "name": "Cuộc Đời Và Chức Vụ Tống Thượng Tiết_05",
      "count": 0,
      "isLeaf": null,
      "keyword": null,
      "hash": "U2FsdGVkX18gVyqN9Yb9vEYTl3dEwJVO6EyjK9yVPtfbjyvg9NPDb0RUWHAjr+orr856YAengvBD8/KPic+P0w==",
      "khash": "U2FsdGVkX199nbY1kiRwv3t6Sew3T8Gq991yB8Sh1oJPj+iK6UXof65bMsfsGWQSdYPDljaS1gbi2Y04Kged4w==",
      "viewCount": null,
      "duration": "27:52",
      "size": 26775147
    },
    {
      "id": "0bb32125-cf63-43b5-a4c1-385012e8dc6b",
      "pid": "1e971985-62e8-41b2-97e1-3cd6f1f3438e",
      "dblevel": 4,
      "location": "/VGMA/DocSach/CuocDoiVaChucVuTongThuongTiet/CuocDoiVaChucVuTongThuongTiet_06",
      "isVideo": false,
      "url": "doc-sach.cuoc-doi-va-chuc-vu-tong-thuong-tiet.cuoc-doi-va-chuc-vu-tong-thuong-tiet-06",
      "name": "Cuộc Đời Và Chức Vụ Tống Thượng Tiết_06",
      "count": 0,
      "isLeaf": null,
      "keyword": null,
      "hash": "U2FsdGVkX1+D/RLh8qo7jgmAtoTrE80KLSZ+o+ngPMPLFYe3bEx9R13Y3WyRGLpvxbaNws7DZMO/RTS05QPP+g==",
      "khash": "U2FsdGVkX1+DBSQorbedRaZVsGyGi593oeigvTXqdqn/XZ1f3kyR4eG9hFKvELcwGsNWHGiASk6Lt+PQSRHHxA==",
      "viewCount": null,
      "duration": "27:13",
      "size": 26152208
    },
    {
      "id": "a1bc4c7c-2c13-4723-bf32-070c7e110bb5",
      "pid": "1e971985-62e8-41b2-97e1-3cd6f1f3438e",
      "dblevel": 4,
      "location": "/VGMA/DocSach/CuocDoiVaChucVuTongThuongTiet/CuocDoiVaChucVuTongThuongTiet_07",
      "isVideo": false,
      "url": "doc-sach.cuoc-doi-va-chuc-vu-tong-thuong-tiet.cuoc-doi-va-chuc-vu-tong-thuong-tiet-07",
      "name": "Cuộc Đời Và Chức Vụ Tống Thượng Tiết_07",
      "count": 0,
      "isLeaf": null,
      "keyword": null,
      "hash": "U2FsdGVkX1+ZAry1M6lrTiQU3tj/WfohpDzGQvI782XnW8K8MeY93j4D3hHx4jFVJzSUiNkXg0vwnfh4abzL1A==",
      "khash": "U2FsdGVkX18WLneOO8dX5JR2CTFuqsYreDJ0NoSQ2/+Xidkxdoh0Mm1xnZkK7bzVvqdBLEZmPHfpKrV4T2P4bA==",
      "viewCount": null,
      "duration": "27:13",
      "size": 26154352
    },
    {
      "id": "de97ff5d-004b-4480-8198-67b2879d6811",
      "pid": "1e971985-62e8-41b2-97e1-3cd6f1f3438e",
      "dblevel": 4,
      "location": "/VGMA/DocSach/CuocDoiVaChucVuTongThuongTiet/CuocDoiVaChucVuTongThuongTiet_08",
      "isVideo": false,
      "url": "doc-sach.cuoc-doi-va-chuc-vu-tong-thuong-tiet.cuoc-doi-va-chuc-vu-tong-thuong-tiet-08",
      "name": "Cuộc Đời Và Chức Vụ Tống Thượng Tiết_08",
      "count": 0,
      "isLeaf": null,
      "keyword": null,
      "hash": "U2FsdGVkX19QWi6dC5Byt/b3fK6Nbb5x5am5ix2/A/mmQeO71+2/itfXJpigSHJFBz6zOK7tYrGWs2rFNH3Jcw==",
      "khash": "U2FsdGVkX194LGreiQURs7BDRWJY29UDyZ8zCxtifRT4mgLXu2qYhjqYj2+V6L1T8q6ttFgYsoTD3YiwsfVkBg==",
      "viewCount": null,
      "duration": "27:51",
      "size": 26756618
    },
    {
      "id": "3aecfac8-6e30-4175-9698-86b0300b1b55",
      "pid": "1e971985-62e8-41b2-97e1-3cd6f1f3438e",
      "dblevel": 4,
      "location": "/VGMA/DocSach/CuocDoiVaChucVuTongThuongTiet/CuocDoiVaChucVuTongThuongTiet_09",
      "isVideo": false,
      "url": "doc-sach.cuoc-doi-va-chuc-vu-tong-thuong-tiet.cuoc-doi-va-chuc-vu-tong-thuong-tiet-09",
      "name": "Cuộc Đời Và Chức Vụ Tống Thượng Tiết_09",
      "count": 0,
      "isLeaf": null,
      "keyword": null,
      "hash": "U2FsdGVkX1/3sDXVKBTd5/zxRKKEIzKaYbVYlzRAICV9xBeDYxhCsrTOjWAwv34M9N65f2jG6kSao+U4TG+iYw==",
      "khash": "U2FsdGVkX1+6SeSGNqJYyqDbdV9oqojOzsao5jdSISxnOiEOowowdxRrB7mL5QBnt5j/KSx+pznoIF+Lczxddg==",
      "viewCount": null,
      "duration": "27:44",
      "size": 26640578
    },
    {
      "id": "4fbf4662-6c39-4909-b595-33d459712cb4",
      "pid": "1e971985-62e8-41b2-97e1-3cd6f1f3438e",
      "dblevel": 4,
      "location": "/VGMA/DocSach/CuocDoiVaChucVuTongThuongTiet/CuocDoiVaChucVuTongThuongTiet_10",
      "isVideo": false,
      "url": "doc-sach.cuoc-doi-va-chuc-vu-tong-thuong-tiet.cuoc-doi-va-chuc-vu-tong-thuong-tiet-10",
      "name": "Cuộc Đời Và Chức Vụ Tống Thượng Tiết_10",
      "count": 0,
      "isLeaf": null,
      "keyword": null,
      "hash": "U2FsdGVkX18Xv/GVi+qLwaFAsn+qRWGcIugvbuw67PzoSaitDdfoLOXpQMz8v4wyDT622oqbfxzzp8y7UnufUA==",
      "khash": "U2FsdGVkX1/Saqk/KR0UVaLKXS59EbNYr7ImsTpaLi4V3yz137srw5u/hvFumX1ty1m+23qyYnEP3nU8O7mvkQ==",
      "viewCount": null,
      "duration": "27:48",
      "size": 26709383
    },
    {
      "id": "1be02a43-4bb3-4f61-9096-e1ccb6f7cb8d",
      "pid": "1e971985-62e8-41b2-97e1-3cd6f1f3438e",
      "dblevel": 4,
      "location": "/VGMA/DocSach/CuocDoiVaChucVuTongThuongTiet/CuocDoiVaChucVuTongThuongTiet_11",
      "isVideo": false,
      "url": "doc-sach.cuoc-doi-va-chuc-vu-tong-thuong-tiet.cuoc-doi-va-chuc-vu-tong-thuong-tiet-11",
      "name": "Cuộc Đời Và Chức Vụ Tống Thượng Tiết_11",
      "count": 0,
      "isLeaf": null,
      "keyword": null,
      "hash": "U2FsdGVkX19Nr9W3bw7zcw5oaPMauJj6HrkiEPD7NmZsgwuWtW3Bght4XYnS154V7W6sTKVpfGwVrKYCRs666Q==",
      "khash": "U2FsdGVkX18rWxVu1ooPSk91hGhcyXvBpnuYTFgtcs7kUnFvtw47TIaN32WaXYFvk1mEDJInIXFgCSaEdnbuDg==",
      "viewCount": null,
      "duration": "27:47",
      "size": 26691570
    },
    {
      "id": "d3918171-ffed-4aa8-b2b7-721f8ce61631",
      "pid": "1e971985-62e8-41b2-97e1-3cd6f1f3438e",
      "dblevel": 4,
      "location": "/VGMA/DocSach/CuocDoiVaChucVuTongThuongTiet/CuocDoiVaChucVuTongThuongTiet_12",
      "isVideo": false,
      "url": "doc-sach.cuoc-doi-va-chuc-vu-tong-thuong-tiet.cuoc-doi-va-chuc-vu-tong-thuong-tiet-12",
      "name": "Cuộc Đời Và Chức Vụ Tống Thượng Tiết_12",
      "count": 0,
      "isLeaf": null,
      "keyword": null,
      "hash": "U2FsdGVkX1/kFhZetWnOgEvqzK11SscStUhqdvZg8S8/PBVSwoTTiqVdniJX4NnaPWn+RvWuZ133hBjzyxnMyw==",
      "khash": "U2FsdGVkX19SlSZY0uBq6jKap5XVDJZRg8DaxW1MhMPbrvTplelxgSX4zQEMcZ+Qk/8UKhhWnjL82+1DdWQ3Kg==",
      "viewCount": null,
      "duration": "27:51",
      "size": 26761685
    },
    {
      "id": "35c15fe4-85e6-4206-ae58-53b7a046bf44",
      "pid": "1e971985-62e8-41b2-97e1-3cd6f1f3438e",
      "dblevel": 4,
      "location": "/VGMA/DocSach/CuocDoiVaChucVuTongThuongTiet/CuocDoiVaChucVuTongThuongTiet_13",
      "isVideo": false,
      "url": "doc-sach.cuoc-doi-va-chuc-vu-tong-thuong-tiet.cuoc-doi-va-chuc-vu-tong-thuong-tiet-13",
      "name": "Cuộc Đời Và Chức Vụ Tống Thượng Tiết_13",
      "count": 0,
      "isLeaf": null,
      "keyword": null,
      "hash": "U2FsdGVkX1+24ne+wLrvauZ9zZetM6dKfb1NPRP6d0mPkLK/wdRC851+uAEvLEEav7Gypd5F6zYYs6Rxws5oKg==",
      "khash": "U2FsdGVkX1+i/0pPBudkWsOveFZiNRm1GXKxZdvce5suQ7uUTUrvFVwguIJ/73lH8sWVsPTNZ2tkQqA81DqdpA==",
      "viewCount": null,
      "duration": "27:48",
      "size": 26708726
    },
    {
      "id": "0ec6a9fd-3821-4907-9699-4fa5973737c6",
      "pid": "1e971985-62e8-41b2-97e1-3cd6f1f3438e",
      "dblevel": 4,
      "location": "/VGMA/DocSach/CuocDoiVaChucVuTongThuongTiet/CuocDoiVaChucVuTongThuongTiet_14",
      "isVideo": false,
      "url": "doc-sach.cuoc-doi-va-chuc-vu-tong-thuong-tiet.cuoc-doi-va-chuc-vu-tong-thuong-tiet-14",
      "name": "Cuộc Đời Và Chức Vụ Tống Thượng Tiết_14",
      "count": 0,
      "isLeaf": null,
      "keyword": null,
      "hash": "U2FsdGVkX19HGJZHKV1Alj4RrGfvhd6aaP95JQhV7Yyw2MPS+bpayl94fKlZBk6ousQtArodEHI1HiD+XZrNJg==",
      "khash": "U2FsdGVkX19NJCcu2AqasT4nh66YPPojbyoh9oWSbsOXvK1PghiN/C+AqdQp37p5DMIvY/TAX/0ibi3G9G088g==",
      "viewCount": null,
      "duration": "27:33",
      "size": 26469844
    },
    {
      "id": "78d7a197-0b10-455b-8f30-8d8ad1a8534a",
      "pid": "1e971985-62e8-41b2-97e1-3cd6f1f3438e",
      "dblevel": 4,
      "location": "/VGMA/DocSach/CuocDoiVaChucVuTongThuongTiet/CuocDoiVaChucVuTongThuongTiet_15",
      "isVideo": false,
      "url": "doc-sach.cuoc-doi-va-chuc-vu-tong-thuong-tiet.cuoc-doi-va-chuc-vu-tong-thuong-tiet-15",
      "name": "Cuộc Đời Và Chức Vụ Tống Thượng Tiết_15",
      "count": 0,
      "isLeaf": null,
      "keyword": null,
      "hash": "U2FsdGVkX19R4V1iKgUJRzik03mXzAS3ktEs5n38UZpywPZkRvZW3ePPxJ+yUY1M4+g8QWntYpkGj3hg3Z3/IQ==",
      "khash": "U2FsdGVkX1/DrzaGb0da7mlWbPX705cH0jPcJ3svpvwJ3C/IJ//37RDxL4L9yATov0ahxOQkVOfoycifzn26IQ==",
      "viewCount": null,
      "duration": "27:44",
      "size": 26644748
    },
    {
      "id": "c7681e3e-744e-48ab-ad96-02d905edf9e2",
      "pid": "1e971985-62e8-41b2-97e1-3cd6f1f3438e",
      "dblevel": 4,
      "location": "/VGMA/DocSach/CuocDoiVaChucVuTongThuongTiet/CuocDoiVaChucVuTongThuongTiet_16",
      "isVideo": false,
      "url": "doc-sach.cuoc-doi-va-chuc-vu-tong-thuong-tiet.cuoc-doi-va-chuc-vu-tong-thuong-tiet-16",
      "name": "Cuộc Đời Và Chức Vụ Tống Thượng Tiết_16",
      "count": 0,
      "isLeaf": null,
      "keyword": null,
      "hash": "U2FsdGVkX1/rBcqkL2I8QycOMBnDy2KnsAgxjVvzpPTCisB7ftdxOOZ6vE3fZq6YtHmUeQJkoM1PNlANDjTxgQ==",
      "khash": "U2FsdGVkX1/QISYntiJWGkhdmmWf8a1usytz3Lb0PAIlVAn2IYBHIHP+ntO414Jrd8YpF3UEs3H44lFULrQmng==",
      "viewCount": null,
      "duration": "27:45",
      "size": 26649335
    },
    {
      "id": "e61ec4b5-6dd5-49dc-a7ae-d8b60a40f9ff",
      "pid": "1e971985-62e8-41b2-97e1-3cd6f1f3438e",
      "dblevel": 4,
      "location": "/VGMA/DocSach/CuocDoiVaChucVuTongThuongTiet/CuocDoiVaChucVuTongThuongTiet_17",
      "isVideo": false,
      "url": "doc-sach.cuoc-doi-va-chuc-vu-tong-thuong-tiet.cuoc-doi-va-chuc-vu-tong-thuong-tiet-17",
      "name": "Cuộc Đời Và Chức Vụ Tống Thượng Tiết_17",
      "count": 0,
      "isLeaf": null,
      "keyword": null,
      "hash": "U2FsdGVkX19jTh+US11FA5QM7b6LDq1y6X51Z+lEM2dcdTczCR7CybsW89w26QgEjEtz5doLRoUGu5l9GChj3Q==",
      "khash": "U2FsdGVkX1+kkLumaYElK+xbNBkgbzZhF9phPjkVct5bYokScYxUXhAdrFbXBM6oHxGE7GNWpqy2XIqOqe5Gqg==",
      "viewCount": null,
      "duration": "29:9",
      "size": 27999640
    },
    {
      "id": "0a89e6a1-94fa-4b60-b38c-61371be935dc",
      "pid": "1e971985-62e8-41b2-97e1-3cd6f1f3438e",
      "dblevel": 4,
      "location": "/VGMA/DocSach/CuocDoiVaChucVuTongThuongTiet/CuocDoiVaChucVuTongThuongTiet_18",
      "isVideo": false,
      "url": "doc-sach.cuoc-doi-va-chuc-vu-tong-thuong-tiet.cuoc-doi-va-chuc-vu-tong-thuong-tiet-18",
      "name": "Cuộc Đời Và Chức Vụ Tống Thượng Tiết_18",
      "count": 0,
      "isLeaf": null,
      "keyword": null,
      "hash": "U2FsdGVkX18LoGTpZvRF4Yf4ttvL+/YQkPxB0I5v9ogmpWAcfNz4wtnDkBrtiTq9NoWzbV54hMWTVmq1ibIRhA==",
      "khash": "U2FsdGVkX19euICTxNKqS7/j3d4QHVmAnNpiSVj+aUt6ptUFiMCZuR/MKFM9sjfx93/fyGs49BkXasIQFzG96w==",
      "viewCount": null,
      "duration": "27:46",
      "size": 26671078
    },
    {
      "id": "2bf14392-3222-463b-b703-1540209ee550",
      "pid": "1e971985-62e8-41b2-97e1-3cd6f1f3438e",
      "dblevel": 4,
      "location": "/VGMA/DocSach/CuocDoiVaChucVuTongThuongTiet/CuocDoiVaChucVuTongThuongTiet_19",
      "isVideo": false,
      "url": "doc-sach.cuoc-doi-va-chuc-vu-tong-thuong-tiet.cuoc-doi-va-chuc-vu-tong-thuong-tiet-19",
      "name": "Cuộc Đời Và Chức Vụ Tống Thượng Tiết_19",
      "count": 0,
      "isLeaf": null,
      "keyword": null,
      "hash": "U2FsdGVkX1/n3GoL422bLnt4ASIxQxX+LmtSZR17eCQnC4CXnQnZKqNsBypm6ywLPtaTpNggA4iXeLBhogQELw==",
      "khash": null,
      "viewCount": null,
      "duration": "27:48",
      "size": 26708667
    },
    {
      "id": "6df00c4a-33a1-4d8d-b4cc-92298804beed",
      "pid": "1e971985-62e8-41b2-97e1-3cd6f1f3438e",
      "dblevel": 4,
      "location": "/VGMA/DocSach/CuocDoiVaChucVuTongThuongTiet/CuocDoiVaChucVuTongThuongTiet_20",
      "isVideo": false,
      "url": "doc-sach.cuoc-doi-va-chuc-vu-tong-thuong-tiet.cuoc-doi-va-chuc-vu-tong-thuong-tiet-20",
      "name": "Cuộc Đời Và Chức Vụ Tống Thượng Tiết_20",
      "count": 0,
      "isLeaf": null,
      "keyword": null,
      "hash": "U2FsdGVkX1/oOa/nO5HFsWAlUzeI9vnmqKpbjCh77r+/3x+pwjUADNQiYSPMbioObZou2rDUwNhY8Uv3CuCFow==",
      "khash": "U2FsdGVkX18y7TD+v3zRYMIQznMO0IC2yfUJbIGhNfEGQ5TH6WVDTAhJG28Rav1tgyPT5zqrjZAaNS4R6z0dLg==",
      "viewCount": null,
      "duration": "27:44",
      "size": 26647368
    },
    {
      "id": "27194995-bcb9-4a20-87e4-032c6617422c",
      "pid": "1e971985-62e8-41b2-97e1-3cd6f1f3438e",
      "dblevel": 4,
      "location": "/VGMA/DocSach/CuocDoiVaChucVuTongThuongTiet/CuocDoiVaChucVuTongThuongTiet_21",
      "isVideo": false,
      "url": "doc-sach.cuoc-doi-va-chuc-vu-tong-thuong-tiet.cuoc-doi-va-chuc-vu-tong-thuong-tiet-21",
      "name": "Cuộc Đời Và Chức Vụ Tống Thượng Tiết_21",
      "count": 0,
      "isLeaf": null,
      "keyword": null,
      "hash": "U2FsdGVkX1+A7AIFjAHbZW0fcdtvWYFxIW/2kVOGfYylleIF+XDAVN/m5P8MPszlMkgOXHYgUtmTgNkmtWgJfg==",
      "khash": "U2FsdGVkX1/skWkPt5sv1Yoj6FoMdx+nHC4cNiqt3cS4U7MZJhhJEk/ZLixxGI41+YUvFdAVY0Ii0taxVWygfw==",
      "viewCount": null,
      "duration": "27:50",
      "size": 26734403
    },
    {
      "id": "94760ffa-694a-446c-bb4d-ea3380bbf581",
      "pid": "1e971985-62e8-41b2-97e1-3cd6f1f3438e",
      "dblevel": 4,
      "location": "/VGMA/DocSach/CuocDoiVaChucVuTongThuongTiet/CuocDoiVaChucVuTongThuongTiet_22",
      "isVideo": false,
      "url": "doc-sach.cuoc-doi-va-chuc-vu-tong-thuong-tiet.cuoc-doi-va-chuc-vu-tong-thuong-tiet-22",
      "name": "Cuộc Đời Và Chức Vụ Tống Thượng Tiết_22",
      "count": 0,
      "isLeaf": null,
      "keyword": null,
      "hash": "U2FsdGVkX1+5Gaay0kKNpDm7a1pV9RqKbiUFq1Z8aHZDY7vkLCnpKqAinRHy7R8F05R2CjVPKxEAcLptpvtIQg==",
      "khash": null,
      "viewCount": null,
      "duration": "27:49",
      "size": 26718616
    },
    {
      "id": "88cc6472-4139-4fd9-a956-332436ab48ee",
      "pid": "1e971985-62e8-41b2-97e1-3cd6f1f3438e",
      "dblevel": 4,
      "location": "/VGMA/DocSach/CuocDoiVaChucVuTongThuongTiet/CuocDoiVaChucVuTongThuongTiet_23",
      "isVideo": false,
      "url": "doc-sach.cuoc-doi-va-chuc-vu-tong-thuong-tiet.cuoc-doi-va-chuc-vu-tong-thuong-tiet-23",
      "name": "Cuộc Đời Và Chức Vụ Tống Thượng Tiết_23",
      "count": 0,
      "isLeaf": null,
      "keyword": null,
      "hash": "U2FsdGVkX1+QgvG4APz4vvxe7Q6oOMAMpMJqoRH2CSpS5yT3qJwk0Ryjk9/X1wpLrcDPXnmk0CkWJRGQChJd+Q==",
      "khash": "U2FsdGVkX1+c0zzEQ7Hu5AfcXlXd4ur9dMrnz/PnBUM6GYteuNRkozAyLDl2fXnyFI+33TxIFeBH1wr7KSZhEA==",
      "viewCount": null,
      "duration": "27:46",
      "size": 26676141
    },
    {
      "id": "aa989773-2c63-4374-ba77-2734421a7085",
      "pid": "1e971985-62e8-41b2-97e1-3cd6f1f3438e",
      "dblevel": 4,
      "location": "/VGMA/DocSach/CuocDoiVaChucVuTongThuongTiet/CuocDoiVaChucVuTongThuongTiet_24",
      "isVideo": false,
      "url": "doc-sach.cuoc-doi-va-chuc-vu-tong-thuong-tiet.cuoc-doi-va-chuc-vu-tong-thuong-tiet-24",
      "name": "Cuộc Đời Và Chức Vụ Tống Thượng Tiết_24",
      "count": 0,
      "isLeaf": null,
      "keyword": null,
      "hash": "U2FsdGVkX19xCMp3JKkkX1Yk0SqbCikHCk+HoKKr8QjWI8LdVRYUcd2tsywBAjszkvBt9+r32az8vAJZrYsO5w==",
      "khash": null,
      "viewCount": null,
      "duration": "26:7",
      "size": 25095353
    },
    {
      "id": "452f39fb-3cfe-42d5-b14a-2cb618f52606",
      "pid": "1e971985-62e8-41b2-97e1-3cd6f1f3438e",
      "dblevel": 4,
      "location": "/VGMA/DocSach/CuocDoiVaChucVuTongThuongTiet/CuocDoiVaChucVuTongThuongTiet_25",
      "isVideo": false,
      "url": "doc-sach.cuoc-doi-va-chuc-vu-tong-thuong-tiet.cuoc-doi-va-chuc-vu-tong-thuong-tiet-25",
      "name": "Cuộc Đời Và Chức Vụ Tống Thượng Tiết_25",
      "count": 0,
      "isLeaf": null,
      "keyword": null,
      "hash": "U2FsdGVkX180+KuLKxpfznNaVPhiL//lBBPMbQJFZyo9xuxMS1t8Bk2cIoU0KIFqOiNM6JBymlQzS2shB7dY5Q==",
      "khash": "U2FsdGVkX1+/DVriWneVy0Awz4FnfsyZzQBTai7bp/b104ikJe2RqCMFIoISEVxM71w3axgzkD9r7zT8vAKtGA==",
      "viewCount": null,
      "duration": "27:43",
      "size": 26634142
    },
    {
      "id": "802e6ba7-925b-4f01-baea-ec12623a60b0",
      "pid": "1e971985-62e8-41b2-97e1-3cd6f1f3438e",
      "dblevel": 4,
      "location": "/VGMA/DocSach/CuocDoiVaChucVuTongThuongTiet/CuocDoiVaChucVuTongThuongTiet_26",
      "isVideo": false,
      "url": "doc-sach.cuoc-doi-va-chuc-vu-tong-thuong-tiet.cuoc-doi-va-chuc-vu-tong-thuong-tiet-26",
      "name": "Cuộc Đời Và Chức Vụ Tống Thượng Tiết_26",
      "count": 0,
      "isLeaf": null,
      "keyword": null,
      "hash": "U2FsdGVkX194kje/Hs6Ck7uUnO8u64DCcJYacwb6cbzatcyyyDqTIxEtqRonr3vwu5bde2UaCX3a9YEvSZ4WkQ==",
      "khash": "U2FsdGVkX1+RNVhlVdD7cg5SrFDQcrkucVB++q5Zlaohzn4Uh11dUhqSysD8iZgu0rSLjCHi3aLhl2BrqCbYCg==",
      "viewCount": null,
      "duration": "27:56",
      "size": 26829715
    },
    {
      "id": "69315f39-1c17-4205-868b-ea1bb7b7761e",
      "pid": "1e971985-62e8-41b2-97e1-3cd6f1f3438e",
      "dblevel": 4,
      "location": "/VGMA/DocSach/CuocDoiVaChucVuTongThuongTiet/CuocDoiVaChucVuTongThuongTiet_27",
      "isVideo": false,
      "url": "doc-sach.cuoc-doi-va-chuc-vu-tong-thuong-tiet.cuoc-doi-va-chuc-vu-tong-thuong-tiet-27",
      "name": "Cuộc Đời Và Chức Vụ Tống Thượng Tiết_27",
      "count": 0,
      "isLeaf": null,
      "keyword": null,
      "hash": "U2FsdGVkX1/vzE626T/3mp6JBZPFaDRAi1pip7O7MQaUOyg8zSby35wTYyoIdJS3p4K0CUsgjZgurCq4cJnPDw==",
      "khash": null,
      "viewCount": null,
      "duration": "29:40",
      "size": 28506590
    }
  ]
}