{
  "id": "ffffb42a-09a5-4efc-990f-44947cfc192a",
  "pid": "ce888415-a267-4522-813e-80d629113299",
  "dblevel": 3,
  "location": "/VGMA/DocSach/ThaoDoiGio",
  "isVideo": false,
  "url": "doc-sach.thao-doi-gio",
  "name": "Thảo Đồi Gió",
  "count": 12,
  "isLeaf": true,
  "keyword": null,
  "hash": null,
  "khash": null,
  "viewCount": null,
  "duration": null,
  "size": null,
  "children": [
    {
      "id": "c995c76f-0d4a-4c51-aa0a-d866fa5601f3",
      "pid": "ffffb42a-09a5-4efc-990f-44947cfc192a",
      "dblevel": 4,
      "location": "/VGMA/DocSach/ThaoDoiGio/ThaoDoiGio-01",
      "isVideo": false,
      "url": "doc-sach.thao-doi-gio.thao-doi-gio-01",
      "name": "Thảo Đồi Gió-01",
      "count": 0,
      "isLeaf": null,
      "keyword": null,
      "hash": "U2FsdGVkX1/5DFCEruSlWnKvSR0t1Ggsu0UOkJvxsoqPJu7EYjy3BoAoPRpgoiSGE/x5xO7r/6eogzHUuS5P7g==",
      "khash": "U2FsdGVkX1+rIxBg3VSvm+DXvICnPpJwZpIcuvTMGZfbbeXueTIyfeAHfw0jebouhZGQTM8FqNH6k46rxJOPrw==",
      "viewCount": null,
      "duration": "21:34",
      "size": 25889612
    },
    {
      "id": "686e38d6-36a4-4376-9230-a193302d0076",
      "pid": "ffffb42a-09a5-4efc-990f-44947cfc192a",
      "dblevel": 4,
      "location": "/VGMA/DocSach/ThaoDoiGio/ThaoDoiGio-02",
      "isVideo": false,
      "url": "doc-sach.thao-doi-gio.thao-doi-gio-02",
      "name": "Thảo Đồi Gió-02",
      "count": 0,
      "isLeaf": null,
      "keyword": null,
      "hash": "U2FsdGVkX19wWoVPWS/fJaBWORBbF/szRtpBkzQ8tElYlGXB1b0KBEnWG0qGq6foD1PXGfSArrJLu/EINSq+ZQ==",
      "khash": "U2FsdGVkX19ueyr4wAZnrBRZNb8KrbnfeBUXFraxwY5h6vLargf4n9Jhij2Jc2016cpR0OiRuP7w1YDqsnxN0w==",
      "viewCount": null,
      "duration": "19:21",
      "size": 23221465
    },
    {
      "id": "56c5f987-f953-4bba-8623-6d1e7343cde5",
      "pid": "ffffb42a-09a5-4efc-990f-44947cfc192a",
      "dblevel": 4,
      "location": "/VGMA/DocSach/ThaoDoiGio/ThaoDoiGio-03",
      "isVideo": false,
      "url": "doc-sach.thao-doi-gio.thao-doi-gio-03",
      "name": "Thảo Đồi Gió-03",
      "count": 0,
      "isLeaf": null,
      "keyword": null,
      "hash": "U2FsdGVkX19MeKHXRRD38KeM8EvRDW2ZMVo2CpTWFBebR7j0eQHlQw8WlsHhKbayUZ4trpXEA81DJyediRt3uA==",
      "khash": "U2FsdGVkX1+2zuRNnu94opAIJ9B4gMClvaTJEvAjmLJwue0JjDUdvu9y466iYKQxd+J5fBztWgdtheCTzropvQ==",
      "viewCount": null,
      "duration": "14:53",
      "size": 17869498
    },
    {
      "id": "31274468-db28-445b-b23b-1d73426115e1",
      "pid": "ffffb42a-09a5-4efc-990f-44947cfc192a",
      "dblevel": 4,
      "location": "/VGMA/DocSach/ThaoDoiGio/ThaoDoiGio-04",
      "isVideo": false,
      "url": "doc-sach.thao-doi-gio.thao-doi-gio-04",
      "name": "Thảo Đồi Gió-04",
      "count": 0,
      "isLeaf": null,
      "keyword": null,
      "hash": "U2FsdGVkX18ver/HtSaoY65dcqGlKpVCdOimYpYIIVBodnvlHaXCKYHnbVUiWuG6TKODbCR7RDib8HQTQDboSw==",
      "khash": "U2FsdGVkX1/J/HhvMM9WBDPKdazWmrPpsZSGYTqeBP6i7l5z+SfuNIkj9wTCyck4YqNprD56S6V5PFVhVHXmkw==",
      "viewCount": null,
      "duration": "18:22",
      "size": 22044910
    },
    {
      "id": "be3cd9e9-04cc-4ed0-9b28-71649e20c86f",
      "pid": "ffffb42a-09a5-4efc-990f-44947cfc192a",
      "dblevel": 4,
      "location": "/VGMA/DocSach/ThaoDoiGio/ThaoDoiGio-05",
      "isVideo": false,
      "url": "doc-sach.thao-doi-gio.thao-doi-gio-05",
      "name": "Thảo Đồi Gió-05",
      "count": 0,
      "isLeaf": null,
      "keyword": null,
      "hash": "U2FsdGVkX18J6BQB7kT7PEdzZ5Gnyj0cVD6U6/M1rS1jkRQpECjQgQ+YlhBL1ccv2KihsKgT9vBb6mpL1WONAQ==",
      "khash": "U2FsdGVkX1+BRGxZKpG81KlsuUIaInlLlhgcLxAm4IPN4E1wAygiSAhTCg5BfFDYiAdAauiW2VxHlP7FEkt/wg==",
      "viewCount": null,
      "duration": "21:23",
      "size": 25675930
    },
    {
      "id": "52444887-00c0-4431-bcf3-edfe4f027458",
      "pid": "ffffb42a-09a5-4efc-990f-44947cfc192a",
      "dblevel": 4,
      "location": "/VGMA/DocSach/ThaoDoiGio/ThaoDoiGio-06Phan1",
      "isVideo": false,
      "url": "doc-sach.thao-doi-gio.thao-doi-gio-06-phan-1",
      "name": "Thảo Đồi Gió-06 Phần 1",
      "count": 0,
      "isLeaf": null,
      "keyword": null,
      "hash": "U2FsdGVkX18N0j4OU/akyoHXHpBidsLoTrcEFE5yE/CONVOMhzmlscuYeMiNI/CYynMKfQzN0CPOGb1hRhjj3A==",
      "khash": "U2FsdGVkX1+RxfobiGXOjJ2MeVMarUAGxX1MAF1+BAfLuFjjn2L9zYEH97MgKraj/yO6KrR+DfqWv0IcigYhxg==",
      "viewCount": null,
      "duration": "20:37",
      "size": 24760614
    },
    {
      "id": "b113f454-f277-4f34-8653-f7b9a06e29f2",
      "pid": "ffffb42a-09a5-4efc-990f-44947cfc192a",
      "dblevel": 4,
      "location": "/VGMA/DocSach/ThaoDoiGio/ThaoDoiGio-06Phan2",
      "isVideo": false,
      "url": "doc-sach.thao-doi-gio.thao-doi-gio-06-phan-2",
      "name": "Thảo Đồi Gió-06 Phần 2",
      "count": 0,
      "isLeaf": null,
      "keyword": null,
      "hash": "U2FsdGVkX1+3MGerubaE8hyRXTxaYGeAkLAhgEkvuOiwcFuFGsaR1B4WV37g29MRU3xVVUTJI3Tzqi39w2JugA==",
      "khash": "U2FsdGVkX18H7oND06fkLdJFfPPLrRyP3Lcf4p+mDSPZ0vyqkaFwpqIxbEXtFlRL0lyzDRwmkD/3tf6gSsK5aA==",
      "viewCount": null,
      "duration": "19:30",
      "size": 23412695
    },
    {
      "id": "91da3d19-0027-4c44-bff4-8a28848f38f7",
      "pid": "ffffb42a-09a5-4efc-990f-44947cfc192a",
      "dblevel": 4,
      "location": "/VGMA/DocSach/ThaoDoiGio/ThaoDoiGio-07",
      "isVideo": false,
      "url": "doc-sach.thao-doi-gio.thao-doi-gio-07",
      "name": "Thảo Đồi Gió-07",
      "count": 0,
      "isLeaf": null,
      "keyword": null,
      "hash": "U2FsdGVkX18sLbuYKHtYgSnWw9DC/Tf8T3526zLNxv0rdE+FYb5O24GIs1J0zphj68U/INqPa3lMZZHYc4UZsQ==",
      "khash": null,
      "viewCount": null,
      "duration": "16:35",
      "size": 15932152
    },
    {
      "id": "ebd3105b-e1f3-4f32-817d-eb8d388989a7",
      "pid": "ffffb42a-09a5-4efc-990f-44947cfc192a",
      "dblevel": 4,
      "location": "/VGMA/DocSach/ThaoDoiGio/ThaoDoiGio-08",
      "isVideo": false,
      "url": "doc-sach.thao-doi-gio.thao-doi-gio-08",
      "name": "Thảo Đồi Gió-08",
      "count": 0,
      "isLeaf": null,
      "keyword": null,
      "hash": "U2FsdGVkX18i3KTJ997dj/AT8U0FDdteJGfNCE5tNqbfBk+gBO8UnUXFzDSi2MY2wQSzepHxsik5PLZwWA9DrQ==",
      "khash": "U2FsdGVkX1+CDJr8tPtJmXTc/yiaSdg/CjVq5KBLI8F43wowVXdxqh59ZzSUEHy1YW6RBEWANUgsZALzm3WEGQ==",
      "viewCount": null,
      "duration": "13:12",
      "size": 12673742
    },
    {
      "id": "31f4dc2c-3bd1-45a4-8748-3ee584211105",
      "pid": "ffffb42a-09a5-4efc-990f-44947cfc192a",
      "dblevel": 4,
      "location": "/VGMA/DocSach/ThaoDoiGio/ThaoDoiGio-09",
      "isVideo": false,
      "url": "doc-sach.thao-doi-gio.thao-doi-gio-09",
      "name": "Thảo Đồi Gió-09",
      "count": 0,
      "isLeaf": null,
      "keyword": null,
      "hash": "U2FsdGVkX1+vqiT2jmNCAsThqJTIvddOqImr3V7PfHHy+zWNo4ogKTlRqms4ZfBxYvLYNyYwQOI3hhT5DM7SNA==",
      "khash": "U2FsdGVkX19GIc0LjvVuCru4yinmalfX5d2E44bpiy86IgYsCbOVIOXP568Chs2Os5HrwUgMlaGm05DtXwUD4A==",
      "viewCount": null,
      "duration": "14:56",
      "size": 14340564
    },
    {
      "id": "0fb32e44-9e16-4c99-84e5-42306c818e38",
      "pid": "ffffb42a-09a5-4efc-990f-44947cfc192a",
      "dblevel": 4,
      "location": "/VGMA/DocSach/ThaoDoiGio/ThaoDoiGio-10",
      "isVideo": false,
      "url": "doc-sach.thao-doi-gio.thao-doi-gio-10",
      "name": "Thảo Đồi Gió-10",
      "count": 0,
      "isLeaf": null,
      "keyword": null,
      "hash": "U2FsdGVkX19+c8AzoAovDPEPlI4F8dLRn4ylF4FjVhol6b28H9IPYJ+FRGNsshFljFOhe2iyjYoCflBmzcKzVw==",
      "khash": "U2FsdGVkX18YDcwyZxp/qV/Cc9uFwhPMNp9pb2Sm3AKIJdRRwZSHoI91IAj9+FXf5TYEQILwP/gnol67+ZuPug==",
      "viewCount": null,
      "duration": "25:35",
      "size": 24565935
    },
    {
      "id": "ed0bb8c6-f0f2-426f-83bc-80927ac5a9a9",
      "pid": "ffffb42a-09a5-4efc-990f-44947cfc192a",
      "dblevel": 4,
      "location": "/VGMA/DocSach/ThaoDoiGio/ThaoDoiGio-11",
      "isVideo": false,
      "url": "doc-sach.thao-doi-gio.thao-doi-gio-11",
      "name": "Thảo Đồi Gió-11",
      "count": 0,
      "isLeaf": null,
      "keyword": null,
      "hash": "U2FsdGVkX18a3kpHUeZ4WC0VS4DPxGadhFDSdZgL9FtOZPEXq20dmb9ybwVFmRruc2+TH1Iz57C/YVsHe2352A==",
      "khash": null,
      "viewCount": null,
      "duration": "19:38",
      "size": 18854523
    }
  ]
}