{
  "id": "6e2af5cd-c18f-4ac8-8f59-a2c493d8e72f",
  "pid": "ce888415-a267-4522-813e-80d629113299",
  "dblevel": 3,
  "location": "/VGMA/DocSach/ToiTinThanhLinh",
  "isVideo": false,
  "url": "doc-sach.toi-tin-thanh-linh",
  "name": "Tôi Tin Thánh Linh",
  "count": 22,
  "isLeaf": true,
  "keyword": null,
  "hash": null,
  "khash": null,
  "viewCount": null,
  "duration": null,
  "size": null,
  "children": [
    {
      "id": "9223b666-6946-48e8-a4fd-10f56fec12bb",
      "pid": "6e2af5cd-c18f-4ac8-8f59-a2c493d8e72f",
      "dblevel": 4,
      "location": "/VGMA/DocSach/ToiTinThanhLinh/ToiTinThanhLinh-01",
      "isVideo": false,
      "url": "doc-sach.toi-tin-thanh-linh.toi-tin-thanh-linh-01",
      "name": "Tôi Tin Thánh Linh-01",
      "count": 0,
      "isLeaf": null,
      "keyword": null,
      "hash": "U2FsdGVkX1+/c233BVXaNmQLFq4HP1rc1fl/zh9SOvhpn/IaCD3z1uLWnEd09puiJ6j13mrWKkLH6AurSnAsgw==",
      "khash": "U2FsdGVkX1+iRUnkEUEEvKnE0Obb2nUfcwPo+5naiStIzGkqffZIEOhCUbbFEvVP1GsoFVN3L/AwE0T1+nz5Ng==",
      "viewCount": null,
      "duration": "28:27",
      "size": 27312793
    },
    {
      "id": "7394db79-e19b-4faa-bca7-f2e7d58e2acb",
      "pid": "6e2af5cd-c18f-4ac8-8f59-a2c493d8e72f",
      "dblevel": 4,
      "location": "/VGMA/DocSach/ToiTinThanhLinh/ToiTinThanhLinh-02",
      "isVideo": false,
      "url": "doc-sach.toi-tin-thanh-linh.toi-tin-thanh-linh-02",
      "name": "Tôi Tin Thánh Linh-02",
      "count": 0,
      "isLeaf": null,
      "keyword": null,
      "hash": "U2FsdGVkX19V8E9/pBfM867JphLJqg+LVnvnhrfaKr9BVGQqd3+ZPFHIf3T0PHTs3XpsDLrqoUlGpcxjurE6QA==",
      "khash": "U2FsdGVkX1/XD9FrqgRP5dggfE0daLO1ADHfJDfoJBuB3I971r/t+FhleK/RkODw3x6Voti18lF9QCOWhRQw+w==",
      "viewCount": null,
      "duration": "28:24",
      "size": 27273625
    },
    {
      "id": "5f9c6363-4c2f-4375-9481-6b37d6903e37",
      "pid": "6e2af5cd-c18f-4ac8-8f59-a2c493d8e72f",
      "dblevel": 4,
      "location": "/VGMA/DocSach/ToiTinThanhLinh/ToiTinThanhLinh-03",
      "isVideo": false,
      "url": "doc-sach.toi-tin-thanh-linh.toi-tin-thanh-linh-03",
      "name": "Tôi Tin Thánh Linh-03",
      "count": 0,
      "isLeaf": null,
      "keyword": null,
      "hash": "U2FsdGVkX1/fyPh/lkmsr70Ox6+lINyIuy7LwyBKfvBWh7hnOz0dXujJpbSBHv7XeFhFGhurXRP85C6dqzfKsA==",
      "khash": null,
      "viewCount": null,
      "duration": "29:15",
      "size": 28081561
    },
    {
      "id": "d16e3c2d-a275-414b-9d0f-f06c9b6c7dd4",
      "pid": "6e2af5cd-c18f-4ac8-8f59-a2c493d8e72f",
      "dblevel": 4,
      "location": "/VGMA/DocSach/ToiTinThanhLinh/ToiTinThanhLinh-04",
      "isVideo": false,
      "url": "doc-sach.toi-tin-thanh-linh.toi-tin-thanh-linh-04",
      "name": "Tôi Tin Thánh Linh-04",
      "count": 0,
      "isLeaf": null,
      "keyword": null,
      "hash": "U2FsdGVkX1+Bv+tTp8v4EWH6rM86KgqXRk15NSXK7nOEJesvpFOLx4LkOycGYsrfahiid2u51hguiEAhj0agZg==",
      "khash": null,
      "viewCount": null,
      "duration": "28:19",
      "size": 27194521
    },
    {
      "id": "b77434ad-ccab-4642-ae8e-7ba9d3334401",
      "pid": "6e2af5cd-c18f-4ac8-8f59-a2c493d8e72f",
      "dblevel": 4,
      "location": "/VGMA/DocSach/ToiTinThanhLinh/ToiTinThanhLinh-05",
      "isVideo": false,
      "url": "doc-sach.toi-tin-thanh-linh.toi-tin-thanh-linh-05",
      "name": "Tôi Tin Thánh Linh-05",
      "count": 0,
      "isLeaf": null,
      "keyword": null,
      "hash": "U2FsdGVkX19PpyCynqiUzy3y9YRBWC1nMYVC2KATh4x1Qxz+73Znv7Ulg0h/UuYG2W3fOt1rd0arFfLbpcwb5A==",
      "khash": "U2FsdGVkX195CycWvFW4kI1kc3vVGPM/7dgdNpYErAcxR9MOJ3A596e991U0Ci6IHBTuzduUxz2rfXLDT+1J6Q==",
      "viewCount": null,
      "duration": "28:20",
      "size": 27209497
    },
    {
      "id": "be35e36c-238f-44aa-b632-ac3e9b956bb6",
      "pid": "6e2af5cd-c18f-4ac8-8f59-a2c493d8e72f",
      "dblevel": 4,
      "location": "/VGMA/DocSach/ToiTinThanhLinh/ToiTinThanhLinh-06",
      "isVideo": false,
      "url": "doc-sach.toi-tin-thanh-linh.toi-tin-thanh-linh-06",
      "name": "Tôi Tin Thánh Linh-06",
      "count": 0,
      "isLeaf": null,
      "keyword": null,
      "hash": "U2FsdGVkX1+a6RqX3L97EYHDC2h9hvFKedGWHD0OAZiWXQq0q/OgcKI8BgFc2chh/XRPjk9+zrIrOBkXmkJ25w==",
      "khash": "U2FsdGVkX18KvfZAjvLNFbNOGn+fcSJOOIgeGpFT7N/QrTU20OKyy+XOl/5d817T3JhkzgMUHNhJoddYD+pB1w==",
      "viewCount": null,
      "duration": "28:30",
      "size": 27361945
    },
    {
      "id": "aff0e884-14c9-42bf-a267-74a320cdd5f4",
      "pid": "6e2af5cd-c18f-4ac8-8f59-a2c493d8e72f",
      "dblevel": 4,
      "location": "/VGMA/DocSach/ToiTinThanhLinh/ToiTinThanhLinh-07",
      "isVideo": false,
      "url": "doc-sach.toi-tin-thanh-linh.toi-tin-thanh-linh-07",
      "name": "Tôi Tin Thánh Linh-07",
      "count": 0,
      "isLeaf": null,
      "keyword": null,
      "hash": "U2FsdGVkX1+otNiBxV1Z8QRKtKOK4iCRaL3RMkIaCH+2e36xy0LZCr4iT3pEhMI6OYQTO7GEuwEKNIowCRKcwg==",
      "khash": null,
      "viewCount": null,
      "duration": "28:21",
      "size": 27229081
    },
    {
      "id": "1f149595-7e2a-4109-9f3f-27dc022bb35c",
      "pid": "6e2af5cd-c18f-4ac8-8f59-a2c493d8e72f",
      "dblevel": 4,
      "location": "/VGMA/DocSach/ToiTinThanhLinh/ToiTinThanhLinh-08",
      "isVideo": false,
      "url": "doc-sach.toi-tin-thanh-linh.toi-tin-thanh-linh-08",
      "name": "Tôi Tin Thánh Linh-08",
      "count": 0,
      "isLeaf": null,
      "keyword": null,
      "hash": "U2FsdGVkX18Qw6fNF07s/Lk40ZppGYz2+/vyNhBqf1KIr3wQDXYZ2xr7S6MQwaDnIo0ovC+UfQNqa5V0PaG4Kg==",
      "khash": "U2FsdGVkX19eYXlf3gfYIJI1+5nJSdkmBKV2t4AL8bC07D9h1feNbeZQb2HL1VegZvOBTk8liY2aeV3R0lR0mQ==",
      "viewCount": null,
      "duration": "28:23",
      "size": 27252505
    },
    {
      "id": "3e5469cf-10cb-4cb9-af22-27d96a731c64",
      "pid": "6e2af5cd-c18f-4ac8-8f59-a2c493d8e72f",
      "dblevel": 4,
      "location": "/VGMA/DocSach/ToiTinThanhLinh/ToiTinThanhLinh-09",
      "isVideo": false,
      "url": "doc-sach.toi-tin-thanh-linh.toi-tin-thanh-linh-09",
      "name": "Tôi Tin Thánh Linh-09",
      "count": 0,
      "isLeaf": null,
      "keyword": null,
      "hash": "U2FsdGVkX1+Qp070ytvh7ilns7F1d2cUA6ziIXYJ1paZR9gNgJ7je2ta6nVVdDUmcgABG+xIIsM92ClNrMlcKA==",
      "khash": "U2FsdGVkX197xFjG0hMvGZ/TXCz9YLJr2bCiS/xFJuqFG+YeKKo3JIjh8Q7v9o+ydZWkbsoCHY4x4ANvUMUNAA==",
      "viewCount": null,
      "duration": "28:21",
      "size": 27221401
    },
    {
      "id": "72640945-af5d-464b-9fc0-cc97519f70f0",
      "pid": "6e2af5cd-c18f-4ac8-8f59-a2c493d8e72f",
      "dblevel": 4,
      "location": "/VGMA/DocSach/ToiTinThanhLinh/ToiTinThanhLinh-10",
      "isVideo": false,
      "url": "doc-sach.toi-tin-thanh-linh.toi-tin-thanh-linh-10",
      "name": "Tôi Tin Thánh Linh-10",
      "count": 0,
      "isLeaf": null,
      "keyword": null,
      "hash": "U2FsdGVkX1/LeSnKim7+Rl0uo5eBJXWW4qGh3ufP8sretM8zBp/g9H+na3lY++MrIRCNzZUwLNgGVmQ8yAZ98A==",
      "khash": "U2FsdGVkX19zX1pqZEXHVOfk7/p8l72EEbuLuwPHI3ZhDTicCeFnMlZztr5DDudBXW5SDTbXc+D0AUqOYkmFNQ==",
      "viewCount": null,
      "duration": "28:44",
      "size": 27599641
    },
    {
      "id": "c4753cde-74da-4650-9dab-446278d11c08",
      "pid": "6e2af5cd-c18f-4ac8-8f59-a2c493d8e72f",
      "dblevel": 4,
      "location": "/VGMA/DocSach/ToiTinThanhLinh/ToiTinThanhLinh-11",
      "isVideo": false,
      "url": "doc-sach.toi-tin-thanh-linh.toi-tin-thanh-linh-11",
      "name": "Tôi Tin Thánh Linh-11",
      "count": 0,
      "isLeaf": null,
      "keyword": null,
      "hash": "U2FsdGVkX1+4dULY1auBKWcSrv3E0WH/NDqqWOPWcAqElo2Sx9q2fmLzRZYUrrYfsXxFvUqkkIFXaDRhUUXxSA==",
      "khash": "U2FsdGVkX1/a+Umw1Z6SC3Nr16Mx2n0xmjvqCV1/Wb3DB91Qd0BG2wz1qzcWFEBJCbGffp2RA5/GGtO1k72gqw==",
      "viewCount": null,
      "duration": "33:3",
      "size": 31736857
    },
    {
      "id": "29b37939-7f61-4c91-8912-e375816c29a6",
      "pid": "6e2af5cd-c18f-4ac8-8f59-a2c493d8e72f",
      "dblevel": 4,
      "location": "/VGMA/DocSach/ToiTinThanhLinh/ToiTinThanhLinh-12",
      "isVideo": false,
      "url": "doc-sach.toi-tin-thanh-linh.toi-tin-thanh-linh-12",
      "name": "Tôi Tin Thánh Linh-12",
      "count": 0,
      "isLeaf": null,
      "keyword": null,
      "hash": "U2FsdGVkX1+09myxQ/RSTBmG/vV9nEy6IwNjcR1jhiW6bLAolPORHlvFjVx5IberOGyB+qlFdT0stBl7iLYHvA==",
      "khash": "U2FsdGVkX1/sfwLrrFdOjD2XsN2u4+/2CqIzTA5sK/n/6apqNr9sNL1KgndkIUabIkA5PwBrGGpFeMWQPvFUFg==",
      "viewCount": null,
      "duration": "29:0",
      "size": 27848089
    },
    {
      "id": "286490ce-7b87-4baa-afe8-62f59fd2cd86",
      "pid": "6e2af5cd-c18f-4ac8-8f59-a2c493d8e72f",
      "dblevel": 4,
      "location": "/VGMA/DocSach/ToiTinThanhLinh/ToiTinThanhLinh-13",
      "isVideo": false,
      "url": "doc-sach.toi-tin-thanh-linh.toi-tin-thanh-linh-13",
      "name": "Tôi Tin Thánh Linh-13",
      "count": 0,
      "isLeaf": null,
      "keyword": null,
      "hash": "U2FsdGVkX1+9D9h6CxORPJcAdMLrX2lsaVRGb5ueumoyTQigXG6RmAF5n10LLVo5SPbeApCIJTVan6bu7mxOvg==",
      "khash": "U2FsdGVkX19mtW2WiHIdYBUCXmgi+2KUketcfbXSTHUR+WvuE/eXW+rTjbDOSrjIpUgGmB9Fn4K0zTCkV1COuw==",
      "viewCount": null,
      "duration": "28:34",
      "size": 27438745
    },
    {
      "id": "44393b42-117e-4c58-ba0c-b5a39de0fe38",
      "pid": "6e2af5cd-c18f-4ac8-8f59-a2c493d8e72f",
      "dblevel": 4,
      "location": "/VGMA/DocSach/ToiTinThanhLinh/ToiTinThanhLinh-14",
      "isVideo": false,
      "url": "doc-sach.toi-tin-thanh-linh.toi-tin-thanh-linh-14",
      "name": "Tôi Tin Thánh Linh-14",
      "count": 0,
      "isLeaf": null,
      "keyword": null,
      "hash": "U2FsdGVkX19EfljLVFdeqxVKoHNyW5hkia8+GY5hCRMaynzd5x8w6Ew2Qng9AmmBSAVg/6dkJiAcQRk5eD+ySg==",
      "khash": "U2FsdGVkX1+IgFqZYrFLoEZKnFgH60spMqtki8h/jeA8I/6JfFKRIocj4K8J+H3HN6xVQBmgwmdP1z+TdoCKIg==",
      "viewCount": null,
      "duration": "29:12",
      "size": 28046617
    },
    {
      "id": "6283969a-a000-4310-a746-613d8d9708e5",
      "pid": "6e2af5cd-c18f-4ac8-8f59-a2c493d8e72f",
      "dblevel": 4,
      "location": "/VGMA/DocSach/ToiTinThanhLinh/ToiTinThanhLinh-15",
      "isVideo": false,
      "url": "doc-sach.toi-tin-thanh-linh.toi-tin-thanh-linh-15",
      "name": "Tôi Tin Thánh Linh-15",
      "count": 0,
      "isLeaf": null,
      "keyword": null,
      "hash": "U2FsdGVkX18zd1H58UVFDHLGEFMump6c8kGsZbeHrNXyjs+C52MLlAz9IsvTTTpOaQ3ZNA77USdvUoKj9L4BiA==",
      "khash": "U2FsdGVkX19RbmoMqOraMNcZqarvoXn0K0KwC/2ZGzQb+BtZLstqcvkVm9vAzql3y9/jmNBy/fJ7uiqQEX+IPA==",
      "viewCount": null,
      "duration": "31:18",
      "size": 30048793
    },
    {
      "id": "008936aa-425a-4b43-87ee-89414589d2de",
      "pid": "6e2af5cd-c18f-4ac8-8f59-a2c493d8e72f",
      "dblevel": 4,
      "location": "/VGMA/DocSach/ToiTinThanhLinh/ToiTinThanhLinh-16",
      "isVideo": false,
      "url": "doc-sach.toi-tin-thanh-linh.toi-tin-thanh-linh-16",
      "name": "Tôi Tin Thánh Linh-16",
      "count": 0,
      "isLeaf": null,
      "keyword": null,
      "hash": "U2FsdGVkX18cIYban7tt9tabKrcrhfYXKpVCmCGbm+qhPIDVzklfJUzlHwbtT1iahu21RixnMJQsOqAOkaXCPg==",
      "khash": "U2FsdGVkX1+Kz01uYw84KKun1x3XqPdPEN3nK/QhSZlkOqI4FQ3BGBmUB6Mte0l4Su1+TsDtVHumVYHL16+sCQ==",
      "viewCount": null,
      "duration": "30:54",
      "size": 29670553
    },
    {
      "id": "223f3d69-0454-4597-a380-0c5c45486765",
      "pid": "6e2af5cd-c18f-4ac8-8f59-a2c493d8e72f",
      "dblevel": 4,
      "location": "/VGMA/DocSach/ToiTinThanhLinh/ToiTinThanhLinh-17",
      "isVideo": false,
      "url": "doc-sach.toi-tin-thanh-linh.toi-tin-thanh-linh-17",
      "name": "Tôi Tin Thánh Linh-17",
      "count": 0,
      "isLeaf": null,
      "keyword": null,
      "hash": "U2FsdGVkX1/h1INnBfQQeF4g+3B/HefjvwpQKg11fREbRUbpirRYciVjOsgaydOkghxjdtYmWaoNYbwIbRhThQ==",
      "khash": "U2FsdGVkX1+vlf6IZcGuJYea+Iz7GUs45qQUMzRA4+tw9vq/aJ7r87NFdE+c5eZVpk18+gI9SuOvo+GbhLCLQA==",
      "viewCount": null,
      "duration": "28:19",
      "size": 27198361
    },
    {
      "id": "88426290-4279-46a4-bfdd-ac816659b778",
      "pid": "6e2af5cd-c18f-4ac8-8f59-a2c493d8e72f",
      "dblevel": 4,
      "location": "/VGMA/DocSach/ToiTinThanhLinh/ToiTinThanhLinh-18",
      "isVideo": false,
      "url": "doc-sach.toi-tin-thanh-linh.toi-tin-thanh-linh-18",
      "name": "Tôi Tin Thánh Linh-18",
      "count": 0,
      "isLeaf": null,
      "keyword": null,
      "hash": "U2FsdGVkX1+/nPRDoOCO00a3X4zOmPavCiWOmYaMKPq0NUc7XDmlUXShw898epHlIPwGuDKz6EVA2ig3Sjud6A==",
      "khash": "U2FsdGVkX19OVk/XdyfZhhSomUg/FTaf7rSh52oEbLCl7+xXIGmWGNfkj8eWcKQOK2c6RUD/tjhL4DjE5tb/fg==",
      "viewCount": null,
      "duration": "29:39",
      "size": 28475161
    },
    {
      "id": "0a7c8182-91c6-4424-9465-8f0367d5ef3b",
      "pid": "6e2af5cd-c18f-4ac8-8f59-a2c493d8e72f",
      "dblevel": 4,
      "location": "/VGMA/DocSach/ToiTinThanhLinh/ToiTinThanhLinh-19",
      "isVideo": false,
      "url": "doc-sach.toi-tin-thanh-linh.toi-tin-thanh-linh-19",
      "name": "Tôi Tin Thánh Linh-19",
      "count": 0,
      "isLeaf": null,
      "keyword": null,
      "hash": "U2FsdGVkX18a1A4ESsDT3ClUeWBYZVTm+wLcYgkyE8FCPyu35AiBReDuP69P4TjNhLuSkBS9Ho5jbsr6/UdbEA==",
      "khash": "U2FsdGVkX1/jA7U9zJ3lvZrJRlrBNGyQMES1LO6zYTc0osLe14+I4r0CuaInbVTP6I4p+1KwrP46fwqd+TN0lQ==",
      "viewCount": null,
      "duration": "28:29",
      "size": 27356185
    },
    {
      "id": "6d8e592c-b960-43e2-b439-9c48a0c851bb",
      "pid": "6e2af5cd-c18f-4ac8-8f59-a2c493d8e72f",
      "dblevel": 4,
      "location": "/VGMA/DocSach/ToiTinThanhLinh/ToiTinThanhLinh-20",
      "isVideo": false,
      "url": "doc-sach.toi-tin-thanh-linh.toi-tin-thanh-linh-20",
      "name": "Tôi Tin Thánh Linh-20",
      "count": 0,
      "isLeaf": null,
      "keyword": null,
      "hash": "U2FsdGVkX18qKBKQbyxxCOH2tsQlG6kLCpPsO/bieQNZdnQgF39aTYcn5x7GpuTlZsvfNyyAyCYM1g5KOvptwA==",
      "khash": "U2FsdGVkX1/moQY9s1le8AergeZlc0VCSj6DhaV+9ymYZ40dETOaEW9wL4ZoI94NzJee5ioY0Ugy6YT4LeHPJg==",
      "viewCount": null,
      "duration": "28:22",
      "size": 27234841
    },
    {
      "id": "a3c1985b-7394-45df-abcc-80022a6b1652",
      "pid": "6e2af5cd-c18f-4ac8-8f59-a2c493d8e72f",
      "dblevel": 4,
      "location": "/VGMA/DocSach/ToiTinThanhLinh/ToiTinThanhLinh-21",
      "isVideo": false,
      "url": "doc-sach.toi-tin-thanh-linh.toi-tin-thanh-linh-21",
      "name": "Tôi Tin Thánh Linh-21",
      "count": 0,
      "isLeaf": null,
      "keyword": null,
      "hash": "U2FsdGVkX189YbcEOnVwaQKFE+Csx283ki7u8+6skXhkyIeXukgaHk9Ae9QlWDUbAP5EKDmMV7yEADeCY1lYPg==",
      "khash": "U2FsdGVkX1/zAzDji/m0m3B3aOBGNw9r76/nAIsuBhtCmyxPGADp33sLVzZg7d2LpT0Q76gx7jIpVecGqX0AIQ==",
      "viewCount": null,
      "duration": "28:53",
      "size": 27740185
    },
    {
      "id": "afb76f07-d071-4723-bd93-613c94933c3e",
      "pid": "6e2af5cd-c18f-4ac8-8f59-a2c493d8e72f",
      "dblevel": 4,
      "location": "/VGMA/DocSach/ToiTinThanhLinh/ToiTinThanhLinh-22",
      "isVideo": false,
      "url": "doc-sach.toi-tin-thanh-linh.toi-tin-thanh-linh-22",
      "name": "Tôi Tin Thánh Linh-22",
      "count": 0,
      "isLeaf": null,
      "keyword": null,
      "hash": "U2FsdGVkX19XJRozTmJOTzA3c0aaiQuK2lpJgulnRfYlvsAtM1AQ6N3P4OQK5/FlTB4V5HBtA+BTDqcmFUE1Bw==",
      "khash": "U2FsdGVkX1/hDYGMeg9vkDfybPyJ3Fd68CFcpY5OEA+JIhKNWyAhI+cNMssb7S/bKP4YvnmfjPKKokH4+KpQQg==",
      "viewCount": null,
      "duration": "26:48",
      "size": 25732249
    }
  ]
}