{
  "id": "6f258179-1471-4e59-8700-afac7c3a8a7f",
  "pid": "ce888415-a267-4522-813e-80d629113299",
  "dblevel": 3,
  "location": "/VGMA/DocSach/LichSuHoiThanhTinLanhVietNam",
  "isVideo": false,
  "url": "doc-sach.lich-su-hoi-thanh-tin--lanh-viet-nam",
  "name": "Lịch Sử Hội Thánh Tin  Lành Việt Nam",
  "count": 27,
  "isLeaf": true,
  "keyword": null,
  "hash": null,
  "khash": null,
  "viewCount": null,
  "duration": null,
  "size": null,
  "children": [
    {
      "id": "715b0aa3-5f47-469c-ab5e-5a3c3895506c",
      "pid": "6f258179-1471-4e59-8700-afac7c3a8a7f",
      "dblevel": 4,
      "location": "/VGMA/DocSach/LichSuHoiThanhTinLanhVietNam/LichSuHoiThanhTinLanhVietNam-01",
      "isVideo": false,
      "url": "doc-sach.lich-su-hoi-thanh-tin--lanh-viet-nam.lich-su-hoi-thanh-tin-lanh-viet-nam-01",
      "name": "Lịch Sử Hội Thánh Tin  Lành Việt Nam-01",
      "count": 0,
      "isLeaf": null,
      "keyword": null,
      "hash": "U2FsdGVkX1+nf3nRuGkzui7FtvUqR/ZSXcGS4LuFNln+ONDWJieY+Gy6j2bgQ8hgRofBy+UO7t4W4r/OK/BjLg==",
      "khash": "U2FsdGVkX1/fiTcED2wh9RCX7/X41LZtFimQwOVTv1XSatfSiikU7zSpxlvFfj3AlO/0B6OjZI5q/Ut66MsSeQ==",
      "viewCount": null,
      "duration": "28:34",
      "size": 27438038
    },
    {
      "id": "459f754a-48e2-4223-be05-355761404cfb",
      "pid": "6f258179-1471-4e59-8700-afac7c3a8a7f",
      "dblevel": 4,
      "location": "/VGMA/DocSach/LichSuHoiThanhTinLanhVietNam/LichSuHoiThanhTinLanhVietNam-02",
      "isVideo": false,
      "url": "doc-sach.lich-su-hoi-thanh-tin--lanh-viet-nam.lich-su-hoi-thanh-tin-lanh-viet-nam-02",
      "name": "Lịch Sử Hội Thánh Tin  Lành Việt Nam-02",
      "count": 0,
      "isLeaf": null,
      "keyword": null,
      "hash": "U2FsdGVkX181/4VEPEXBqh58Eb1uewYGjNvxWXXMyzxDw1wfiZTalbgYsOuPbwNvti7rSnfimWIeRl5Pflj7sA==",
      "khash": null,
      "viewCount": null,
      "duration": "31:28",
      "size": 30217814
    },
    {
      "id": "7475c579-6fb0-4298-b74b-c11d34d79982",
      "pid": "6f258179-1471-4e59-8700-afac7c3a8a7f",
      "dblevel": 4,
      "location": "/VGMA/DocSach/LichSuHoiThanhTinLanhVietNam/LichSuHoiThanhTinLanhVietNam-03",
      "isVideo": false,
      "url": "doc-sach.lich-su-hoi-thanh-tin--lanh-viet-nam.lich-su-hoi-thanh-tin-lanh-viet-nam-03",
      "name": "Lịch Sử Hội Thánh Tin  Lành Việt Nam-03",
      "count": 0,
      "isLeaf": null,
      "keyword": null,
      "hash": "U2FsdGVkX1/B6QA2fe1ua7ucfsHdrPehdd03EoONBI5yW/EEKU26RjZZZM0y85RCf8SKREfBThKz3+/3oqTJEg==",
      "khash": "U2FsdGVkX1+EACToD8zAPAo0IrbUcoN5oJj7oQaaL/EkP7VptYszhzZiKJgbXULlawIxlUfaJppEnFIbEuS8Mw==",
      "viewCount": null,
      "duration": "27:54",
      "size": 26796758
    },
    {
      "id": "4d31585d-44d0-47da-bc25-4e51a1b713b8",
      "pid": "6f258179-1471-4e59-8700-afac7c3a8a7f",
      "dblevel": 4,
      "location": "/VGMA/DocSach/LichSuHoiThanhTinLanhVietNam/LichSuHoiThanhTinLanhVietNam-04",
      "isVideo": false,
      "url": "doc-sach.lich-su-hoi-thanh-tin--lanh-viet-nam.lich-su-hoi-thanh-tin-lanh-viet-nam-04",
      "name": "Lịch Sử Hội Thánh Tin  Lành Việt Nam-04",
      "count": 0,
      "isLeaf": null,
      "keyword": null,
      "hash": "U2FsdGVkX1+yl6QQK3pu7SAhYY7GVYf1to+mL7KOkzYvDy6QQLHcduuvnb/cLQi2e9/gufUrdjN+eH+ZXU+0EQ==",
      "khash": "U2FsdGVkX1/FEeza1cJsbzc4wlRDTJzMIi6rRBQENyQWALVC33D7A2/WDKK0t9VTT+4b1+mP4SpY+L7pxpD3fg==",
      "viewCount": null,
      "duration": "31:21",
      "size": 30099542
    },
    {
      "id": "2f5275f6-8202-47df-855e-3241c9acd682",
      "pid": "6f258179-1471-4e59-8700-afac7c3a8a7f",
      "dblevel": 4,
      "location": "/VGMA/DocSach/LichSuHoiThanhTinLanhVietNam/LichSuHoiThanhTinLanhVietNam-05",
      "isVideo": false,
      "url": "doc-sach.lich-su-hoi-thanh-tin--lanh-viet-nam.lich-su-hoi-thanh-tin-lanh-viet-nam-05",
      "name": "Lịch Sử Hội Thánh Tin  Lành Việt Nam-05",
      "count": 0,
      "isLeaf": null,
      "keyword": null,
      "hash": "U2FsdGVkX199D36FHAJ5fZ81Sq4rc2qG7HVdtqTU6tx0w/fJXT1scaMt5qLq6EhJJl8Dt/WnKXDkAn1KEcwopg==",
      "khash": "U2FsdGVkX18u/4rCQqDs/Yc7ew1Xm0tcqlhhk0zEQor8/UGU53F2LtaZUwX9vyNw8oF2w+jXZxsHFGEXXAo3tA==",
      "viewCount": null,
      "duration": "30:56",
      "size": 29697878
    },
    {
      "id": "53e449b9-7bf7-4747-9ef6-da8afb2a8c2e",
      "pid": "6f258179-1471-4e59-8700-afac7c3a8a7f",
      "dblevel": 4,
      "location": "/VGMA/DocSach/LichSuHoiThanhTinLanhVietNam/LichSuHoiThanhTinLanhVietNam-06",
      "isVideo": false,
      "url": "doc-sach.lich-su-hoi-thanh-tin--lanh-viet-nam.lich-su-hoi-thanh-tin-lanh-viet-nam-06",
      "name": "Lịch Sử Hội Thánh Tin  Lành Việt Nam-06",
      "count": 0,
      "isLeaf": null,
      "keyword": null,
      "hash": "U2FsdGVkX1/Fnr34dQGmKYfaWn60X2eChi3IreXa0vvEegT1ohCEJKpi4NkrRCdrs2r71GhZMLM7DHt9365LZg==",
      "khash": null,
      "viewCount": null,
      "duration": "28:30",
      "size": 27361991
    },
    {
      "id": "ca7bfefe-6452-480f-a1b3-4d1073fcf86a",
      "pid": "6f258179-1471-4e59-8700-afac7c3a8a7f",
      "dblevel": 4,
      "location": "/VGMA/DocSach/LichSuHoiThanhTinLanhVietNam/LichSuHoiThanhTinLanhVietNam-07",
      "isVideo": false,
      "url": "doc-sach.lich-su-hoi-thanh-tin--lanh-viet-nam.lich-su-hoi-thanh-tin-lanh-viet-nam-07",
      "name": "Lịch Sử Hội Thánh Tin  Lành Việt Nam-07",
      "count": 0,
      "isLeaf": null,
      "keyword": null,
      "hash": "U2FsdGVkX19HvaAbcPo+HQmAWIRNiz/VGBLNCf6/FrAoNCtuX9rfFKnByw4GSXHebh2lHsJ1X+S+ZU2fzV/0ow==",
      "khash": "U2FsdGVkX1//w+jH85F3jVE4Ki66xMRD5yiivEb7pRvdQoiS0jIL+PJqK56L2MjVcgfizaRB05UtcEwNfcCDFw==",
      "viewCount": null,
      "duration": "28:33",
      "size": 27418838
    },
    {
      "id": "bc1ac13b-b9e8-489f-9a30-cb01e446b0f6",
      "pid": "6f258179-1471-4e59-8700-afac7c3a8a7f",
      "dblevel": 4,
      "location": "/VGMA/DocSach/LichSuHoiThanhTinLanhVietNam/LichSuHoiThanhTinLanhVietNam-08",
      "isVideo": false,
      "url": "doc-sach.lich-su-hoi-thanh-tin--lanh-viet-nam.lich-su-hoi-thanh-tin-lanh-viet-nam-08",
      "name": "Lịch Sử Hội Thánh Tin  Lành Việt Nam-08",
      "count": 0,
      "isLeaf": null,
      "keyword": null,
      "hash": "U2FsdGVkX192GXtopOCEQuiyOMLeB7/TdvrTqjLW6YM/4JOn6bfb34DtZjgLrRWUhvGmRDdtdpXr58vmcQa3yg==",
      "khash": null,
      "viewCount": null,
      "duration": "28:32",
      "size": 27396566
    },
    {
      "id": "354ee4c7-eb28-46f3-ab37-8ec5f86c0d7e",
      "pid": "6f258179-1471-4e59-8700-afac7c3a8a7f",
      "dblevel": 4,
      "location": "/VGMA/DocSach/LichSuHoiThanhTinLanhVietNam/LichSuHoiThanhTinLanhVietNam-09",
      "isVideo": false,
      "url": "doc-sach.lich-su-hoi-thanh-tin--lanh-viet-nam.lich-su-hoi-thanh-tin-lanh-viet-nam-09",
      "name": "Lịch Sử Hội Thánh Tin  Lành Việt Nam-09",
      "count": 0,
      "isLeaf": null,
      "keyword": null,
      "hash": "U2FsdGVkX19jzMs/S5J57/mCpoq4VezIN7ahcCITRwCbw1G6no7uWhOfH/P4KW2HQdrPVVtU4xdMAJ+Aemh3zA==",
      "khash": null,
      "viewCount": null,
      "duration": "27:15",
      "size": 26162774
    },
    {
      "id": "020197bc-71ed-4623-b4a0-e9cc81237358",
      "pid": "6f258179-1471-4e59-8700-afac7c3a8a7f",
      "dblevel": 4,
      "location": "/VGMA/DocSach/LichSuHoiThanhTinLanhVietNam/LichSuHoiThanhTinLanhVietNam-10",
      "isVideo": false,
      "url": "doc-sach.lich-su-hoi-thanh-tin--lanh-viet-nam.lich-su-hoi-thanh-tin-lanh-viet-nam-10",
      "name": "Lịch Sử Hội Thánh Tin  Lành Việt Nam-10",
      "count": 0,
      "isLeaf": null,
      "keyword": null,
      "hash": "U2FsdGVkX1/LHWijKnMgZIeKh9TMeY8ZqV1JhHWRwpmXzmLTDfdMnCF6M176L7EfCF551R3NTffHW53LeMzzJw==",
      "khash": null,
      "viewCount": null,
      "duration": "28:34",
      "size": 27429206
    },
    {
      "id": "7005415b-f7c5-49f5-92f3-c8c5033654d5",
      "pid": "6f258179-1471-4e59-8700-afac7c3a8a7f",
      "dblevel": 4,
      "location": "/VGMA/DocSach/LichSuHoiThanhTinLanhVietNam/LichSuHoiThanhTinLanhVietNam-11",
      "isVideo": false,
      "url": "doc-sach.lich-su-hoi-thanh-tin--lanh-viet-nam.lich-su-hoi-thanh-tin-lanh-viet-nam-11",
      "name": "Lịch Sử Hội Thánh Tin  Lành Việt Nam-11",
      "count": 0,
      "isLeaf": null,
      "keyword": null,
      "hash": "U2FsdGVkX1+NYYUK2VQQE6Y6tsSFjfiibK8cqiAvkCKflcrYetwQXCRuIKWVWx7aFrgRY/kdqrPUpQGnVL6YLA==",
      "khash": null,
      "viewCount": null,
      "duration": "28:33",
      "size": 27422294
    },
    {
      "id": "ffb94130-d3d4-416d-9c6e-97a27abf0e0e",
      "pid": "6f258179-1471-4e59-8700-afac7c3a8a7f",
      "dblevel": 4,
      "location": "/VGMA/DocSach/LichSuHoiThanhTinLanhVietNam/LichSuHoiThanhTinLanhVietNam-12",
      "isVideo": false,
      "url": "doc-sach.lich-su-hoi-thanh-tin--lanh-viet-nam.lich-su-hoi-thanh-tin-lanh-viet-nam-12",
      "name": "Lịch Sử Hội Thánh Tin  Lành Việt Nam-12",
      "count": 0,
      "isLeaf": null,
      "keyword": null,
      "hash": "U2FsdGVkX1/6XK1tNkYJ/REOpr6iu1vbmCphiopKFXqA3v/gMjU+YfmAIJQLij+va/A4vF7VD/X/m409rgL+rw==",
      "khash": "U2FsdGVkX18J36BFxtLq/aKEJJDxpSMkb6A+YoX9tNT1dJonCwtLqv+NphIkKMmI6j4zrbQLHXPPom9BMCBYwg==",
      "viewCount": null,
      "duration": "28:33",
      "size": 27423446
    },
    {
      "id": "66807ed8-8104-4762-81a6-1c23f312b71e",
      "pid": "6f258179-1471-4e59-8700-afac7c3a8a7f",
      "dblevel": 4,
      "location": "/VGMA/DocSach/LichSuHoiThanhTinLanhVietNam/LichSuHoiThanhTinLanhVietNam-13",
      "isVideo": false,
      "url": "doc-sach.lich-su-hoi-thanh-tin--lanh-viet-nam.lich-su-hoi-thanh-tin-lanh-viet-nam-13",
      "name": "Lịch Sử Hội Thánh Tin  Lành Việt Nam-13",
      "count": 0,
      "isLeaf": null,
      "keyword": null,
      "hash": "U2FsdGVkX1/nfRdiE1yIlMuyFo5goi2FmKr8I+5o+nLMWEfPLMYSQYyqC2aBL/DPDKdegEnzYHbgyZh7nYumMQ==",
      "khash": null,
      "viewCount": null,
      "duration": "27:29",
      "size": 26396630
    },
    {
      "id": "a87c89d0-9af4-4a48-936e-c98434e64fb7",
      "pid": "6f258179-1471-4e59-8700-afac7c3a8a7f",
      "dblevel": 4,
      "location": "/VGMA/DocSach/LichSuHoiThanhTinLanhVietNam/LichSuHoiThanhTinLanhVietNam-14",
      "isVideo": false,
      "url": "doc-sach.lich-su-hoi-thanh-tin--lanh-viet-nam.lich-su-hoi-thanh-tin-lanh-viet-nam-14",
      "name": "Lịch Sử Hội Thánh Tin  Lành Việt Nam-14",
      "count": 0,
      "isLeaf": null,
      "keyword": null,
      "hash": "U2FsdGVkX19ETVsmNN5oN1SvBu3SubrrBlSn7tilC0gyNyIPRLcafd1musbiOJXYQ42P+zO1hIAdkuWxzlJujw==",
      "khash": null,
      "viewCount": null,
      "duration": "28:31",
      "size": 27390038
    },
    {
      "id": "aa19974e-5cf5-43d9-b2e7-a16d74eb06bb",
      "pid": "6f258179-1471-4e59-8700-afac7c3a8a7f",
      "dblevel": 4,
      "location": "/VGMA/DocSach/LichSuHoiThanhTinLanhVietNam/LichSuHoiThanhTinLanhVietNam-15",
      "isVideo": false,
      "url": "doc-sach.lich-su-hoi-thanh-tin--lanh-viet-nam.lich-su-hoi-thanh-tin-lanh-viet-nam-15",
      "name": "Lịch Sử Hội Thánh Tin  Lành Việt Nam-15",
      "count": 0,
      "isLeaf": null,
      "keyword": null,
      "hash": "U2FsdGVkX19KF2MULLfaug5oOnQz3kBaUz6c5FNGM/P34toWL4CfUCJ7LpcftHUe5wIAmnur2g60jroA9YDUPQ==",
      "khash": "U2FsdGVkX1/vqc8kR47h5yKCIl3JzEbuOI5mc+hPAI+qQnSeBbQNA2f/FhN8VNKtUSr53+yZzS93sDD8wQqJqg==",
      "viewCount": null,
      "duration": "28:30",
      "size": 27361991
    },
    {
      "id": "a8f8f676-16a0-4d53-b971-e4cda1abfb97",
      "pid": "6f258179-1471-4e59-8700-afac7c3a8a7f",
      "dblevel": 4,
      "location": "/VGMA/DocSach/LichSuHoiThanhTinLanhVietNam/LichSuHoiThanhTinLanhVietNam-16",
      "isVideo": false,
      "url": "doc-sach.lich-su-hoi-thanh-tin--lanh-viet-nam.lich-su-hoi-thanh-tin-lanh-viet-nam-16",
      "name": "Lịch Sử Hội Thánh Tin  Lành Việt Nam-16",
      "count": 0,
      "isLeaf": null,
      "keyword": null,
      "hash": "U2FsdGVkX1/TyivHMvAPbhnPxTfZzKuCdIBDCcyIlZz71nSwvG44pObW0dHKQ8E2ftDUY5DiQECtVZlLDRcdjA==",
      "khash": "U2FsdGVkX1/yI+tBnv1aEaxrzhMjAfEjrMuEqDnqFGLVjfqn5gaQhlxSTqV1qX9rT0ZFT/QROulVtYKQcxs0QQ==",
      "viewCount": null,
      "duration": "28:13",
      "size": 27092822
    },
    {
      "id": "f82b8f3c-7152-4f94-8674-d7f958963abe",
      "pid": "6f258179-1471-4e59-8700-afac7c3a8a7f",
      "dblevel": 4,
      "location": "/VGMA/DocSach/LichSuHoiThanhTinLanhVietNam/LichSuHoiThanhTinLanhVietNam-17",
      "isVideo": false,
      "url": "doc-sach.lich-su-hoi-thanh-tin--lanh-viet-nam.lich-su-hoi-thanh-tin-lanh-viet-nam-17",
      "name": "Lịch Sử Hội Thánh Tin  Lành Việt Nam-17",
      "count": 0,
      "isLeaf": null,
      "keyword": null,
      "hash": "U2FsdGVkX1/6ZiOF0MJPsC38CZlw46iCM6Y4BKNKLZ1u1rXOwdy+J+U47bjLoSKx/z0fbMDhyvwh7OhUI4ePpA==",
      "khash": null,
      "viewCount": null,
      "duration": "28:32",
      "size": 27401174
    },
    {
      "id": "af4a4e59-0fdd-4351-a0e2-3d027fe4475f",
      "pid": "6f258179-1471-4e59-8700-afac7c3a8a7f",
      "dblevel": 4,
      "location": "/VGMA/DocSach/LichSuHoiThanhTinLanhVietNam/LichSuHoiThanhTinLanhVietNam-18",
      "isVideo": false,
      "url": "doc-sach.lich-su-hoi-thanh-tin--lanh-viet-nam.lich-su-hoi-thanh-tin-lanh-viet-nam-18",
      "name": "Lịch Sử Hội Thánh Tin  Lành Việt Nam-18",
      "count": 0,
      "isLeaf": null,
      "keyword": null,
      "hash": "U2FsdGVkX1/Ol8N5AFqXgHMsQ5J/4BvrdXzvQNFVg4rG1sHgDpfn35fWv9GmT525Iy9fpCMpc/EGiH9Y5BsavQ==",
      "khash": null,
      "viewCount": null,
      "duration": "28:33",
      "size": 27418454
    },
    {
      "id": "074c8162-7454-42dd-9c8b-1a921d3ea157",
      "pid": "6f258179-1471-4e59-8700-afac7c3a8a7f",
      "dblevel": 4,
      "location": "/VGMA/DocSach/LichSuHoiThanhTinLanhVietNam/LichSuHoiThanhTinLanhVietNam-19",
      "isVideo": false,
      "url": "doc-sach.lich-su-hoi-thanh-tin--lanh-viet-nam.lich-su-hoi-thanh-tin-lanh-viet-nam-19",
      "name": "Lịch Sử Hội Thánh Tin  Lành Việt Nam-19",
      "count": 0,
      "isLeaf": null,
      "keyword": null,
      "hash": "U2FsdGVkX1+GSYX8fSERfayR8ysU67DRx/5qucES3XHYXI8pP7z6ATxOfKKW/Z8m/e8sUSp5gzeWcM88dKTMkA==",
      "khash": "U2FsdGVkX18WUVw48Y0m++l94CPKG0p8NZztFzep8CtU6A08V4hHxL/vvSQE4wmGD2rdFaklcK+j7k8S03LJjQ==",
      "viewCount": null,
      "duration": "28:33",
      "size": 27417302
    },
    {
      "id": "949a58cf-7232-4888-993e-dd9ff0f20ad7",
      "pid": "6f258179-1471-4e59-8700-afac7c3a8a7f",
      "dblevel": 4,
      "location": "/VGMA/DocSach/LichSuHoiThanhTinLanhVietNam/LichSuHoiThanhTinLanhVietNam-20",
      "isVideo": false,
      "url": "doc-sach.lich-su-hoi-thanh-tin--lanh-viet-nam.lich-su-hoi-thanh-tin-lanh-viet-nam-20",
      "name": "Lịch Sử Hội Thánh Tin  Lành Việt Nam-20",
      "count": 0,
      "isLeaf": null,
      "keyword": null,
      "hash": "U2FsdGVkX18BI54c+HlPWt6yZ5NPiIE0eLz3fx8FMAeejyQ/THynwWHtiVVHM1qIXGsyQHLm3LG7JzhKDL2DXA==",
      "khash": null,
      "viewCount": null,
      "duration": "28:37",
      "size": 27479126
    },
    {
      "id": "2bc3aa49-f7b0-4454-a498-576fb7b28432",
      "pid": "6f258179-1471-4e59-8700-afac7c3a8a7f",
      "dblevel": 4,
      "location": "/VGMA/DocSach/LichSuHoiThanhTinLanhVietNam/LichSuHoiThanhTinLanhVietNam-21",
      "isVideo": false,
      "url": "doc-sach.lich-su-hoi-thanh-tin--lanh-viet-nam.lich-su-hoi-thanh-tin-lanh-viet-nam-21",
      "name": "Lịch Sử Hội Thánh Tin  Lành Việt Nam-21",
      "count": 0,
      "isLeaf": null,
      "keyword": null,
      "hash": "U2FsdGVkX18mcADA5DZvYrqGqBhIW1+xHC1QLXjKyLQ/RGMNZnNjX+L4lbWSbffIGrCglTybj5aBXmZoyFT2YQ==",
      "khash": null,
      "viewCount": null,
      "duration": "28:36",
      "size": 27463766
    },
    {
      "id": "0371b4aa-1de3-484b-953b-5e2829fb21f1",
      "pid": "6f258179-1471-4e59-8700-afac7c3a8a7f",
      "dblevel": 4,
      "location": "/VGMA/DocSach/LichSuHoiThanhTinLanhVietNam/LichSuHoiThanhTinLanhVietNam-22",
      "isVideo": false,
      "url": "doc-sach.lich-su-hoi-thanh-tin--lanh-viet-nam.lich-su-hoi-thanh-tin-lanh-viet-nam-22",
      "name": "Lịch Sử Hội Thánh Tin  Lành Việt Nam-22",
      "count": 0,
      "isLeaf": null,
      "keyword": null,
      "hash": "U2FsdGVkX1/k8qf5rotLTMB7IKHrXS/lb723QW77860euCt3vI0P7MrOUh9BPdtzFVKBVs/nB/ISmFGKMy5Vcg==",
      "khash": "U2FsdGVkX1/wHXz6UmelRD+ZRBiSRnz4wKfN94W1DTsSlDGGzjhpHerD6HlLqQ+8FCjFWDgC/TJoNRISt6cXIQ==",
      "viewCount": null,
      "duration": "28:37",
      "size": 27474902
    },
    {
      "id": "88bc36e9-8fdb-430b-8eb7-e7fc1a4f7a0a",
      "pid": "6f258179-1471-4e59-8700-afac7c3a8a7f",
      "dblevel": 4,
      "location": "/VGMA/DocSach/LichSuHoiThanhTinLanhVietNam/LichSuHoiThanhTinLanhVietNam-23",
      "isVideo": false,
      "url": "doc-sach.lich-su-hoi-thanh-tin--lanh-viet-nam.lich-su-hoi-thanh-tin-lanh-viet-nam-23",
      "name": "Lịch Sử Hội Thánh Tin  Lành Việt Nam-23",
      "count": 0,
      "isLeaf": null,
      "keyword": null,
      "hash": "U2FsdGVkX18mR+adGtrmarvgc5NGQ/PO19N0e6wlnLHmESPPwuZi+Dvypbin4rB+t/JzpLfSaIdCXnxASu3NCg==",
      "khash": null,
      "viewCount": null,
      "duration": "28:37",
      "size": 27477206
    },
    {
      "id": "f6a73241-6071-412b-8137-f516c45b3cc0",
      "pid": "6f258179-1471-4e59-8700-afac7c3a8a7f",
      "dblevel": 4,
      "location": "/VGMA/DocSach/LichSuHoiThanhTinLanhVietNam/LichSuHoiThanhTinLanhVietNam-24",
      "isVideo": false,
      "url": "doc-sach.lich-su-hoi-thanh-tin--lanh-viet-nam.lich-su-hoi-thanh-tin-lanh-viet-nam-24",
      "name": "Lịch Sử Hội Thánh Tin  Lành Việt Nam-24",
      "count": 0,
      "isLeaf": null,
      "keyword": null,
      "hash": "U2FsdGVkX1//mW/AEGO/7Q3n3ZJHsnpPU1rLsA44LFcGN1/b7qTbQyKJJSWTilCK9qoHdtVNsil+zmXfcpELLA==",
      "khash": null,
      "viewCount": null,
      "duration": "28:37",
      "size": 27475670
    },
    {
      "id": "865738bc-5867-429c-87f9-d6804cd80103",
      "pid": "6f258179-1471-4e59-8700-afac7c3a8a7f",
      "dblevel": 4,
      "location": "/VGMA/DocSach/LichSuHoiThanhTinLanhVietNam/LichSuHoiThanhTinLanhVietNam-25",
      "isVideo": false,
      "url": "doc-sach.lich-su-hoi-thanh-tin--lanh-viet-nam.lich-su-hoi-thanh-tin-lanh-viet-nam-25",
      "name": "Lịch Sử Hội Thánh Tin  Lành Việt Nam-25",
      "count": 0,
      "isLeaf": null,
      "keyword": null,
      "hash": "U2FsdGVkX19WN8nK3Ajv83t8AgAQXbhy1dsdNcpt7skjksXdDTHzv2O6j9Nxno19I7+aBtkHfpiIzdE1GgCm4A==",
      "khash": null,
      "viewCount": null,
      "duration": "28:37",
      "size": 27473750
    },
    {
      "id": "568ff441-a7b7-4438-af6a-1c78d3d541f3",
      "pid": "6f258179-1471-4e59-8700-afac7c3a8a7f",
      "dblevel": 4,
      "location": "/VGMA/DocSach/LichSuHoiThanhTinLanhVietNam/LichSuHoiThanhTinLanhVietNam-26",
      "isVideo": false,
      "url": "doc-sach.lich-su-hoi-thanh-tin--lanh-viet-nam.lich-su-hoi-thanh-tin-lanh-viet-nam-26",
      "name": "Lịch Sử Hội Thánh Tin  Lành Việt Nam-26",
      "count": 0,
      "isLeaf": null,
      "keyword": null,
      "hash": "U2FsdGVkX181SIx2ZLopvl+Ne7c0l0Pl/0ZRZwjN208TXc603zjfToiH6nuB8J8TCLZfBkvlX/Dn3fsKmIMbOg==",
      "khash": null,
      "viewCount": null,
      "duration": "28:37",
      "size": 27481430
    },
    {
      "id": "af722661-55fa-43f5-ae73-309526c18508",
      "pid": "6f258179-1471-4e59-8700-afac7c3a8a7f",
      "dblevel": 4,
      "location": "/VGMA/DocSach/LichSuHoiThanhTinLanhVietNam/LichSuHoiThanhTinLanhVietNam-27",
      "isVideo": false,
      "url": "doc-sach.lich-su-hoi-thanh-tin--lanh-viet-nam.lich-su-hoi-thanh-tin-lanh-viet-nam-27",
      "name": "Lịch Sử Hội Thánh Tin  Lành Việt Nam-27",
      "count": 0,
      "isLeaf": null,
      "keyword": null,
      "hash": "U2FsdGVkX1+yZpKqSL11K5ACs8koANXhhRoZLLS7rVHszAM9PwSgI1maqYUv5FP2beAzTFHuGSmVFmtmFwNrLg==",
      "khash": "U2FsdGVkX1+2y6rbsVQm5WTlok3Ps60fJPdJEBHAVlHDLbk8pExRAN9j1i1QSUYACofcXn2Xi9p+Bk5iR6MGoQ==",
      "viewCount": null,
      "duration": "28:16",
      "size": 27151958
    }
  ]
}