{
  "id": "4ae43f0b-0300-4538-8c9d-4778fbf01131",
  "pid": "ce888415-a267-4522-813e-80d629113299",
  "dblevel": 3,
  "location": "/VGMA/DocSach/DangTronCuocDoi",
  "isVideo": false,
  "url": "doc-sach.dang-tron-cuoc-doi",
  "name": "Dâng Trọn Cuộc Đời",
  "count": 17,
  "isLeaf": true,
  "keyword": null,
  "hash": null,
  "khash": null,
  "viewCount": null,
  "duration": null,
  "size": null,
  "children": [
    {
      "id": "f4a12c2c-1f88-45dd-9386-46db9f7ea0b2",
      "pid": "4ae43f0b-0300-4538-8c9d-4778fbf01131",
      "dblevel": 4,
      "location": "/VGMA/DocSach/DangTronCuocDoi/DangTronCuocDoi_01",
      "isVideo": false,
      "url": "doc-sach.dang-tron-cuoc-doi.dang-tron-cuoc-doi-01",
      "name": "Dâng Trọn Cuộc Đời_01",
      "count": 0,
      "isLeaf": null,
      "keyword": null,
      "hash": "U2FsdGVkX181RQFKZkavxqBlFuOpv20EKJfVsjpowvlCPSL19lxKHQdKqlrXqfsQo1Z26r/AFlPw0IfCS2uJxg==",
      "khash": null,
      "viewCount": null,
      "duration": "28:56",
      "size": 27794834
    },
    {
      "id": "f8bea1cd-e611-49cc-b737-85c632f7ba36",
      "pid": "4ae43f0b-0300-4538-8c9d-4778fbf01131",
      "dblevel": 4,
      "location": "/VGMA/DocSach/DangTronCuocDoi/DangTronCuocDoi_02",
      "isVideo": false,
      "url": "doc-sach.dang-tron-cuoc-doi.dang-tron-cuoc-doi-02",
      "name": "Dâng Trọn Cuộc Đời_02",
      "count": 0,
      "isLeaf": null,
      "keyword": null,
      "hash": "U2FsdGVkX19KAa/3zyKBiyarrHQ7di1Xg3qqxpowXlYlni29OAI8Rt5YA/9JYiNr9MfQs+/7v7Jgy0tatoBcWQ==",
      "khash": null,
      "viewCount": null,
      "duration": "29:16",
      "size": 28096623
    },
    {
      "id": "cb981f46-604d-4c5e-86ca-7320812a5055",
      "pid": "4ae43f0b-0300-4538-8c9d-4778fbf01131",
      "dblevel": 4,
      "location": "/VGMA/DocSach/DangTronCuocDoi/DangTronCuocDoi_03",
      "isVideo": false,
      "url": "doc-sach.dang-tron-cuoc-doi.dang-tron-cuoc-doi-03",
      "name": "Dâng Trọn Cuộc Đời_03",
      "count": 0,
      "isLeaf": null,
      "keyword": null,
      "hash": "U2FsdGVkX19lP17CoxjKB5wD/euQg+O+1metKjh3Niryi9HUz/pEHFhzvQp2IwXlhHR23vFGXCAjWSmOoebJZg==",
      "khash": "U2FsdGVkX186Z9rvd/y/UrSu7dOZMqyEaGm0t96mWZJJyaenNdFhSq+wZ7c0KZjZXQbjMH11Zifp87RFgn/RLw==",
      "viewCount": null,
      "duration": "28:49",
      "size": 27676107
    },
    {
      "id": "914e9baa-271b-4ccd-8638-5e38de668e77",
      "pid": "4ae43f0b-0300-4538-8c9d-4778fbf01131",
      "dblevel": 4,
      "location": "/VGMA/DocSach/DangTronCuocDoi/DangTronCuocDoi_04",
      "isVideo": false,
      "url": "doc-sach.dang-tron-cuoc-doi.dang-tron-cuoc-doi-04",
      "name": "Dâng Trọn Cuộc Đời_04",
      "count": 0,
      "isLeaf": null,
      "keyword": null,
      "hash": "U2FsdGVkX18bdeSy4kxDFfgdm5LrMcdRSHp5D+DlFjYm3tTBLYfloBLmyhETxBYc2MN6jkoiSgqOayyNlP2NTQ==",
      "khash": null,
      "viewCount": null,
      "duration": "32:15",
      "size": 30970706
    },
    {
      "id": "c7f0594f-1f40-437f-a645-3a3a7071a9d5",
      "pid": "4ae43f0b-0300-4538-8c9d-4778fbf01131",
      "dblevel": 4,
      "location": "/VGMA/DocSach/DangTronCuocDoi/DangTronCuocDoi_05",
      "isVideo": false,
      "url": "doc-sach.dang-tron-cuoc-doi.dang-tron-cuoc-doi-05",
      "name": "Dâng Trọn Cuộc Đời_05",
      "count": 0,
      "isLeaf": null,
      "keyword": null,
      "hash": "U2FsdGVkX18FmBIOpY+Cwa3NGiAq7tBFRJoNERiSVjiqGbgO0yLpfzOM9B5B2N5ao5ELMbFchKn04LafMO9LLA==",
      "khash": "U2FsdGVkX1/N2aGMGxI/WClFwebTHkCKFivhnmf61LUEt+t4TwCRVUAthpMabO66aENGvN1k8o5rwKV6qeLD0w==",
      "viewCount": null,
      "duration": "28:59",
      "size": 27835759
    },
    {
      "id": "b473d637-ac10-4c98-b6ba-e59a6ced1f8c",
      "pid": "4ae43f0b-0300-4538-8c9d-4778fbf01131",
      "dblevel": 4,
      "location": "/VGMA/DocSach/DangTronCuocDoi/DangTronCuocDoi_06",
      "isVideo": false,
      "url": "doc-sach.dang-tron-cuoc-doi.dang-tron-cuoc-doi-06",
      "name": "Dâng Trọn Cuộc Đời_06",
      "count": 0,
      "isLeaf": null,
      "keyword": null,
      "hash": "U2FsdGVkX19fpF6e8ywHkBLkAf3TILPereBnAvvLti7sygHQjUKwfDBUoQZhHPs7ROeBN2Yjx1RbpWbDRjG12g==",
      "khash": null,
      "viewCount": null,
      "duration": "28:56",
      "size": 27798945
    },
    {
      "id": "cd96972e-0e2b-4c35-b68a-1e382549b575",
      "pid": "4ae43f0b-0300-4538-8c9d-4778fbf01131",
      "dblevel": 4,
      "location": "/VGMA/DocSach/DangTronCuocDoi/DangTronCuocDoi_07",
      "isVideo": false,
      "url": "doc-sach.dang-tron-cuoc-doi.dang-tron-cuoc-doi-07",
      "name": "Dâng Trọn Cuộc Đời_07",
      "count": 0,
      "isLeaf": null,
      "keyword": null,
      "hash": "U2FsdGVkX1/JcIkzMrhCn4R77jD1FQq+QONrs+kN8+m1wHEPVFF1olor4Z3WuBKu2/RvrN93v6fQNlWpXV1nPA==",
      "khash": "U2FsdGVkX19AQLQIk+cSUg5WC8MmQAua+0iJKf251564zG4r19upa9QKQvoHuU8iVRtzHtbuZ94fCSJc0jiRjw==",
      "viewCount": null,
      "duration": "28:59",
      "size": 27835283
    },
    {
      "id": "48b2b112-ff51-4bd0-a871-2c486747cbd7",
      "pid": "4ae43f0b-0300-4538-8c9d-4778fbf01131",
      "dblevel": 4,
      "location": "/VGMA/DocSach/DangTronCuocDoi/DangTronCuocDoi_08",
      "isVideo": false,
      "url": "doc-sach.dang-tron-cuoc-doi.dang-tron-cuoc-doi-08",
      "name": "Dâng Trọn Cuộc Đời_08",
      "count": 0,
      "isLeaf": null,
      "keyword": null,
      "hash": "U2FsdGVkX1+7uqOPSn7U/WLV8dnPr8vtIh863/aBSkE+qHeblk5v/2HNackeMgpuIt7PD8wx9RjBgNmShdZuEA==",
      "khash": null,
      "viewCount": null,
      "duration": "28:57",
      "size": 27802340
    },
    {
      "id": "3cf75b3b-37e8-4d9c-9487-a5c9c0c4d91f",
      "pid": "4ae43f0b-0300-4538-8c9d-4778fbf01131",
      "dblevel": 4,
      "location": "/VGMA/DocSach/DangTronCuocDoi/DangTronCuocDoi_09",
      "isVideo": false,
      "url": "doc-sach.dang-tron-cuoc-doi.dang-tron-cuoc-doi-09",
      "name": "Dâng Trọn Cuộc Đời_09",
      "count": 0,
      "isLeaf": null,
      "keyword": null,
      "hash": "U2FsdGVkX1+aGG992EtT8PRFfD+XYces9kNV1zZSlgDAMbJKJFHI4wxrB4ZMbjxyAg15VnmKQWgUpflOLGIM8w==",
      "khash": "U2FsdGVkX1+dwrAoQgoShRO2chGhvItLLppTallQM0icwera0TEBjRDbPwPcltRI50yiTfBzy36VVFRnNzAHyw==",
      "viewCount": null,
      "duration": "28:46",
      "size": 27637208
    },
    {
      "id": "85cd54f5-3f2e-4394-a8e2-0d88b14e8c99",
      "pid": "4ae43f0b-0300-4538-8c9d-4778fbf01131",
      "dblevel": 4,
      "location": "/VGMA/DocSach/DangTronCuocDoi/DangTronCuocDoi_10",
      "isVideo": false,
      "url": "doc-sach.dang-tron-cuoc-doi.dang-tron-cuoc-doi-10",
      "name": "Dâng Trọn Cuộc Đời_10",
      "count": 0,
      "isLeaf": null,
      "keyword": null,
      "hash": "U2FsdGVkX1/i4bQdQYW97WLlvEiSYOlA4AfAoNr1LCaBNU71WHeZELWawMEsIdyhvt0mEQ7yp7M1NYvsktar2w==",
      "khash": null,
      "viewCount": null,
      "duration": "28:56",
      "size": 27784826
    },
    {
      "id": "061eb578-cf9e-48b9-9504-14e40dedf5cb",
      "pid": "4ae43f0b-0300-4538-8c9d-4778fbf01131",
      "dblevel": 4,
      "location": "/VGMA/DocSach/DangTronCuocDoi/DangTronCuocDoi_11",
      "isVideo": false,
      "url": "doc-sach.dang-tron-cuoc-doi.dang-tron-cuoc-doi-11",
      "name": "Dâng Trọn Cuộc Đời_11",
      "count": 0,
      "isLeaf": null,
      "keyword": null,
      "hash": "U2FsdGVkX193c7JOAfATzSAGh8iDfKgduEVCzE0yM3h0Ld1rBKzuJmBpACwbnSOq07BfO//SMda3GZQlerQ2Zg==",
      "khash": "U2FsdGVkX1+EBvmBSsSt0wC0RwMgITdMVBwu2mshunXbApIP0/lAyJbHtKIIa9wSEoUOzRMqkxthHqimQoA3NA==",
      "viewCount": null,
      "duration": "29:8",
      "size": 27987846
    },
    {
      "id": "dcb5e195-37e9-4fdb-9f87-fdd2d73197cf",
      "pid": "4ae43f0b-0300-4538-8c9d-4778fbf01131",
      "dblevel": 4,
      "location": "/VGMA/DocSach/DangTronCuocDoi/DangTronCuocDoi_12",
      "isVideo": false,
      "url": "doc-sach.dang-tron-cuoc-doi.dang-tron-cuoc-doi-12",
      "name": "Dâng Trọn Cuộc Đời_12",
      "count": 0,
      "isLeaf": null,
      "keyword": null,
      "hash": "U2FsdGVkX1+nfxo2yoxYrIgqT4UMiEL7tRXqCm1osIe4bwujsOSL7n4RWAGXiHe6SAtMDs9yc4K8dtqmZxyPCQ==",
      "khash": "U2FsdGVkX1+7XQCAdwWmsF8fwSXtXnBNnBeQc4xotwVUzimF6EoJqAv1Xzl9iY1LLz9y3Himt2PT/swJ4ztkTg==",
      "viewCount": null,
      "duration": "28:56",
      "size": 27793583
    },
    {
      "id": "313b029c-a1a3-42f5-ac9d-30b9e13571b2",
      "pid": "4ae43f0b-0300-4538-8c9d-4778fbf01131",
      "dblevel": 4,
      "location": "/VGMA/DocSach/DangTronCuocDoi/DangTronCuocDoi_13",
      "isVideo": false,
      "url": "doc-sach.dang-tron-cuoc-doi.dang-tron-cuoc-doi-13",
      "name": "Dâng Trọn Cuộc Đời_13",
      "count": 0,
      "isLeaf": null,
      "keyword": null,
      "hash": "U2FsdGVkX1+I7cX+XSIhawn3UeblFHdnGA0dGqvHwyMC0caeWnuWkqrcF/LVewPTeU+r/nV13qOVtNvmOg1Keg==",
      "khash": null,
      "viewCount": null,
      "duration": "29:0",
      "size": 27860410
    },
    {
      "id": "341ce08a-95ab-4db9-86bf-aa6aae3236a1",
      "pid": "4ae43f0b-0300-4538-8c9d-4778fbf01131",
      "dblevel": 4,
      "location": "/VGMA/DocSach/DangTronCuocDoi/DangTronCuocDoi_14",
      "isVideo": false,
      "url": "doc-sach.dang-tron-cuoc-doi.dang-tron-cuoc-doi-14",
      "name": "Dâng Trọn Cuộc Đời_14",
      "count": 0,
      "isLeaf": null,
      "keyword": null,
      "hash": "U2FsdGVkX1/OSDvlhQt+lxJfft858Z/kksEe6Y2S7KOFiJw3axljzTs3E/n1luiOhlzk2dvVlzn1hZeErQ0E0A==",
      "khash": null,
      "viewCount": null,
      "duration": "27:22",
      "size": 26273067
    },
    {
      "id": "61bb764b-81b9-4a91-9f84-e65dfa3d2cc2",
      "pid": "4ae43f0b-0300-4538-8c9d-4778fbf01131",
      "dblevel": 4,
      "location": "/VGMA/DocSach/DangTronCuocDoi/DangTronCuocDoi_15",
      "isVideo": false,
      "url": "doc-sach.dang-tron-cuoc-doi.dang-tron-cuoc-doi-15",
      "name": "Dâng Trọn Cuộc Đời_15",
      "count": 0,
      "isLeaf": null,
      "keyword": null,
      "hash": "U2FsdGVkX1/+C5hqwQ3IqzM1XZukZxDzcUDGs+F7dNrC55+0t3fkc7iksUDBZXN2ktrIXQJG0tc06jEQHtciIQ==",
      "khash": "U2FsdGVkX18+3f1GErQSHWQitws6mlgO37ohwp2gJQ5CofQmo4N3ei9Q7Tdr8qrLIKgSJl5078jJeBLRFCwP3Q==",
      "viewCount": null,
      "duration": "30:26",
      "size": 29221351
    },
    {
      "id": "0c624c9c-1e58-4701-af09-e6c0d4595ee1",
      "pid": "4ae43f0b-0300-4538-8c9d-4778fbf01131",
      "dblevel": 4,
      "location": "/VGMA/DocSach/DangTronCuocDoi/DangTronCuocDoi_16",
      "isVideo": false,
      "url": "doc-sach.dang-tron-cuoc-doi.dang-tron-cuoc-doi-16",
      "name": "Dâng Trọn Cuộc Đời_16",
      "count": 0,
      "isLeaf": null,
      "keyword": null,
      "hash": "U2FsdGVkX1+rGKqX6hdII5HOewErBsm0F3rGp7eKm9pyUU//wgtcwrHDwzwAQKCnzSkqVzdZoZB082o6ocfqCw==",
      "khash": "U2FsdGVkX19N2qrFRCxkB7jscRPXaVLLb+HduaTakt3CrKYd0ZEPOla/iTrCVHunKpHV9YPrpiiugkRHZIchWA==",
      "viewCount": null,
      "duration": "28:51",
      "size": 27710846
    },
    {
      "id": "40f718fb-b320-4f3c-8d65-e6cf11e97ce4",
      "pid": "4ae43f0b-0300-4538-8c9d-4778fbf01131",
      "dblevel": 4,
      "location": "/VGMA/DocSach/DangTronCuocDoi/DangTronCuocDoi_17",
      "isVideo": false,
      "url": "doc-sach.dang-tron-cuoc-doi.dang-tron-cuoc-doi-17",
      "name": "Dâng Trọn Cuộc Đời_17",
      "count": 0,
      "isLeaf": null,
      "keyword": null,
      "hash": "U2FsdGVkX19Iq1wRIQp0hSWmE91+sdCayS3DrHFAphUy9QutVwvz2A12Dnd+JX7/TbZAQ1EtptL+FCta8n640A==",
      "khash": "U2FsdGVkX1/zwj3dUqxq5j/bTdc4BLw3JFQcO0EuTN1+PbzOqMF/hw76+Bin9NF9FIeZW1XS1vxxo0MDFmPKiA==",
      "viewCount": null,
      "duration": "32:14",
      "size": 30955882
    }
  ]
}