{
  "id": "1d69284b-def4-4da9-b063-6bac52bcd9fc",
  "pid": "ce888415-a267-4522-813e-80d629113299",
  "dblevel": 3,
  "location": "/VGMA/DocSach/ThapTuGiaCuaDangChrist-JohnScott",
  "isVideo": false,
  "url": "doc-sach.thap-tu-gia-cua-dang-christ---johnscott",
  "name": "Thập Tự Giá Của Đấng Christ - JohnScott",
  "count": 62,
  "isLeaf": true,
  "keyword": null,
  "hash": null,
  "khash": null,
  "viewCount": null,
  "duration": null,
  "size": null,
  "children": [
    {
      "id": "b4d03fda-eb9c-4833-9b21-5dc8f16dbe54",
      "pid": "1d69284b-def4-4da9-b063-6bac52bcd9fc",
      "dblevel": 4,
      "location": "/VGMA/DocSach/ThapTuGiaCuaDangChrist-JohnScott/ThapTuGiaCuaDangChrist01_LoiTua",
      "isVideo": false,
      "url": "doc-sach.thap-tu-gia-cua-dang-christ---johnscott.thap-tu-gia-cua-dang-christ-01-loi-tua",
      "name": "Thập Tự Giá Của Đấng Christ 01_Lời Tựa",
      "count": 0,
      "isLeaf": null,
      "keyword": null,
      "hash": "U2FsdGVkX19hGbqIcBAv0c+opNMrm0YcFAHsiI9ULCdp4t62Ttq0mDRzX6cBP6Sj71s8COSftbDn7uzsM6qzQA==",
      "khash": null,
      "viewCount": null,
      "duration": "17:8",
      "size": 16466547
    },
    {
      "id": "c340c9cb-6b4b-422d-8e91-9ae78897b23d",
      "pid": "1d69284b-def4-4da9-b063-6bac52bcd9fc",
      "dblevel": 4,
      "location": "/VGMA/DocSach/ThapTuGiaCuaDangChrist-JohnScott/ThapTuGiaCuaDangChrist02_LoiNoiDau",
      "isVideo": false,
      "url": "doc-sach.thap-tu-gia-cua-dang-christ---johnscott.thap-tu-gia-cua-dang-christ-02-loi-noi-dau",
      "name": "Thập Tự Giá Của Đấng Christ 02_Lời Nói Đầu",
      "count": 0,
      "isLeaf": null,
      "keyword": null,
      "hash": "U2FsdGVkX1+ZrLS74oHZY4ywG5NYx3MkdPzT95iuH7wQm43ccumPPRkRYU4L1MUV7M56h5H3COmzfZiyOFLM1g==",
      "khash": "U2FsdGVkX19ipQKoytw7XX1i4+AH0HiGa1/RSssFoGdCKB7MgTa+/EUMmTsskEZVpNakEFSc/3VX9IXrQlOTJw==",
      "viewCount": null,
      "duration": "23:26",
      "size": 22506007
    },
    {
      "id": "6e8bc13d-b4e8-4a98-a3ce-d09c945f5ec8",
      "pid": "1d69284b-def4-4da9-b063-6bac52bcd9fc",
      "dblevel": 4,
      "location": "/VGMA/DocSach/ThapTuGiaCuaDangChrist-JohnScott/ThapTuGiaCuaDangChrist03_Ch1-P1",
      "isVideo": false,
      "url": "doc-sach.thap-tu-gia-cua-dang-christ---johnscott.thap-tu-gia-cua-dang-christ-03-ch1-p1",
      "name": "Thập Tự Giá Của Đấng Christ 03_Ch1-P1",
      "count": 0,
      "isLeaf": null,
      "keyword": null,
      "hash": "U2FsdGVkX1/3P+MA7cVep9+C9vfg80JfPxBPzCxytjrF+vFQE/B/mHQHs2WOSG3Fm/P4u2yfgP/RdMJH6V7+kA==",
      "khash": "U2FsdGVkX1/kpAvRUoUK2pt/0Fv9MTcB+lw+sjd9/ZoImuXBVQITJ3AnXhKcX4Upn0mtZnDhSdFuO+l5ZD7Z7A==",
      "viewCount": null,
      "duration": "20:35",
      "size": 19767319
    },
    {
      "id": "6fc28f92-e029-4686-aabf-6387323bbd33",
      "pid": "1d69284b-def4-4da9-b063-6bac52bcd9fc",
      "dblevel": 4,
      "location": "/VGMA/DocSach/ThapTuGiaCuaDangChrist-JohnScott/ThapTuGiaCuaDangChrist04_Ch1-P2",
      "isVideo": false,
      "url": "doc-sach.thap-tu-gia-cua-dang-christ---johnscott.thap-tu-gia-cua-dang-christ-04-ch1-p2",
      "name": "Thập Tự Giá Của Đấng Christ 04_Ch1-P2",
      "count": 0,
      "isLeaf": null,
      "keyword": null,
      "hash": "U2FsdGVkX1+PpuZPSoH+BFWDv0B+FdvOzQSxpL6jt7amPZsNcDLnYhmI2ZNm9pXPhrxYvf2K62++WbhgrBXKqg==",
      "khash": "U2FsdGVkX1/DMuf4BQO63Z68x9LG9KUxIZV4JYa8heyUP/l8lnMEAaP/zIe9MckmUMM2WGm7Z0KU5p/S+0PC5Q==",
      "viewCount": null,
      "duration": "21:6",
      "size": 20276979
    },
    {
      "id": "b3390fc3-bc34-44ff-936c-574bf08aa6b1",
      "pid": "1d69284b-def4-4da9-b063-6bac52bcd9fc",
      "dblevel": 4,
      "location": "/VGMA/DocSach/ThapTuGiaCuaDangChrist-JohnScott/ThapTuGiaCuaDangChrist05_Ch1-P3",
      "isVideo": false,
      "url": "doc-sach.thap-tu-gia-cua-dang-christ---johnscott.thap-tu-gia-cua-dang-christ-05-ch1-p3",
      "name": "Thập Tự Giá Của Đấng Christ 05_Ch1-P3",
      "count": 0,
      "isLeaf": null,
      "keyword": null,
      "hash": "U2FsdGVkX1//WZSUOaitQc3YK1inbesqCparwMFom9/CiPIcCrvMDnCCnUyx/zjmPy32wsx9HgsCtITe52PNjw==",
      "khash": "U2FsdGVkX19JVeDQEoM8txXHI/euLYu15t+XtCU3M25rDsQFTS8hEt6CgZmh5IUBBIxu1rQria4CzUWmNC5wrQ==",
      "viewCount": null,
      "duration": "21:41",
      "size": 20837527
    },
    {
      "id": "fe9e6658-1951-480b-aff5-e3d32b1fb9f3",
      "pid": "1d69284b-def4-4da9-b063-6bac52bcd9fc",
      "dblevel": 4,
      "location": "/VGMA/DocSach/ThapTuGiaCuaDangChrist-JohnScott/ThapTuGiaCuaDangChrist06_Ch1-P4",
      "isVideo": false,
      "url": "doc-sach.thap-tu-gia-cua-dang-christ---johnscott.thap-tu-gia-cua-dang-christ-06-ch1-p4",
      "name": "Thập Tự Giá Của Đấng Christ 06_Ch1-P4",
      "count": 0,
      "isLeaf": null,
      "keyword": null,
      "hash": "U2FsdGVkX1/qptIPW7CiuRr/gYo/yfSMXXSPSEYm8Sj8nNHIC83cijnCX4olYol/Tv7a8bL1vRy2gj/Jwtokug==",
      "khash": null,
      "viewCount": null,
      "duration": "22:47",
      "size": 21883159
    },
    {
      "id": "19c86fff-6b8a-4b45-9ce4-b26da3323264",
      "pid": "1d69284b-def4-4da9-b063-6bac52bcd9fc",
      "dblevel": 4,
      "location": "/VGMA/DocSach/ThapTuGiaCuaDangChrist-JohnScott/ThapTuGiaCuaDangChrist07_Ch1-P5",
      "isVideo": false,
      "url": "doc-sach.thap-tu-gia-cua-dang-christ---johnscott.thap-tu-gia-cua-dang-christ-07-ch1-p5",
      "name": "Thập Tự Giá Của Đấng Christ 07_Ch1-P5",
      "count": 0,
      "isLeaf": null,
      "keyword": null,
      "hash": "U2FsdGVkX19jwDW/ERXm+KVOtndNgf4Rjnky9R0oD0wYy9iMjmBC9rpiX+b0wF2R6/cySwyGg+MbBAZouN6w4w==",
      "khash": "U2FsdGVkX19E2TOxQoE3/W6dDAts1v5tsmpD4RfIz6D9k38atGckRb62crvLjntnOXMdflkJnBHMfYN5a/rG4Q==",
      "viewCount": null,
      "duration": "20:24",
      "size": 19597591
    },
    {
      "id": "6d6ed797-e772-46df-a13f-4d9e8f800ea5",
      "pid": "1d69284b-def4-4da9-b063-6bac52bcd9fc",
      "dblevel": 4,
      "location": "/VGMA/DocSach/ThapTuGiaCuaDangChrist-JohnScott/ThapTuGiaCuaDangChrist08_Ch1-P6_Ch2-P1",
      "isVideo": false,
      "url": "doc-sach.thap-tu-gia-cua-dang-christ---johnscott.thap-tu-gia-cua-dang-christ-08-ch1-p6-ch2-p1",
      "name": "Thập Tự Giá Của Đấng Christ 08_Ch1-P6_Ch2-P1",
      "count": 0,
      "isLeaf": null,
      "keyword": null,
      "hash": "U2FsdGVkX19sSUb2olwRL/+DpTHkLcDTwc9u1JH408nrQUVI4M1QadYUWDVO/OwFUxtA1arehRo6AVnyZyvtQw==",
      "khash": null,
      "viewCount": null,
      "duration": "21:0",
      "size": 20167831
    },
    {
      "id": "eedc0000-b9d3-4b91-8c6d-34d3f364110c",
      "pid": "1d69284b-def4-4da9-b063-6bac52bcd9fc",
      "dblevel": 4,
      "location": "/VGMA/DocSach/ThapTuGiaCuaDangChrist-JohnScott/ThapTuGiaCuaDangChrist09_Ch2-P2",
      "isVideo": false,
      "url": "doc-sach.thap-tu-gia-cua-dang-christ---johnscott.thap-tu-gia-cua-dang-christ-09-ch2-p2",
      "name": "Thập Tự Giá Của Đấng Christ 09_Ch2-P2",
      "count": 0,
      "isLeaf": null,
      "keyword": null,
      "hash": "U2FsdGVkX18e/DqFLcR1qcBYXvDllPPzwB4UNxJSRyQ683WrtbNos5teY10y6A12cQEWbck1+iruqUWCSAN0kw==",
      "khash": null,
      "viewCount": null,
      "duration": "22:3",
      "size": 21175831
    },
    {
      "id": "ae119119-70ca-4ed5-9692-fddc17035ace",
      "pid": "1d69284b-def4-4da9-b063-6bac52bcd9fc",
      "dblevel": 4,
      "location": "/VGMA/DocSach/ThapTuGiaCuaDangChrist-JohnScott/ThapTuGiaCuaDangChrist10_Ch2-P3",
      "isVideo": false,
      "url": "doc-sach.thap-tu-gia-cua-dang-christ---johnscott.thap-tu-gia-cua-dang-christ-10-ch2-p3",
      "name": "Thập Tự Giá Của Đấng Christ 10_Ch2-P3",
      "count": 0,
      "isLeaf": null,
      "keyword": null,
      "hash": "U2FsdGVkX1/kAlXXRgzIVTnlEMJFmraXq5afsypQo5yT5YfBgjVHf53F2yzeSD2/dCW9huU13STjofBnFAvr7w==",
      "khash": null,
      "viewCount": null,
      "duration": "19:37",
      "size": 18853015
    },
    {
      "id": "d8eff775-f1f5-43ea-b932-0950af3d6d6f",
      "pid": "1d69284b-def4-4da9-b063-6bac52bcd9fc",
      "dblevel": 4,
      "location": "/VGMA/DocSach/ThapTuGiaCuaDangChrist-JohnScott/ThapTuGiaCuaDangChrist11_Ch2-P4",
      "isVideo": false,
      "url": "doc-sach.thap-tu-gia-cua-dang-christ---johnscott.thap-tu-gia-cua-dang-christ-11-ch2-p4",
      "name": "Thập Tự Giá Của Đấng Christ 11_Ch2-P4",
      "count": 0,
      "isLeaf": null,
      "keyword": null,
      "hash": "U2FsdGVkX18gOddyXjg97vHZdogi7AmlzpbMZjwgaUSztGSPyxfC40/CYwLodNSnixRXB3BVYdntWFcCy5b9lA==",
      "khash": "U2FsdGVkX1/KpPMI1aiHDeO7fYGSOeCQwpaki1lOgTMZ/e/g5nAgAASUhainn7LOoiK36pjw1hemRHZx2/RuyQ==",
      "viewCount": null,
      "duration": "19:34",
      "size": 18799734
    },
    {
      "id": "0c37efb5-f3ed-4ee9-8e23-da19ea823471",
      "pid": "1d69284b-def4-4da9-b063-6bac52bcd9fc",
      "dblevel": 4,
      "location": "/VGMA/DocSach/ThapTuGiaCuaDangChrist-JohnScott/ThapTuGiaCuaDangChrist12_Ch3-P1",
      "isVideo": false,
      "url": "doc-sach.thap-tu-gia-cua-dang-christ---johnscott.thap-tu-gia-cua-dang-christ-12-ch3-p1",
      "name": "Thập Tự Giá Của Đấng Christ 12_Ch3-P1",
      "count": 0,
      "isLeaf": null,
      "keyword": null,
      "hash": "U2FsdGVkX184tpRMS173vuyEc+0SldTilO6sTCBSIM8ewY5IK2yQYkoCGkQgF2lSKtoZtZtz3wksRV8ZhW0oEw==",
      "khash": "U2FsdGVkX1/cQnYkmLpMGUu0oLyytJYp9yoARbl9rkqUd4X7b8G/47Lq0BAh2idN5mpNv2BciaxkdaL2IewXfw==",
      "viewCount": null,
      "duration": "22:5",
      "size": 21210007
    },
    {
      "id": "f7c44612-3dc9-4395-a238-727ca37ae3ab",
      "pid": "1d69284b-def4-4da9-b063-6bac52bcd9fc",
      "dblevel": 4,
      "location": "/VGMA/DocSach/ThapTuGiaCuaDangChrist-JohnScott/ThapTuGiaCuaDangChrist13_Ch3-P2",
      "isVideo": false,
      "url": "doc-sach.thap-tu-gia-cua-dang-christ---johnscott.thap-tu-gia-cua-dang-christ-13-ch3-p2",
      "name": "Thập Tự Giá Của Đấng Christ 13_Ch3-P2",
      "count": 0,
      "isLeaf": null,
      "keyword": null,
      "hash": "U2FsdGVkX195VXEDNCKrvBs6p1zOhWyNa557xyJnTjEeRtPyX08ENDkAlLTg4W60kcKZ+YJu+hoG1j6m8X+4fA==",
      "khash": "U2FsdGVkX19GAG8Q3YTnUuGvqMR8TnEI/N1u+EOPgp5ovHn8bFyu7xLUw0BwI2VeoRTnKBAfEiE8ox/+w/85ww==",
      "viewCount": null,
      "duration": "20:58",
      "size": 20137111
    },
    {
      "id": "96b64f59-062b-4bc7-bf96-d95d575cf5b2",
      "pid": "1d69284b-def4-4da9-b063-6bac52bcd9fc",
      "dblevel": 4,
      "location": "/VGMA/DocSach/ThapTuGiaCuaDangChrist-JohnScott/ThapTuGiaCuaDangChrist14_Ch3-P3",
      "isVideo": false,
      "url": "doc-sach.thap-tu-gia-cua-dang-christ---johnscott.thap-tu-gia-cua-dang-christ-14-ch3-p3",
      "name": "Thập Tự Giá Của Đấng Christ 14_Ch3-P3",
      "count": 0,
      "isLeaf": null,
      "keyword": null,
      "hash": "U2FsdGVkX19nndg9Rk5Bp7wCRopNmk4HMNj/14qdnnttK6VHTnEx0+Uc3JMQo0l6Z6NuLNwaE0wzR9UeZaf80Q==",
      "khash": "U2FsdGVkX19KmVnrOpw9Jf93vOIrMjVpNglR4TuOTNMaesTP/INCVva6SpGv65vHIbJZ/RQJQfuEQozYqsCKag==",
      "viewCount": null,
      "duration": "21:14",
      "size": 20398615
    },
    {
      "id": "61cd5264-abf4-406f-bd00-ab1716fd29c5",
      "pid": "1d69284b-def4-4da9-b063-6bac52bcd9fc",
      "dblevel": 4,
      "location": "/VGMA/DocSach/ThapTuGiaCuaDangChrist-JohnScott/ThapTuGiaCuaDangChrist15_Ch3-P4",
      "isVideo": false,
      "url": "doc-sach.thap-tu-gia-cua-dang-christ---johnscott.thap-tu-gia-cua-dang-christ-15-ch3-p4",
      "name": "Thập Tự Giá Của Đấng Christ 15_Ch3-P4",
      "count": 0,
      "isLeaf": null,
      "keyword": null,
      "hash": "U2FsdGVkX190X+lvZtKpIvq4mFhgj2ywTP0LJhHWsm2wrF+YIWE7ke+pYln+rmFJv8HMwCTLaump/XLUFVH83Q==",
      "khash": "U2FsdGVkX196xevVHmDKQSiwEaH5DTp2iziljjS6/D5D5Gp5JeD/HvwH7GOABJ4NXpOTsYCxOX3O14WW+vL5Sw==",
      "viewCount": null,
      "duration": "19:27",
      "size": 18679447
    },
    {
      "id": "8d9305b3-ec2a-4957-9a05-c79dcfe3890e",
      "pid": "1d69284b-def4-4da9-b063-6bac52bcd9fc",
      "dblevel": 4,
      "location": "/VGMA/DocSach/ThapTuGiaCuaDangChrist-JohnScott/ThapTuGiaCuaDangChrist16_Ch4-P1",
      "isVideo": false,
      "url": "doc-sach.thap-tu-gia-cua-dang-christ---johnscott.thap-tu-gia-cua-dang-christ-16-ch4-p1",
      "name": "Thập Tự Giá Của Đấng Christ 16_Ch4-P1",
      "count": 0,
      "isLeaf": null,
      "keyword": null,
      "hash": "U2FsdGVkX19+6eaQyKdnffeE+dLbPbcW3GeB/0N38DDJt0Vu16YiPzBye9mmaBbmyHzNFTMF+22N1TrMbKVJUw==",
      "khash": "U2FsdGVkX1/oXc/oD7VbfSJScTRjq3dIs5miqmA7QwHFdRsxefbT10oJYofiJ4kqF4XNjlC3DlhB9DSJV3jNiA==",
      "viewCount": null,
      "duration": "18:59",
      "size": 13676257
    },
    {
      "id": "ce8ab22a-918c-4448-aa8f-5d175d803e6f",
      "pid": "1d69284b-def4-4da9-b063-6bac52bcd9fc",
      "dblevel": 4,
      "location": "/VGMA/DocSach/ThapTuGiaCuaDangChrist-JohnScott/ThapTuGiaCuaDangChrist17_Ch4-P2",
      "isVideo": false,
      "url": "doc-sach.thap-tu-gia-cua-dang-christ---johnscott.thap-tu-gia-cua-dang-christ-17-ch4-p2",
      "name": "Thập Tự Giá Của Đấng Christ 17_Ch4-P2",
      "count": 0,
      "isLeaf": null,
      "keyword": null,
      "hash": "U2FsdGVkX1/dPjp5koJKXIPCajKaG+GRFfoXeYWMTmnyCDQvx+V+iVIC+rkerlatZETrF2tQuXUqXhEJHZT74A==",
      "khash": "U2FsdGVkX19hdJNE3+nsemUUSFP0pkZknpdIhpzydutOWHYRH0iETSyff0qyksUJ9WQQrD1nxmGClPBidsbg2g==",
      "viewCount": null,
      "duration": "23:57",
      "size": 17261696
    },
    {
      "id": "b385dcb8-5171-457f-ab18-14edc4193069",
      "pid": "1d69284b-def4-4da9-b063-6bac52bcd9fc",
      "dblevel": 4,
      "location": "/VGMA/DocSach/ThapTuGiaCuaDangChrist-JohnScott/ThapTuGiaCuaDangChrist18_Ch4-P3",
      "isVideo": false,
      "url": "doc-sach.thap-tu-gia-cua-dang-christ---johnscott.thap-tu-gia-cua-dang-christ-18-ch4-p3",
      "name": "Thập Tự Giá Của Đấng Christ 18_Ch4-P3",
      "count": 0,
      "isLeaf": null,
      "keyword": null,
      "hash": "U2FsdGVkX1+iSXprBtaoYZP2pjhHi/LB0wtf2xoeoCdAsw3xhBJGf5eGFGxpC2y1e4EaIzCPtC/xWdagHNjLow==",
      "khash": "U2FsdGVkX183/RjuXIt0SVI7vJp7uKf8CGd7J0Mc/AyJ7RNLn0aufDm5uPoRgBqqxWZDnQD3D1wN+8B5LbKZmg==",
      "viewCount": null,
      "duration": "24:44",
      "size": 23756695
    },
    {
      "id": "8e606781-af5a-4ae6-bf24-2a70d60d454d",
      "pid": "1d69284b-def4-4da9-b063-6bac52bcd9fc",
      "dblevel": 4,
      "location": "/VGMA/DocSach/ThapTuGiaCuaDangChrist-JohnScott/ThapTuGiaCuaDangChrist19_Ch4-P4",
      "isVideo": false,
      "url": "doc-sach.thap-tu-gia-cua-dang-christ---johnscott.thap-tu-gia-cua-dang-christ-19-ch4-p4",
      "name": "Thập Tự Giá Của Đấng Christ 19_Ch4-P4",
      "count": 0,
      "isLeaf": null,
      "keyword": null,
      "hash": "U2FsdGVkX18nXw9BnA5hM25iXLOETVFJ+lanyJ43nLsjkqD09Z1BfMa+b+p1FzI00I+8mmQVbaWAzeIqLPT6Eg==",
      "khash": null,
      "viewCount": null,
      "duration": "23:58",
      "size": 23015191
    },
    {
      "id": "c29b2b36-6179-412d-bdee-c79525ac5612",
      "pid": "1d69284b-def4-4da9-b063-6bac52bcd9fc",
      "dblevel": 4,
      "location": "/VGMA/DocSach/ThapTuGiaCuaDangChrist-JohnScott/ThapTuGiaCuaDangChrist20_Ch4-P5",
      "isVideo": false,
      "url": "doc-sach.thap-tu-gia-cua-dang-christ---johnscott.thap-tu-gia-cua-dang-christ-20-ch4-p5",
      "name": "Thập Tự Giá Của Đấng Christ 20_Ch4-P5",
      "count": 0,
      "isLeaf": null,
      "keyword": null,
      "hash": "U2FsdGVkX1/Jra/LuWFWIur9Y44R2ujXyQZh0NIN4TauC1TqX3qgP4Nj4rQJMEkYtcqAqBAbXwQ7W20ny/fvjA==",
      "khash": null,
      "viewCount": null,
      "duration": "24:34",
      "size": 23595031
    },
    {
      "id": "7870e3d2-bfc4-49ba-9fe7-3e76ef347765",
      "pid": "1d69284b-def4-4da9-b063-6bac52bcd9fc",
      "dblevel": 4,
      "location": "/VGMA/DocSach/ThapTuGiaCuaDangChrist-JohnScott/ThapTuGiaCuaDangChrist21_Ch5-P1",
      "isVideo": false,
      "url": "doc-sach.thap-tu-gia-cua-dang-christ---johnscott.thap-tu-gia-cua-dang-christ-21-ch5-p1",
      "name": "Thập Tự Giá Của Đấng Christ 21_Ch5-P1",
      "count": 0,
      "isLeaf": null,
      "keyword": null,
      "hash": "U2FsdGVkX1/z1fAsq5bNW7lLiHsyrcajpAYbeODCt+kE7vbla0BM9gjQZsrnwjbq/pD/9tWO0UAdztHUYX/zJw==",
      "khash": null,
      "viewCount": null,
      "duration": "23:5",
      "size": 22181527
    },
    {
      "id": "6be1996f-aa2f-475f-b285-538d7652d693",
      "pid": "1d69284b-def4-4da9-b063-6bac52bcd9fc",
      "dblevel": 4,
      "location": "/VGMA/DocSach/ThapTuGiaCuaDangChrist-JohnScott/ThapTuGiaCuaDangChrist22_Ch5-P2",
      "isVideo": false,
      "url": "doc-sach.thap-tu-gia-cua-dang-christ---johnscott.thap-tu-gia-cua-dang-christ-22-ch5-p2",
      "name": "Thập Tự Giá Của Đấng Christ 22_Ch5-P2",
      "count": 0,
      "isLeaf": null,
      "keyword": null,
      "hash": "U2FsdGVkX18h77mdCaF4oypb3P2pPX4rhR7+vuO/eDsOYPgwZHGaXcevkKJ4rJQxfqJnLFSuzIXlWtteW6bQkw==",
      "khash": null,
      "viewCount": null,
      "duration": "24:33",
      "size": 23580055
    },
    {
      "id": "85ff35ae-7c12-4eff-97a6-072260143649",
      "pid": "1d69284b-def4-4da9-b063-6bac52bcd9fc",
      "dblevel": 4,
      "location": "/VGMA/DocSach/ThapTuGiaCuaDangChrist-JohnScott/ThapTuGiaCuaDangChrist23_Ch5-P3",
      "isVideo": false,
      "url": "doc-sach.thap-tu-gia-cua-dang-christ---johnscott.thap-tu-gia-cua-dang-christ-23-ch5-p3",
      "name": "Thập Tự Giá Của Đấng Christ 23_Ch5-P3",
      "count": 0,
      "isLeaf": null,
      "keyword": null,
      "hash": "U2FsdGVkX1/FQ7kS5UdPNlzq2pa5vbu27IE31Er5qLQtdCZ+3W6SmrIrOOcRk9T7q/Y5BJAeAcoru+z8L2Tf3A==",
      "khash": "U2FsdGVkX1+4sebrvnOIBgTcxuGXsw2a3Nx1KDL7BpUFwnp09GJ1ewCuqWwN5RnSFIZJuOHui2gvU3Hu0cfntA==",
      "viewCount": null,
      "duration": "23:59",
      "size": 23040919
    },
    {
      "id": "a7379310-cf2f-49e9-a1a3-d461265b197e",
      "pid": "1d69284b-def4-4da9-b063-6bac52bcd9fc",
      "dblevel": 4,
      "location": "/VGMA/DocSach/ThapTuGiaCuaDangChrist-JohnScott/ThapTuGiaCuaDangChrist24_Ch6-P1",
      "isVideo": false,
      "url": "doc-sach.thap-tu-gia-cua-dang-christ---johnscott.thap-tu-gia-cua-dang-christ-24-ch6-p1",
      "name": "Thập Tự Giá Của Đấng Christ 24_Ch6-P1",
      "count": 0,
      "isLeaf": null,
      "keyword": null,
      "hash": "U2FsdGVkX18vZSt6Ch+mxBDK+vwX0ezmes8wIdLfvXqOZWDBU9+y66xTga4P3PKNQmhs/RbmJwYGqw/X0M7x2A==",
      "khash": "U2FsdGVkX1/PYyrGzc43uKcg5YaZPHB8I4aa2jeG61X/qbooSKgrZ0VNnguLZJpO+vkkfXJTsN3hoiG8K5KgGg==",
      "viewCount": null,
      "duration": "23:34",
      "size": 22636183
    },
    {
      "id": "549aaf47-edd4-44d7-ac4a-62c54648d1cd",
      "pid": "1d69284b-def4-4da9-b063-6bac52bcd9fc",
      "dblevel": 4,
      "location": "/VGMA/DocSach/ThapTuGiaCuaDangChrist-JohnScott/ThapTuGiaCuaDangChrist25_Ch6-P2",
      "isVideo": false,
      "url": "doc-sach.thap-tu-gia-cua-dang-christ---johnscott.thap-tu-gia-cua-dang-christ-25-ch6-p2",
      "name": "Thập Tự Giá Của Đấng Christ 25_Ch6-P2",
      "count": 0,
      "isLeaf": null,
      "keyword": null,
      "hash": "U2FsdGVkX18HP3rtj73owupR12MA8eCmueksdlEZUhA68iMwjf8E1mve90C1F5eeSUgrEvgCotBfGjFceaM1fA==",
      "khash": "U2FsdGVkX1+S6HSTWXAn9FGFJg146E6Oi+y8jCpO3hDPq/M+3BO6P126jGgQvpekq9QV2YQXL9OdLy+TWwuRBQ==",
      "viewCount": null,
      "duration": "22:41",
      "size": 21785239
    },
    {
      "id": "8577015e-aa0d-49d5-9ce2-9a8a8914c4eb",
      "pid": "1d69284b-def4-4da9-b063-6bac52bcd9fc",
      "dblevel": 4,
      "location": "/VGMA/DocSach/ThapTuGiaCuaDangChrist-JohnScott/ThapTuGiaCuaDangChrist26_Ch6-P3",
      "isVideo": false,
      "url": "doc-sach.thap-tu-gia-cua-dang-christ---johnscott.thap-tu-gia-cua-dang-christ-26-ch6-p3",
      "name": "Thập Tự Giá Của Đấng Christ 26_Ch6-P3",
      "count": 0,
      "isLeaf": null,
      "keyword": null,
      "hash": "U2FsdGVkX1/YI8RRDp3IWU7lKBDWUESUUfwK1K4iGY7hPZJiIMBUdISrLfa1EIo35Fdf8XToiCOs6B71rEyIOA==",
      "khash": null,
      "viewCount": null,
      "duration": "22:17",
      "size": 21400087
    },
    {
      "id": "56f3132b-1c64-4343-aa0a-f2a24c51a0a0",
      "pid": "1d69284b-def4-4da9-b063-6bac52bcd9fc",
      "dblevel": 4,
      "location": "/VGMA/DocSach/ThapTuGiaCuaDangChrist-JohnScott/ThapTuGiaCuaDangChrist27_Ch6-P4",
      "isVideo": false,
      "url": "doc-sach.thap-tu-gia-cua-dang-christ---johnscott.thap-tu-gia-cua-dang-christ-27-ch6-p4",
      "name": "Thập Tự Giá Của Đấng Christ 27_Ch6-P4",
      "count": 0,
      "isLeaf": null,
      "keyword": null,
      "hash": "U2FsdGVkX1+WhxDapznoGnNyQDNWkNXMfp4FP6Xh41Mt5nRfwM8imP9tDSrxagarmXZ10WnoFF/nctbAW7MQ3Q==",
      "khash": "U2FsdGVkX1+X4UAwCzAXDC7kcRJL4CVFZ1dmCfecryuMb1IKGtRSa8NFt/KoszX6nRRJc7xUMISpD1yFB8AtmA==",
      "viewCount": null,
      "duration": "23:34",
      "size": 22640023
    },
    {
      "id": "61b0e63b-63fa-4117-8fe0-e21a50600acb",
      "pid": "1d69284b-def4-4da9-b063-6bac52bcd9fc",
      "dblevel": 4,
      "location": "/VGMA/DocSach/ThapTuGiaCuaDangChrist-JohnScott/ThapTuGiaCuaDangChrist28_Ch6-P5",
      "isVideo": false,
      "url": "doc-sach.thap-tu-gia-cua-dang-christ---johnscott.thap-tu-gia-cua-dang-christ-28-ch6-p5",
      "name": "Thập Tự Giá Của Đấng Christ 28_Ch6-P5",
      "count": 0,
      "isLeaf": null,
      "keyword": null,
      "hash": "U2FsdGVkX1+tzZMeYCyGYuR8YLLlNmfGWTWDwmodUtCR4ekpjuJIlPPxYd0gqsdud/iENiVHlkLqE/Uzg0i8Yw==",
      "khash": "U2FsdGVkX1/mxdR4RZN8tvU8zvct/4bMqCzQitpD6xRmKTcr3H9pgOTJb+Njz2e3kZ3hlWQgQ7fVYt5xQ6pcLw==",
      "viewCount": null,
      "duration": "22:49",
      "size": 21915031
    },
    {
      "id": "8362265c-e99f-48be-a53f-1df618f97d94",
      "pid": "1d69284b-def4-4da9-b063-6bac52bcd9fc",
      "dblevel": 4,
      "location": "/VGMA/DocSach/ThapTuGiaCuaDangChrist-JohnScott/ThapTuGiaCuaDangChrist29_Ch6-P6_Ch7-P1",
      "isVideo": false,
      "url": "doc-sach.thap-tu-gia-cua-dang-christ---johnscott.thap-tu-gia-cua-dang-christ-29-ch6-p6-ch7-p1",
      "name": "Thập Tự Giá Của Đấng Christ 29_Ch6-P6_Ch7-P1",
      "count": 0,
      "isLeaf": null,
      "keyword": null,
      "hash": "U2FsdGVkX1+qnfvPbDQ7oTva9c20Tf6+bDqUIS/n+/j0skWSSIOxeYJw4U5lIRqrm6KLJ3irXq87FDB0ACHrsA==",
      "khash": "U2FsdGVkX18E5cw81SaNU2N1uiiLhlHxekxwlMCJZIEJZI1RTauGFZBbxsEB+JqzkC2i/wOsg0lLiXd4X96jMw==",
      "viewCount": null,
      "duration": "22:50",
      "size": 21936151
    },
    {
      "id": "9d1cee1b-8b59-4e46-bebc-0e50f3cf96e0",
      "pid": "1d69284b-def4-4da9-b063-6bac52bcd9fc",
      "dblevel": 4,
      "location": "/VGMA/DocSach/ThapTuGiaCuaDangChrist-JohnScott/ThapTuGiaCuaDangChrist30_Ch7-P2",
      "isVideo": false,
      "url": "doc-sach.thap-tu-gia-cua-dang-christ---johnscott.thap-tu-gia-cua-dang-christ-30-ch7-p2",
      "name": "Thập Tự Giá Của Đấng Christ 30_Ch7-P2",
      "count": 0,
      "isLeaf": null,
      "keyword": null,
      "hash": "U2FsdGVkX1/Odvt9UNTcb2Lm3SpngtDBVrre0qX8hYaFPqAiTwxt80oA3g1ZE+3rKSEyE1Wu3G+0QRm6JFKBQw==",
      "khash": "U2FsdGVkX1/sO7PQAPy3NiBOj2szdRTA9iuM1Jfc+XhP6RJx6qKKpl7yB/J/8Buu38v5OqHjvz5HRjYjoHAu+w==",
      "viewCount": null,
      "duration": "21:47",
      "size": 20921623
    },
    {
      "id": "be3d35f8-85fe-4361-b2ac-8cfeae2a8736",
      "pid": "1d69284b-def4-4da9-b063-6bac52bcd9fc",
      "dblevel": 4,
      "location": "/VGMA/DocSach/ThapTuGiaCuaDangChrist-JohnScott/ThapTuGiaCuaDangChrist31_Ch7-P3",
      "isVideo": false,
      "url": "doc-sach.thap-tu-gia-cua-dang-christ---johnscott.thap-tu-gia-cua-dang-christ-31-ch7-p3",
      "name": "Thập Tự Giá Của Đấng Christ 31_Ch7-P3",
      "count": 0,
      "isLeaf": null,
      "keyword": null,
      "hash": "U2FsdGVkX19nLq0Nuo2IZ4Mk4DdeF7C28l/8r0UZ/gmdxJ6KuRWBnvhrjryPLN2ZALBuLrvragdWL3vNDLvgyg==",
      "khash": "U2FsdGVkX18I4Yk9RW1SU/yO+kHF3NQy9mA9owbFKGPd86WLG8z4aG0K0U3IPm9P8UeDwPnqVUU3rItCbdKlJw==",
      "viewCount": null,
      "duration": "22:57",
      "size": 22052119
    },
    {
      "id": "4f940156-2275-4e1a-8e18-c855e3f3fe33",
      "pid": "1d69284b-def4-4da9-b063-6bac52bcd9fc",
      "dblevel": 4,
      "location": "/VGMA/DocSach/ThapTuGiaCuaDangChrist-JohnScott/ThapTuGiaCuaDangChrist32_Ch7-P4",
      "isVideo": false,
      "url": "doc-sach.thap-tu-gia-cua-dang-christ---johnscott.thap-tu-gia-cua-dang-christ-32-ch7-p4",
      "name": "Thập Tự Giá Của Đấng Christ 32_Ch7-P4",
      "count": 0,
      "isLeaf": null,
      "keyword": null,
      "hash": "U2FsdGVkX19WdAuTkImYnz2ry9e80Gf80m4xusQtv4IsSNixw8eE7WWIUkm022RyopzCnvB6URXclb2gOGIfrA==",
      "khash": "U2FsdGVkX18I7yYPCQUjY2B6VAOf4rfGX4Mg5h72rwPJWR8yrv48ORoAO4FHh/MCKDf+RzX1Hvt1NAClm9Qilg==",
      "viewCount": null,
      "duration": "23:15",
      "size": 22330135
    },
    {
      "id": "f338c172-4b09-4be9-9589-2a810e8a6278",
      "pid": "1d69284b-def4-4da9-b063-6bac52bcd9fc",
      "dblevel": 4,
      "location": "/VGMA/DocSach/ThapTuGiaCuaDangChrist-JohnScott/ThapTuGiaCuaDangChrist33_Ch7-P5",
      "isVideo": false,
      "url": "doc-sach.thap-tu-gia-cua-dang-christ---johnscott.thap-tu-gia-cua-dang-christ-33-ch7-p5",
      "name": "Thập Tự Giá Của Đấng Christ 33_Ch7-P5",
      "count": 0,
      "isLeaf": null,
      "keyword": null,
      "hash": "U2FsdGVkX18Ko7GFOqZMMOXDX+ORLb9U8J1bcHPRK5X3mr+7w/P7CZ2qthikZQgfr5L3WUric8YiiHVO6tyuaQ==",
      "khash": "U2FsdGVkX1/qZlcK7juDFLyUXrvINBQtxTLBUTStg1TtUzHvQ90Me8KpXeym2tv3vCu0QYiu/porN5GFC26DTA==",
      "viewCount": null,
      "duration": "22:42",
      "size": 21800983
    },
    {
      "id": "8d8486fb-7dea-49fc-b461-d9d142bfa982",
      "pid": "1d69284b-def4-4da9-b063-6bac52bcd9fc",
      "dblevel": 4,
      "location": "/VGMA/DocSach/ThapTuGiaCuaDangChrist-JohnScott/ThapTuGiaCuaDangChrist34_Ch7-P6",
      "isVideo": false,
      "url": "doc-sach.thap-tu-gia-cua-dang-christ---johnscott.thap-tu-gia-cua-dang-christ-34-ch7-p6",
      "name": "Thập Tự Giá Của Đấng Christ 34_Ch7-P6",
      "count": 0,
      "isLeaf": null,
      "keyword": null,
      "hash": "U2FsdGVkX1+/mo5gM14qezsgXRiEWHR6LhG/Fp3516qrzKG7RPXU3yimRno/PNMyNueX9i6UjDVkdn3gt5MTIA==",
      "khash": "U2FsdGVkX18Wuq6xA8Q7LuLcPLWhIDGyq/zNL8ucDpcSotSpH2UJjSOsuBaB+4b/FxhvkYVfYXCXkTLwVivM6g==",
      "viewCount": null,
      "duration": "28:34",
      "size": 27425664
    },
    {
      "id": "7fb80470-16af-4b48-834b-0dbea6305692",
      "pid": "1d69284b-def4-4da9-b063-6bac52bcd9fc",
      "dblevel": 4,
      "location": "/VGMA/DocSach/ThapTuGiaCuaDangChrist-JohnScott/ThapTuGiaCuaDangChrist35_Ch7-P7",
      "isVideo": false,
      "url": "doc-sach.thap-tu-gia-cua-dang-christ---johnscott.thap-tu-gia-cua-dang-christ-35-ch7-p7",
      "name": "Thập Tự Giá Của Đấng Christ 35_Ch7-P7",
      "count": 0,
      "isLeaf": null,
      "keyword": null,
      "hash": "U2FsdGVkX18RE9S/gPC+esZvAi7fqD1hKyF0cLKmWCCfCH8qmHkjsN2PVZZxjtLGI/LJqcVC0cS43ZHVKiv7xA==",
      "khash": "U2FsdGVkX18S0tnT7M99YeAPsFrp3jg5T05jSm9bAz0aaw9LBzuj+PxkjFh+NvaXYS7bya08ZiBzX5e1j+WrPA==",
      "viewCount": null,
      "duration": "20:58",
      "size": 20140183
    },
    {
      "id": "8b491387-50fe-4fcf-9590-8c6e62024e73",
      "pid": "1d69284b-def4-4da9-b063-6bac52bcd9fc",
      "dblevel": 4,
      "location": "/VGMA/DocSach/ThapTuGiaCuaDangChrist-JohnScott/ThapTuGiaCuaDangChrist36_Ch8-P1",
      "isVideo": false,
      "url": "doc-sach.thap-tu-gia-cua-dang-christ---johnscott.thap-tu-gia-cua-dang-christ-36-ch8-p1",
      "name": "Thập Tự Giá Của Đấng Christ 36_Ch8-P1",
      "count": 0,
      "isLeaf": null,
      "keyword": null,
      "hash": "U2FsdGVkX1/o6SRn0hdDZFnSQ/9w5FU9jEDrcpntL1W17O3r6uaiQFL2dsb83MMXyWv1j0QGrzFsS3mFVSoyew==",
      "khash": "U2FsdGVkX1+5isFb7OWR3pRjrpxbjRbJB6pEBik2o9BrBKWkZ5bbQd+bTSs64PoBuCjEekqBqzkNMqJguPU6QQ==",
      "viewCount": null,
      "duration": "21:54",
      "size": 21041815
    },
    {
      "id": "8202d4e3-a476-4688-9bdc-45fc665fd139",
      "pid": "1d69284b-def4-4da9-b063-6bac52bcd9fc",
      "dblevel": 4,
      "location": "/VGMA/DocSach/ThapTuGiaCuaDangChrist-JohnScott/ThapTuGiaCuaDangChrist37_Ch8-P2",
      "isVideo": false,
      "url": "doc-sach.thap-tu-gia-cua-dang-christ---johnscott.thap-tu-gia-cua-dang-christ-37-ch8-p2",
      "name": "Thập Tự Giá Của Đấng Christ 37_Ch8-P2",
      "count": 0,
      "isLeaf": null,
      "keyword": null,
      "hash": "U2FsdGVkX18fD8NNEky3VBF4eYEdyo247EfHU6Qm71dEI/ttsbGoWXUoCgRM3dKSGBP0jl4OXPPlSATTSdSoTA==",
      "khash": "U2FsdGVkX18dktT5SH0LRo70AW11XZOdNhISbZ4kWNjGjKrBhYJOoFz9romvNXvCpc9QAeh3bfUa16ijfd6m8A==",
      "viewCount": null,
      "duration": "21:18",
      "size": 20458998
    },
    {
      "id": "c1d83424-cc4b-4cfb-addd-de04fc8eef9e",
      "pid": "1d69284b-def4-4da9-b063-6bac52bcd9fc",
      "dblevel": 4,
      "location": "/VGMA/DocSach/ThapTuGiaCuaDangChrist-JohnScott/ThapTuGiaCuaDangChrist38_Ch8-P3",
      "isVideo": false,
      "url": "doc-sach.thap-tu-gia-cua-dang-christ---johnscott.thap-tu-gia-cua-dang-christ-38-ch8-p3",
      "name": "Thập Tự Giá Của Đấng Christ 38_Ch8-P3",
      "count": 0,
      "isLeaf": null,
      "keyword": null,
      "hash": "U2FsdGVkX19qhHiTyd4OOuD1/OyPcXA2L11+xO2eWC46js1rHxZp/6XdQqdVLpcTFdTDcQxbjZTV7MMUYU87Ew==",
      "khash": "U2FsdGVkX19jGYfuNoPGSanhe7gbL9NWeNWSH9ZNzgGAW7IGMeR9stPC4wCip8WkKBpnCDxV9vNtZY9wfKpBDA==",
      "viewCount": null,
      "duration": "22:57",
      "size": 22049431
    },
    {
      "id": "4d6abb33-0f29-406b-8031-f8477e3a7ae0",
      "pid": "1d69284b-def4-4da9-b063-6bac52bcd9fc",
      "dblevel": 4,
      "location": "/VGMA/DocSach/ThapTuGiaCuaDangChrist-JohnScott/ThapTuGiaCuaDangChrist39_Ch8-P4",
      "isVideo": false,
      "url": "doc-sach.thap-tu-gia-cua-dang-christ---johnscott.thap-tu-gia-cua-dang-christ-39-ch8-p4",
      "name": "Thập Tự Giá Của Đấng Christ 39_Ch8-P4",
      "count": 0,
      "isLeaf": null,
      "keyword": null,
      "hash": "U2FsdGVkX19Rr68B+fpG9BUVfvNDvpGelGBWEYFeCtJUqgK62mpFqAE82/Bk+m9xNKYmjpasCKczx2jhSxqDwA==",
      "khash": "U2FsdGVkX1+g/sQRlQdyhaOXUCECMDaH1ysCJZCG9GlqBXKMND3JqWr4zY8f3CwsWTvNobIg9yFO8jVERnCh6g==",
      "viewCount": null,
      "duration": "23:20",
      "size": 22415383
    },
    {
      "id": "a28fba62-70de-4ae0-9747-4996a0a427a6",
      "pid": "1d69284b-def4-4da9-b063-6bac52bcd9fc",
      "dblevel": 4,
      "location": "/VGMA/DocSach/ThapTuGiaCuaDangChrist-JohnScott/ThapTuGiaCuaDangChrist40_Ch8-P5_Ch9-P1",
      "isVideo": false,
      "url": "doc-sach.thap-tu-gia-cua-dang-christ---johnscott.thap-tu-gia-cua-dang-christ-40-ch8-p5-ch9-p1",
      "name": "Thập Tự Giá Của Đấng Christ 40_Ch8-P5_Ch9-P1",
      "count": 0,
      "isLeaf": null,
      "keyword": null,
      "hash": "U2FsdGVkX19GBOuU/og1wdhZS7AZUMkEX+49nXJSoxPyWmU3WKVRv4gsL0wIHcNcK18A+f4eqBDI5Jl9KyFgWw==",
      "khash": null,
      "viewCount": null,
      "duration": "22:29",
      "size": 21592855
    },
    {
      "id": "e5d04af1-998f-4e1f-8f0d-71a4caebb2a0",
      "pid": "1d69284b-def4-4da9-b063-6bac52bcd9fc",
      "dblevel": 4,
      "location": "/VGMA/DocSach/ThapTuGiaCuaDangChrist-JohnScott/ThapTuGiaCuaDangChrist41_Ch9-P2",
      "isVideo": false,
      "url": "doc-sach.thap-tu-gia-cua-dang-christ---johnscott.thap-tu-gia-cua-dang-christ-41-ch9-p2",
      "name": "Thập Tự Giá Của Đấng Christ 41_Ch9-P2",
      "count": 0,
      "isLeaf": null,
      "keyword": null,
      "hash": "U2FsdGVkX19o5O0nUHEcvzH9LR4HmvVWi7rg/0EjqWX8DkbL0R1dldJTEYkx3LynYKLWRMfMUAIfLdzT2+IEIQ==",
      "khash": "U2FsdGVkX19VuErvkk1gpBzxSX8SDjYzQY76E2mJzb84knYuNktH6B7vZvsfe/UxZjocOWiU4NWuXKrUMULngA==",
      "viewCount": null,
      "duration": "21:54",
      "size": 21037591
    },
    {
      "id": "edfd1a2c-f9a6-49e9-bb67-39b71c528778",
      "pid": "1d69284b-def4-4da9-b063-6bac52bcd9fc",
      "dblevel": 4,
      "location": "/VGMA/DocSach/ThapTuGiaCuaDangChrist-JohnScott/ThapTuGiaCuaDangChrist42_Ch9-P3",
      "isVideo": false,
      "url": "doc-sach.thap-tu-gia-cua-dang-christ---johnscott.thap-tu-gia-cua-dang-christ-42-ch9-p3",
      "name": "Thập Tự Giá Của Đấng Christ 42_Ch9-P3",
      "count": 0,
      "isLeaf": null,
      "keyword": null,
      "hash": "U2FsdGVkX19q8dBPvZglvoOrnjAh5TZlKthA0h/ohiqFtm5K9yrW7QULXMvm72SYp8szp5lzNq+1xpx50zoEoA==",
      "khash": "U2FsdGVkX1+EylIx7IK72W0bZ8QmbB1WPhwh30JOFxgR2DhhSYWFUocfa5tXhzT7WsujHQj84Kbo4BvU3sJh+g==",
      "viewCount": null,
      "duration": "22:43",
      "size": 21818635
    },
    {
      "id": "d9746d37-a72e-44c2-95d9-0e6365074949",
      "pid": "1d69284b-def4-4da9-b063-6bac52bcd9fc",
      "dblevel": 4,
      "location": "/VGMA/DocSach/ThapTuGiaCuaDangChrist-JohnScott/ThapTuGiaCuaDangChrist43_Ch9-P4",
      "isVideo": false,
      "url": "doc-sach.thap-tu-gia-cua-dang-christ---johnscott.thap-tu-gia-cua-dang-christ-43-ch9-p4",
      "name": "Thập Tự Giá Của Đấng Christ 43_Ch9-P4",
      "count": 0,
      "isLeaf": null,
      "keyword": null,
      "hash": "U2FsdGVkX1+uPOpSVWtP+IDXMmVuGCry9bb2eSaREx9Gb98D1btYN/Nj/g8VDK7VCiCe1bwFXcqJD7U4U4yW4Q==",
      "khash": "U2FsdGVkX1/Kt3UygeF981i7iWizjOgaoY9CCa24aHrdOiHPO6ThyO6gh5atFhWSWaKL//1dEsHxek2azXFY9w==",
      "viewCount": null,
      "duration": "21:30",
      "size": 20652439
    },
    {
      "id": "3713ff97-bff6-47b3-8fa0-a8b072827626",
      "pid": "1d69284b-def4-4da9-b063-6bac52bcd9fc",
      "dblevel": 4,
      "location": "/VGMA/DocSach/ThapTuGiaCuaDangChrist-JohnScott/ThapTuGiaCuaDangChrist44_Ch9-P5_Ch10-P1",
      "isVideo": false,
      "url": "doc-sach.thap-tu-gia-cua-dang-christ---johnscott.thap-tu-gia-cua-dang-christ-44-ch9-p5-ch10-p1",
      "name": "Thập Tự Giá Của Đấng Christ 44_Ch9-P5_Ch10-P1",
      "count": 0,
      "isLeaf": null,
      "keyword": null,
      "hash": "U2FsdGVkX196W1hVpoRYDYmC/uf7tG782ec/LkFaxXWZcZs40F1LqvImirSPkoO+4uhltRFdwQ+nQrL1ZDKa+Q==",
      "khash": "U2FsdGVkX1+QuPd1l/ZLcMW26ZGfLCFVmWyDT8Ia3Bl3KksyqIej53j05CW7pZGu5A8m5AdxTmnqzLcysJoD6Q==",
      "viewCount": null,
      "duration": "22:15",
      "size": 21371287
    },
    {
      "id": "4e7a2ae2-31b9-4e3d-9d85-6cf50b461fc2",
      "pid": "1d69284b-def4-4da9-b063-6bac52bcd9fc",
      "dblevel": 4,
      "location": "/VGMA/DocSach/ThapTuGiaCuaDangChrist-JohnScott/ThapTuGiaCuaDangChrist45_Ch10-P2",
      "isVideo": false,
      "url": "doc-sach.thap-tu-gia-cua-dang-christ---johnscott.thap-tu-gia-cua-dang-christ-45-ch10-p2",
      "name": "Thập Tự Giá Của Đấng Christ 45_Ch10-P2",
      "count": 0,
      "isLeaf": null,
      "keyword": null,
      "hash": "U2FsdGVkX1+F3kWaTAAUQYBExQBV/+wDwi/VeJeN0Q4ogNnig0Jm2qsHPs9NH23FuYgFACdgo7errLCcQo+wfw==",
      "khash": null,
      "viewCount": null,
      "duration": "23:5",
      "size": 22168087
    },
    {
      "id": "efcb23e0-605e-4c29-aa45-1139090ce880",
      "pid": "1d69284b-def4-4da9-b063-6bac52bcd9fc",
      "dblevel": 4,
      "location": "/VGMA/DocSach/ThapTuGiaCuaDangChrist-JohnScott/ThapTuGiaCuaDangChrist46_Ch10-P3",
      "isVideo": false,
      "url": "doc-sach.thap-tu-gia-cua-dang-christ---johnscott.thap-tu-gia-cua-dang-christ-46-ch10-p3",
      "name": "Thập Tự Giá Của Đấng Christ 46_Ch10-P3",
      "count": 0,
      "isLeaf": null,
      "keyword": null,
      "hash": "U2FsdGVkX18o28zZipU2YSp0rYmBh2cqZnslw1ZJGdNcSA9sRl9i152euwUYoc9lyOv5OQ5LacvDk/tmEJzFVg==",
      "khash": "U2FsdGVkX1/20cJSw4QGVCCI5GbVH/hxVNXCInaDGNhy2fV8AV3wg1VIf3OSjeaBqcqDFxanm1t2tz4vwTQcNQ==",
      "viewCount": null,
      "duration": "21:19",
      "size": 20478195
    },
    {
      "id": "07ce960f-7abb-4d8e-9be2-095c4c107703",
      "pid": "1d69284b-def4-4da9-b063-6bac52bcd9fc",
      "dblevel": 4,
      "location": "/VGMA/DocSach/ThapTuGiaCuaDangChrist-JohnScott/ThapTuGiaCuaDangChrist47_Ch10-P4",
      "isVideo": false,
      "url": "doc-sach.thap-tu-gia-cua-dang-christ---johnscott.thap-tu-gia-cua-dang-christ-47-ch10-p4",
      "name": "Thập Tự Giá Của Đấng Christ 47_Ch10-P4",
      "count": 0,
      "isLeaf": null,
      "keyword": null,
      "hash": "U2FsdGVkX19rUvRMGHRXi8K9cFU4BxhnxH2L/Rujz1XrVK0lokbckQAPsohfwcvGdw+Ap5Udw2eFEUDv0dfVIA==",
      "khash": "U2FsdGVkX1+E9UPm5lbSp3BiCvkqoIKN8VfpYrNMZ4NP0gbB0e+nOlf/JZvFN8aTHqFkoKSeWXn/xodNYBQfjw==",
      "viewCount": null,
      "duration": "23:21",
      "size": 22428055
    },
    {
      "id": "ee11fd23-085d-4ef1-92da-51ee6395eed5",
      "pid": "1d69284b-def4-4da9-b063-6bac52bcd9fc",
      "dblevel": 4,
      "location": "/VGMA/DocSach/ThapTuGiaCuaDangChrist-JohnScott/ThapTuGiaCuaDangChrist48_Ch10-P5_Ch11-P1",
      "isVideo": false,
      "url": "doc-sach.thap-tu-gia-cua-dang-christ---johnscott.thap-tu-gia-cua-dang-christ-48-ch10-p5-ch11-p1",
      "name": "Thập Tự Giá Của Đấng Christ 48_Ch10-P5_Ch11-P1",
      "count": 0,
      "isLeaf": null,
      "keyword": null,
      "hash": "U2FsdGVkX182ZRpeWOy/IoaSGChZ5wSQtqht/m9P1QfpJebr0HMF+qNBVXC7y6JGqJpo8J9BUw3NwfzKOQijBw==",
      "khash": "U2FsdGVkX19mYfGzVI5WcUXIVM350GiiPhG7Vq5RRCXYtA12hCOZwul6dL8BuAyT3sisP1Fu5FbEY3LcXmMc4Q==",
      "viewCount": null,
      "duration": "22:11",
      "size": 21315223
    },
    {
      "id": "07dddf9e-e14b-4f32-9d9a-d7da7b44b72a",
      "pid": "1d69284b-def4-4da9-b063-6bac52bcd9fc",
      "dblevel": 4,
      "location": "/VGMA/DocSach/ThapTuGiaCuaDangChrist-JohnScott/ThapTuGiaCuaDangChrist49_Ch11-P2",
      "isVideo": false,
      "url": "doc-sach.thap-tu-gia-cua-dang-christ---johnscott.thap-tu-gia-cua-dang-christ-49-ch11-p2",
      "name": "Thập Tự Giá Của Đấng Christ 49_Ch11-P2",
      "count": 0,
      "isLeaf": null,
      "keyword": null,
      "hash": "U2FsdGVkX1/Hqg/VDLtoEhEkpClPpVTA00Emk7rSHwarDIxdklMkqmTMVZvbsqUmSmDdAxzGmVUR69k20c7ELA==",
      "khash": "U2FsdGVkX18RrXuYqy+7xVWnjcN9eIcVd/9F4a+TRQ5Qm34o+C64ubF4idBON879SGz3qy2ht/Cs3oDVUeqAxA==",
      "viewCount": null,
      "duration": "21:47",
      "size": 20922775
    },
    {
      "id": "0a951284-2dd5-46fb-9f7a-538366f9ce33",
      "pid": "1d69284b-def4-4da9-b063-6bac52bcd9fc",
      "dblevel": 4,
      "location": "/VGMA/DocSach/ThapTuGiaCuaDangChrist-JohnScott/ThapTuGiaCuaDangChrist50_Ch11-P3",
      "isVideo": false,
      "url": "doc-sach.thap-tu-gia-cua-dang-christ---johnscott.thap-tu-gia-cua-dang-christ-50-ch11-p3",
      "name": "Thập Tự Giá Của Đấng Christ 50_Ch11-P3",
      "count": 0,
      "isLeaf": null,
      "keyword": null,
      "hash": "U2FsdGVkX19i45g6reaNL5wUQCbJTdKesD2H9f7Ls/xLyDwjO6FpTFZyuVKD5AoUU4rYEEha+11+hGASTsc8Jg==",
      "khash": null,
      "viewCount": null,
      "duration": "21:33",
      "size": 20701207
    },
    {
      "id": "32b92966-886d-4a52-b199-30c1f662b8bf",
      "pid": "1d69284b-def4-4da9-b063-6bac52bcd9fc",
      "dblevel": 4,
      "location": "/VGMA/DocSach/ThapTuGiaCuaDangChrist-JohnScott/ThapTuGiaCuaDangChrist51_Ch11-P4",
      "isVideo": false,
      "url": "doc-sach.thap-tu-gia-cua-dang-christ---johnscott.thap-tu-gia-cua-dang-christ-51-ch11-p4",
      "name": "Thập Tự Giá Của Đấng Christ 51_Ch11-P4",
      "count": 0,
      "isLeaf": null,
      "keyword": null,
      "hash": "U2FsdGVkX18ltnPkAVpTl8smQReztYJ2cr7bwlIWFEP2f6tftaWD8v9jgb8QEGNrfNr8Ugi2xSDEvJHekThSxA==",
      "khash": "U2FsdGVkX1+Tn84IaoaI2Utl0aKFGwLu6vJl7YnhhL4Qhn1JXIfGDSH4rjW0z7t09xZktpFetMZPla+TP7KvZw==",
      "viewCount": null,
      "duration": "24:11",
      "size": 23226007
    },
    {
      "id": "f71f2347-25f2-4b84-9eba-833d3f1bfd50",
      "pid": "1d69284b-def4-4da9-b063-6bac52bcd9fc",
      "dblevel": 4,
      "location": "/VGMA/DocSach/ThapTuGiaCuaDangChrist-JohnScott/ThapTuGiaCuaDangChrist52_Ch11-P5_Ch12-P1",
      "isVideo": false,
      "url": "doc-sach.thap-tu-gia-cua-dang-christ---johnscott.thap-tu-gia-cua-dang-christ-52-ch11-p5-ch12-p1",
      "name": "Thập Tự Giá Của Đấng Christ 52_Ch11-P5_Ch12-P1",
      "count": 0,
      "isLeaf": null,
      "keyword": null,
      "hash": "U2FsdGVkX19JORral/H8d5sKmrNIgUTIQ3R+kqNkLgJuZ66OERDmd1UiVrV0CPHAFDEMpDfaaCrXFFc5/77iFg==",
      "khash": null,
      "viewCount": null,
      "duration": "23:50",
      "size": 22888855
    },
    {
      "id": "085859ec-2643-417f-8b70-e92584ca2c2b",
      "pid": "1d69284b-def4-4da9-b063-6bac52bcd9fc",
      "dblevel": 4,
      "location": "/VGMA/DocSach/ThapTuGiaCuaDangChrist-JohnScott/ThapTuGiaCuaDangChrist53_Ch12-P2",
      "isVideo": false,
      "url": "doc-sach.thap-tu-gia-cua-dang-christ---johnscott.thap-tu-gia-cua-dang-christ-53-ch12-p2",
      "name": "Thập Tự Giá Của Đấng Christ 53_Ch12-P2",
      "count": 0,
      "isLeaf": null,
      "keyword": null,
      "hash": "U2FsdGVkX1+vMFjHRWnxDuyg4IiijiDpa6pM/iKCyEiRkohRV5ndydcHGDs1MLQwQw4ODeB8UzdavHgc4kFs9Q==",
      "khash": "U2FsdGVkX18JKJyBr38ZGqqYD2wcrPc1BseIep25OC8qvcPlqkP2JFEJpYRs7rSXHuM+e1rgnv25tsrqMtF3fA==",
      "viewCount": null,
      "duration": "22:22",
      "size": 21493783
    },
    {
      "id": "177b5ff5-38a2-4d1e-b314-245c86f01875",
      "pid": "1d69284b-def4-4da9-b063-6bac52bcd9fc",
      "dblevel": 4,
      "location": "/VGMA/DocSach/ThapTuGiaCuaDangChrist-JohnScott/ThapTuGiaCuaDangChrist54_Ch12-P3",
      "isVideo": false,
      "url": "doc-sach.thap-tu-gia-cua-dang-christ---johnscott.thap-tu-gia-cua-dang-christ-54-ch12-p3",
      "name": "Thập Tự Giá Của Đấng Christ 54_Ch12-P3",
      "count": 0,
      "isLeaf": null,
      "keyword": null,
      "hash": "U2FsdGVkX18pdClI7MpdvEDMkA0ZGDCsQwHLwSPqKgVVkMntAWLGMvQfmqH40kMg0+hZjnKDdZMIzxIZ2RyJCg==",
      "khash": null,
      "viewCount": null,
      "duration": "23:59",
      "size": 23040151
    },
    {
      "id": "1cb847ec-767b-49d8-a2ac-fac6ea6aaba6",
      "pid": "1d69284b-def4-4da9-b063-6bac52bcd9fc",
      "dblevel": 4,
      "location": "/VGMA/DocSach/ThapTuGiaCuaDangChrist-JohnScott/ThapTuGiaCuaDangChrist55_Ch12-P4_Ch13-P1",
      "isVideo": false,
      "url": "doc-sach.thap-tu-gia-cua-dang-christ---johnscott.thap-tu-gia-cua-dang-christ-55-ch12-p4-ch13-p1",
      "name": "Thập Tự Giá Của Đấng Christ 55_Ch12-P4_Ch13-P1",
      "count": 0,
      "isLeaf": null,
      "keyword": null,
      "hash": "U2FsdGVkX1+9uDi8hST8mZ5QWVgmSZfmW5J1QI8kWOUeNiLPwMxm0zszDgpB7k2agKCumM4xnp/havI9/CDiSQ==",
      "khash": null,
      "viewCount": null,
      "duration": "24:37",
      "size": 23648023
    },
    {
      "id": "9c35e020-4397-4606-9e6c-abae34e476a1",
      "pid": "1d69284b-def4-4da9-b063-6bac52bcd9fc",
      "dblevel": 4,
      "location": "/VGMA/DocSach/ThapTuGiaCuaDangChrist-JohnScott/ThapTuGiaCuaDangChrist56_Ch13-P2",
      "isVideo": false,
      "url": "doc-sach.thap-tu-gia-cua-dang-christ---johnscott.thap-tu-gia-cua-dang-christ-56-ch13-p2",
      "name": "Thập Tự Giá Của Đấng Christ 56_Ch13-P2",
      "count": 0,
      "isLeaf": null,
      "keyword": null,
      "hash": "U2FsdGVkX1+1VBONurEd6GdpzMmaRgbRqdgSLtGJP5TyG9tEysQq6wd6IWYxTkSDgatC/mbk7/5V6r7NiViu0w==",
      "khash": "U2FsdGVkX18ZVmQIcc+dedinEKzQEFkeI9j0CaZdwpK76cwoCbLJQBi2t1S2apusOMfDpieMWvYviJkm98VEdg==",
      "viewCount": null,
      "duration": "22:53",
      "size": 21979543
    },
    {
      "id": "c2c6cc1e-6753-4ea8-85af-25aec440ee39",
      "pid": "1d69284b-def4-4da9-b063-6bac52bcd9fc",
      "dblevel": 4,
      "location": "/VGMA/DocSach/ThapTuGiaCuaDangChrist-JohnScott/ThapTuGiaCuaDangChrist57_Ch13-P3",
      "isVideo": false,
      "url": "doc-sach.thap-tu-gia-cua-dang-christ---johnscott.thap-tu-gia-cua-dang-christ-57-ch13-p3",
      "name": "Thập Tự Giá Của Đấng Christ 57_Ch13-P3",
      "count": 0,
      "isLeaf": null,
      "keyword": null,
      "hash": "U2FsdGVkX18BYxs6kQexPTwwG4MyUlaMF2gW64K0e9f4ntDPZdrEYjSEsKEwR6Xm8L2Zp/LepfCb+2t1P26Lbg==",
      "khash": null,
      "viewCount": null,
      "duration": "24:35",
      "size": 23608471
    },
    {
      "id": "d0a51b79-b74b-4dda-a460-563bd0328b8e",
      "pid": "1d69284b-def4-4da9-b063-6bac52bcd9fc",
      "dblevel": 4,
      "location": "/VGMA/DocSach/ThapTuGiaCuaDangChrist-JohnScott/ThapTuGiaCuaDangChrist58_Ch13-P4",
      "isVideo": false,
      "url": "doc-sach.thap-tu-gia-cua-dang-christ---johnscott.thap-tu-gia-cua-dang-christ-58-ch13-p4",
      "name": "Thập Tự Giá Của Đấng Christ 58_Ch13-P4",
      "count": 0,
      "isLeaf": null,
      "keyword": null,
      "hash": "U2FsdGVkX19Jvj2eSJumEmLBFy3D1ZLJ2+y6mfU9BYQyXYmD9XfncAyk61iYY3/uLHr365ub464a+K3BXpFanA==",
      "khash": null,
      "viewCount": null,
      "duration": "27:7",
      "size": 26041111
    },
    {
      "id": "6dae0227-57e2-4dfd-945b-41aec89440ce",
      "pid": "1d69284b-def4-4da9-b063-6bac52bcd9fc",
      "dblevel": 4,
      "location": "/VGMA/DocSach/ThapTuGiaCuaDangChrist-JohnScott/ThapTuGiaCuaDangChrist59_Ch13-P5",
      "isVideo": false,
      "url": "doc-sach.thap-tu-gia-cua-dang-christ---johnscott.thap-tu-gia-cua-dang-christ-59-ch13-p5",
      "name": "Thập Tự Giá Của Đấng Christ 59_Ch13-P5",
      "count": 0,
      "isLeaf": null,
      "keyword": null,
      "hash": "U2FsdGVkX18J9wTwb6bnfbv70RThv3QX2dl6cYXqnhHcuPOssDmKsAUGyUuyUTnkdjEWCgJ6uvYpGpXenR2Ogg==",
      "khash": "U2FsdGVkX1+tHa+7cz8fLQX1EwIm8okEEiUkvCgjYxXks3O1OxEgSIOD02Yl0ZMEkq8GH8Hqq5RHibQE+nY5PQ==",
      "viewCount": null,
      "duration": "20:56",
      "size": 20103319
    },
    {
      "id": "e7fb6d0f-22ca-45a5-9736-6dac550db4a2",
      "pid": "1d69284b-def4-4da9-b063-6bac52bcd9fc",
      "dblevel": 4,
      "location": "/VGMA/DocSach/ThapTuGiaCuaDangChrist-JohnScott/ThapTuGiaCuaDangChrist60_Ch13-P6-KetLuan-P1",
      "isVideo": false,
      "url": "doc-sach.thap-tu-gia-cua-dang-christ---johnscott.thap-tu-gia-cua-dang-christ-60-ch13-p6-ket-luan-p1",
      "name": "Thập Tự Giá Của Đấng Christ 60_Ch13-P6-Kết Luận-P1",
      "count": 0,
      "isLeaf": null,
      "keyword": null,
      "hash": "U2FsdGVkX19fd/DUEvageHytLL9hJpAucrMei9MN4rTajiaOTGtWnWmng2CwHfA8K/eAxoqC7WKerVGTtE4VVQ==",
      "khash": null,
      "viewCount": null,
      "duration": "24:5",
      "size": 23133463
    },
    {
      "id": "f4116f74-77da-4a91-b8b3-f219cc10109b",
      "pid": "1d69284b-def4-4da9-b063-6bac52bcd9fc",
      "dblevel": 4,
      "location": "/VGMA/DocSach/ThapTuGiaCuaDangChrist-JohnScott/ThapTuGiaCuaDangChrist61_KetLuan-P2",
      "isVideo": false,
      "url": "doc-sach.thap-tu-gia-cua-dang-christ---johnscott.thap-tu-gia-cua-dang-christ-61-ket-luan-p2",
      "name": "Thập Tự Giá Của Đấng Christ 61_Kết Luận-P2",
      "count": 0,
      "isLeaf": null,
      "keyword": null,
      "hash": "U2FsdGVkX19NO3Der40tafzCJ22eT2SNf7PPNpdZ+BR93iSnNQ988W1/R/Bc38AB/Q665VHR9XGXqBYaHukXjQ==",
      "khash": "U2FsdGVkX19Tlbzh1x3URtlU13tS0P91dyBMIAdFX/ovqQ8/n6uuvXahOcb5So+Cj47GtsF2O558MOGXzOoyxw==",
      "viewCount": null,
      "duration": "24:8",
      "size": 23177239
    },
    {
      "id": "b556efda-34f4-467d-8c80-5e9d52d8a4ca",
      "pid": "1d69284b-def4-4da9-b063-6bac52bcd9fc",
      "dblevel": 4,
      "location": "/VGMA/DocSach/ThapTuGiaCuaDangChrist-JohnScott/ThapTuGiaCuaDangChrist62_KetLuan-P3",
      "isVideo": false,
      "url": "doc-sach.thap-tu-gia-cua-dang-christ---johnscott.thap-tu-gia-cua-dang-christ-62-ket-luan-p3",
      "name": "Thập Tự Giá Của Đấng Christ 62_Kết Luận-P3",
      "count": 0,
      "isLeaf": null,
      "keyword": null,
      "hash": "U2FsdGVkX1/NLqi6ujfh8Y63KAfGOkqbFhn7QcG41sfHM7pTFQ8lxlG0XrBUa0cf5gSBrEhVFOJI7i6TizpVrg==",
      "khash": null,
      "viewCount": null,
      "duration": "26:26",
      "size": 25392151
    }
  ]
}