{
  "id": "e2945af9-d409-4cf5-a6e8-0c47578bd52d",
  "pid": "ce888415-a267-4522-813e-80d629113299",
  "dblevel": 3,
  "location": "/VGMA/DocSach/46NamTrongChucVu",
  "isVideo": false,
  "url": "doc-sach.46-nam-trong-chuc-vu",
  "name": "46 Năm Trong Chức Vụ",
  "count": 25,
  "isLeaf": true,
  "keyword": null,
  "hash": null,
  "khash": null,
  "viewCount": null,
  "duration": null,
  "size": null,
  "children": [
    {
      "id": "48a97ff9-65dd-40b2-b3ab-9ac0352d6d88",
      "pid": "e2945af9-d409-4cf5-a6e8-0c47578bd52d",
      "dblevel": 4,
      "location": "/VGMA/DocSach/46NamTrongChucVu/BonMuoiSauNamTrongChucVu_01",
      "isVideo": false,
      "url": "doc-sach.46-nam-trong-chuc-vu.bon-muoi-sau-nam-trong-chuc-vu-01",
      "name": "Bốn Mươi Sáu Năm Trong Chức Vụ_01",
      "count": 0,
      "isLeaf": null,
      "keyword": null,
      "hash": "U2FsdGVkX1+DLfpYTn++1FuhFOxewLp8EzhAPKV7HOIS8lhr3apYgP6Xl/7r/IpNEbAkGHPPHq9+WuOm0vikQQ==",
      "khash": "U2FsdGVkX19iM/vD5+8MNiz67BptE8QMH4TbgEC0tk2nEQ6Jn4ZlYQQDMVyK9svLwUISdxG6ZeuMFpCXH7UlgQ==",
      "viewCount": null,
      "duration": "31:29",
      "size": 30233926
    },
    {
      "id": "9392dfc2-90d9-455b-b2ed-b569be39a0c2",
      "pid": "e2945af9-d409-4cf5-a6e8-0c47578bd52d",
      "dblevel": 4,
      "location": "/VGMA/DocSach/46NamTrongChucVu/BonMuoiSauNamTrongChucVu_02",
      "isVideo": false,
      "url": "doc-sach.46-nam-trong-chuc-vu.bon-muoi-sau-nam-trong-chuc-vu-02",
      "name": "Bốn Mươi Sáu Năm Trong Chức Vụ_02",
      "count": 0,
      "isLeaf": null,
      "keyword": null,
      "hash": "U2FsdGVkX1/Ti1hVfpp4IHX3nZamUT+GmEFIR/vWs7O4Bn1pRcAnLlXQhgc04urrMpY8/KstJMRWopKeApnYVA==",
      "khash": "U2FsdGVkX19XcSJlliDPVNu76wRK2U9OBwtcJRVbb+i7v8RTAaAg7xHaCf5xr0orxsmFzJYzw8Q+HGjCIxk+/g==",
      "viewCount": null,
      "duration": "26:32",
      "size": 25493171
    },
    {
      "id": "689d2972-839c-4e9e-904c-6bb324d2ae13",
      "pid": "e2945af9-d409-4cf5-a6e8-0c47578bd52d",
      "dblevel": 4,
      "location": "/VGMA/DocSach/46NamTrongChucVu/BonMuoiSauNamTrongChucVu_03",
      "isVideo": false,
      "url": "doc-sach.46-nam-trong-chuc-vu.bon-muoi-sau-nam-trong-chuc-vu-03",
      "name": "Bốn Mươi Sáu Năm Trong Chức Vụ_03",
      "count": 0,
      "isLeaf": null,
      "keyword": null,
      "hash": "U2FsdGVkX198N1XmKuImWH/c8wTpQtU5MxoPG8IN1yG/jXMQi9eQi+2qHdGSieY/aFQLSnqBR2S6hcjj/5M6mg==",
      "khash": "U2FsdGVkX1/bZv0y/nVPx5k+00ozON1Y9Vp3b+Zm0LzEW2gOaBV6If2WsphzRwTiV3bdOQAzSPrhnDYlkD0Wzw==",
      "viewCount": null,
      "duration": "28:6",
      "size": 26991928
    },
    {
      "id": "84d04a61-0228-47d5-99ae-6e35fa35fd61",
      "pid": "e2945af9-d409-4cf5-a6e8-0c47578bd52d",
      "dblevel": 4,
      "location": "/VGMA/DocSach/46NamTrongChucVu/BonMuoiSauNamTrongChucVu_04",
      "isVideo": false,
      "url": "doc-sach.46-nam-trong-chuc-vu.bon-muoi-sau-nam-trong-chuc-vu-04",
      "name": "Bốn Mươi Sáu Năm Trong Chức Vụ_04",
      "count": 0,
      "isLeaf": null,
      "keyword": null,
      "hash": "U2FsdGVkX1/kPZx1bJCAmx6Bq8eyqC0e2UfKEv0XH5QdP20YwHYBSYfVyV6JSj8QZjsmkZEr/nN2b8GEKfjR1Q==",
      "khash": "U2FsdGVkX19chBRXH0ex8vq012GFZ6kAiB1Dqe+NPcrT4VJKjkq+wmdlCT3Chn28+odU0myNlGj5k/v2Z/Hb6w==",
      "viewCount": null,
      "duration": "28:6",
      "size": 26996696
    },
    {
      "id": "a04a8761-13ca-46e4-9c5f-0781712a44ce",
      "pid": "e2945af9-d409-4cf5-a6e8-0c47578bd52d",
      "dblevel": 4,
      "location": "/VGMA/DocSach/46NamTrongChucVu/BonMuoiSauNamTrongChucVu_05",
      "isVideo": false,
      "url": "doc-sach.46-nam-trong-chuc-vu.bon-muoi-sau-nam-trong-chuc-vu-05",
      "name": "Bốn Mươi Sáu Năm Trong Chức Vụ_05",
      "count": 0,
      "isLeaf": null,
      "keyword": null,
      "hash": "U2FsdGVkX1/z7EjaoTcHOqPAdj3VRyutArj3MStT4LEPJ/Oq2uS+XgKRbjG2S1hSv9E1ruk/Np4HZBRGbjboGQ==",
      "khash": "U2FsdGVkX1/UBfOLfxfRqzjR9JajoYd9g0s6prIeyjp30mBbCuEesdXWXzbZpb600wQnhvMFkx4hYj+YgATZJA==",
      "viewCount": null,
      "duration": "27:45",
      "size": 26654339
    },
    {
      "id": "ed77d186-b1e2-4c49-981d-7e9fd9597f4b",
      "pid": "e2945af9-d409-4cf5-a6e8-0c47578bd52d",
      "dblevel": 4,
      "location": "/VGMA/DocSach/46NamTrongChucVu/BonMuoiSauNamTrongChucVu_06",
      "isVideo": false,
      "url": "doc-sach.46-nam-trong-chuc-vu.bon-muoi-sau-nam-trong-chuc-vu-06",
      "name": "Bốn Mươi Sáu Năm Trong Chức Vụ_06",
      "count": 0,
      "isLeaf": null,
      "keyword": null,
      "hash": "U2FsdGVkX18C6nlB3HUNcEOVjfRCkbZw0qEIpY5XU51Bpg87BbgHeXWKaKOb7TQdIEAyCmAEph4i1LKnshV68A==",
      "khash": "U2FsdGVkX1+iEDmHtV+oAf6tweWJxPorp3qQecVmC55MGqqXWX8ecFlaSB/6l/Sr7IfgRIEkU9w6gCESUHXDaQ==",
      "viewCount": null,
      "duration": "27:43",
      "size": 26622706
    },
    {
      "id": "41f21c61-9301-44cd-80df-a30edbce0244",
      "pid": "e2945af9-d409-4cf5-a6e8-0c47578bd52d",
      "dblevel": 4,
      "location": "/VGMA/DocSach/46NamTrongChucVu/BonMuoiSauNamTrongChucVu_07",
      "isVideo": false,
      "url": "doc-sach.46-nam-trong-chuc-vu.bon-muoi-sau-nam-trong-chuc-vu-07",
      "name": "Bốn Mươi Sáu Năm Trong Chức Vụ_07",
      "count": 0,
      "isLeaf": null,
      "keyword": null,
      "hash": "U2FsdGVkX1/KsEpyl9ROtNsCLj1J8VdXw/WZ7+RsNzutPLkhsnjpHAAOEtTT1aq1zoqHAqEXY2bzzz2l4YixBQ==",
      "khash": "U2FsdGVkX199rJ/59mtbtmXTBnX9FQ+SQdzBOqKdNI6mA4YSip0xzoL9qBLMTVR0ky2aB7Ta1qoVi13XPSQqAw==",
      "viewCount": null,
      "duration": "27:46",
      "size": 26677809
    },
    {
      "id": "5d7dce94-986c-4588-8060-37a90fec70ac",
      "pid": "e2945af9-d409-4cf5-a6e8-0c47578bd52d",
      "dblevel": 4,
      "location": "/VGMA/DocSach/46NamTrongChucVu/BonMuoiSauNamTrongChucVu_08",
      "isVideo": false,
      "url": "doc-sach.46-nam-trong-chuc-vu.bon-muoi-sau-nam-trong-chuc-vu-08",
      "name": "Bốn Mươi Sáu Năm Trong Chức Vụ_08",
      "count": 0,
      "isLeaf": null,
      "keyword": null,
      "hash": "U2FsdGVkX1+0JA/t6cslCFzOTa2fiiPidV9Hw053sqJgpIxTboxH5WpB8qGppDo336SiXW+1UMULhIvpLqIA+A==",
      "khash": "U2FsdGVkX1+/0bwNg+dloJKk6/FdOAF4LcLY1PThFBKTpR1svAaTo5nk4FltzjsDautnHlJSTmpaJHOPchgJgQ==",
      "viewCount": null,
      "duration": "28:5",
      "size": 26969174
    },
    {
      "id": "39f5e24d-3b9b-4100-8862-9f76d33fb003",
      "pid": "e2945af9-d409-4cf5-a6e8-0c47578bd52d",
      "dblevel": 4,
      "location": "/VGMA/DocSach/46NamTrongChucVu/BonMuoiSauNamTrongChucVu_09",
      "isVideo": false,
      "url": "doc-sach.46-nam-trong-chuc-vu.bon-muoi-sau-nam-trong-chuc-vu-09",
      "name": "Bốn Mươi Sáu Năm Trong Chức Vụ_09",
      "count": 0,
      "isLeaf": null,
      "keyword": null,
      "hash": "U2FsdGVkX1/9Q4f+r2MOl+bvCAsU4UcEPzWWwwQmWjnMYm8DUD8Jo/dCPecyyYGBx2GRooJFlWtKiPMOwd6C9A==",
      "khash": null,
      "viewCount": null,
      "duration": "27:55",
      "size": 26812382
    },
    {
      "id": "5da1ff55-53c4-4965-a1f2-a067c156b2bd",
      "pid": "e2945af9-d409-4cf5-a6e8-0c47578bd52d",
      "dblevel": 4,
      "location": "/VGMA/DocSach/46NamTrongChucVu/BonMuoiSauNamTrongChucVu_10",
      "isVideo": false,
      "url": "doc-sach.46-nam-trong-chuc-vu.bon-muoi-sau-nam-trong-chuc-vu-10",
      "name": "Bốn Mươi Sáu Năm Trong Chức Vụ_10",
      "count": 0,
      "isLeaf": null,
      "keyword": null,
      "hash": "U2FsdGVkX19sy07TBx+gAcY4f7AZqWfIdpa944qLQRLDGpcsC1YTXH6AsjAx6L5hKmW2mlsZmcyX7+03tfv5vQ==",
      "khash": "U2FsdGVkX1+TxjtCAYJgqQ3kmwPL2coDr0Wyv8JB2gGaYqK9/eT2QsAgXvmhPUKMYaR2GVSOYPjLE6TAesq0EQ==",
      "viewCount": null,
      "duration": "27:59",
      "size": 26874574
    },
    {
      "id": "023f747a-0af4-404b-8d6a-1651803e7241",
      "pid": "e2945af9-d409-4cf5-a6e8-0c47578bd52d",
      "dblevel": 4,
      "location": "/VGMA/DocSach/46NamTrongChucVu/BonMuoiSauNamTrongChucVu_11",
      "isVideo": false,
      "url": "doc-sach.46-nam-trong-chuc-vu.bon-muoi-sau-nam-trong-chuc-vu-11",
      "name": "Bốn Mươi Sáu Năm Trong Chức Vụ_11",
      "count": 0,
      "isLeaf": null,
      "keyword": null,
      "hash": "U2FsdGVkX1/WZvjX8OiZgtGvnR/qopWAslAKwKKfn+cMZ5ptIP6u4FVNPsu0EzZ7qvUZS4Z4s5KnK9uhpQZOOQ==",
      "khash": null,
      "viewCount": null,
      "duration": "28:0",
      "size": 26902532
    },
    {
      "id": "70a9c2cc-76df-4834-9f6e-3792d5f7cd56",
      "pid": "e2945af9-d409-4cf5-a6e8-0c47578bd52d",
      "dblevel": 4,
      "location": "/VGMA/DocSach/46NamTrongChucVu/BonMuoiSauNamTrongChucVu_12",
      "isVideo": false,
      "url": "doc-sach.46-nam-trong-chuc-vu.bon-muoi-sau-nam-trong-chuc-vu-12",
      "name": "Bốn Mươi Sáu Năm Trong Chức Vụ_12",
      "count": 0,
      "isLeaf": null,
      "keyword": null,
      "hash": "U2FsdGVkX19ltciHHDTqE7S5TYi+zzfK+2I9lkAbS1J/PLNb03WEMMZlMR9c03tJJKsIZlfR1ThkPGA/BzJiMQ==",
      "khash": "U2FsdGVkX1+IBAyc93Xh68L9k8st2NNmWd20ChRWFh0o5pYDi7hGiDYd6YZFGPm9LQ1ZVGidsqROBaPdtUn9Rg==",
      "viewCount": null,
      "duration": "26:20",
      "size": 25288348
    },
    {
      "id": "8f877b45-d89c-455e-8478-8809525b7d4a",
      "pid": "e2945af9-d409-4cf5-a6e8-0c47578bd52d",
      "dblevel": 4,
      "location": "/VGMA/DocSach/46NamTrongChucVu/BonMuoiSauNamTrongChucVu_13",
      "isVideo": false,
      "url": "doc-sach.46-nam-trong-chuc-vu.bon-muoi-sau-nam-trong-chuc-vu-13",
      "name": "Bốn Mươi Sáu Năm Trong Chức Vụ_13",
      "count": 0,
      "isLeaf": null,
      "keyword": null,
      "hash": "U2FsdGVkX1/wRDpJuHuPU8szuWKUd2NRb7R7Asv00xh9aZScxVwhWDWIPk4ciULwbxDrgykvtTr0QhaEJKyc6Q==",
      "khash": "U2FsdGVkX1+6FpdNEhyRk92qBSUbGvWva6clU5AkoNttnu2z+ngo9Y/Mvgoel3UbG8n78NfZ6uZ3Qea0xX2TrQ==",
      "viewCount": null,
      "duration": "28:0",
      "size": 26893729
    },
    {
      "id": "4fba1a86-e860-48c1-8b1b-46e517b3dc05",
      "pid": "e2945af9-d409-4cf5-a6e8-0c47578bd52d",
      "dblevel": 4,
      "location": "/VGMA/DocSach/46NamTrongChucVu/BonMuoiSauNamTrongChucVu_14",
      "isVideo": false,
      "url": "doc-sach.46-nam-trong-chuc-vu.bon-muoi-sau-nam-trong-chuc-vu-14",
      "name": "Bốn Mươi Sáu Năm Trong Chức Vụ_14",
      "count": 0,
      "isLeaf": null,
      "keyword": null,
      "hash": "U2FsdGVkX19op3LBCoqzoWBHTXiXXkdkqYkDqeJ5wrc80ASMo3HbdhefaLWd8vWGMOSw5EWzs8Zwr6Ykg6708A==",
      "khash": "U2FsdGVkX1/rA/NSA7g0f6ydBqJOGK3jPUPMp1mwLR7/Zxa9iRhQLVpL0hjU2PAzyUyC0k8ceYNW6v1jTcLpVQ==",
      "viewCount": null,
      "duration": "25:37",
      "size": 24599190
    },
    {
      "id": "b42fa384-8d89-4aef-b0f2-27fadc05fe2c",
      "pid": "e2945af9-d409-4cf5-a6e8-0c47578bd52d",
      "dblevel": 4,
      "location": "/VGMA/DocSach/46NamTrongChucVu/BonMuoiSauNamTrongChucVu_15",
      "isVideo": false,
      "url": "doc-sach.46-nam-trong-chuc-vu.bon-muoi-sau-nam-trong-chuc-vu-15",
      "name": "Bốn Mươi Sáu Năm Trong Chức Vụ_15",
      "count": 0,
      "isLeaf": null,
      "keyword": null,
      "hash": "U2FsdGVkX19Z0/p0O5zVo6ylZb/me74QfXMZv4/Z9HfmBFiNzUboeJu9zZyXqTJX4dThqde7+TGihBa8SVFMFA==",
      "khash": null,
      "viewCount": null,
      "duration": "28:1",
      "size": 26904595
    },
    {
      "id": "663765d7-f06a-42c8-b3a1-d5b4aaca2375",
      "pid": "e2945af9-d409-4cf5-a6e8-0c47578bd52d",
      "dblevel": 4,
      "location": "/VGMA/DocSach/46NamTrongChucVu/BonMuoiSauNamTrongChucVu_16",
      "isVideo": false,
      "url": "doc-sach.46-nam-trong-chuc-vu.bon-muoi-sau-nam-trong-chuc-vu-16",
      "name": "Bốn Mươi Sáu Năm Trong Chức Vụ_16",
      "count": 0,
      "isLeaf": null,
      "keyword": null,
      "hash": "U2FsdGVkX18HaNSwwrbrfM9Cbcfyr4GreUOo07kWryZ1Ss/Oc3l111qxglUh8v0/H8NbtwbcldfUue4Y2rgBnQ==",
      "khash": null,
      "viewCount": null,
      "duration": "26:25",
      "size": 25382086
    },
    {
      "id": "be459afb-a641-4a97-ad92-34a79905f235",
      "pid": "e2945af9-d409-4cf5-a6e8-0c47578bd52d",
      "dblevel": 4,
      "location": "/VGMA/DocSach/46NamTrongChucVu/BonMuoiSauNamTrongChucVu_17",
      "isVideo": false,
      "url": "doc-sach.46-nam-trong-chuc-vu.bon-muoi-sau-nam-trong-chuc-vu-17",
      "name": "Bốn Mươi Sáu Năm Trong Chức Vụ_17",
      "count": 0,
      "isLeaf": null,
      "keyword": null,
      "hash": "U2FsdGVkX1//CMEKmh35ap061cFD0XZz6/744gWz1awlDRGQ2FogkNlFG2Ct8NAgOO2Gb1B+4fYYqNMBBSWSHQ==",
      "khash": "U2FsdGVkX1+HOZ/EG/W5FaS8WUEXYM0tnJLmMR5SHXW1yNrYkkIgnvtOXzmH167xHmKt0WoW10cQLE3ucIRR0A==",
      "viewCount": null,
      "duration": "28:0",
      "size": 26901902
    },
    {
      "id": "4c29592c-b12a-4575-8e07-e689cf4db2af",
      "pid": "e2945af9-d409-4cf5-a6e8-0c47578bd52d",
      "dblevel": 4,
      "location": "/VGMA/DocSach/46NamTrongChucVu/BonMuoiSauNamTrongChucVu_18",
      "isVideo": false,
      "url": "doc-sach.46-nam-trong-chuc-vu.bon-muoi-sau-nam-trong-chuc-vu-18",
      "name": "Bốn Mươi Sáu Năm Trong Chức Vụ_18",
      "count": 0,
      "isLeaf": null,
      "keyword": null,
      "hash": "U2FsdGVkX1/1oDbXAyHJCeq8kw2jrNtkK6jJ983ij93nUouolMZq2RQMznfmxBseoNfeW+YLbJJphxLVMe1TLw==",
      "khash": "U2FsdGVkX196A/p5JN4O1ODDFuo7PEQDwXzAEu/XfjC8C3bWShuzZBUOTdqYe6WUMknOZPJzjqLE8LMaIO925A==",
      "viewCount": null,
      "duration": "24:17",
      "size": 23330015
    },
    {
      "id": "d00aa5e4-bc72-481e-974f-56a72ef08e85",
      "pid": "e2945af9-d409-4cf5-a6e8-0c47578bd52d",
      "dblevel": 4,
      "location": "/VGMA/DocSach/46NamTrongChucVu/BonMuoiSauNamTrongChucVu_19",
      "isVideo": false,
      "url": "doc-sach.46-nam-trong-chuc-vu.bon-muoi-sau-nam-trong-chuc-vu-19",
      "name": "Bốn Mươi Sáu Năm Trong Chức Vụ_19",
      "count": 0,
      "isLeaf": null,
      "keyword": null,
      "hash": "U2FsdGVkX19dwRHl42S3gyRjC0PONNnhescQTW4zRlbeYVl6QS4v9F/0pRzZQzgZM4cR7irJbW6W3OJmHOGDBg==",
      "khash": "U2FsdGVkX1+4qzF5QQZyjJSFU+wK+TG3SQey/YAOylNID97j1noPjBnU9CjFUclEYvieGNPRjkwL68tpeCb5iQ==",
      "viewCount": null,
      "duration": "27:36",
      "size": 26505470
    },
    {
      "id": "edfc9c8c-8f51-4786-9dae-0eb2b28496d9",
      "pid": "e2945af9-d409-4cf5-a6e8-0c47578bd52d",
      "dblevel": 4,
      "location": "/VGMA/DocSach/46NamTrongChucVu/BonMuoiSauNamTrongChucVu_20",
      "isVideo": false,
      "url": "doc-sach.46-nam-trong-chuc-vu.bon-muoi-sau-nam-trong-chuc-vu-20",
      "name": "Bốn Mươi Sáu Năm Trong Chức Vụ_20",
      "count": 0,
      "isLeaf": null,
      "keyword": null,
      "hash": "U2FsdGVkX19envtRAohjNnSQ+QfeZrv9ABVH+5rqzAyQmC+NakwcDByH8w2IO4aIbH2vxqHCFB/r9h4LrDzerQ==",
      "khash": null,
      "viewCount": null,
      "duration": "25:29",
      "size": 24483913
    },
    {
      "id": "ceda46e0-1e66-46af-a2fe-944449be8cbf",
      "pid": "e2945af9-d409-4cf5-a6e8-0c47578bd52d",
      "dblevel": 4,
      "location": "/VGMA/DocSach/46NamTrongChucVu/BonMuoiSauNamTrongChucVu_21",
      "isVideo": false,
      "url": "doc-sach.46-nam-trong-chuc-vu.bon-muoi-sau-nam-trong-chuc-vu-21",
      "name": "Bốn Mươi Sáu Năm Trong Chức Vụ_21",
      "count": 0,
      "isLeaf": null,
      "keyword": null,
      "hash": "U2FsdGVkX1+8t+oC9sdVJ/mRBRsn9FQp/7jgt29Lt3vfu7QDrgDJP6jjfnxLhqpHaIn8yJdAaDuwmFK1e/QeGg==",
      "khash": null,
      "viewCount": null,
      "duration": "28:12",
      "size": 27087303
    },
    {
      "id": "693ea229-a08f-4c6d-b240-4e3971c011ce",
      "pid": "e2945af9-d409-4cf5-a6e8-0c47578bd52d",
      "dblevel": 4,
      "location": "/VGMA/DocSach/46NamTrongChucVu/BonMuoiSauNamTrongChucVu_22",
      "isVideo": false,
      "url": "doc-sach.46-nam-trong-chuc-vu.bon-muoi-sau-nam-trong-chuc-vu-22",
      "name": "Bốn Mươi Sáu Năm Trong Chức Vụ_22",
      "count": 0,
      "isLeaf": null,
      "keyword": null,
      "hash": "U2FsdGVkX1+uEXyy2+DD0elrgvbLFAiPfFARIHCini9T0ET1cvLbSBGbMPZ02DYkYUkKFnd2qk4mNESLZ8JlHQ==",
      "khash": "U2FsdGVkX18v5d1qAQzbQI+DRvKZPNhIfsGyYr1bKNKt8Mak2WxSIpt25MJiE/Rcert77LbutY3I+Wem10TCGg==",
      "viewCount": null,
      "duration": "28:6",
      "size": 26988356
    },
    {
      "id": "a549d4c9-c66d-4e06-9148-af28666e23e9",
      "pid": "e2945af9-d409-4cf5-a6e8-0c47578bd52d",
      "dblevel": 4,
      "location": "/VGMA/DocSach/46NamTrongChucVu/BonMuoiSauNamTrongChucVu_23",
      "isVideo": false,
      "url": "doc-sach.46-nam-trong-chuc-vu.bon-muoi-sau-nam-trong-chuc-vu-23",
      "name": "Bốn Mươi Sáu Năm Trong Chức Vụ_23",
      "count": 0,
      "isLeaf": null,
      "keyword": null,
      "hash": "U2FsdGVkX1/hqNjZDQFHfEQQ+sG8CrlNQQEJDQqJO/gDCvr87szfdQW+0qiwcoDQYWDg43/wBwWxqfWfe/Ia9Q==",
      "khash": "U2FsdGVkX1+x8iTl1h1iR+SgWnJdiReUwf2ESylFE93y3kBzwfiNEs0wHFbu+CsOXbDyCf0jkZk0OD+qJA1A6Q==",
      "viewCount": null,
      "duration": "27:28",
      "size": 26387459
    },
    {
      "id": "a8297fa5-f843-497b-babb-70773378cca8",
      "pid": "e2945af9-d409-4cf5-a6e8-0c47578bd52d",
      "dblevel": 4,
      "location": "/VGMA/DocSach/46NamTrongChucVu/BonMuoiSauNamTrongChucVu_24",
      "isVideo": false,
      "url": "doc-sach.46-nam-trong-chuc-vu.bon-muoi-sau-nam-trong-chuc-vu-24",
      "name": "Bốn Mươi Sáu Năm Trong Chức Vụ_24",
      "count": 0,
      "isLeaf": null,
      "keyword": null,
      "hash": "U2FsdGVkX18pLuapo1HXlTOsruaxRyCqzQ7D9UQM/Oci2QzH0XRTKbgPTnd/okZ0a30SAAQh4Ed5VnlUENmWhg==",
      "khash": "U2FsdGVkX1/tOLNGsjKvRFDFDfFblLU+MdlqdMcUWuxsg5jXYMgDwVR7Ox724WQilnHSnrglzdjlRkzwKgOcWg==",
      "viewCount": null,
      "duration": "27:44",
      "size": 26637301
    },
    {
      "id": "0d6b480e-173d-49ff-9de0-c8b3586d46d3",
      "pid": "e2945af9-d409-4cf5-a6e8-0c47578bd52d",
      "dblevel": 4,
      "location": "/VGMA/DocSach/46NamTrongChucVu/BonMuoiSauNamTrongChucVu_25_Het",
      "isVideo": false,
      "url": "doc-sach.46-nam-trong-chuc-vu.bon-muoi-sau-nam-trong-chuc-vu-25-het",
      "name": "Bốn Mươi Sáu Năm Trong Chức Vụ_25_ Het",
      "count": 0,
      "isLeaf": null,
      "keyword": null,
      "hash": "U2FsdGVkX1/kdDlxsqokNT845AzHS9OLCAUJehXvR39zKr0jXwueDYZO5tTm3stExv8I2ms4FAlEKbDZotolKA==",
      "khash": "U2FsdGVkX19jdwcDZoHmZd6yykKedDFvAxVhFW4wdraCccmt+mN8vHyII/yAfah4+Cyi8Y+SILVlx2A3IdqNDA==",
      "viewCount": null,
      "duration": "21:7",
      "size": 20282996
    }
  ]
}