{
  "id": "5b6f0449-8692-43cb-8b74-c222d85d434c",
  "pid": "62b23314-6742-4c66-84f7-dadaac261747",
  "dblevel": 3,
  "location": "/VGMA/GiaoLy/NiemTinCanBan",
  "isVideo": false,
  "url": "giao-ly.niem-tin-can-ban",
  "name": "Niềm Tin Căn Bản",
  "count": 15,
  "isLeaf": true,
  "keyword": null,
  "hash": null,
  "khash": null,
  "viewCount": null,
  "duration": null,
  "size": null,
  "children": [
    {
      "id": "b6049028-6d36-4614-8b08-a8b44ea7f588",
      "pid": "5b6f0449-8692-43cb-8b74-c222d85d434c",
      "dblevel": 4,
      "location": "/VGMA/GiaoLy/NiemTinCanBan/01_NiemTinCanBanLaGi-KinhThanh",
      "isVideo": false,
      "url": "giao-ly.niem-tin-can-ban.01-niem-tin-can-ban-la-gi-kinh-thanh",
      "name": "01_Niềm Tin Căn Bản Là Gì - Kinh Thánh",
      "count": 0,
      "isLeaf": null,
      "keyword": null,
      "hash": "U2FsdGVkX1+nmQWo+WhszYR6jk5gG4yUxb6jd0lBDjDjyLTRRzi1Nyx6nt62/3iv0dcxt3r1JkLKyXFuCGyXng==",
      "khash": null,
      "viewCount": null,
      "duration": "18:41",
      "size": 17951842
    },
    {
      "id": "899a1b2d-2792-46f2-a871-90218f758b5c",
      "pid": "5b6f0449-8692-43cb-8b74-c222d85d434c",
      "dblevel": 4,
      "location": "/VGMA/GiaoLy/NiemTinCanBan/02_DucChuaTroiLaAi-DacTinhCuaDucChuaTroi",
      "isVideo": false,
      "url": "giao-ly.niem-tin-can-ban.02-duc-chua-troi-la-ai-dac-tinh-cua-duc-chua-troi",
      "name": "02_Đức Chúa Trời Là Ai - Đặc Tính Của Đức Chúa Trời",
      "count": 0,
      "isLeaf": null,
      "keyword": null,
      "hash": "U2FsdGVkX1/JrhmLYtwzkuKHo6NUV2LO0tb3qSXH0A0h5hs2bXul+2Zfj7B0x082Wy9ZN3P1AUyWoOf3TGgIxw==",
      "khash": null,
      "viewCount": null,
      "duration": "21:9",
      "size": 20311636
    },
    {
      "id": "96b14db0-7a94-416d-bb41-a224390293f6",
      "pid": "5b6f0449-8692-43cb-8b74-c222d85d434c",
      "dblevel": 4,
      "location": "/VGMA/GiaoLy/NiemTinCanBan/03_ThanLinh",
      "isVideo": false,
      "url": "giao-ly.niem-tin-can-ban.03-than-linh",
      "name": "03_Thần Linh",
      "count": 0,
      "isLeaf": null,
      "keyword": null,
      "hash": "U2FsdGVkX18DkG/G1U8Xtw+1zpRkFtPGEDD5MVAI4R2DlGhIF5gc9YKM/7sQr7KFf43VyJrpZMuQbISPW5GEmA==",
      "khash": null,
      "viewCount": null,
      "duration": "20:24",
      "size": 19592273
    },
    {
      "id": "6d957dc3-081e-4ae6-9471-8b4e5ea23817",
      "pid": "5b6f0449-8692-43cb-8b74-c222d85d434c",
      "dblevel": 4,
      "location": "/VGMA/GiaoLy/NiemTinCanBan/04_VuTruVaTraiDatDuocHinhThanhNhuTheNaoP1",
      "isVideo": false,
      "url": "giao-ly.niem-tin-can-ban.04-vu-tru-va-trai-dat-duoc-hinh-thanh-nhu-the-nao-p1",
      "name": "04_Vũ Trụ Và Trái Đất Được Hình Thành Như Thế Nào P1",
      "count": 0,
      "isLeaf": null,
      "keyword": null,
      "hash": "U2FsdGVkX1/6WviSuVK/GxHEey4uuBKTyqAbUjKVerPzxwhxcVQIe1WVnud4tsEJlHYoXwv4zYICK7zA/uKD8w==",
      "khash": null,
      "viewCount": null,
      "duration": "14:56",
      "size": 14356134
    },
    {
      "id": "91b770c4-99e2-4f54-bef2-97917e88ab7c",
      "pid": "5b6f0449-8692-43cb-8b74-c222d85d434c",
      "dblevel": 4,
      "location": "/VGMA/GiaoLy/NiemTinCanBan/05_VuTruVaTraiDatDuocHinhThanhNhuTheNaoP2",
      "isVideo": false,
      "url": "giao-ly.niem-tin-can-ban.05-vu-tru-va-trai-dat-duoc-hinh-thanh-nhu-the-nao-p2",
      "name": "05_Vũ Trụ Và Trái Đất Được Hình Thành Như Thế Nào P2",
      "count": 0,
      "isLeaf": null,
      "keyword": null,
      "hash": "U2FsdGVkX18VdStYt/qUI3gg1TBrwg/DbCABxq8vIpJv5ZtiGo7Jox7iqjpTCuq1frLIQmDSFg8p4jTwSBya0g==",
      "khash": null,
      "viewCount": null,
      "duration": "21:28",
      "size": 20629899
    },
    {
      "id": "c936b194-e6dd-4fc9-afa0-023f79c3f9e9",
      "pid": "5b6f0449-8692-43cb-8b74-c222d85d434c",
      "dblevel": 4,
      "location": "/VGMA/GiaoLy/NiemTinCanBan/06_ChuaTaoNenVuTruVanVatDeLamGi-DucChuaTroiSangTaoConNguoi",
      "isVideo": false,
      "url": "giao-ly.niem-tin-can-ban.06-chua-tao-nen-vu-tru-van-vat-de-lam-gi-duc-chua-troi-sang-tao-con-nguoi",
      "name": "06_Chúa Tạo Nên Vũ Trụ Vạn Vật Để Làm Gì - Đức Chúa Trời Sáng Tạo Con Người",
      "count": 0,
      "isLeaf": null,
      "keyword": null,
      "hash": "U2FsdGVkX18KINbF9JSfFY5em6Uz4cTgAZDzo/yuHEjNi/qXJXiculXnhFXV/KLxLkZ/vQGsxOvLSbvfhiJ5mA==",
      "khash": null,
      "viewCount": null,
      "duration": "17:34",
      "size": 16879789
    },
    {
      "id": "829300af-4ec5-43b5-b9a5-62d803967e06",
      "pid": "5b6f0449-8692-43cb-8b74-c222d85d434c",
      "dblevel": 4,
      "location": "/VGMA/GiaoLy/NiemTinCanBan/07_DieuKhacBietQuanTrongGiuaConNguoiVaVuTruVanVat-VuonEden",
      "isVideo": false,
      "url": "giao-ly.niem-tin-can-ban.07-dieu-khac-biet-quan-trong-giua-con-nguoi-va-vu-tru-van-vat-vuon-eden",
      "name": "07_Điều Khác Biệt Quan Trọng Giữa Con Người Và Vũ Trụ Vạn Vật - Vườn Eden",
      "count": 0,
      "isLeaf": null,
      "keyword": null,
      "hash": "U2FsdGVkX1+rOIJCrvxzwU6tVbOfV5SHM8EvF0rftb2mS5PgTIVZd0Pbs4/UuMDs3wUQ4ALmzMwxH0xEwSUxqw==",
      "khash": null,
      "viewCount": null,
      "duration": "18:58",
      "size": 18229686
    },
    {
      "id": "9e298b18-6979-463f-84b2-922655248e1a",
      "pid": "5b6f0449-8692-43cb-8b74-c222d85d434c",
      "dblevel": 4,
      "location": "/VGMA/GiaoLy/NiemTinCanBan/08_GiaDinhDauTien-ConNguoiDauTien",
      "isVideo": false,
      "url": "giao-ly.niem-tin-can-ban.08-gia-dinh-dau-tien-con-nguoi-dau-tien",
      "name": "08_Gia Đình Đầu Tiên - Con Người Đầu Tiên",
      "count": 0,
      "isLeaf": null,
      "keyword": null,
      "hash": "U2FsdGVkX193twf0PZYe7kk2uJ6yQnLgWf7g3amo3OKbKSgI+7WxI9YTBATssu7gKQTTqvoJ1w8Ljgk7Y9aGEA==",
      "khash": null,
      "viewCount": null,
      "duration": "16:57",
      "size": 16288410
    },
    {
      "id": "2a11192d-7ec2-497e-84ee-b93ccc1581d0",
      "pid": "5b6f0449-8692-43cb-8b74-c222d85d434c",
      "dblevel": 4,
      "location": "/VGMA/GiaoLy/NiemTinCanBan/09_BaiOnTap",
      "isVideo": false,
      "url": "giao-ly.niem-tin-can-ban.09-bai-on-tap",
      "name": "09_Bài Ôn Tập",
      "count": 0,
      "isLeaf": null,
      "keyword": null,
      "hash": "U2FsdGVkX1+/5WjubyPIsFxEJ2nItD0FXu/N52nCcAoas5rPURHM9NHIKXnzj9rlnqmx/VEvwQfqNSdIwif5pQ==",
      "khash": null,
      "viewCount": null,
      "duration": "20:4",
      "size": 19279528
    },
    {
      "id": "8340f94c-9fdb-45b6-83f2-85375e2f01d9",
      "pid": "5b6f0449-8692-43cb-8b74-c222d85d434c",
      "dblevel": 4,
      "location": "/VGMA/GiaoLy/NiemTinCanBan/10_SuSaNgaPhamToiCuaConNguoi-HauQuaCuaToiLoi",
      "isVideo": false,
      "url": "giao-ly.niem-tin-can-ban.10-su-sa-nga-pham-toi-cua-con-nguoi-hau-qua-cua-toi-loi",
      "name": "10_Sự Sa Ngã Phạm Tội Của Con Người - Hậu Qủa Của Tội Lỗi",
      "count": 0,
      "isLeaf": null,
      "keyword": null,
      "hash": "U2FsdGVkX19+E26D0MjoKUy25L4eniyhcD0dlTNBkhC58pXwBwAcA8MJD4R8X4Vr8rZUJvX3T0xzXQNJAyOqUw==",
      "khash": null,
      "viewCount": null,
      "duration": "21:53",
      "size": 21022668
    },
    {
      "id": "5dc78519-a0a7-488e-ab48-3a0fccaa84fd",
      "pid": "5b6f0449-8692-43cb-8b74-c222d85d434c",
      "dblevel": 4,
      "location": "/VGMA/GiaoLy/NiemTinCanBan/11_HinhPhatToi-AnPhatToiP1",
      "isVideo": false,
      "url": "giao-ly.niem-tin-can-ban.11-hinh-phat-toi-an-phat-toi-p1",
      "name": "11_Hình Phạt Tội - Án Phạt Tội P1",
      "count": 0,
      "isLeaf": null,
      "keyword": null,
      "hash": "U2FsdGVkX1+t5n4CO0xm2xfiy16ZDSX87QgvF1w9M6Vbo0QHBd8gZbMkFggJZeEHxnJi+tK8jr8YmACq8XSoHA==",
      "khash": null,
      "viewCount": null,
      "duration": "25:24",
      "size": 24395294
    },
    {
      "id": "c8a6d702-72fc-4c1d-bbad-234123fef65d",
      "pid": "5b6f0449-8692-43cb-8b74-c222d85d434c",
      "dblevel": 4,
      "location": "/VGMA/GiaoLy/NiemTinCanBan/12_AnPhatToiP2-HaiNguoiConCuaAdamEVa",
      "isVideo": false,
      "url": "giao-ly.niem-tin-can-ban.12-an-phat-toi-p2-hai-nguoi-con-cua-adam-eva",
      "name": "12_Án Phạt Tội P2 - Hai Người Con Của Adam EVa",
      "count": 0,
      "isLeaf": null,
      "keyword": null,
      "hash": "U2FsdGVkX1+k3IOU2+Ui6MaY5wBrZsxw3kifuFsyTibzeLTnX+3XOZUdXPubYEQwYXOtFzzy4jJ2eBcup7zk3Q==",
      "khash": null,
      "viewCount": null,
      "duration": "17:47",
      "size": 17088197
    },
    {
      "id": "296a22d7-2ad6-453e-864a-a8efb9ebee56",
      "pid": "5b6f0449-8692-43cb-8b74-c222d85d434c",
      "dblevel": 4,
      "location": "/VGMA/GiaoLy/NiemTinCanBan/13_ChuyenXayRaGiuaHaiNguoiCon-ChuyenCain",
      "isVideo": false,
      "url": "giao-ly.niem-tin-can-ban.13-chuyen-xay-ra-giua-hai-nguoi-con-chuyen-cain",
      "name": "13_Chuyện Xảy Ra Giữa Hai Người Con - Chuyện Cain",
      "count": 0,
      "isLeaf": null,
      "keyword": null,
      "hash": "U2FsdGVkX19TbHuIc7TrsMLTy//uM7mzE/S8i1ANQouaTVM+ED7mG9YhYquaSytijtMaUeVctVOUsQHFEpxs4w==",
      "khash": null,
      "viewCount": null,
      "duration": "26:30",
      "size": 25453760
    },
    {
      "id": "c07b1a5c-cda3-4b16-861f-51d282a3cca1",
      "pid": "5b6f0449-8692-43cb-8b74-c222d85d434c",
      "dblevel": 4,
      "location": "/VGMA/GiaoLy/NiemTinCanBan/14_No-e-DaiHongThuy",
      "isVideo": false,
      "url": "giao-ly.niem-tin-can-ban.14-no-e-dai-hong-thuy",
      "name": "14_Nô-ê - Đại Hồng Thủy",
      "count": 0,
      "isLeaf": null,
      "keyword": null,
      "hash": "U2FsdGVkX1+HNdjKHdXULE/XaEFv9e4IdLQ7Wc7aYPXbrvVSuCoS8t2CZPS07MHp25b6mJgBFBDge4lZOrnq2w==",
      "khash": null,
      "viewCount": null,
      "duration": "26:19",
      "size": 25274717
    },
    {
      "id": "073a2277-f513-48c0-9a27-a2f076a64983",
      "pid": "5b6f0449-8692-43cb-8b74-c222d85d434c",
      "dblevel": 4,
      "location": "/VGMA/GiaoLy/NiemTinCanBan/15_GiaDinhNo-e-NguonGocNgonNguTrenTheGioi",
      "isVideo": false,
      "url": "giao-ly.niem-tin-can-ban.15-gia-dinh-no-e-nguon-goc-ngon-ngu-tren-the-gioi",
      "name": "15_Gia Đình Nô-ê - Nguồn Gốc Ngôn Ngữ Trên Thế Giới",
      "count": 0,
      "isLeaf": null,
      "keyword": null,
      "hash": "U2FsdGVkX1/lMXL9UXReWX4+JZx462+YG4cfuXOXr11gclpt0SrIoohAMJHd3Y97NLgnSjiw4LeuMJgS9nQDyg==",
      "khash": null,
      "viewCount": null,
      "duration": "21:4",
      "size": 20234884
    }
  ]
}