{
  "id": "7a920719-b028-40f1-8a5a-5a6ac5d6da66",
  "pid": "62b23314-6742-4c66-84f7-dadaac261747",
  "dblevel": 3,
  "location": "/VGMA/GiaoLy/TanUocLuocKhao-TCDTK",
  "isVideo": false,
  "url": "giao-ly.tan-uoc-luoc-khao-tcdtk",
  "name": "Tân Ước Lược Khảo-TCDTK",
  "count": 90,
  "isLeaf": true,
  "keyword": null,
  "hash": null,
  "khash": null,
  "viewCount": null,
  "duration": null,
  "size": null,
  "children": [
    {
      "id": "2bef5e78-8343-49cc-be3a-6ea24ea5d802",
      "pid": "7a920719-b028-40f1-8a5a-5a6ac5d6da66",
      "dblevel": 4,
      "location": "/VGMA/GiaoLy/TanUocLuocKhao-TCDTK/01",
      "isVideo": false,
      "url": "giao-ly.tan-uoc-luoc-khao-tcdtk.01",
      "name": "01",
      "count": 0,
      "isLeaf": null,
      "keyword": null,
      "hash": "U2FsdGVkX1/7SWBnThSt1KKgciKxeTRcM5zQ+aXbWzBgSyUZm+JxCXxPcQATUGMJLwE2KYWBth+clWNs+lWFCw==",
      "khash": null,
      "viewCount": null,
      "duration": "29:46",
      "size": 28592946
    },
    {
      "id": "054ef097-9371-4794-9621-dd2fd0698486",
      "pid": "7a920719-b028-40f1-8a5a-5a6ac5d6da66",
      "dblevel": 4,
      "location": "/VGMA/GiaoLy/TanUocLuocKhao-TCDTK/02",
      "isVideo": false,
      "url": "giao-ly.tan-uoc-luoc-khao-tcdtk.02",
      "name": "02",
      "count": 0,
      "isLeaf": null,
      "keyword": null,
      "hash": "U2FsdGVkX18k4N34a9rYy0AGJLTAzF1urP04J8WelHEdMxi4FB4+mXnV3jya70SIZkNcnsDyXsvjdz83NLT5aw==",
      "khash": null,
      "viewCount": null,
      "duration": "31:59",
      "size": 30710745
    },
    {
      "id": "5289dcfe-9cd0-4855-a09c-2f6942bcf873",
      "pid": "7a920719-b028-40f1-8a5a-5a6ac5d6da66",
      "dblevel": 4,
      "location": "/VGMA/GiaoLy/TanUocLuocKhao-TCDTK/03-Mathio-ChucVuGiangDayCuaChua",
      "isVideo": false,
      "url": "giao-ly.tan-uoc-luoc-khao-tcdtk.03-ma-thi-o-chuc-vu-giang-day-cua-chua",
      "name": "03-Ma thi ơ-Chức Vụ Giảng Dạy Của Chúa",
      "count": 0,
      "isLeaf": null,
      "keyword": null,
      "hash": "U2FsdGVkX19uaEE796cs+y3BkqQBuRa+f3H1HNIRRrZD3NAYrP48hfZ0ITcCAyZzQmhT+0FqQVyTiHZhe2fv6Q==",
      "khash": null,
      "viewCount": null,
      "duration": "29:40",
      "size": 28486856
    },
    {
      "id": "a7efe8cb-b02d-439b-9904-82946ddb1e70",
      "pid": "7a920719-b028-40f1-8a5a-5a6ac5d6da66",
      "dblevel": 4,
      "location": "/VGMA/GiaoLy/TanUocLuocKhao-TCDTK/04-Mathio-ChienLuocCuaChuaCuuThe",
      "isVideo": false,
      "url": "giao-ly.tan-uoc-luoc-khao-tcdtk.04-ma-thi-o-chien-luoc-cua-chua-cuu-the",
      "name": "04-Ma thi ơ-Chiến Lược Của Chúa Cứu Thế",
      "count": 0,
      "isLeaf": null,
      "keyword": null,
      "hash": "U2FsdGVkX19e5piFiyIVSvN7KDDCyfcGI4VVOszyquT0VwZNew3NXnU4FJ04gT0pG51B8TKA4DqqwWtPA1/nbA==",
      "khash": null,
      "viewCount": null,
      "duration": "32:6",
      "size": 30824504
    },
    {
      "id": "00b6b5bb-abd9-402a-b627-cc5973501aca",
      "pid": "7a920719-b028-40f1-8a5a-5a6ac5d6da66",
      "dblevel": 4,
      "location": "/VGMA/GiaoLy/TanUocLuocKhao-TCDTK/05-Mathio-NuocChaDuocDen",
      "isVideo": false,
      "url": "giao-ly.tan-uoc-luoc-khao-tcdtk.05-ma-thi-o-nuoc-cha-duoc-den",
      "name": "05-Ma thi ơ-Nước Cha Được Đến",
      "count": 0,
      "isLeaf": null,
      "keyword": null,
      "hash": "U2FsdGVkX1/o16GJEfLeY7RXQZLQaXcvyajwThNU4jIaUQr73AB/Z+x7F4LMtsCMlygikTBPI7ObE1edzDMX8g==",
      "khash": null,
      "viewCount": null,
      "duration": "31:21",
      "size": 30103922
    },
    {
      "id": "6fb8329c-3fe6-4e3a-9fbb-e733108613f9",
      "pid": "7a920719-b028-40f1-8a5a-5a6ac5d6da66",
      "dblevel": 4,
      "location": "/VGMA/GiaoLy/TanUocLuocKhao-TCDTK/06-Mathio-ChuaChiuBapTemVaCamDo",
      "isVideo": false,
      "url": "giao-ly.tan-uoc-luoc-khao-tcdtk.06-ma-thi-o-chua-chiu-bap-tem-va-cam-do",
      "name": "06-Ma thi ơ-Chúa Chịu Báp Tem Và Cám Dỗ",
      "count": 0,
      "isLeaf": null,
      "keyword": null,
      "hash": "U2FsdGVkX1+V5HhMnk3XB8CleESN9zXPJLWwOTJg+51ydLiw64ecijiISoiFNgecYfqcW0dYJfzRK8Xt6SmbLA==",
      "khash": null,
      "viewCount": null,
      "duration": "28:52",
      "size": 27719485
    },
    {
      "id": "e1c21fe2-e309-4845-82ec-af0e578d9521",
      "pid": "7a920719-b028-40f1-8a5a-5a6ac5d6da66",
      "dblevel": 4,
      "location": "/VGMA/GiaoLy/TanUocLuocKhao-TCDTK/07-Mathio-CacPhuocLanh",
      "isVideo": false,
      "url": "giao-ly.tan-uoc-luoc-khao-tcdtk.07-ma-thi-o-cac-phuoc-lanh",
      "name": "07-Ma thi ơ-Các Phước Lành",
      "count": 0,
      "isLeaf": null,
      "keyword": null,
      "hash": "U2FsdGVkX19rBlx6HRigwWrk6m/TMcCzLP37yZUigkqedovjdKbddG0kwvtxw75FNSt7y3Dbjj99g6raJsxklg==",
      "khash": null,
      "viewCount": null,
      "duration": "29:35",
      "size": 28407420
    },
    {
      "id": "f1e52740-6f98-4d46-8908-826432478c8e",
      "pid": "7a920719-b028-40f1-8a5a-5a6ac5d6da66",
      "dblevel": 4,
      "location": "/VGMA/GiaoLy/TanUocLuocKhao-TCDTK/08-Mathio-BonMinhHoa",
      "isVideo": false,
      "url": "giao-ly.tan-uoc-luoc-khao-tcdtk.08-ma-thi-o-bon-minh-hoa",
      "name": "08-Ma thi ơ-Bốn Minh Họa",
      "count": 0,
      "isLeaf": null,
      "keyword": null,
      "hash": "U2FsdGVkX19Un4O9AEtho+P0/pIom5vQkKSAhUma5sMJbzKGgycuBKGlsaJsC4A1q9l/mUSx88iEpRJz9UFUYg==",
      "khash": null,
      "viewCount": null,
      "duration": "29:51",
      "size": 28670730
    },
    {
      "id": "6de95664-61bf-4038-b38f-1b2355bb40ff",
      "pid": "7a920719-b028-40f1-8a5a-5a6ac5d6da66",
      "dblevel": 4,
      "location": "/VGMA/GiaoLy/TanUocLuocKhao-TCDTK/09-Mathio-DoiSongCongNghiaTrongTuongQuanVoiNguoiKhac",
      "isVideo": false,
      "url": "giao-ly.tan-uoc-luoc-khao-tcdtk.09-ma-thi-o-doi-song-cong-nghia-trong-tuong-quan-voi-nguoi-khac",
      "name": "09-Ma thi ơ-Đời Sống Công Nghĩa Trong Tương Quan Với Người Khác",
      "count": 0,
      "isLeaf": null,
      "keyword": null,
      "hash": "U2FsdGVkX1/7YgHWhEJiXoYvORwEANbx+M7s2zWwk5IisUghzTeRKoA0/9TI8S1I7sCnJi+ywQAL5Tc5DQz++w==",
      "khash": null,
      "viewCount": null,
      "duration": "30:29",
      "size": 29273087
    },
    {
      "id": "6fcc8a7b-9bcf-4f73-bc18-79d928a595c0",
      "pid": "7a920719-b028-40f1-8a5a-5a6ac5d6da66",
      "dblevel": 4,
      "location": "/VGMA/GiaoLy/TanUocLuocKhao-TCDTK/10-Mathio-YeuNguoiGhetMinh",
      "isVideo": false,
      "url": "giao-ly.tan-uoc-luoc-khao-tcdtk.10-ma-thi-o-yeu-nguoi-ghet-minh",
      "name": "10-Ma thi ơ-Yêu Người Ghét Mình",
      "count": 0,
      "isLeaf": null,
      "keyword": null,
      "hash": "U2FsdGVkX1+k7mASINjGzyQZRZibRya8gNiU2lkff82/pIBSv4ZkUCI6Uf+8V/p63lD3jfZviEci1Mk/oiixvw==",
      "khash": null,
      "viewCount": null,
      "duration": "31:49",
      "size": 30549471
    },
    {
      "id": "40b9b0c8-5d82-4e2e-93cc-f3b29b42b85c",
      "pid": "7a920719-b028-40f1-8a5a-5a6ac5d6da66",
      "dblevel": 4,
      "location": "/VGMA/GiaoLy/TanUocLuocKhao-TCDTK/11-Mathio-CauNguyenVoiAiVaNhuTheNao?",
      "isVideo": false,
      "url": "giao-ly.tan-uoc-luoc-khao-tcdtk.11-ma-thi-o-cau-nguyen-voi-ai-va-nhu-the-nao-",
      "name": "11-Ma thi ơ-Cầu Nguyện Với Ai Và Như Thế Nào?",
      "count": 0,
      "isLeaf": null,
      "keyword": null,
      "hash": "U2FsdGVkX18qduRPd/LYtnm8gAOVn2OowM9e07leo2EYrCjG2PzspC3nKwWU6msF95frNv0V/P9gh8dUaQUH9Q==",
      "khash": null,
      "viewCount": null,
      "duration": "32:20",
      "size": 31052304
    },
    {
      "id": "e317448b-05fe-43ac-93d5-b0961c89dc44",
      "pid": "7a920719-b028-40f1-8a5a-5a6ac5d6da66",
      "dblevel": 4,
      "location": "/VGMA/GiaoLy/TanUocLuocKhao-TCDTK/12-Mathio-DoanXet",
      "isVideo": false,
      "url": "giao-ly.tan-uoc-luoc-khao-tcdtk.12-ma-thi-o-doan-xet",
      "name": "12-Ma thi ơ-Đoán Xét",
      "count": 0,
      "isLeaf": null,
      "keyword": null,
      "hash": "U2FsdGVkX1+7XOV6pPNDbV7sRdS2sEbltIyjHbf0RteO4iB8+cPdszFJ8p87KLcXb/nnOGhzEAJTz55mKYw93w==",
      "khash": "U2FsdGVkX1++MroreiPfbdpXRKXlxtALx8xBLsuMtU36o4lQb1q27HU9ZWnlSdanzyYh4Qxis87+dIMPUahLZQ==",
      "viewCount": null,
      "duration": "30:8",
      "size": 28944903
    },
    {
      "id": "26b3adc8-acfb-456f-83d7-bf34a4265c36",
      "pid": "7a920719-b028-40f1-8a5a-5a6ac5d6da66",
      "dblevel": 4,
      "location": "/VGMA/GiaoLy/TanUocLuocKhao-TCDTK/13-Mathio-CacSuDo",
      "isVideo": false,
      "url": "giao-ly.tan-uoc-luoc-khao-tcdtk.13-ma-thi-o-cac-su-do",
      "name": "13-Ma thi ơ-Các Sứ Đồ",
      "count": 0,
      "isLeaf": null,
      "keyword": null,
      "hash": "U2FsdGVkX1+k6bhj1qTBvqT6Y5QYF72QxCYga5mzx2d61LDCDtw4me1jTxW7vVoT2rnGXfjR6/N9jvupZzYB8Q==",
      "khash": "U2FsdGVkX18NjWxUisP6ItxarHJyOL0hx/q9AXofU92XAai/bqIWbbLhCyr9NHflnPe8xXM0ttxA5JMaBn/Zgg==",
      "viewCount": null,
      "duration": "32:5",
      "size": 30809839
    },
    {
      "id": "c2567b27-70fb-43f9-9ee4-f3dabe9186ae",
      "pid": "7a920719-b028-40f1-8a5a-5a6ac5d6da66",
      "dblevel": 4,
      "location": "/VGMA/GiaoLy/TanUocLuocKhao-TCDTK/14-Mathio-LoiMoiGoiCuaChua",
      "isVideo": false,
      "url": "giao-ly.tan-uoc-luoc-khao-tcdtk.14-ma-thi-o-loi-moi-goi-cua-chua",
      "name": "14-Ma thi ơ-Lời Mời Gọi Của Chúa",
      "count": 0,
      "isLeaf": null,
      "keyword": null,
      "hash": "U2FsdGVkX19W6RUalr5bbdoroNMML7UeXNCpmX/xTEFznQf4jh/fQpL4mzUG+rffFcqfiiP9BxWXE+HgXnR91g==",
      "khash": "U2FsdGVkX18bMqo6jMwMwisDNOz2p41PoMQ5ByxT+5Dx5MHV5vKJL+B7mCiMTNcuh+dtfwCqgrsEUuCNN/vz5w==",
      "viewCount": null,
      "duration": "31:19",
      "size": 30076343
    },
    {
      "id": "4fc70676-8544-4d99-8f98-4ec21c8d4128",
      "pid": "7a920719-b028-40f1-8a5a-5a6ac5d6da66",
      "dblevel": 4,
      "location": "/VGMA/GiaoLy/TanUocLuocKhao-TCDTK/15-Mathio-CauChuyenVePhiero",
      "isVideo": false,
      "url": "giao-ly.tan-uoc-luoc-khao-tcdtk.15-ma-thi-o-cau-chuyen-ve-phi-e-ro",
      "name": "15-Ma thi ơ-Câu Chuyện Về Phi e rơ",
      "count": 0,
      "isLeaf": null,
      "keyword": null,
      "hash": "U2FsdGVkX18RA7LuOfNQuu41l50Bogx6eOch7MWecw3/p3DJIfuQklEfSs9IfCMMiLWPWR3LkIyer4l+J1WnKQ==",
      "khash": null,
      "viewCount": null,
      "duration": "33:9",
      "size": 31829686
    },
    {
      "id": "023b5d81-ac50-4af2-8432-6ce20d18fef0",
      "pid": "7a920719-b028-40f1-8a5a-5a6ac5d6da66",
      "dblevel": 4,
      "location": "/VGMA/GiaoLy/TanUocLuocKhao-TCDTK/16-Mathio-DucTin-ThaThu-HonNhan",
      "isVideo": false,
      "url": "giao-ly.tan-uoc-luoc-khao-tcdtk.16-ma-thi-o-duc-tin-tha-thu-hon-nhan",
      "name": "16-Ma thi ơ-Đức Tin-Tha Thứ-Hôn Nhân",
      "count": 0,
      "isLeaf": null,
      "keyword": null,
      "hash": "U2FsdGVkX18hSiZ5PaDwzzkzON3YpVr5Ku8rWQYCpy+aXC+NEyRnBTqmiDJrnRERuUt68R5eqrrJFmHqq+zqfQ==",
      "khash": "U2FsdGVkX1+8oK5hlsQXTKp2yH5PPxMIfNI98WoPJU+Vfto7qpPSoegixeOqy1Oit58QsRmJtnPtf+WgeOQOJg==",
      "viewCount": null,
      "duration": "32:23",
      "size": 31103695
    },
    {
      "id": "88dfec70-e37d-4af2-9b63-6fed7e4ea899",
      "pid": "7a920719-b028-40f1-8a5a-5a6ac5d6da66",
      "dblevel": 4,
      "location": "/VGMA/GiaoLy/TanUocLuocKhao-TCDTK/17-Mathio-ViDuVeNguoiLamCong",
      "isVideo": false,
      "url": "giao-ly.tan-uoc-luoc-khao-tcdtk.17-ma-thi-o-vi-du-ve-nguoi-lam-cong",
      "name": "17-Ma thi ơ-Ví Dụ Về Người Làm Công",
      "count": 0,
      "isLeaf": null,
      "keyword": null,
      "hash": "U2FsdGVkX1/v6o9K09brGS4zL5W8A5rkbY7aZJ+ec017pWAt+u6/duyWlkjYab5rh0wGOIaZJ6sb/8mxm8x9OQ==",
      "khash": "U2FsdGVkX1/pLwB27mesinzLo8qgalLGqIQxTxxlb9JVlRzwYUYjvqg/xPa5DSx8VNbzKOYsdS8mMYK8UtW2fQ==",
      "viewCount": null,
      "duration": "33:22",
      "size": 32038667
    },
    {
      "id": "5ea0d533-b2c7-45ab-9f5e-e9cbd747766c",
      "pid": "7a920719-b028-40f1-8a5a-5a6ac5d6da66",
      "dblevel": 4,
      "location": "/VGMA/GiaoLy/TanUocLuocKhao-TCDTK/18-Mathio-ViDuDucChuaTroiTaiLam",
      "isVideo": false,
      "url": "giao-ly.tan-uoc-luoc-khao-tcdtk.18-ma-thi-o-vi-du-duc-chua-troi-tai-lam",
      "name": "18-Ma thi ơ-Ví Dụ Đức Chúa Trời Tái Lâm",
      "count": 0,
      "isLeaf": null,
      "keyword": null,
      "hash": "U2FsdGVkX1+zt0O63syp6QdL3RHJ7Ok4r7MYHoBoEkwjfDYns7tdgaG5VQYrmliBFWB6YyejadBvruddS8PfAA==",
      "khash": "U2FsdGVkX199vIcpFBk4gO7g2ppLyQeYqiD1OSvhRrWw763GRYMNYT+W+pl6Ogff40Zd3OvaLEuPaQVinkJcoQ==",
      "viewCount": null,
      "duration": "31:46",
      "size": 30512288
    },
    {
      "id": "3eaf9633-7db1-420b-8a9a-79ca206cb41b",
      "pid": "7a920719-b028-40f1-8a5a-5a6ac5d6da66",
      "dblevel": 4,
      "location": "/VGMA/GiaoLy/TanUocLuocKhao-TCDTK/19-Luca-NetDacBietCuaSachLu-ca",
      "isVideo": false,
      "url": "giao-ly.tan-uoc-luoc-khao-tcdtk.19-lu-ca-net-dac-biet-cua-sach-lu-ca",
      "name": "19-Lu ca-Nét Đặc Biệt Của Sách Lu-ca",
      "count": 0,
      "isLeaf": null,
      "keyword": null,
      "hash": "U2FsdGVkX18w0qWr8R3crE4vRgiNpk/F3ZmIJK/NqTPTWZkCchdz8OBfrdWiQIMsAV56DkbgtJONqDxqhmAhrw==",
      "khash": "U2FsdGVkX1+tspO+xotsfjOvQaERA5gwp7OdPpmCYoRRo9t2Ap+hx82lHEpC14Apf/UUIdI923Na6bPG21EM9Q==",
      "viewCount": null,
      "duration": "32:45",
      "size": 31453944
    },
    {
      "id": "ddc26696-330e-422e-a3e4-ef05137282b0",
      "pid": "7a920719-b028-40f1-8a5a-5a6ac5d6da66",
      "dblevel": 4,
      "location": "/VGMA/GiaoLy/TanUocLuocKhao-TCDTK/20-Luca-ChuaBienDoiPhiero",
      "isVideo": false,
      "url": "giao-ly.tan-uoc-luoc-khao-tcdtk.20-lu-ca-chua-bien-doi-phi-e-ro",
      "name": "20-Lu ca-Chúa Biến Đổi Phi e rơ",
      "count": 0,
      "isLeaf": null,
      "keyword": null,
      "hash": "U2FsdGVkX1+u7IM75Ce9U/klR98U3XxpicCUr20mYUFwzrCmk9OWBVPKzfWiosu4fw0nwQX8DiRuBOWe7b5dOQ==",
      "khash": "U2FsdGVkX18Zdz5qOLAxapLPjpahUR1Th9eQG8iN2n1o/TIwz9lXfTiDJ55m+5o4OXMEP+d9ZKcbEC/doewcUw==",
      "viewCount": null,
      "duration": "34:1",
      "size": 32661419
    },
    {
      "id": "933fb21f-47f7-4d65-bee7-bbc7f6263e3a",
      "pid": "7a920719-b028-40f1-8a5a-5a6ac5d6da66",
      "dblevel": 4,
      "location": "/VGMA/GiaoLy/TanUocLuocKhao-TCDTK/21-Luca-ViDuNguoiQuanGiaBatTrung",
      "isVideo": false,
      "url": "giao-ly.tan-uoc-luoc-khao-tcdtk.21-lu-ca-vi-du-nguoi-quan-gia-bat-trung",
      "name": "21-Lu ca-Ví Dụ Người Quản Gia Bất Trung",
      "count": 0,
      "isLeaf": null,
      "keyword": null,
      "hash": "U2FsdGVkX18158R536p/c6ZqnvOunIeheoxDcc5ByQbvSiQAU/cPL7u6QLJQRptZDUpMo7FZ/OQZw8anNXOcxw==",
      "khash": null,
      "viewCount": null,
      "duration": "33:6",
      "size": 31790408
    },
    {
      "id": "a711d568-f9ca-436f-bf22-474d94485433",
      "pid": "7a920719-b028-40f1-8a5a-5a6ac5d6da66",
      "dblevel": 4,
      "location": "/VGMA/GiaoLy/TanUocLuocKhao-TCDTK/22-Luca-BienCoChuaGiangSinh",
      "isVideo": false,
      "url": "giao-ly.tan-uoc-luoc-khao-tcdtk.22-lu-ca-bien-co-chua-giang-sinh",
      "name": "22-Lu ca-Biến Cố Chúa Giáng Sinh",
      "count": 0,
      "isLeaf": null,
      "keyword": null,
      "hash": "U2FsdGVkX18yKFoHZHnA1Dm+sihl/hG9U5p/iPRKsaemKcrnJ4IW1zRk06I49Z+IMiyKtshsmf4AsnDbl713Pw==",
      "khash": "U2FsdGVkX18Um3eEijecKRbu1TSK/Zqwng8YE1ZpaZtZYN4sJpk8VJmBUI8EDjiYHFLgBN7/KrJMcAPx2vMa7A==",
      "viewCount": null,
      "duration": "33:15",
      "size": 31926648
    },
    {
      "id": "e944ee8b-80ca-4c35-a41d-56d9d5b6b64a",
      "pid": "7a920719-b028-40f1-8a5a-5a6ac5d6da66",
      "dblevel": 4,
      "location": "/VGMA/GiaoLy/TanUocLuocKhao-TCDTK/23-Luca-ThanhKien",
      "isVideo": false,
      "url": "giao-ly.tan-uoc-luoc-khao-tcdtk.23-lu-ca-thanh-kien",
      "name": "23-Lu ca-Thành Kiến",
      "count": 0,
      "isLeaf": null,
      "keyword": null,
      "hash": "U2FsdGVkX1+BH6hT46nmHHYxlos+YjLcN0p67IO/TA+MRvu2SP4yIfB8p8mO7R0ByLfwEZd6kc7dyajn+/rJQA==",
      "khash": null,
      "viewCount": null,
      "duration": "31:17",
      "size": 30040790
    },
    {
      "id": "de38fadb-3800-4481-b373-bf4288adce3f",
      "pid": "7a920719-b028-40f1-8a5a-5a6ac5d6da66",
      "dblevel": 4,
      "location": "/VGMA/GiaoLy/TanUocLuocKhao-TCDTK/24-Luca-AnNanCoNghiaGi?",
      "isVideo": false,
      "url": "giao-ly.tan-uoc-luoc-khao-tcdtk.24-lu-ca-an-nan-co-nghia-gi-",
      "name": "24-Lu ca-Ăn Năn Có Nghĩa Gì?",
      "count": 0,
      "isLeaf": null,
      "keyword": null,
      "hash": "U2FsdGVkX1//O5iZC4JfeVlc6lmsH5lZ6lSssMu4Au31CrisXERLIJBDqcLZxdfymSLlsXvzMAGUokFS9pqpCw==",
      "khash": null,
      "viewCount": null,
      "duration": "32:39",
      "size": 31346513
    },
    {
      "id": "e912ba07-0a38-4961-ad26-b7858cbc65e4",
      "pid": "7a920719-b028-40f1-8a5a-5a6ac5d6da66",
      "dblevel": 4,
      "location": "/VGMA/GiaoLy/TanUocLuocKhao-TCDTK/25-Giang-DacDiemSachGiang",
      "isVideo": false,
      "url": "giao-ly.tan-uoc-luoc-khao-tcdtk.25-giang-dac-diem-sach-giang",
      "name": "25-Giăng-Đặc Điểm Sách Giăng",
      "count": 0,
      "isLeaf": null,
      "keyword": null,
      "hash": "U2FsdGVkX19yt5y6jOJh5AU2dW+hIalgQXjXNhQivm+npjEq7T8urzivlRznrntF38y/XVwM2O93OdQTaC8H6Q==",
      "khash": "U2FsdGVkX19euNDmfw7sjs4iolZS6dqYorl16C+TN33PPZcFOjShCKhZJBKtJnXe/vQh8NLzJlnE31YhGZbn1A==",
      "viewCount": null,
      "duration": "31:32",
      "size": 30279045
    },
    {
      "id": "7dda936d-98a0-48a1-9b51-85b18233e1fa",
      "pid": "7a920719-b028-40f1-8a5a-5a6ac5d6da66",
      "dblevel": 4,
      "location": "/VGMA/GiaoLy/TanUocLuocKhao-TCDTK/26-Giang-TaiSanh",
      "isVideo": false,
      "url": "giao-ly.tan-uoc-luoc-khao-tcdtk.26-giang-tai-sanh",
      "name": "26-Giăng-Tái Sanh",
      "count": 0,
      "isLeaf": null,
      "keyword": null,
      "hash": "U2FsdGVkX1/0W9sWLnZIca520tjNW/Fp9X3dKDWQE4bYUwZ5FFC8U9RbCozbT0JU8hn+r9OEswTv+Tzr8sF9Vw==",
      "khash": null,
      "viewCount": null,
      "duration": "32:51",
      "size": 31539588
    },
    {
      "id": "5de5702a-c8d0-4156-b265-fd1a0dd37080",
      "pid": "7a920719-b028-40f1-8a5a-5a6ac5d6da66",
      "dblevel": 4,
      "location": "/VGMA/GiaoLy/TanUocLuocKhao-TCDTK/27-Giang-NguoiDanBaSamari",
      "isVideo": false,
      "url": "giao-ly.tan-uoc-luoc-khao-tcdtk.27-giang-nguoi-dan-ba-sa-ma-ri",
      "name": "27-Giăng-Người Đàn Bà Sa ma ri",
      "count": 0,
      "isLeaf": null,
      "keyword": null,
      "hash": "U2FsdGVkX19lSBsucovfcMshPkbHbmysHuUrQp3pdrVrvpXRe8AUGbc1xw87iU+CAUziVoIF9pAxRJp8DUBL7g==",
      "khash": "U2FsdGVkX1+SXL1YaAMCAfq+eaSLian668FI4IVEKxrf6OURYEUCOtj6nNGNEXDd72ecVl/pZ95TW5A8S38VsQ==",
      "viewCount": null,
      "duration": "31:28",
      "size": 30223879
    },
    {
      "id": "d5632855-9429-4ac2-be66-a626871dc5b7",
      "pid": "7a920719-b028-40f1-8a5a-5a6ac5d6da66",
      "dblevel": 4,
      "location": "/VGMA/GiaoLy/TanUocLuocKhao-TCDTK/28-Giang-ThucHanhLoiChua",
      "isVideo": false,
      "url": "giao-ly.tan-uoc-luoc-khao-tcdtk.28-giang-thuc-hanh-loi-chua",
      "name": "28-Giăng-Thực Hành Lời Chúa",
      "count": 0,
      "isLeaf": null,
      "keyword": null,
      "hash": "U2FsdGVkX1/37DMLHwCRJU+wq/VYijogyLBziTnrIyZZDx3VeQF8CyNra1yOGPneRGKmM/2IepPodrBEZsdnmw==",
      "khash": null,
      "viewCount": null,
      "duration": "32:22",
      "size": 31076091
    },
    {
      "id": "3b57d231-ae7b-4412-9333-124b4594f7f9",
      "pid": "7a920719-b028-40f1-8a5a-5a6ac5d6da66",
      "dblevel": 4,
      "location": "/VGMA/GiaoLy/TanUocLuocKhao-TCDTK/29-Giang-TinChuaTheoChua",
      "isVideo": false,
      "url": "giao-ly.tan-uoc-luoc-khao-tcdtk.29-giang-tin-chua-theo-chua",
      "name": "29-Giăng-Tin Chúa Theo Chúa",
      "count": 0,
      "isLeaf": null,
      "keyword": null,
      "hash": "U2FsdGVkX1/WJZYpBkt93ugVOi/SM4JeBxuXypPzbpk1LAJ8HpeZQfHDl4v7A7Z2BMZqAjDbd7v22uEcZ9vuAw==",
      "khash": "U2FsdGVkX1/bUjLa95hOxnUN7S1Fhkp8LRDbWvt04+1YXRskTfP2eI/A1CNtQiKSoiy6nV9vdFb3SyFA/5EEzg==",
      "viewCount": null,
      "duration": "31:34",
      "size": 30311226
    },
    {
      "id": "397d9455-d92d-42cf-922a-7266208950af",
      "pid": "7a920719-b028-40f1-8a5a-5a6ac5d6da66",
      "dblevel": 4,
      "location": "/VGMA/GiaoLy/TanUocLuocKhao-TCDTK/30-Giang-BaiHocYeuThuong",
      "isVideo": false,
      "url": "giao-ly.tan-uoc-luoc-khao-tcdtk.30-giang-bai-hoc-yeu-thuong",
      "name": "30-Giăng-Bài Học Yêu Thương",
      "count": 0,
      "isLeaf": null,
      "keyword": null,
      "hash": "U2FsdGVkX1+OekCqcM/lbev3GPFJ7zGkphguPdip+yL7frjTJb3lp9xZ/G74Ri2FGUqtF0ZcgYSp+GUWtCoA9A==",
      "khash": null,
      "viewCount": null,
      "duration": "32:34",
      "size": 31265427
    },
    {
      "id": "b8f28a5d-39ed-447f-b65c-ec8508cd0b43",
      "pid": "7a920719-b028-40f1-8a5a-5a6ac5d6da66",
      "dblevel": 4,
      "location": "/VGMA/GiaoLy/TanUocLuocKhao-TCDTK/31-CongVuCacSuDo-MacLayQuyenPhep",
      "isVideo": false,
      "url": "giao-ly.tan-uoc-luoc-khao-tcdtk.31-cong-vu-cac-su-do-mac-lay-quyen-phep",
      "name": "31-Công Vụ Các Sứ Đồ-Mặc Lấy Quyền Phép",
      "count": 0,
      "isLeaf": null,
      "keyword": null,
      "hash": "U2FsdGVkX1+9sSs/GpwD4iabbpWQdPuVg4yj0pNP+TzxvT7NMyDfDuTnNTgqLjGiKVKuYvMBBaAsNS4QHolDsA==",
      "khash": "U2FsdGVkX1/BbGM9/3Ncwp4jGhu9632pGTh3IVURJivoCB7/+ss3vzSjfqTxJof+k4GKJh+PYil1neW+1DQZ4w==",
      "viewCount": null,
      "duration": "27:15",
      "size": 26169275
    },
    {
      "id": "841153f5-7011-46d7-bad0-a2692c05612c",
      "pid": "7a920719-b028-40f1-8a5a-5a6ac5d6da66",
      "dblevel": 4,
      "location": "/VGMA/GiaoLy/TanUocLuocKhao-TCDTK/32-CongVuCacSuDo-DacDiemHoiThanhBanDau",
      "isVideo": false,
      "url": "giao-ly.tan-uoc-luoc-khao-tcdtk.32-cong-vu-cac-su-do-dac-diem-hoi-thanh-ban-dau",
      "name": "32-Công Vụ Các Sứ Đồ-Đặc Điểm Hội Thánh Ban Đầu",
      "count": 0,
      "isLeaf": null,
      "keyword": null,
      "hash": "U2FsdGVkX1/OJj0/LbyVfQhB80M4EG4n/3+psvLpwSNRMft6nubYkNuMe65rmarWwdkYT65eho8SwlAaNGOtRw==",
      "khash": "U2FsdGVkX18hAyvSF/o5yA8pGjDyhi7G3Klo0SUW12SI5pta7TFy33+w2/rzEVa4rTKTkq1vQEX6x6WqPCK2/Q==",
      "viewCount": null,
      "duration": "29:53",
      "size": 28695436
    },
    {
      "id": "2066c4eb-832e-4f89-a184-caf1b327f285",
      "pid": "7a920719-b028-40f1-8a5a-5a6ac5d6da66",
      "dblevel": 4,
      "location": "/VGMA/GiaoLy/TanUocLuocKhao-TCDTK/33-CongVuCacSuDo-MauMucHoiThanhDauTien",
      "isVideo": false,
      "url": "giao-ly.tan-uoc-luoc-khao-tcdtk.33-cong-vu-cac-su-do-mau-muc-hoi-thanh-dau-tien",
      "name": "33-Công Vụ Các Sứ Đồ-Mẫu Mực Hội Thánh Đầu Tiên",
      "count": 0,
      "isLeaf": null,
      "keyword": null,
      "hash": "U2FsdGVkX19tAwjoS9NL/fXg3sz/+Q9khfILGLOUSyQ4/d3pLlKsYLGDePPhQ5B4tYyS8AFK+vFuFm1fIUdrvA==",
      "khash": "U2FsdGVkX19amCHduJuQhAfBRhfTLE5s6k2rGivqzUz3wMBqXPdlTu0il/K6tWWzesHTUddaCLlpxcifo/mZog==",
      "viewCount": null,
      "duration": "32:10",
      "size": 30887632
    },
    {
      "id": "d7691e67-0f33-4a53-a898-0e0d3e3b5e2c",
      "pid": "7a920719-b028-40f1-8a5a-5a6ac5d6da66",
      "dblevel": 4,
      "location": "/VGMA/GiaoLy/TanUocLuocKhao-TCDTK/34-CongVuCacSuDo-BaiGiangETien",
      "isVideo": false,
      "url": "giao-ly.tan-uoc-luoc-khao-tcdtk.34-cong-vu-cac-su-do-bai-giang-e-tien",
      "name": "34-Công Vụ Các Sứ Đồ-Bài Giảng Ê Tiên",
      "count": 0,
      "isLeaf": null,
      "keyword": null,
      "hash": "U2FsdGVkX19nt/zOwvg6VCLEcvy+4K+/+eM6m+vENTuOIy0LdVaPlOinXEdADxGG4maEe7HFR3LeHeSQMS1Wmg==",
      "khash": "U2FsdGVkX1/h5gPvhyhH6FPRdUXkxNTinRrIAJIQv/q0VzpMg7C0T8OxddIsXiB+s2+n7RgcrakgT/RUgMEY/g==",
      "viewCount": null,
      "duration": "29:2",
      "size": 27887083
    },
    {
      "id": "adb6f9e2-222b-4c9a-ae74-087d107d24a2",
      "pid": "7a920719-b028-40f1-8a5a-5a6ac5d6da66",
      "dblevel": 4,
      "location": "/VGMA/GiaoLy/TanUocLuocKhao-TCDTK/35-CongVuCacSuDo-YNghiaLeBapTem",
      "isVideo": false,
      "url": "giao-ly.tan-uoc-luoc-khao-tcdtk.35-cong-vu-cac-su-do-y-nghia-le-bap-tem",
      "name": "35-Công Vụ Các Sứ Đồ-Ý Nghĩa Lễ Báp Tem",
      "count": 0,
      "isLeaf": null,
      "keyword": null,
      "hash": "U2FsdGVkX190xVJbOtIXNCbIjLb3dUMOgdhfCCG4tqltWdTE9pU3BHqUhIYSIT1QGZHmnEKffnwvyFlDkdFBPA==",
      "khash": "U2FsdGVkX19k0/Tfgg72/zH7/FI3xANPzyqa5OoYSf1G3IjfH1fdFEyduSTjC3v28lARNsIvgOtyYMZILw4BLg==",
      "viewCount": null,
      "duration": "30:23",
      "size": 29176073
    },
    {
      "id": "225b3e6e-9b04-4419-966a-eb181f96f415",
      "pid": "7a920719-b028-40f1-8a5a-5a6ac5d6da66",
      "dblevel": 4,
      "location": "/VGMA/GiaoLy/TanUocLuocKhao-TCDTK/36-CongVuCacSuDo-KinhNghiemLeNguTuanCuaSauLo",
      "isVideo": false,
      "url": "giao-ly.tan-uoc-luoc-khao-tcdtk.36-cong-vu-cac-su-do-kinh-nghiem-le-ngu-tuan-cua-sau-lo",
      "name": "36-Công Vụ Các Sứ Đồ-Kinh Nghiệm Lễ Ngũ Tuần Của Sau Lơ",
      "count": 0,
      "isLeaf": null,
      "keyword": null,
      "hash": "U2FsdGVkX1/uHgiDMDmNQANUCoPBRb2c5GbFSruJiSMbZlqo275749Ph6E99DHpEVXBLQXxw44P9yE6LDCXnmw==",
      "khash": "U2FsdGVkX1/eNveUAq5+sFJ+E/Nqa5WV/kA/R5N+NLw1uCkL5MgogHqijXPhF1DbmEarjKKaGlquukRdPbgRow==",
      "viewCount": null,
      "duration": "31:43",
      "size": 30459658
    },
    {
      "id": "b542966c-1552-49b9-8a28-1e4ed7985586",
      "pid": "7a920719-b028-40f1-8a5a-5a6ac5d6da66",
      "dblevel": 4,
      "location": "/VGMA/GiaoLy/TanUocLuocKhao-TCDTK/37-CongVuCacSuDo-PhaoloVaNhungNguoiBan",
      "isVideo": false,
      "url": "giao-ly.tan-uoc-luoc-khao-tcdtk.37-cong-vu-cac-su-do-phao-lo-va-nhung-nguoi-ban",
      "name": "37-Công Vụ Các Sứ Đồ-Phao lô Và Những Người Bạn",
      "count": 0,
      "isLeaf": null,
      "keyword": null,
      "hash": "U2FsdGVkX18wm/mgbkT5SOn9dCpnjIOYC/u2P7SxwHSGU1bcnqzFCQ8/Y8QxH4oqCeNWLWyaAt8SuPi62kUKLw==",
      "khash": "U2FsdGVkX18HUlXgniQguWXtwFpf1fbC2AxwBTuTsLd5+cCh7o4+NqgRWnddYhvmoDbroUWlkt8sc5SCJreavA==",
      "viewCount": null,
      "duration": "32:14",
      "size": 30959501
    },
    {
      "id": "579e3631-9e44-4247-967c-fedf5ed0a653",
      "pid": "7a920719-b028-40f1-8a5a-5a6ac5d6da66",
      "dblevel": 4,
      "location": "/VGMA/GiaoLy/TanUocLuocKhao-TCDTK/38-CongVuCacSuDo-LoiTamTinhCuaPhaoLo",
      "isVideo": false,
      "url": "giao-ly.tan-uoc-luoc-khao-tcdtk.38-cong-vu-cac-su-do-loi-tam-tinh-cua-phao-lo",
      "name": "38-Công Vụ Các Sứ Đồ-Lời Tâm Tình Của Phao Lô",
      "count": 0,
      "isLeaf": null,
      "keyword": null,
      "hash": "U2FsdGVkX1815eUk8kdBrxNp2CfTr6bp3JGaAdnzhQXPb7mIlPdofpPEHLODPvXtXEw5dLebQpBunJzZ5+p1mw==",
      "khash": null,
      "viewCount": null,
      "duration": "31:6",
      "size": 29867807
    },
    {
      "id": "9f339579-8b47-46e5-8da9-3454fc8e2753",
      "pid": "7a920719-b028-40f1-8a5a-5a6ac5d6da66",
      "dblevel": 4,
      "location": "/VGMA/GiaoLy/TanUocLuocKhao-TCDTK/39-CongVuCacSuDo-LoiChungCuaPhaoLo",
      "isVideo": false,
      "url": "giao-ly.tan-uoc-luoc-khao-tcdtk.39-cong-vu-cac-su-do-loi-chung-cua-phao-lo",
      "name": "39-Công Vụ Các Sứ Đồ-Lời Chứng Của Phao Lô",
      "count": 0,
      "isLeaf": null,
      "keyword": null,
      "hash": "U2FsdGVkX1860tUKOPTKh3QYndsVcVKvvApeiLhK+zyn9Db/wdLRnAt/TUxnO3CWosU/urhV12+P9w6itf3cow==",
      "khash": null,
      "viewCount": null,
      "duration": "29:31",
      "size": 28339743
    },
    {
      "id": "668de49a-2d05-45ac-8746-cc2f5cccb902",
      "pid": "7a920719-b028-40f1-8a5a-5a6ac5d6da66",
      "dblevel": 4,
      "location": "/VGMA/GiaoLy/TanUocLuocKhao-TCDTK/40-Roma-TongQuanRo-ma",
      "isVideo": false,
      "url": "giao-ly.tan-uoc-luoc-khao-tcdtk.40-ro-ma-tong-quan-ro-ma",
      "name": "40-Rô ma-Tổng Quan Rô-ma",
      "count": 0,
      "isLeaf": null,
      "keyword": null,
      "hash": "U2FsdGVkX1/nvI0x0M5nGOlQSk4Hk+rJSj5jZbKo840lO6hOoczD2i49K/rCgfylTa6C0QYTO0k9t92dFsFf7w==",
      "khash": null,
      "viewCount": null,
      "duration": "29:54",
      "size": 28705839
    },
    {
      "id": "b5bba93e-8ea7-474a-8e5d-76c8d0e49519",
      "pid": "7a920719-b028-40f1-8a5a-5a6ac5d6da66",
      "dblevel": 4,
      "location": "/VGMA/GiaoLy/TanUocLuocKhao-TCDTK/41-Roma-ChuongTrinhCuuRoiCuaChua",
      "isVideo": false,
      "url": "giao-ly.tan-uoc-luoc-khao-tcdtk.41-ro-ma-chuong-trinh-cuu-roi-cua-chua",
      "name": "41-Rô ma-Chương Trình Cứu Rỗi Của Chúa",
      "count": 0,
      "isLeaf": null,
      "keyword": null,
      "hash": "U2FsdGVkX18ta/jkivYTLKiDjW4/ea8KxpDDpfumdkFt9Bh4r/jr2Z7XACSJs0CT27r6temwwGHAWflI/xb3kw==",
      "khash": "U2FsdGVkX1/u/WsQx64wWsms9XLR8nCJBz+XizfSm1A/BgkM0+AP0sZFSKPAgYSBFFjYfp1tSwDTRnMEHE8zkg==",
      "viewCount": null,
      "duration": "30:11",
      "size": 28990497
    },
    {
      "id": "51fbbeca-9ba3-4493-9882-0cd83bdf1fcc",
      "pid": "7a920719-b028-40f1-8a5a-5a6ac5d6da66",
      "dblevel": 4,
      "location": "/VGMA/GiaoLy/TanUocLuocKhao-TCDTK/42-Roma-DuongLoiDucChuaTroi",
      "isVideo": false,
      "url": "giao-ly.tan-uoc-luoc-khao-tcdtk.42-ro-ma-duong-loi-duc-chua-troi",
      "name": "42-Rô ma-Đường Lối Đức Chúa Trời",
      "count": 0,
      "isLeaf": null,
      "keyword": null,
      "hash": "U2FsdGVkX19jmVyiEhf2Pwm8zNKRTs+YgoV6ZHJLbDeF0cx1L4zBTxBV+SLnn+VKiu2ihgaOq26gx26Ve5xElw==",
      "khash": null,
      "viewCount": null,
      "duration": "28:46",
      "size": 27631282
    },
    {
      "id": "b5717fed-548f-44d7-a471-c18feaac7ab4",
      "pid": "7a920719-b028-40f1-8a5a-5a6ac5d6da66",
      "dblevel": 4,
      "location": "/VGMA/GiaoLy/TanUocLuocKhao-TCDTK/43-Roma-AnTuThuocLinh",
      "isVideo": false,
      "url": "giao-ly.tan-uoc-luoc-khao-tcdtk.43-ro-ma-an-tu-thuoc-linh",
      "name": "43-Rô ma-Ân Tứ Thuộc Linh",
      "count": 0,
      "isLeaf": null,
      "keyword": null,
      "hash": "U2FsdGVkX19RJVFXck1DZ322oA2RMR3X4TPKPuhM77XYcuaP/yD+schilFoIvhZKhlRcMSuUR7764LustT2dWw==",
      "khash": "U2FsdGVkX18TueV6+6Nhzw5I+lnxaRvJyl9aEUz3HE8TR9oW0/6rfLTu9tIEAaMpl/0anOtvDUo692KcPAiHbA==",
      "viewCount": null,
      "duration": "31:22",
      "size": 30126066
    },
    {
      "id": "378eaf69-8149-45e9-99d8-519e376cbf3e",
      "pid": "7a920719-b028-40f1-8a5a-5a6ac5d6da66",
      "dblevel": 4,
      "location": "/VGMA/GiaoLy/TanUocLuocKhao-TCDTK/44-ICorinhto-GiaiQuyetNanDe",
      "isVideo": false,
      "url": "giao-ly.tan-uoc-luoc-khao-tcdtk.44-i-co-rinh-to-giai-quyet-nan-de",
      "name": "44-I Cô rinh tô-Giải Quyết Nan Đề",
      "count": 0,
      "isLeaf": null,
      "keyword": null,
      "hash": "U2FsdGVkX18y8mCeWC4y9Qseh1uqMC99/yW1u9BGPgC9dZa6+1Li74/cgjG+aFZR80b4EGkmWyDfTXTYTdrYHw==",
      "khash": null,
      "viewCount": null,
      "duration": "30:23",
      "size": 29183166
    },
    {
      "id": "f115827b-a234-4900-8844-e070992bd672",
      "pid": "7a920719-b028-40f1-8a5a-5a6ac5d6da66",
      "dblevel": 4,
      "location": "/VGMA/GiaoLy/TanUocLuocKhao-TCDTK/45-ICorinhto-ChiaRe",
      "isVideo": false,
      "url": "giao-ly.tan-uoc-luoc-khao-tcdtk.45-i-co-rinh-to-chia-re",
      "name": "45-I Cô rinh tô-Chia Rẽ",
      "count": 0,
      "isLeaf": null,
      "keyword": null,
      "hash": "U2FsdGVkX18bVHtb/3qyCIHCJLDsbuMfXmyckBD7DP7okYakn4lSvWFursbcDrD+K8FDTzEgZTUa6E3mdvqyuQ==",
      "khash": null,
      "viewCount": null,
      "duration": "29:50",
      "size": 28653592
    },
    {
      "id": "7e2e0afb-9c1e-4be6-920b-477ff0e2ba86",
      "pid": "7a920719-b028-40f1-8a5a-5a6ac5d6da66",
      "dblevel": 4,
      "location": "/VGMA/GiaoLy/TanUocLuocKhao-TCDTK/46-ICorinhto-DoiPhoChiaRe",
      "isVideo": false,
      "url": "giao-ly.tan-uoc-luoc-khao-tcdtk.46-i-co-rinh-to-doi-pho-chia-re",
      "name": "46-I Cô rinh tô-Đối Phó Chia Rẽ",
      "count": 0,
      "isLeaf": null,
      "keyword": null,
      "hash": "U2FsdGVkX1/T35k9jaDSweODRCWiM0JclCIt/YjsnHGiFMouDOZbvP+vdNmOuvhbpwLD+Dc8pK6c1tGZgHI7IQ==",
      "khash": "U2FsdGVkX1/Y36ddnJSTjCYuC2P03VzkJjOyVPMd3rbJ8ONgkjTi9vBjpWaMDroNCeNWXfBms6+mH5CbiNjnFQ==",
      "viewCount": null,
      "duration": "31:55",
      "size": 30645601
    },
    {
      "id": "02e84ef3-f294-4294-9cf6-54f32a297f91",
      "pid": "7a920719-b028-40f1-8a5a-5a6ac5d6da66",
      "dblevel": 4,
      "location": "/VGMA/GiaoLy/TanUocLuocKhao-TCDTK/47-ICorinhto-LoiKhuyenTrongHonNhan",
      "isVideo": false,
      "url": "giao-ly.tan-uoc-luoc-khao-tcdtk.47-i-co-rinh-to-loi-khuyen-trong-hon-nhan",
      "name": "47-I Cô rinh tô-Lời Khuyên Trong Hôn Nhân",
      "count": 0,
      "isLeaf": null,
      "keyword": null,
      "hash": "U2FsdGVkX19KQ6b4Mu9VnvVVUl9Tm9K1iBE8dRof612mBq+MJv6h0BN/S7NE7aqChuHg8RHRA2vFF/GJcdGc2w==",
      "khash": "U2FsdGVkX18bkhzeQ/Du8GyMVMowg9tlSXDSEw2D6NBXE2++v0xBLgsi7IvgsfEknDvri26fUO5xcgGAfgraSA==",
      "viewCount": null,
      "duration": "29:27",
      "size": 28288332
    },
    {
      "id": "c27f9a30-1b43-4fad-ab3d-efcae513823e",
      "pid": "7a920719-b028-40f1-8a5a-5a6ac5d6da66",
      "dblevel": 4,
      "location": "/VGMA/GiaoLy/TanUocLuocKhao-TCDTK/48-ICorinhto-NguyenTacQuyetDinhDungSai",
      "isVideo": false,
      "url": "giao-ly.tan-uoc-luoc-khao-tcdtk.48-i-co-rinh-to-nguyen-tac-quyet-dinh-dung-sai",
      "name": "48-I Cô rinh tô-Nguyên Tắc Quyết Định Đúng Sai",
      "count": 0,
      "isLeaf": null,
      "keyword": null,
      "hash": "U2FsdGVkX1/HCF9QU6jUGu++2mNZlknplJdPLHgq4ALsWPTc27i9/SOKGosM9m2dc7Nk5JwdW59tiT2eM1MzCQ==",
      "khash": "U2FsdGVkX18trJ7Hz8tkvI3kt6mX91kSnidacUA4+GFoWLyali5vWExWSbNrhA71OZ/jMVPahSJubYxQsmERzA==",
      "viewCount": null,
      "duration": "30:31",
      "size": 29302729
    },
    {
      "id": "0bcef9fa-d12b-423c-b58c-c8f42bd46d16",
      "pid": "7a920719-b028-40f1-8a5a-5a6ac5d6da66",
      "dblevel": 4,
      "location": "/VGMA/GiaoLy/TanUocLuocKhao-TCDTK/49-ICorinhto-AnTuThuocLinh",
      "isVideo": false,
      "url": "giao-ly.tan-uoc-luoc-khao-tcdtk.49-i-co-rinh-to-an-tu-thuoc-linh",
      "name": "49-I Cô rinh tô-Ân Tứ Thuộc Linh",
      "count": 0,
      "isLeaf": null,
      "keyword": null,
      "hash": "U2FsdGVkX19je88Q4iqUWUV2I//k6wZBMZJcPAG6a2awb57SsP7UmzqXhRHAy5G7ZujAso63SvD3a89HNIVPzA==",
      "khash": "U2FsdGVkX1+ZLmZvRhrmcl/cv4Jh5efAqbzsf5cdkAeVaWWJux0k4CzXBJ0REEMm+bc1f5BywRZ0fWoZQrvsWw==",
      "viewCount": null,
      "duration": "27:45",
      "size": 26642390
    },
    {
      "id": "d15235fb-9841-4682-bebd-0d97823b85d7",
      "pid": "7a920719-b028-40f1-8a5a-5a6ac5d6da66",
      "dblevel": 4,
      "location": "/VGMA/GiaoLy/TanUocLuocKhao-TCDTK/50-ICorinhto-TinhYeuThuong",
      "isVideo": false,
      "url": "giao-ly.tan-uoc-luoc-khao-tcdtk.50-i-co-rinh-to-tinh-yeu-thuong",
      "name": "50-I Cô rinh tô-Tình Yêu Thương",
      "count": 0,
      "isLeaf": null,
      "keyword": null,
      "hash": "U2FsdGVkX1/4YJ3XvO7fHlsHHBOtGOwlrIUe9if8SUdcx8nK0R9Ozf27S0TaUY8qivwPz7dV1/+NoYll5+kirA==",
      "khash": "U2FsdGVkX181nXU3xYn0eHyU++DTqtpz/CUIdojcTiy9WLUpNhYm/6o/OaDgRzjJErZBqec/EZ7tkWiCKkVYWg==",
      "viewCount": null,
      "duration": "32:22",
      "size": 31073174
    },
    {
      "id": "60ea9882-53f6-413b-9e7d-bad12cef8ac9",
      "pid": "7a920719-b028-40f1-8a5a-5a6ac5d6da66",
      "dblevel": 4,
      "location": "/VGMA/GiaoLy/TanUocLuocKhao-TCDTK/51-IICorinhto-PhaoloBenhVucChucVuSuDo",
      "isVideo": false,
      "url": "giao-ly.tan-uoc-luoc-khao-tcdtk.51-ii-co-rinh-to-phao-lo-benh-vuc-chuc-vu-su-do",
      "name": "51-II Cô rinh tô-Phao lô Bênh Vực Chức Vụ Sứ Đồ",
      "count": 0,
      "isLeaf": null,
      "keyword": null,
      "hash": "U2FsdGVkX189anr3AKCpfs5F589y+D9mRspHd8twm6LYN38MqWW6DZI685MxHvEEbEcZGe9ZGfT8aKCwjFLdBw==",
      "khash": "U2FsdGVkX19pz/lhyBtSqglWw5dJVmv0nPJCbHnZ0LrMXNGI8tvPSXkn2LqI1MHjrRd0MnrMri7mBVzZ2w+rbQ==",
      "viewCount": null,
      "duration": "31:10",
      "size": 29935939
    },
    {
      "id": "f328ea6e-b6e9-433a-b4a9-0c22845cb329",
      "pid": "7a920719-b028-40f1-8a5a-5a6ac5d6da66",
      "dblevel": 4,
      "location": "/VGMA/GiaoLy/TanUocLuocKhao-TCDTK/52-IICorinhto-ChucVuGiangHoa",
      "isVideo": false,
      "url": "giao-ly.tan-uoc-luoc-khao-tcdtk.52-ii-co-rinh-to-chuc-vu-giang-hoa",
      "name": "52-II Cô rinh tô-Chức Vụ Giảng Hòa",
      "count": 0,
      "isLeaf": null,
      "keyword": null,
      "hash": "U2FsdGVkX1/lHeBCcOnx4esnhgQDJvx76gIH6+MjhxIgvMZGu2gPm9xgvFKqBvXqdtouLoZ8vrGDFbmXjjsmBw==",
      "khash": "U2FsdGVkX1/9KieENpn9DQb7AYifHclWZrlqqMCVRh4xlVcn/h7RHpcl+QXfhPAO9bs676uRdSW5llJum9wdQg==",
      "viewCount": null,
      "duration": "30:53",
      "size": 29650865
    },
    {
      "id": "d79054b1-53d0-4a0c-8995-ff4415feefdc",
      "pid": "7a920719-b028-40f1-8a5a-5a6ac5d6da66",
      "dblevel": 4,
      "location": "/VGMA/GiaoLy/TanUocLuocKhao-TCDTK/53-IICorinhto-KinhNghiemCuaPhao-lo",
      "isVideo": false,
      "url": "giao-ly.tan-uoc-luoc-khao-tcdtk.53-ii-co-rinh-to-kinh-nghiem-cua-phao-lo",
      "name": "53-II Cô rinh tô-Kinh Nghiệm Của Phao-lô",
      "count": 0,
      "isLeaf": null,
      "keyword": null,
      "hash": "U2FsdGVkX18JBcZT+nqDxNo8H+/PN9s57POly5yoZcmKyKpwqULGoXSB+VzwItG0pF7t7hVOiRiEc6RjBB3HvQ==",
      "khash": "U2FsdGVkX1/jXQylpqY3grc7VW9CxEecW1wELFtVzqRf2OiCyCJmP/HgkU8J20+TGQE2P+G4ce8nZhStwnNyqw==",
      "viewCount": null,
      "duration": "30:22",
      "size": 29164372
    },
    {
      "id": "f3a7d622-aebe-4f40-8647-3dc1f5016c20",
      "pid": "7a920719-b028-40f1-8a5a-5a6ac5d6da66",
      "dblevel": 4,
      "location": "/VGMA/GiaoLy/TanUocLuocKhao-TCDTK/54-IICorinhto-TinhThanDangHien",
      "isVideo": false,
      "url": "giao-ly.tan-uoc-luoc-khao-tcdtk.54-ii-co-rinh-to-tinh-than-dang-hien",
      "name": "54-II Cô rinh tô-Tinh Thần Dâng Hiến",
      "count": 0,
      "isLeaf": null,
      "keyword": null,
      "hash": "U2FsdGVkX1/rxyFBp5B5FUHTPjTabBkLNIkCm4eH/jCs6yAyKJg+xYqByTThGJfU/Z2zyz6zeNYvJi8wsngZZA==",
      "khash": "U2FsdGVkX19CM0tSbG24gexorA1v6RqU7n+E8lgyROIZ49acEPgXaJe7DtjdoOoUmI3o9uZGb2atCHn6RVF8VQ==",
      "viewCount": null,
      "duration": "30:26",
      "size": 29226222
    },
    {
      "id": "ddbdd70a-c96d-4fce-b46f-b15a710ab41f",
      "pid": "7a920719-b028-40f1-8a5a-5a6ac5d6da66",
      "dblevel": 4,
      "location": "/VGMA/GiaoLy/TanUocLuocKhao-TCDTK/55-Galati-TinLanhChanThat",
      "isVideo": false,
      "url": "giao-ly.tan-uoc-luoc-khao-tcdtk.55-ga-la-ti-tin-lanh-chan-that",
      "name": "55-Ga la ti-Tin Lành Chân Thật",
      "count": 0,
      "isLeaf": null,
      "keyword": null,
      "hash": "U2FsdGVkX19JP8EmEqmC7sELcdas9KgpY57f1/XeTaIl85wk+hBbSRAAXv96g3KA4CnXOo6VIBgoQ09SeTJY8g==",
      "khash": "U2FsdGVkX1+Hj8YFLNhzxzFCvewDIEa1R4euWEz9496NhIzkI/AklS/43ymMW0zuqkrKWFfNSWpCkx9hsSTLOw==",
      "viewCount": null,
      "duration": "31:6",
      "size": 29865688
    },
    {
      "id": "d5a7f7c3-2c4d-41b1-b0a1-70ae1ee8c144",
      "pid": "7a920719-b028-40f1-8a5a-5a6ac5d6da66",
      "dblevel": 4,
      "location": "/VGMA/GiaoLy/TanUocLuocKhao-TCDTK/56-Galati-MucDichCuaDieuRanVaLuatPhap",
      "isVideo": false,
      "url": "giao-ly.tan-uoc-luoc-khao-tcdtk.56-ga-la-ti-muc-dich-cua-dieu-ran-va-luat-phap",
      "name": "56-Ga la ti-Mục Đích Của Điều Răn Và Luật Pháp",
      "count": 0,
      "isLeaf": null,
      "keyword": null,
      "hash": "U2FsdGVkX18s5CrT1ulyyuEzESrGPUVWdSGAELjurGS0C5RLGIGd5mQO2oX+BS4noOC/gNpeCa7GaDhUghdEFw==",
      "khash": "U2FsdGVkX19l/g7pouO64BFuwmZDI5M8yx43n880Ypn5hfw5FRP1zqX414WTWjEfbD80+pqoUptd3x/nwjnknA==",
      "viewCount": null,
      "duration": "32:32",
      "size": 31244149
    },
    {
      "id": "454c6e3c-6b72-4173-b3d9-d9ebdd86d68a",
      "pid": "7a920719-b028-40f1-8a5a-5a6ac5d6da66",
      "dblevel": 4,
      "location": "/VGMA/GiaoLy/TanUocLuocKhao-TCDTK/57-Galati-BongTraiThanhLinh",
      "isVideo": false,
      "url": "giao-ly.tan-uoc-luoc-khao-tcdtk.57-ga-la-ti-bong-trai-thanh-linh",
      "name": "57-Ga la ti-Bông Trái Thánh Linh",
      "count": 0,
      "isLeaf": null,
      "keyword": null,
      "hash": "U2FsdGVkX1/673D/NN8GNkjOP+BzJ1o4yF17f3hahs+KQORlyuuZIpBF4RJU42ICUple7e7AzsYNorLz6VL+Tw==",
      "khash": null,
      "viewCount": null,
      "duration": "29:59",
      "size": 28794044
    },
    {
      "id": "da900be0-8945-42a9-a06d-b8b035f59d06",
      "pid": "7a920719-b028-40f1-8a5a-5a6ac5d6da66",
      "dblevel": 4,
      "location": "/VGMA/GiaoLy/TanUocLuocKhao-TCDTK/58-Epheso-NgayTroiTrenDat",
      "isVideo": false,
      "url": "giao-ly.tan-uoc-luoc-khao-tcdtk.58-e-phe-so-ngay-troi-tren-dat",
      "name": "58-Ê phê sô-Ngày Trôi Trên Đất",
      "count": 0,
      "isLeaf": null,
      "keyword": null,
      "hash": "U2FsdGVkX19g1k/qRJtPaUv1aoj5dNaAj5jgVYO6kwogenRUSGcZNu/3Jy0zUH9WIB1yVw2BLMYJCcdQdZ37aA==",
      "khash": null,
      "viewCount": null,
      "duration": "32:1",
      "size": 30745074
    },
    {
      "id": "ece36864-8b85-4721-b276-c205aafbe68e",
      "pid": "7a920719-b028-40f1-8a5a-5a6ac5d6da66",
      "dblevel": 4,
      "location": "/VGMA/GiaoLy/TanUocLuocKhao-TCDTK/59-Epheso-DoiSongMoi",
      "isVideo": false,
      "url": "giao-ly.tan-uoc-luoc-khao-tcdtk.59-e-phe-so-doi-song-moi",
      "name": "59-Ê phê sô-Đời Sống Mới",
      "count": 0,
      "isLeaf": null,
      "keyword": null,
      "hash": "U2FsdGVkX1/v9TW1NvaDIoVWXkLnbUa3aK5DoiFxIzctR39ZfEJXBzaEHveSM8DL7yULUL0ELF42joXovMNFsQ==",
      "khash": "U2FsdGVkX18n1+5i/UipUDhyHryt5i6IGn4+Z6TcE8LV37V5Zarj6pqlPl0DqU/gqxf1hmCeWu/1OY28KzZc0A==",
      "viewCount": null,
      "duration": "32:31",
      "size": 31225297
    },
    {
      "id": "ca664fcf-fa39-4899-8bf5-d88ebfe49e17",
      "pid": "7a920719-b028-40f1-8a5a-5a6ac5d6da66",
      "dblevel": 4,
      "location": "/VGMA/GiaoLy/TanUocLuocKhao-TCDTK/60-Epheso-MoiQuanHeVoChong",
      "isVideo": false,
      "url": "giao-ly.tan-uoc-luoc-khao-tcdtk.60-e-phe-so-moi-quan-he-vo-chong",
      "name": "60-Ê phê sô-Mối Quan Hệ Vợ Chồng",
      "count": 0,
      "isLeaf": null,
      "keyword": null,
      "hash": "U2FsdGVkX1/ProkgauyrA7g4ZpPllkty8g93Ru9ogizUl1QxxZFI1Xj6xiz7d5cj2RV7zBFJWGZvWFjb/N8VgQ==",
      "khash": "U2FsdGVkX1/n3bLh7ndo/MpvdWYmsD1G5ZALDSgCjks9KRAEMuo3HS4O3oLQ52+hdqD1JcNBUDA/Gy650WB01A==",
      "viewCount": null,
      "duration": "29:54",
      "size": 28705855
    },
    {
      "id": "ba5f6202-35f9-4279-b520-773f002f147c",
      "pid": "7a920719-b028-40f1-8a5a-5a6ac5d6da66",
      "dblevel": 4,
      "location": "/VGMA/GiaoLy/TanUocLuocKhao-TCDTK/61-Philip-SongChoChua",
      "isVideo": false,
      "url": "giao-ly.tan-uoc-luoc-khao-tcdtk.61-phi-lip-song-cho-chua",
      "name": "61-Phi líp-Sống Cho Chúa",
      "count": 0,
      "isLeaf": null,
      "keyword": null,
      "hash": "U2FsdGVkX1/butgavb/vESDBeXaBklnOD7b97C+aoI8R8/GgBnrE+OuhD+3O9tkhG7OBaUfskKxLvBLAj6R2LA==",
      "khash": "U2FsdGVkX1+ky3FJWbbeDU3HVzKPrXGBDiRZZcw4nwct8uHD3BlXEDzbhEcUrkMaZrO2C/7UOt48g+oFkDEYCw==",
      "viewCount": null,
      "duration": "31:27",
      "size": 30198371
    },
    {
      "id": "9dee72e5-ca71-4006-9bc4-0e468bb749dc",
      "pid": "7a920719-b028-40f1-8a5a-5a6ac5d6da66",
      "dblevel": 4,
      "location": "/VGMA/GiaoLy/TanUocLuocKhao-TCDTK/62-Philip-MucDichSongTrenDatCuaCoDocNhan",
      "isVideo": false,
      "url": "giao-ly.tan-uoc-luoc-khao-tcdtk.62-phi-lip-muc-dich-song-tren-dat-cua-co-doc-nhan",
      "name": "62-Phi líp-Mục Đích Sống Trên Đất Của Cơ Đốc Nhân",
      "count": 0,
      "isLeaf": null,
      "keyword": null,
      "hash": "U2FsdGVkX1/KlwSINpiBwpqtNhcBvs9X+h36CimsH0XDzzgJJe9p5M3iX6P2pqgM0pDiTBKjqPtRo7kU5wXf6w==",
      "khash": "U2FsdGVkX19nXiXd/f5xmM79Q1nWTHWycfuSzN84skfuK5HfWny8AJ81YEsJJLs5unXNOI2wwgrheyzCV6R2bw==",
      "viewCount": null,
      "duration": "29:57",
      "size": 28763985
    },
    {
      "id": "965a1f87-19a7-4498-9394-6fd721eb4c51",
      "pid": "7a920719-b028-40f1-8a5a-5a6ac5d6da66",
      "dblevel": 4,
      "location": "/VGMA/GiaoLy/TanUocLuocKhao-TCDTK/63-Philip-DeCoDuocSuBinhAn",
      "isVideo": false,
      "url": "giao-ly.tan-uoc-luoc-khao-tcdtk.63-phi-lip-de-co-duoc-su-binh-an",
      "name": "63-Phi líp-Để Có Được Sự Bình An",
      "count": 0,
      "isLeaf": null,
      "keyword": null,
      "hash": "U2FsdGVkX19/Kt8DJfQxKKAU9WCP98H4ZfNlqAta9OW2/PpFyGjXSUd2nff/EbwF3HMSxaX1aK4BFyS2G5HDIA==",
      "khash": "U2FsdGVkX19DqqSyMzxDYglpwQPo3T7Lrsh+98DJ18+Vz0HsuzN0ubyw39iKxBCPu9cD5ZDiUkDw/Cs8Sbzvnw==",
      "viewCount": null,
      "duration": "30:16",
      "size": 29058612
    },
    {
      "id": "862e7f0a-ef9d-4af7-822e-5538c95b26c3",
      "pid": "7a920719-b028-40f1-8a5a-5a6ac5d6da66",
      "dblevel": 4,
      "location": "/VGMA/GiaoLy/TanUocLuocKhao-TCDTK/65-ITesalonica-SuTaiLamCuaChua",
      "isVideo": false,
      "url": "giao-ly.tan-uoc-luoc-khao-tcdtk.65-i-te-sa-lo-ni-ca-su-tai-lam-cua-chua",
      "name": "65-I Tê sa lô ni ca-Sự Tái Lâm Của Chúa",
      "count": 0,
      "isLeaf": null,
      "keyword": null,
      "hash": "U2FsdGVkX190qqwAwdt2aBYXnxYnD2FC0hjf6AcAgI7xScPcEDOgQ5dlcMj5nSG5oeSd3ks0f2hkdT4YBZRvjg==",
      "khash": "U2FsdGVkX185guMAvAVffFHm95fdxIqs697zJrYB0WXRPHPhQKj39BEoz578TLtjVvaW9k24MsiCx91PC8mwYw==",
      "viewCount": null,
      "duration": "33:4",
      "size": 31746940
    },
    {
      "id": "db7199e6-e6f0-4851-a021-7a2fc8821295",
      "pid": "7a920719-b028-40f1-8a5a-5a6ac5d6da66",
      "dblevel": 4,
      "location": "/VGMA/GiaoLy/TanUocLuocKhao-TCDTK/66-IITesalonica-ThaiDoChoChuaTaiLam",
      "isVideo": false,
      "url": "giao-ly.tan-uoc-luoc-khao-tcdtk.66-ii-te-sa-lo-ni-ca-thai-do-cho-chua-tai-lam",
      "name": "66-II Tê sa lô ni ca-Thái Độ Chờ Chúa Tái Lâm",
      "count": 0,
      "isLeaf": null,
      "keyword": null,
      "hash": "U2FsdGVkX1+O34vISWLLnElgmoj1PcDczqcB2VMmCU6+dHL/tjdmwnf8p9me5hlWmq/WJy9yeZcyNVpZjLgZPw==",
      "khash": null,
      "viewCount": null,
      "duration": "29:38",
      "size": 28458449
    },
    {
      "id": "d61aa412-ac31-4350-88ba-edc946a1ac4c",
      "pid": "7a920719-b028-40f1-8a5a-5a6ac5d6da66",
      "dblevel": 4,
      "location": "/VGMA/GiaoLy/TanUocLuocKhao-TCDTK/67-ICorinhto-DieuUuTienCuaHoiThanh",
      "isVideo": false,
      "url": "giao-ly.tan-uoc-luoc-khao-tcdtk.67-i-co-rinh-to-dieu-uu-tien-cua-hoi-thanh",
      "name": "67-I Cô rinh tô-Điều Ưu Tiên Của Hội Thánh",
      "count": 0,
      "isLeaf": null,
      "keyword": null,
      "hash": "U2FsdGVkX1+5uAvfbEWj163cMcPVSoJGDD+ZYgMSe08zK5sr9kGBTr9gMqbjz0weDzPP0gjOpPo7I88hqvZDQQ==",
      "khash": "U2FsdGVkX188nsFviXQ4dv90JDayynlnkw0S76NFtYXH5q0/Wa8cBTD2f3r3yjTdSbys7CTB5BnqL2FZnyrQCA==",
      "viewCount": null,
      "duration": "32:1",
      "size": 30739246
    },
    {
      "id": "5c30d614-8235-4d54-bf15-97575da5fd4e",
      "pid": "7a920719-b028-40f1-8a5a-5a6ac5d6da66",
      "dblevel": 4,
      "location": "/VGMA/GiaoLy/TanUocLuocKhao-TCDTK/68-ITimothe-PhamHanhCuaNguoiLanhDao",
      "isVideo": false,
      "url": "giao-ly.tan-uoc-luoc-khao-tcdtk.68-i-ti-mo-the-pham-hanh-cua-nguoi-lanh-dao",
      "name": "68-I Ti mô thê-Phẩm Hạnh Của Người Lãnh Đạo",
      "count": 0,
      "isLeaf": null,
      "keyword": null,
      "hash": "U2FsdGVkX18dYNxRddMxkUi9nDO5uhxjEkUkDSPKtbnupYf86U+PZ4VnFy+q5r948m7B6G42TT3f2724b22Sqw==",
      "khash": "U2FsdGVkX18JzMtayU6/097j8vB68ykuZXn+ScHa8Y7ENrAwY99lfFfDxuMag3dwPX16UmT7AMZMy2O9Seb7fg==",
      "viewCount": null,
      "duration": "32:33",
      "size": 31249994
    },
    {
      "id": "9a4fffb7-7c6d-46b5-8745-87c07b6f1d25",
      "pid": "7a920719-b028-40f1-8a5a-5a6ac5d6da66",
      "dblevel": 4,
      "location": "/VGMA/GiaoLy/TanUocLuocKhao-TCDTK/69-ITimothe-TinKinh",
      "isVideo": false,
      "url": "giao-ly.tan-uoc-luoc-khao-tcdtk.69-i-ti-mo-the-tin-kinh",
      "name": "69-I Ti mô thê-Tin Kính",
      "count": 0,
      "isLeaf": null,
      "keyword": null,
      "hash": "U2FsdGVkX183TA0WvpiytjCdll9DdlwxUGCaY/nJWfHSKqDim5hiCICf3XKVOULEtj8XayhiZthE37apNqkQDg==",
      "khash": "U2FsdGVkX1/Lir5dguGPkFXWmFulZQ426VBT5fOQKSqVxgJ5akZGQ0jLQYqqTf9PgUcNCwauyjnIpaIhOZxcOQ==",
      "viewCount": null,
      "duration": "33:12",
      "size": 31879401
    },
    {
      "id": "24287c01-3bfe-471d-8ebe-0b0c9369da22",
      "pid": "7a920719-b028-40f1-8a5a-5a6ac5d6da66",
      "dblevel": 4,
      "location": "/VGMA/GiaoLy/TanUocLuocKhao-TCDTK/70-Philemon-DoiSongDuocThayDoi",
      "isVideo": false,
      "url": "giao-ly.tan-uoc-luoc-khao-tcdtk.70-phi-le-mon-doi-song-duoc-thay-doi",
      "name": "70-Phi lê môn-Đời Sống Được Thay Đổi",
      "count": 0,
      "isLeaf": null,
      "keyword": null,
      "hash": "U2FsdGVkX18mrEcL3g+L5pksUdW0AfrhIn4zeNl3v58IZhdHNoTamJGlFJlVVf4K7BpAo8rFl4cx2qfPEwOhaA==",
      "khash": "U2FsdGVkX19y/UPLbfURXV0K02fNT+gyooeArQnKPcY0tp2XK0zPJ4lx6PoBLPE7vv1Zvr4G4vs11tc24wsiXA==",
      "viewCount": null,
      "duration": "31:17",
      "size": 30042914
    },
    {
      "id": "684ee7d4-60d6-4a68-803c-171744210d5f",
      "pid": "7a920719-b028-40f1-8a5a-5a6ac5d6da66",
      "dblevel": 4,
      "location": "/VGMA/GiaoLy/TanUocLuocKhao-TCDTK/71-Timothe-ChiuKhoViTinLanh",
      "isVideo": false,
      "url": "giao-ly.tan-uoc-luoc-khao-tcdtk.71-ti-mo-the-chiu-kho-vi-tin-lanh",
      "name": "71-Ti mô thê-Chịu Khổ Vì Tin Lành",
      "count": 0,
      "isLeaf": null,
      "keyword": null,
      "hash": "U2FsdGVkX18CN6sifKM2qsAQsGkC9oiaCe6gwevDm2xtYF24ylFdettQ14b3VepnL3cNd9jJTDQQscyZ9MEarA==",
      "khash": "U2FsdGVkX19f2XhnYM8kFh7gtI3a3fOPWpPdRGzpQh7Ot12zLJrEjf8c0mp76pK0cYZSNa6HbVbgO+UVt8/sSA==",
      "viewCount": null,
      "duration": "31:54",
      "size": 30633067
    },
    {
      "id": "17158d30-3ea2-4f1a-835c-47caf64a083a",
      "pid": "7a920719-b028-40f1-8a5a-5a6ac5d6da66",
      "dblevel": 4,
      "location": "/VGMA/GiaoLy/TanUocLuocKhao-TCDTK/72-Timothe-LamGiVoiDieuMinhBiet?",
      "isVideo": false,
      "url": "giao-ly.tan-uoc-luoc-khao-tcdtk.72-ti-mo-the-lam-gi-voi-dieu-minh-biet-",
      "name": "72-Ti mô thê-Làm Gì Với Điều Mình Biết?",
      "count": 0,
      "isLeaf": null,
      "keyword": null,
      "hash": "U2FsdGVkX1/CVWXlkwmC2BW6G4fisD58Ukg0OEpuON8RqPNTyx27jYeY/dAshdCFIV5zwzcr0vkgc0YxW6xWAA==",
      "khash": null,
      "viewCount": null,
      "duration": "30:46",
      "size": 29546385
    },
    {
      "id": "a65e3a14-ac7c-4b5b-a030-f7d8a6d27bec",
      "pid": "7a920719-b028-40f1-8a5a-5a6ac5d6da66",
      "dblevel": 4,
      "location": "/VGMA/GiaoLy/TanUocLuocKhao-TCDTK/73-Giaco-TacPhamBiAn",
      "isVideo": false,
      "url": "giao-ly.tan-uoc-luoc-khao-tcdtk.73-gia-co-tac-pham-bi-an",
      "name": "73-Gia cơ-Tác Phẩm Bí Ẩn",
      "count": 0,
      "isLeaf": null,
      "keyword": null,
      "hash": "U2FsdGVkX1+ENJuzF8FX5DhMV8zV+0QM6NMjrMlzcdTGCq5gwrAUA9UOoymuqYh6/fD0QTFm1INPExsgchIJ6A==",
      "khash": null,
      "viewCount": null,
      "duration": "28:15",
      "size": 27130133
    },
    {
      "id": "1b7f8d8d-a96d-4a3c-a5b0-8780b71c910c",
      "pid": "7a920719-b028-40f1-8a5a-5a6ac5d6da66",
      "dblevel": 4,
      "location": "/VGMA/GiaoLy/TanUocLuocKhao-TCDTK/74-Hebero-XacQuyetNiemTinVaDauHieuDoiSongTangTruong",
      "isVideo": false,
      "url": "giao-ly.tan-uoc-luoc-khao-tcdtk.74-he-be-ro-xac-quyet-niem-tin-va-dau-hieu-doi-song-tang-truong",
      "name": "74-Hê bê rơ-Xác Quyết Niềm Tin Và Dấu Hiệu Đời Sống Tăng Trưởng",
      "count": 0,
      "isLeaf": null,
      "keyword": null,
      "hash": "U2FsdGVkX1+TVUeR83wxXuY2Fu70gO7K9Jn2fuWU0QuBBU07K7fHzrTzmdRNJQqxVt1HUOH9j3m6GttoR8HqVA==",
      "khash": "U2FsdGVkX19kU9CendNqdbmGxYRWWKjyesoJWFAy4M/mUguT4JARnfqHfQ5lJqHE1RITOrkdmI2V66rRqhrtqA==",
      "viewCount": null,
      "duration": "30:22",
      "size": 29166926
    },
    {
      "id": "4518cb51-abfb-4f3f-9d75-0e2abe8588e3",
      "pid": "7a920719-b028-40f1-8a5a-5a6ac5d6da66",
      "dblevel": 4,
      "location": "/VGMA/GiaoLy/TanUocLuocKhao-TCDTK/75-Giaco-VungLongTheoChuaVoiDucTinVaHanhDong",
      "isVideo": false,
      "url": "giao-ly.tan-uoc-luoc-khao-tcdtk.75-gia-co-vung-long-theo-chua-voi-duc-tin-va-hanh-dong",
      "name": "75-Gia cơ-Vững Lòng Theo Chúa Với Đức Tin Và Hành Động",
      "count": 0,
      "isLeaf": null,
      "keyword": null,
      "hash": "U2FsdGVkX1/rwNqCR4emJCuQAZcwHRT/vg6H2DqyWaF8EG+XOEL8mmyA9bOjMBjjeeOa47PWTo/sLLVEe/P2lQ==",
      "khash": "U2FsdGVkX19tlP8D1tiKZ2wMLfE/CAaYmdPlUb8OSd0meRMBZztYdgoUfuMqqew38QBn76TnFDUb1BuckPRP7w==",
      "viewCount": null,
      "duration": "33:11",
      "size": 31869850
    },
    {
      "id": "778fb0b2-81e4-4691-80a9-089b84ce980e",
      "pid": "7a920719-b028-40f1-8a5a-5a6ac5d6da66",
      "dblevel": 4,
      "location": "/VGMA/GiaoLy/TanUocLuocKhao-TCDTK/76-Giaco-TinDaoVaSongDao",
      "isVideo": false,
      "url": "giao-ly.tan-uoc-luoc-khao-tcdtk.76-gia-co-tin-dao-va-song-dao",
      "name": "76-Gia cơ-Tin Đạo Và Sống Đạo",
      "count": 0,
      "isLeaf": null,
      "keyword": null,
      "hash": "U2FsdGVkX19d5Jh2Ho/Y3RClmQBMbGD4Th4Fj7T4Uk8IihWmPsdoxpj6iaRb3gTspAnQIRvcJmLDDzt6w/Hwjg==",
      "khash": null,
      "viewCount": null,
      "duration": "30:15",
      "size": 29051919
    },
    {
      "id": "f66a2877-7204-46af-b728-5ddccdd6da7a",
      "pid": "7a920719-b028-40f1-8a5a-5a6ac5d6da66",
      "dblevel": 4,
      "location": "/VGMA/GiaoLy/TanUocLuocKhao-TCDTK/77-Giaco-DuongDauVoiCamDoVaQuanTamDenNguoiKhac",
      "isVideo": false,
      "url": "giao-ly.tan-uoc-luoc-khao-tcdtk.77-gia-co-duong-dau-voi-cam-do-va-quan-tam-den-nguoi-khac",
      "name": "77-Gia cơ-Đương Đầu Với Cám Dỗ Và Quan Tâm Đến Người Khác",
      "count": 0,
      "isLeaf": null,
      "keyword": null,
      "hash": "U2FsdGVkX183D4kiVEMS968/VydmbgpreNtv6ZBTQbl8FFwCNZUf+WTyePfB+ZCLOCE7uh1bPIXwBs5/3ilEWA==",
      "khash": null,
      "viewCount": null,
      "duration": "30:33",
      "size": 29343711
    },
    {
      "id": "b7b71fa0-399e-4320-b716-8c68c274c607",
      "pid": "7a920719-b028-40f1-8a5a-5a6ac5d6da66",
      "dblevel": 4,
      "location": "/VGMA/GiaoLy/TanUocLuocKhao-TCDTK/78-Giaco-DucTinHoacViecLamVaLamViecCoKeHoach",
      "isVideo": false,
      "url": "giao-ly.tan-uoc-luoc-khao-tcdtk.78-gia-co-duc-tin-hoac-viec-lam-va-lam-viec-co-ke-hoach",
      "name": "78-Gia cơ-Đức Tin Hoặc Việc Làm Và Làm Việc Có Kế Hoạch",
      "count": 0,
      "isLeaf": null,
      "keyword": null,
      "hash": "U2FsdGVkX18SFP4SkZf5mGJyXQcBo6zYGxQNyaH7dGqfEf0Uusc7kk6VyprMrhhA1lTJcBRJ07RKjyJMgXQpTQ==",
      "khash": "U2FsdGVkX19PlMZwUNupcZvbD8sdxJlB0kC1DNOTy16/EmJwlEWIzyQUZ+wKjWUzoN3BzxZXL7hFf5NxCcTx9Q==",
      "viewCount": null,
      "duration": "30:5",
      "size": 28885205
    },
    {
      "id": "4ae6fb28-572c-42db-8c63-86461bd3baf2",
      "pid": "7a920719-b028-40f1-8a5a-5a6ac5d6da66",
      "dblevel": 4,
      "location": "/VGMA/GiaoLy/TanUocLuocKhao-TCDTK/79-Phiero-HoiCaiVaTienBo",
      "isVideo": false,
      "url": "giao-ly.tan-uoc-luoc-khao-tcdtk.79-phi-e-ro-hoi-cai-va-tien-bo",
      "name": "79-Phi e rơ-Hối Cải Và Tiến Bộ",
      "count": 0,
      "isLeaf": null,
      "keyword": null,
      "hash": "U2FsdGVkX1+JnG71q0X0td3ehtkgLbkAuR+1WCP4/3gtPPmxLZqUqbft1UGwIwPO00c7A217D3EGrWIFXHqfhw==",
      "khash": "U2FsdGVkX1+UMuLNa8O7vZijUTLrVP2E00h0jIaPWNOcRvCMzAqbhdmmziiBZ7JnKmupxTfxU6eLHGHKJA97pg==",
      "viewCount": null,
      "duration": "29:33",
      "size": 28384858
    },
    {
      "id": "c61547bc-7c87-477f-9068-27421ce641fd",
      "pid": "7a920719-b028-40f1-8a5a-5a6ac5d6da66",
      "dblevel": 4,
      "location": "/VGMA/GiaoLy/TanUocLuocKhao-TCDTK/80-Phiero-AnUiVaTaiSanh",
      "isVideo": false,
      "url": "giao-ly.tan-uoc-luoc-khao-tcdtk.80-phi-e-ro-an-ui-va-tai-sanh",
      "name": "80-Phi e rơ-An Ủi Và Tái Sanh",
      "count": 0,
      "isLeaf": null,
      "keyword": null,
      "hash": "U2FsdGVkX1+jAPBkxe56fEpiI2jZa7q6SEWKKCJYNx3rblSD7uXH8EHmg1UhXz44ald1364t6h3XrJtocheLgg==",
      "khash": null,
      "viewCount": null,
      "duration": "31:17",
      "size": 30037049
    },
    {
      "id": "f244c2c5-2fef-4746-af9f-3dd7cea4378c",
      "pid": "7a920719-b028-40f1-8a5a-5a6ac5d6da66",
      "dblevel": 4,
      "location": "/VGMA/GiaoLy/TanUocLuocKhao-TCDTK/81-Phiero-DoiSongHonNhan",
      "isVideo": false,
      "url": "giao-ly.tan-uoc-luoc-khao-tcdtk.81-phi-e-ro-doi-song-hon-nhan",
      "name": "81-Phi e rơ-Đời Sống Hôn Nhân",
      "count": 0,
      "isLeaf": null,
      "keyword": null,
      "hash": "U2FsdGVkX1/ynVM5XruTYMIJUNNBEh+mut7jAuXSmIyB3ySi5xSrYWdCpCjxsvQFLP76+DXVSoJjRRIRqSu+8w==",
      "khash": "U2FsdGVkX19WiIQVt+v6iIjjQD5TB6Am5gIs8UF9gHl2pV5Ai8Y5LltlX/DomJBTcRl+utuZvBTj5QJFUrWMDA==",
      "viewCount": null,
      "duration": "31:16",
      "size": 30020330
    },
    {
      "id": "6b3e4c55-0c35-4d19-a3a1-b95aeb04acfd",
      "pid": "7a920719-b028-40f1-8a5a-5a6ac5d6da66",
      "dblevel": 4,
      "location": "/VGMA/GiaoLy/TanUocLuocKhao-TCDTK/82-Phiero-DoiDienVoiDauKho",
      "isVideo": false,
      "url": "giao-ly.tan-uoc-luoc-khao-tcdtk.82-phi-e-ro-doi-dien-voi-dau-kho",
      "name": "82-Phi e rơ-Đối Diện Với Đau Khổ",
      "count": 0,
      "isLeaf": null,
      "keyword": null,
      "hash": "U2FsdGVkX1/EkaJ1+f8yVrnevJmtqyDmMQRNgweKav4m6q9nToRKHVgIGYcjdN/ct+nKI0DVgLg3XjKN7goqfg==",
      "khash": null,
      "viewCount": null,
      "duration": "31:0",
      "size": 29772487
    },
    {
      "id": "3f3e4201-6478-43ab-a90c-54a31848ca09",
      "pid": "7a920719-b028-40f1-8a5a-5a6ac5d6da66",
      "dblevel": 4,
      "location": "/VGMA/GiaoLy/TanUocLuocKhao-TCDTK/83-Phiero-TangTruongCanDoiVaKhiNaoChuaDen?",
      "isVideo": false,
      "url": "giao-ly.tan-uoc-luoc-khao-tcdtk.83-phi-e-ro-tang-truong-can-doi-va-khi-nao-chua-den-",
      "name": "83-Phi e rơ-Tăng Trưởng Cân Đối Và Khi Nào Chúa Đến?",
      "count": 0,
      "isLeaf": null,
      "keyword": null,
      "hash": "U2FsdGVkX1/KKxUlykONbMmEqUvgl4e/ShaZ/YILy6tQzdhvTEQN7TjWgMVCeiHkVDg5Mq1os4vJu3hR9ceg4w==",
      "khash": "U2FsdGVkX18VPEwQh12ng+uAA8zK9VVavbGhSAzkR5BSdoEDbHK8MmFa04KMuyu5HtEm3verBcFzRlGYxVUI3A==",
      "viewCount": null,
      "duration": "32:29",
      "size": 31200275
    },
    {
      "id": "4018cf7e-2761-4277-a8ae-ca2f8536934b",
      "pid": "7a920719-b028-40f1-8a5a-5a6ac5d6da66",
      "dblevel": 4,
      "location": "/VGMA/GiaoLy/TanUocLuocKhao-TCDTK/84-Giang-LaBanThuocLinhVaBietChacDaDuocCuu",
      "isVideo": false,
      "url": "giao-ly.tan-uoc-luoc-khao-tcdtk.84-giang-la-ban-thuoc-linh-va-biet-chac-da-duoc-cuu",
      "name": "84-Giăng-La Bàn Thuộc Linh Và Biết Chắc Đã Được Cứu",
      "count": 0,
      "isLeaf": null,
      "keyword": null,
      "hash": "U2FsdGVkX18qzK9JsSOiSd9e1VCzOc5V48WgGmgZvfnOoxS8IbsljJcxw/nADdjtcIrYjEVu4zL8JrLsPTXYSw==",
      "khash": "U2FsdGVkX1+ufzRBo12hqeRW9uaz1RQg/DcnKQwaZu5NJvhaHX1tJhefitlFAJmyuXkmkrSiNsqM6ns11KKFqg==",
      "viewCount": null,
      "duration": "31:18",
      "size": 30063424
    },
    {
      "id": "51cbc2bf-de13-4083-b1a7-d867c7a586a2",
      "pid": "7a920719-b028-40f1-8a5a-5a6ac5d6da66",
      "dblevel": 4,
      "location": "/VGMA/GiaoLy/TanUocLuocKhao-TCDTK/85-Giang-DauHieuCuaNguoiCoSuSongDoiDoi",
      "isVideo": false,
      "url": "giao-ly.tan-uoc-luoc-khao-tcdtk.85-giang-dau-hieu-cua-nguoi-co-su-song-doi-doi",
      "name": "85-Giăng-Dấu Hiệu Của Người Có Sự Sống Đời Đời",
      "count": 0,
      "isLeaf": null,
      "keyword": null,
      "hash": "U2FsdGVkX1/+SPPzKVdk7vSQM1J4lJHkX8CuNrKMMPwCi55IG3M4+eStW84rcul5PEc6v+1veCBUO43+EeJ2Qg==",
      "khash": "U2FsdGVkX1+v0B6eouZkYbCZkgHS8QPU1olsHERV/IKNnDft0/KI+6aG6501vumnE6o8jU2Y5BzH1FrWRsnC7Q==",
      "viewCount": null,
      "duration": "29:49",
      "size": 28636084
    },
    {
      "id": "1482f613-26f4-4a5d-bfbf-b95dc8e64117",
      "pid": "7a920719-b028-40f1-8a5a-5a6ac5d6da66",
      "dblevel": 4,
      "location": "/VGMA/GiaoLy/TanUocLuocKhao-TCDTK/86-Giang-DucChuaTroiLaSuYeuThuong",
      "isVideo": false,
      "url": "giao-ly.tan-uoc-luoc-khao-tcdtk.86-giang-duc-chua-troi-la-su-yeu-thuong",
      "name": "86-Giăng-Đức Chúa Trời Là Sự Yêu Thương",
      "count": 0,
      "isLeaf": null,
      "keyword": null,
      "hash": "U2FsdGVkX1/3XEvW0I4zvqm8sS+qrJx6HIl9T4osdPoIXbyH1hiWgZcqlzEl4/CHZ4Yw+P5xBgNL4ilvIaVNmQ==",
      "khash": "U2FsdGVkX19+k2YOCO+cOr6Oyemx1F6q3WivU2u75p4owfzl9rtZvjexyHxBEGm95y1u2vWAMVMnnLUf94/eHQ==",
      "viewCount": null,
      "duration": "29:7",
      "size": 27969007
    },
    {
      "id": "df76b53b-9502-47cd-89df-cdf7e7d29f21",
      "pid": "7a920719-b028-40f1-8a5a-5a6ac5d6da66",
      "dblevel": 4,
      "location": "/VGMA/GiaoLy/TanUocLuocKhao-TCDTK/87-GiudeVaKhaihuyen-GiaoSuGiaVa2ChiaKhoa",
      "isVideo": false,
      "url": "giao-ly.tan-uoc-luoc-khao-tcdtk.87-giu-de-va-khai-huyen-giao-su-gia-va-2-chia-khoa",
      "name": "87-Giu đe Và Khải huyền-Giáo Sư Giả Và 2 Chìa Khóa",
      "count": 0,
      "isLeaf": null,
      "keyword": null,
      "hash": "U2FsdGVkX18Wm6cUEeaxihwhJEE9m947c8hFXXJ8UBqxYi9klycF/EEiR4w790PKS3idAewL/piw0Vji/USJ4Q==",
      "khash": null,
      "viewCount": null,
      "duration": "30:11",
      "size": 28986759
    },
    {
      "id": "8fc56ba1-72e2-49bb-8d51-73681594dec9",
      "pid": "7a920719-b028-40f1-8a5a-5a6ac5d6da66",
      "dblevel": 4,
      "location": "/VGMA/GiaoLy/TanUocLuocKhao-TCDTK/88-Khaihuyen-CacBieuTuong",
      "isVideo": false,
      "url": "giao-ly.tan-uoc-luoc-khao-tcdtk.88-khai-huyen-cac-bieu-tuong",
      "name": "88-Khải huyền-Các Biểu Tượng",
      "count": 0,
      "isLeaf": null,
      "keyword": null,
      "hash": "U2FsdGVkX19yb1FfCfEbKoAiNvncHYzapb9HS6O6JOJNW1NWn5ITODPayzHJqMVF07aRZPm/dgPgLpZO8oosLQ==",
      "khash": "U2FsdGVkX18uqCWmMHduBB/XJx5wifK3HR1LnyR0DnumkAbQfS99Qatc+ptJvUk1S4k9keBw+Y5wR8/yqSItcg==",
      "viewCount": null,
      "duration": "30:34",
      "size": 29349922
    },
    {
      "id": "71389845-4bc8-43e9-8ab8-a97debd9f9b3",
      "pid": "7a920719-b028-40f1-8a5a-5a6ac5d6da66",
      "dblevel": 4,
      "location": "/VGMA/GiaoLy/TanUocLuocKhao-TCDTK/89-Khaihuyen-NhungDieuHienThayVaSeXayRa",
      "isVideo": false,
      "url": "giao-ly.tan-uoc-luoc-khao-tcdtk.89-khai-huyen-nhung-dieu-hien-thay-va-se-xay-ra",
      "name": "89-Khải huyền-Những Điều Hiện Thấy Và Sẽ Xảy Ra",
      "count": 0,
      "isLeaf": null,
      "keyword": null,
      "hash": "U2FsdGVkX19FuaRMn3o1l8HpMnYLKGLNbQ1+JeNQtGVe0LjEYRLR8qhJOq6fmWNJJQc4kkxl1/gD9MbgaxMiXg==",
      "khash": "U2FsdGVkX1+PCv4yDR2jrIqLBDyiUSrFxQB2MqjMBzEOeZPX5CUFTRgvW8PXj6gpN4iobYE73tVi1xsi0a1GLw==",
      "viewCount": null,
      "duration": "30:34",
      "size": 29351214
    },
    {
      "id": "a935a404-c446-46cc-9ff8-86e72964f41b",
      "pid": "7a920719-b028-40f1-8a5a-5a6ac5d6da66",
      "dblevel": 4,
      "location": "/VGMA/GiaoLy/TanUocLuocKhao-TCDTK/90-Khaihuyen-NgayTanThe",
      "isVideo": false,
      "url": "giao-ly.tan-uoc-luoc-khao-tcdtk.90-khai-huyen-ngay-tan-the",
      "name": "90-Khải huyền-Ngày Tận Thế",
      "count": 0,
      "isLeaf": null,
      "keyword": null,
      "hash": "U2FsdGVkX1/Zjb623Q0Xs+dQhMnyjQUYUs5spPul0tIo5QZlsaIoqoxfQtgOSKU71QAowfH8QeuGwiSL3bduww==",
      "khash": "U2FsdGVkX1+xkYcG25Ed/YGT2Ruzy6iv3DdtxsJdChmoskgOqLcqsjVbxsUSIjY6tg+CW5IeFgqVnLvXDYhgBQ==",
      "viewCount": null,
      "duration": "32:56",
      "size": 31626124
    },
    {
      "id": "9e5968dc-77eb-4d8f-8c27-957060449673",
      "pid": "7a920719-b028-40f1-8a5a-5a6ac5d6da66",
      "dblevel": 4,
      "location": "/VGMA/GiaoLy/TanUocLuocKhao-TCDTK/TULKCo-lo-se-CauThay",
      "isVideo": false,
      "url": "giao-ly.tan-uoc-luoc-khao-tcdtk.tulkco-lo-se-cau-thay",
      "name": "TULKCô-lô-se-Cầu Thay",
      "count": 0,
      "isLeaf": null,
      "keyword": null,
      "hash": "U2FsdGVkX1/jqJSz08cwWcny1ZPiqdz7OvebV7WBTkBkPxwhseM0Zagx/MYzONVKmwpCe1S+5sWWw7xkzmTA3A==",
      "khash": "U2FsdGVkX1+I15zn894pfD1zRuWK48YEHzF1ckLmUj+nNYNTNYcJt/ODMyXGPO7fWRTJA1h2ASF55CYgw3aDsA==",
      "viewCount": null,
      "duration": "29:18",
      "size": 28131137
    }
  ]
}