{
  "id": "ff92d64b-a348-4b41-bd45-55f0448dfb65",
  "pid": "62b23314-6742-4c66-84f7-dadaac261747",
  "dblevel": 3,
  "location": "/VGMA/GiaoLy/GiaoLyCanBan-NDP",
  "isVideo": false,
  "url": "giao-ly.giao-ly-can-ban-ndp",
  "name": "Giáo Lý Căn Bản-NDP",
  "count": 15,
  "isLeaf": true,
  "keyword": null,
  "hash": null,
  "khash": null,
  "viewCount": null,
  "duration": null,
  "size": null,
  "children": [
    {
      "id": "03f0b3f8-cc98-4ee3-82d1-c91f3c06e429",
      "pid": "ff92d64b-a348-4b41-bd45-55f0448dfb65",
      "dblevel": 4,
      "location": "/VGMA/GiaoLy/GiaoLyCanBan-NDP/01-DucChuaTroi",
      "isVideo": false,
      "url": "giao-ly.giao-ly-can-ban-ndp.01-duc-chua-troi",
      "name": "01-Đức Chúa Trời",
      "count": 0,
      "isLeaf": null,
      "keyword": null,
      "hash": "U2FsdGVkX19tg0WKh2XXApz7z8vb7U0n+yQrzI+XaTWu0JfztKyzeqLqcFa5YSgrG7vu4WsBVxpo98NGKC2tDw==",
      "khash": null,
      "viewCount": null,
      "duration": "35:48",
      "size": 34383380
    },
    {
      "id": "82300241-0973-407f-97ef-743de315c470",
      "pid": "ff92d64b-a348-4b41-bd45-55f0448dfb65",
      "dblevel": 4,
      "location": "/VGMA/GiaoLy/GiaoLyCanBan-NDP/02-KinhThanh",
      "isVideo": false,
      "url": "giao-ly.giao-ly-can-ban-ndp.02-kinh-thanh",
      "name": "02-Kinh Thánh",
      "count": 0,
      "isLeaf": null,
      "keyword": null,
      "hash": "U2FsdGVkX1/2e58frL85tcbdx0APseclmK5BwAITB8yCw9+UCfh1/nUhmpGz9E1d7W/VN8f5DYr3Hvr+NseJgQ==",
      "khash": null,
      "viewCount": null,
      "duration": "28:0",
      "size": 26889366
    },
    {
      "id": "f336b5cb-3ff4-4e12-8ca1-b62d5aa66acd",
      "pid": "ff92d64b-a348-4b41-bd45-55f0448dfb65",
      "dblevel": 4,
      "location": "/VGMA/GiaoLy/GiaoLyCanBan-NDP/03-SuSangTaoVaConNguoi",
      "isVideo": false,
      "url": "giao-ly.giao-ly-can-ban-ndp.03-su-sang-tao-va-con-nguoi",
      "name": "03-Sự Sáng Tạo Và Con Người",
      "count": 0,
      "isLeaf": null,
      "keyword": null,
      "hash": "U2FsdGVkX1/DDN0Tw7tNMPm9k0uGPdtW+ZMMohthla7muLEoqAz1nI7Fi0U7I1RoDtPXPpjoxKGhWTmJtZd15w==",
      "khash": null,
      "viewCount": null,
      "duration": "38:29",
      "size": 36954687
    },
    {
      "id": "20c2632d-8e2e-4ec6-ab06-3db75aa407e0",
      "pid": "ff92d64b-a348-4b41-bd45-55f0448dfb65",
      "dblevel": 4,
      "location": "/VGMA/GiaoLy/GiaoLyCanBan-NDP/04-ChuaGie-XuVaSuCuuChuoc",
      "isVideo": false,
      "url": "giao-ly.giao-ly-can-ban-ndp.04-chua-gie-xu-va-su-cuu-chuoc",
      "name": "04-Chúa Giê-Xu Và Sự Cứu Chuộc",
      "count": 0,
      "isLeaf": null,
      "keyword": null,
      "hash": "U2FsdGVkX1+O8XTGxlo0LohSQWoPT92HtbnWbMTsjfQnxIJDgSkuStHH0QjNwCEpAvj0BaCXu6zgDlbVzkPsdw==",
      "khash": null,
      "viewCount": null,
      "duration": "33:47",
      "size": 32449093
    },
    {
      "id": "90d5fc7b-f3d7-40ef-b67d-0d68e70f0d1f",
      "pid": "ff92d64b-a348-4b41-bd45-55f0448dfb65",
      "dblevel": 4,
      "location": "/VGMA/GiaoLy/GiaoLyCanBan-NDP/05-DucThanhLinh",
      "isVideo": false,
      "url": "giao-ly.giao-ly-can-ban-ndp.05-duc-thanh-linh",
      "name": "05-Đức Thánh Linh",
      "count": 0,
      "isLeaf": null,
      "keyword": null,
      "hash": "U2FsdGVkX1/a48ApyXFCEKei5+NRSLt2BnSgu+Ou78XJBiRKmcoJvPxnNQogiHbix5PkJsnvMBbYOpzr83/amQ==",
      "khash": null,
      "viewCount": null,
      "duration": "29:5",
      "size": 27930511
    },
    {
      "id": "841ccbbc-bce5-43c7-8d9a-ee839ef53d61",
      "pid": "ff92d64b-a348-4b41-bd45-55f0448dfb65",
      "dblevel": 4,
      "location": "/VGMA/GiaoLy/GiaoLyCanBan-NDP/06-SuCauNguyen",
      "isVideo": false,
      "url": "giao-ly.giao-ly-can-ban-ndp.06-su-cau-nguyen",
      "name": "06-Sự Cầu Nguyện",
      "count": 0,
      "isLeaf": null,
      "keyword": null,
      "hash": "U2FsdGVkX1837UlU8BQ56yfPs7qB4QlX3lPwfK/KUsDgTKiKnepqc6DgD4iKs0CsK2HJRccqicWvU0gCJNLHiA==",
      "khash": null,
      "viewCount": null,
      "duration": "32:2",
      "size": 30760928
    },
    {
      "id": "da504937-7759-429a-a384-8ffff9654c35",
      "pid": "ff92d64b-a348-4b41-bd45-55f0448dfb65",
      "dblevel": 4,
      "location": "/VGMA/GiaoLy/GiaoLyCanBan-NDP/07-SuThoPhuongDucChuaTroi",
      "isVideo": false,
      "url": "giao-ly.giao-ly-can-ban-ndp.07-su-tho-phuong-duc-chua-troi",
      "name": "07-Sự Thờ Phượng Đức Chúa Trời",
      "count": 0,
      "isLeaf": null,
      "keyword": null,
      "hash": "U2FsdGVkX18n/o7yVJ+UXIFat4clX7YfFtyqiaxWL18w3ioBDizxv8sdPc3PakQP7RHnemKLbmCHB1YYHnDvrA==",
      "khash": "U2FsdGVkX19/+OQixeqbtzIJVpoPjJya47AAi2E7h4DYIQtbO08EdmODNSTFtVVR5w1Rz1p/YzKhRAxShIdnpA==",
      "viewCount": null,
      "duration": "21:24",
      "size": 20556483
    },
    {
      "id": "7e2c3a47-8582-4e42-a4c1-60387aee5173",
      "pid": "ff92d64b-a348-4b41-bd45-55f0448dfb65",
      "dblevel": 4,
      "location": "/VGMA/GiaoLy/GiaoLyCanBan-NDP/08-MuoiDieuRan",
      "isVideo": false,
      "url": "giao-ly.giao-ly-can-ban-ndp.08-muoi-dieu-ran",
      "name": "08-Mười Điều Răn",
      "count": 0,
      "isLeaf": null,
      "keyword": null,
      "hash": "U2FsdGVkX1/tKeX8Dv6Ezxq3DmY6FcsZ+8WHJLzJhklJ5tcsa0aBkL/jfMf5JevGqYWvQ08eBnMQ7aHQJ6Rj7Q==",
      "khash": null,
      "viewCount": null,
      "duration": "39:16",
      "size": 37712425
    },
    {
      "id": "01a8ae40-5cbc-4f22-9f9f-ce5c9a0969f3",
      "pid": "ff92d64b-a348-4b41-bd45-55f0448dfb65",
      "dblevel": 4,
      "location": "/VGMA/GiaoLy/GiaoLyCanBan-NDP/09-DangHien",
      "isVideo": false,
      "url": "giao-ly.giao-ly-can-ban-ndp.09-dang-hien",
      "name": "09-Dâng Hiến",
      "count": 0,
      "isLeaf": null,
      "keyword": null,
      "hash": "U2FsdGVkX1/Oft/v5JoTtdc+zY2JF6I6/JoKXN2Os7TZ3iuBI+Xl7ipkzF2x7uGg3SG9vJF0Jxy9ic8p/phdXg==",
      "khash": null,
      "viewCount": null,
      "duration": "22:48",
      "size": 21889736
    },
    {
      "id": "1659bc0a-cee7-4f46-8157-25497ef1b359",
      "pid": "ff92d64b-a348-4b41-bd45-55f0448dfb65",
      "dblevel": 4,
      "location": "/VGMA/GiaoLy/GiaoLyCanBan-NDP/10-HoiThanhVaCacThanhLe-1",
      "isVideo": false,
      "url": "giao-ly.giao-ly-can-ban-ndp.10-hoi-thanh-va-cac-thanh-le-1",
      "name": "10-Hội Thánh Và Các Thánh Lễ - 1",
      "count": 0,
      "isLeaf": null,
      "keyword": null,
      "hash": "U2FsdGVkX18ITLojk/vXQH7d2rS/v9GIBV9Ii38YSkPny8sdfN/w8PAOAWXl3R4dZ+2lqcVECWt3YLFHOfhxqg==",
      "khash": null,
      "viewCount": null,
      "duration": "30:1",
      "size": 28817450
    },
    {
      "id": "2c988435-4b52-498c-a8db-4ff21374dad8",
      "pid": "ff92d64b-a348-4b41-bd45-55f0448dfb65",
      "dblevel": 4,
      "location": "/VGMA/GiaoLy/GiaoLyCanBan-NDP/10-HoiThanhVaCacThanhLe-2",
      "isVideo": false,
      "url": "giao-ly.giao-ly-can-ban-ndp.10-hoi-thanh-va-cac-thanh-le-2",
      "name": "10-Hội Thánh Và Các Thánh Lễ - 2",
      "count": 0,
      "isLeaf": null,
      "keyword": null,
      "hash": "U2FsdGVkX19uDwUuemc1CK9gBwcq1hGUTgb+5YDUfp/hblzkULuSVuItAQRrBqO33/oHxPTVlO70kBav5D49jg==",
      "khash": null,
      "viewCount": null,
      "duration": "26:9",
      "size": 25106390
    },
    {
      "id": "49f836d3-d803-49c4-8a23-8f6d5169b3c2",
      "pid": "ff92d64b-a348-4b41-bd45-55f0448dfb65",
      "dblevel": 4,
      "location": "/VGMA/GiaoLy/GiaoLyCanBan-NDP/11-SuMenhTruyenBaPhucAm",
      "isVideo": false,
      "url": "giao-ly.giao-ly-can-ban-ndp.11-su-menh-truyen-ba-phuc-am",
      "name": "11-Sứ Mệnh Truyền Bá Phúc Âm",
      "count": 0,
      "isLeaf": null,
      "keyword": null,
      "hash": "U2FsdGVkX18rtGfsk432oR5VQ7ttMdekzFZWsDvHbuBN7k+DqUXDDnwkwH4MScBtWD/lQai/QQigf9R+XeAiRA==",
      "khash": null,
      "viewCount": null,
      "duration": "25:10",
      "size": 24176423
    },
    {
      "id": "a8e0fccf-1174-4fe5-98b9-30c2e6600df6",
      "pid": "ff92d64b-a348-4b41-bd45-55f0448dfb65",
      "dblevel": 4,
      "location": "/VGMA/GiaoLy/GiaoLyCanBan-NDP/12-ThienDangHayHoaNguc",
      "isVideo": false,
      "url": "giao-ly.giao-ly-can-ban-ndp.12-thien-dang-hay-hoa-nguc",
      "name": "12-Thiên Đàng Hay Hỏa Ngục",
      "count": 0,
      "isLeaf": null,
      "keyword": null,
      "hash": "U2FsdGVkX19AsPS0IHkXdGyXzjTsKnGC/nQxHyT5ov0DjGn2Uhje8Q9ggHd0aY6RdpTA8OKoufUXQZW5c4i+TQ==",
      "khash": null,
      "viewCount": null,
      "duration": "25:11",
      "size": 24184360
    },
    {
      "id": "0149d1fc-a385-42cc-9bce-9c66eb76dcf6",
      "pid": "ff92d64b-a348-4b41-bd45-55f0448dfb65",
      "dblevel": 4,
      "location": "/VGMA/GiaoLy/GiaoLyCanBan-NDP/13-SuTaiLamCuaChuaGie-Xu",
      "isVideo": false,
      "url": "giao-ly.giao-ly-can-ban-ndp.13-su-tai-lam-cua-chua-gie-xu",
      "name": "13-Sự Tái Lâm Của Chúa Giê-Xu",
      "count": 0,
      "isLeaf": null,
      "keyword": null,
      "hash": "U2FsdGVkX1+YAaHgpfBZz3kzwlYLT3YFyxMIbbauZLsMiclnucHsE+BHcH7PK0NQBIFVYxTMz8IkM6TgHI4RfQ==",
      "khash": null,
      "viewCount": null,
      "duration": "22:32",
      "size": 21637323
    },
    {
      "id": "e7df9d55-6751-418a-af9e-06209e631e85",
      "pid": "ff92d64b-a348-4b41-bd45-55f0448dfb65",
      "dblevel": 4,
      "location": "/VGMA/GiaoLy/GiaoLyCanBan-NDP/14-BaiPhu",
      "isVideo": false,
      "url": "giao-ly.giao-ly-can-ban-ndp.14-bai-phu",
      "name": "14-Bài Phụ",
      "count": 0,
      "isLeaf": null,
      "keyword": null,
      "hash": "U2FsdGVkX1/wrKY2R2EoHTyWjhIMD2+WMYslHXDnHbNPO9gt3y5nCEWYf6YV6czL78NyAx0b21vqyvXCmdnUAg==",
      "khash": null,
      "viewCount": null,
      "duration": "13:15",
      "size": 12721798
    }
  ]
}