{
  "id": "50dc32f9-92f5-45fa-9f1f-9713296fe0f5",
  "pid": "d45d630a-2836-4e61-a069-b442f2b63989",
  "dblevel": 3,
  "location": "/VGMA/HocKinhThanhTheoSach/16.Ne-he-miDMT",
  "isVideo": false,
  "url": "hoc-kinh-thanh-theo-sach.16--ne-he-mi-dmt",
  "name": "16. Nê-hê-mi DMT",
  "count": 79,
  "isLeaf": true,
  "keyword": null,
  "hash": null,
  "khash": null,
  "viewCount": null,
  "duration": null,
  "size": null,
  "children": [
    {
      "id": "80323027-a42a-4232-830d-1202a38bc8fe",
      "pid": "50dc32f9-92f5-45fa-9f1f-9713296fe0f5",
      "dblevel": 4,
      "location": "/VGMA/HocKinhThanhTheoSach/16.Ne-he-miDMT/001_Ne010111_ThuTuUuTien-P1",
      "isVideo": false,
      "url": "hoc-kinh-thanh-theo-sach.16--ne-he-mi-dmt.001-ne010111-thu-tu-uu-tien-p1",
      "name": "001_Ne010111_Thứ Tự Ưu Tiên-P1",
      "count": 0,
      "isLeaf": null,
      "keyword": null,
      "hash": "U2FsdGVkX18dJOR0DV0OsfChcgprUyebsMOy5Tz1jSb9Ik6NhnyAEZvEVDSVBgs8zIU12RoHLl3GopWob6JNhg==",
      "khash": "U2FsdGVkX193Ixjokf8qcg+z8gFLMxVjlqJcQyzOPz8AkmECInieK4JKEZMXqUM1+EjuTFvl+r90uLUN0/Ucfg==",
      "viewCount": null,
      "duration": "28:25",
      "size": 27296986
    },
    {
      "id": "bb1bde8c-f667-4007-96ce-f9e3a68927da",
      "pid": "50dc32f9-92f5-45fa-9f1f-9713296fe0f5",
      "dblevel": 4,
      "location": "/VGMA/HocKinhThanhTheoSach/16.Ne-he-miDMT/002_Ne010111_ThuTuUuTien-P2",
      "isVideo": false,
      "url": "hoc-kinh-thanh-theo-sach.16--ne-he-mi-dmt.002-ne010111-thu-tu-uu-tien-p2",
      "name": "002_Ne010111_Thứ Tự Ưu Tiên-P2",
      "count": 0,
      "isLeaf": null,
      "keyword": null,
      "hash": "U2FsdGVkX1/VjJPP4YrvBfpfuwfubMdDCsTJI8JUr5sFilEyMJqfyAbvq+FIT6EWxbXJBfNtNr7sCM5tbgk2kg==",
      "khash": null,
      "viewCount": null,
      "duration": "28:3",
      "size": 26950876
    },
    {
      "id": "914848a7-29b4-4635-b244-384332d1c41e",
      "pid": "50dc32f9-92f5-45fa-9f1f-9713296fe0f5",
      "dblevel": 4,
      "location": "/VGMA/HocKinhThanhTheoSach/16.Ne-he-miDMT/003_Ne010111_ThuTuUuTien-P3",
      "isVideo": false,
      "url": "hoc-kinh-thanh-theo-sach.16--ne-he-mi-dmt.003-ne010111-thu-tu-uu-tien-p3",
      "name": "003_Ne010111_Thứ Tự Ưu Tiên-P3",
      "count": 0,
      "isLeaf": null,
      "keyword": null,
      "hash": "U2FsdGVkX1+lx1IBfpuOr2CiGa5ObTDp+qQwpOqMBi/ISQ07BGft+F8bXgfXckL8t0j4w2oxZr4tZUrI8JYiww==",
      "khash": null,
      "viewCount": null,
      "duration": "28:21",
      "size": 27230633
    },
    {
      "id": "cebc2c03-1957-413c-b837-892aaa51945d",
      "pid": "50dc32f9-92f5-45fa-9f1f-9713296fe0f5",
      "dblevel": 4,
      "location": "/VGMA/HocKinhThanhTheoSach/16.Ne-he-miDMT/004_Ne010111_ThuTuUuTien-P4",
      "isVideo": false,
      "url": "hoc-kinh-thanh-theo-sach.16--ne-he-mi-dmt.004-ne010111-thu-tu-uu-tien-p4",
      "name": "004_Ne010111_Thứ Tự Ưu Tiên-P4",
      "count": 0,
      "isLeaf": null,
      "keyword": null,
      "hash": "U2FsdGVkX1/lOsDLngtOWfCFvQywZW+hwFowkaJiBA7ERCpxF97p6fNvwyttKmLr4r7ISxAE5UV4M/EwbIUUew==",
      "khash": null,
      "viewCount": null,
      "duration": "27:39",
      "size": 26559680
    },
    {
      "id": "9dcd151d-fd83-407d-b0f6-0098bb5dc318",
      "pid": "50dc32f9-92f5-45fa-9f1f-9713296fe0f5",
      "dblevel": 4,
      "location": "/VGMA/HocKinhThanhTheoSach/16.Ne-he-miDMT/005_Neh010111_ThuTuUuTien-5",
      "isVideo": false,
      "url": "hoc-kinh-thanh-theo-sach.16--ne-he-mi-dmt.005-neh010111-thu-tu-uu-tien-5",
      "name": "005_Neh010111_Thứ Tự Ưu Tiên-5",
      "count": 0,
      "isLeaf": null,
      "keyword": null,
      "hash": "U2FsdGVkX1+nfof2YNmxToXU30cPBdJoEUX4Me0mHasvMWa+fhFf81nUNcHEm+SyoRLSjyU6YyDoI5Ts/ZglSw==",
      "khash": "U2FsdGVkX1/IYZa0ghRP4JeuYC6rfZZn8hEJmvDk7NxFh6wtObfnJRFXIoBCNYukr+oVwSWfoZXM1fIXUCvzcg==",
      "viewCount": null,
      "duration": "28:2",
      "size": 26933788
    },
    {
      "id": "45ade20d-4db5-42d8-a634-c0f54991443b",
      "pid": "50dc32f9-92f5-45fa-9f1f-9713296fe0f5",
      "dblevel": 4,
      "location": "/VGMA/HocKinhThanhTheoSach/16.Ne-he-miDMT/006_Neh010111_ThuTuUuTien-6",
      "isVideo": false,
      "url": "hoc-kinh-thanh-theo-sach.16--ne-he-mi-dmt.006-neh010111-thu-tu-uu-tien-6",
      "name": "006_Neh010111_Thứ Tự Ưu Tiên-6",
      "count": 0,
      "isLeaf": null,
      "keyword": null,
      "hash": "U2FsdGVkX18CvhI0nkrgI0TJm8YzN2eeDgW86Gk5P0XwRAL7NfjIfGHDDMFd2wC6amcLaToxFdSzApDdVuR+gQ==",
      "khash": "U2FsdGVkX19RxpoZ66SLkEFiSeBwFTsWhddaOdoXLNDFORDJUxMyx+TgM7dqD7LcnD7V8IvhUaVFPdqvHv4v6Q==",
      "viewCount": null,
      "duration": "27:58",
      "size": 26858669
    },
    {
      "id": "703cd4f7-f222-4dd4-bb1c-6a8b6e30aa05",
      "pid": "50dc32f9-92f5-45fa-9f1f-9713296fe0f5",
      "dblevel": 4,
      "location": "/VGMA/HocKinhThanhTheoSach/16.Ne-he-miDMT/007_Neh010111_ThuTuUuTien-7",
      "isVideo": false,
      "url": "hoc-kinh-thanh-theo-sach.16--ne-he-mi-dmt.007-neh010111-thu-tu-uu-tien-7",
      "name": "007_Neh010111_Thứ Tự Ưu Tiên-7",
      "count": 0,
      "isLeaf": null,
      "keyword": null,
      "hash": "U2FsdGVkX1+G0LwjGegF09/QtlM9VlKCM1GJHvgGBah88/SPVv7uyGhpRqcoZAA8DrKdhbhPn4PMc4uuTFp8iQ==",
      "khash": "U2FsdGVkX19hr1zn+lnHtr1vpDa2KZ19mQxvDsbOXZp07UvwsMYMQHpmsBF3nwLg8YITZb0fFXuHuinGOsBtSA==",
      "viewCount": null,
      "duration": "27:47",
      "size": 26689009
    },
    {
      "id": "a2bf3828-ba0d-4aef-a38b-6cccb39a0dfe",
      "pid": "50dc32f9-92f5-45fa-9f1f-9713296fe0f5",
      "dblevel": 4,
      "location": "/VGMA/HocKinhThanhTheoSach/16.Ne-he-miDMT/008_Neh010111_ThuTuUuTien-8",
      "isVideo": false,
      "url": "hoc-kinh-thanh-theo-sach.16--ne-he-mi-dmt.008-neh010111-thu-tu-uu-tien-8",
      "name": "008_Neh010111_Thứ Tự Ưu Tiên-8",
      "count": 0,
      "isLeaf": null,
      "keyword": null,
      "hash": "U2FsdGVkX192B7xcy80nCdzxb0T8R0y0CGcJAk9k6AiUsU7Ha9mq2/BPs3ubMpmnjtnc+WwZK95FnG4+OvgC/Q==",
      "khash": "U2FsdGVkX1+Qo7V0BZ21hBMtPZ3yqWpAL/jHo2iRc+4nh77hHiF7iMco8Ui694/Bvspui/8VOdLu4LFft4I53A==",
      "viewCount": null,
      "duration": "28:0",
      "size": 26891612
    },
    {
      "id": "63252711-b3d7-4b86-9eb2-ab6ca2cd8312",
      "pid": "50dc32f9-92f5-45fa-9f1f-9713296fe0f5",
      "dblevel": 4,
      "location": "/VGMA/HocKinhThanhTheoSach/16.Ne-he-miDMT/009_Neh020120_ViecLamYenLang_1",
      "isVideo": false,
      "url": "hoc-kinh-thanh-theo-sach.16--ne-he-mi-dmt.009-neh020120-viec-lam-yen-lang-1",
      "name": "009_Neh020120_Việc Làm Yên Lặng_1",
      "count": 0,
      "isLeaf": null,
      "keyword": null,
      "hash": "U2FsdGVkX183viAjDSXyVNy+5/NM4CUGaroaEXhmyeOJG+BydU7FQo0/I9WKDPl0U3sfUDUKax2B6zkwWtgIYw==",
      "khash": "U2FsdGVkX19fYy+U3tumHkqvMS8yECnjTPNCDQKtoROITz4RSWWtPp/xH4i0yhyv+XGBs2K6va8z+DwQ7UyY7Q==",
      "viewCount": null,
      "duration": "27:13",
      "size": 26151079
    },
    {
      "id": "a91aab3f-bb87-49c0-96b1-88a67d7b1132",
      "pid": "50dc32f9-92f5-45fa-9f1f-9713296fe0f5",
      "dblevel": 4,
      "location": "/VGMA/HocKinhThanhTheoSach/16.Ne-he-miDMT/010_Neh020120_ViecLamYenLang_2",
      "isVideo": false,
      "url": "hoc-kinh-thanh-theo-sach.16--ne-he-mi-dmt.010-neh020120-viec-lam-yen-lang-2",
      "name": "010_Neh020120_Việc Làm Yên Lặng_2",
      "count": 0,
      "isLeaf": null,
      "keyword": null,
      "hash": "U2FsdGVkX1+6m/qr3caSa/DSsBW0BVbdYke+NttEg3yyJgiCy866ijsi2hDdX1jFViWLJNeXKIQp7MMF8eZdLQ==",
      "khash": "U2FsdGVkX19PczfgiKDrejIc7CLe+Mw6TQwMrlSh1SoAH0rYDqpkBN2hhoLDjILIqTX1fMhWKlHSSSSzRjYl9g==",
      "viewCount": null,
      "duration": "28:53",
      "size": 27749975
    },
    {
      "id": "ed70aa21-0954-4ec0-bee7-00155b0dca2a",
      "pid": "50dc32f9-92f5-45fa-9f1f-9713296fe0f5",
      "dblevel": 4,
      "location": "/VGMA/HocKinhThanhTheoSach/16.Ne-he-miDMT/011_Neh020120_ViecLamYenLang_3",
      "isVideo": false,
      "url": "hoc-kinh-thanh-theo-sach.16--ne-he-mi-dmt.011-neh020120-viec-lam-yen-lang-3",
      "name": "011_Neh020120_Việc Làm Yên Lặng_3",
      "count": 0,
      "isLeaf": null,
      "keyword": null,
      "hash": "U2FsdGVkX19ga00RCRFbTVGD2JpcyiA6s4XMlF2j61XKLPIomLXRWMebbOSyKmCv8YhzYbgwMxszK8kNMk+IDg==",
      "khash": "U2FsdGVkX19+YgJZC/hovhppjklcJyvxe/R/HoUx15C2sGRPN/2IJk9wKmGFAJ+ym62KBr75DAPqSilR3XGnQg==",
      "viewCount": null,
      "duration": "27:29",
      "size": 26408726
    },
    {
      "id": "a65597d7-64ca-4384-96b3-caa59a17d3bc",
      "pid": "50dc32f9-92f5-45fa-9f1f-9713296fe0f5",
      "dblevel": 4,
      "location": "/VGMA/HocKinhThanhTheoSach/16.Ne-he-miDMT/012_Neh020120_ViecLamYenLang_4",
      "isVideo": false,
      "url": "hoc-kinh-thanh-theo-sach.16--ne-he-mi-dmt.012-neh020120-viec-lam-yen-lang-4",
      "name": "012_Neh020120_Việc Làm Yên Lặng_4",
      "count": 0,
      "isLeaf": null,
      "keyword": null,
      "hash": "U2FsdGVkX18yp1RDvSJ6zdb7ML8IYj0B205brFZG6rjuAemvwHfgpQYW4X6D2roZfYyOVa9pe72BRoIIDQ0pBQ==",
      "khash": "U2FsdGVkX1916Ydkm9dnoC5u2BW1Dt7JRd3t4pI3VoqYJ73zwST9da7V9s+THI90UmbRn/jHo4yCBgqHK799PQ==",
      "viewCount": null,
      "duration": "26:53",
      "size": 25830764
    },
    {
      "id": "36f54849-589f-4eff-a719-8665fa7cca2d",
      "pid": "50dc32f9-92f5-45fa-9f1f-9713296fe0f5",
      "dblevel": 4,
      "location": "/VGMA/HocKinhThanhTheoSach/16.Ne-he-miDMT/013_Neh020120_ViecLamYenLang_5",
      "isVideo": false,
      "url": "hoc-kinh-thanh-theo-sach.16--ne-he-mi-dmt.013-neh020120-viec-lam-yen-lang-5",
      "name": "013_Neh020120_Việc Làm Yên Lặng_5",
      "count": 0,
      "isLeaf": null,
      "keyword": null,
      "hash": "U2FsdGVkX18ZDPKcBO6OfsJjILmhE3Ke/1TC4hT8DvkSrJTPG+FQohXjwNOjcuELsVn88+KRfgjElbdnecWBzg==",
      "khash": "U2FsdGVkX1/DWHs/PyX6ySShH+5km8jDn3Q8Wlt5eLif0yM5VmlB+FSTF5HQ7mlPA2ir0QhsqJJ6/8G63/waeQ==",
      "viewCount": null,
      "duration": "27:47",
      "size": 26682278
    },
    {
      "id": "79c2bbeb-b35e-4d08-b9c9-f52b0df8a652",
      "pid": "50dc32f9-92f5-45fa-9f1f-9713296fe0f5",
      "dblevel": 4,
      "location": "/VGMA/HocKinhThanhTheoSach/16.Ne-he-miDMT/014_Neh020120_ViecLamYenLang_6",
      "isVideo": false,
      "url": "hoc-kinh-thanh-theo-sach.16--ne-he-mi-dmt.014-neh020120-viec-lam-yen-lang-6",
      "name": "014_Neh020120_Việc Làm Yên Lặng_6",
      "count": 0,
      "isLeaf": null,
      "keyword": null,
      "hash": "U2FsdGVkX1+mgcW9HSpOHg9B4HsrY5FUYrflFrmDCU/5MHY1+AqwjNF5XWwAhaVX91eO32Zxl6hRMzy0a8A/XQ==",
      "khash": "U2FsdGVkX1967Yyb5UoWaU3W+m5a87O6Lt4lZic3FJ3TLqdZt4aG7kcQq9alQoJX5tc/gvS7e1RyTbjGvxry3w==",
      "viewCount": null,
      "duration": "27:54",
      "size": 26807378
    },
    {
      "id": "22174e4f-a380-455a-8e55-b3a5f9bc408a",
      "pid": "50dc32f9-92f5-45fa-9f1f-9713296fe0f5",
      "dblevel": 4,
      "location": "/VGMA/HocKinhThanhTheoSach/16.Ne-he-miDMT/015_Neh020120_ViecLamYenLang_7",
      "isVideo": false,
      "url": "hoc-kinh-thanh-theo-sach.16--ne-he-mi-dmt.015-neh020120-viec-lam-yen-lang-7",
      "name": "015_Neh020120_Việc Làm Yên Lặng_7",
      "count": 0,
      "isLeaf": null,
      "keyword": null,
      "hash": "U2FsdGVkX18UiFTnMzXSd5bb5rEBrcu97H8UKd3B5vyfC7PmRzGaeIQeXwB1LEmTp2cg8MWq8bV9AmteRoxOHA==",
      "khash": "U2FsdGVkX1+FkEGQ9e445ehixCQB8HzfdnOLLmrpO9NabTjUnsp69Iy4zkF6IHB1K21w7CD1WIGFCRZEJB5S9w==",
      "viewCount": null,
      "duration": "27:32",
      "size": 26445005
    },
    {
      "id": "3d71779c-c6f7-4c59-b391-7a89a04bebf6",
      "pid": "50dc32f9-92f5-45fa-9f1f-9713296fe0f5",
      "dblevel": 4,
      "location": "/VGMA/HocKinhThanhTheoSach/16.Ne-he-miDMT/016_Neh020120_ViecLamYenLang_8",
      "isVideo": false,
      "url": "hoc-kinh-thanh-theo-sach.16--ne-he-mi-dmt.016-neh020120-viec-lam-yen-lang-8",
      "name": "016_Neh020120_Việc Làm Yên Lặng_8",
      "count": 0,
      "isLeaf": null,
      "keyword": null,
      "hash": "U2FsdGVkX18bD+eLwrVRWxM3f+BSv91/F/VO07bvYszA1Q3ygyoZH2dt4L4sqDbhq6av7Njp4A4wQr/dhvxbqw==",
      "khash": "U2FsdGVkX18WVqWVgWaceisiHkgnnxgGRPWHXoJ4D8FIP0+BWbyA+KN/i+kaG1AOvUYyiWIxusqGUVIuLWSK9Q==",
      "viewCount": null,
      "duration": "28:33",
      "size": 27418283
    },
    {
      "id": "dc1bd57c-b1c3-40d3-b40d-41a06c92ebd3",
      "pid": "50dc32f9-92f5-45fa-9f1f-9713296fe0f5",
      "dblevel": 4,
      "location": "/VGMA/HocKinhThanhTheoSach/16.Ne-he-miDMT/017_Neh030131_ChiTietLamViecChua_1",
      "isVideo": false,
      "url": "hoc-kinh-thanh-theo-sach.16--ne-he-mi-dmt.017-neh030131-chi-tiet-lam-viec-chua-1",
      "name": "017_Neh030131_Chi Tiết Làm Việc Chúa_1",
      "count": 0,
      "isLeaf": null,
      "keyword": null,
      "hash": "U2FsdGVkX1++K2w5BLJyFjaJwc8z3JYI5NaR79mbx69UUzJWVOQHeGT4msLlD04NxyVxEtdphaxTMUBRJiyPQQ==",
      "khash": "U2FsdGVkX1+E3+zCj7VUOgc3fsTkKTfHK7+P0y2SUmP2wk7xdgv0TLzQALUIh1lgaNPdf08gU3AxnJGAip49fQ==",
      "viewCount": null,
      "duration": "27:33",
      "size": 26457515
    },
    {
      "id": "f4a3b1c2-93c1-4337-80da-f8ba9f97cc1f",
      "pid": "50dc32f9-92f5-45fa-9f1f-9713296fe0f5",
      "dblevel": 4,
      "location": "/VGMA/HocKinhThanhTheoSach/16.Ne-he-miDMT/018_Neh030131_ChiTietLamViecChua_2",
      "isVideo": false,
      "url": "hoc-kinh-thanh-theo-sach.16--ne-he-mi-dmt.018-neh030131-chi-tiet-lam-viec-chua-2",
      "name": "018_Neh030131_Chi Tiết Làm Việc Chúa_2",
      "count": 0,
      "isLeaf": null,
      "keyword": null,
      "hash": "U2FsdGVkX1/l91jtjXwvdTQOSgMQC1kswRKkr2nzeU7C33QCea48C3GcwZcrpaeJ2ECiK4LbCBR2MgPt/Qg4Fw==",
      "khash": null,
      "viewCount": null,
      "duration": "28:16",
      "size": 27153071
    },
    {
      "id": "da9f6a28-d136-46ff-a83d-80e463747f15",
      "pid": "50dc32f9-92f5-45fa-9f1f-9713296fe0f5",
      "dblevel": 4,
      "location": "/VGMA/HocKinhThanhTheoSach/16.Ne-he-miDMT/019_Neh030131_ChiTietLamViecChua_3",
      "isVideo": false,
      "url": "hoc-kinh-thanh-theo-sach.16--ne-he-mi-dmt.019-neh030131-chi-tiet-lam-viec-chua-3",
      "name": "019_Neh030131_Chi Tiết Làm Việc Chúa_3",
      "count": 0,
      "isLeaf": null,
      "keyword": null,
      "hash": "U2FsdGVkX1/SZJbDRSNYFCFWNU9o9rIRY+ja45kxnnJ5yReSgRQ2Lf12VDsL8L1NBB8paLh7B0xZ/TFZeKL0vA==",
      "khash": "U2FsdGVkX1+K+OrD1ZYKfLbOHw1pVZ1WGOkbF0XRYgNq4vYa3INrnzScQpVEsnMffCcD2MGG68WPDkM/Y8sWvw==",
      "viewCount": null,
      "duration": "27:44",
      "size": 26633489
    },
    {
      "id": "1d933e66-fc8c-4443-9c7e-36701c68c824",
      "pid": "50dc32f9-92f5-45fa-9f1f-9713296fe0f5",
      "dblevel": 4,
      "location": "/VGMA/HocKinhThanhTheoSach/16.Ne-he-miDMT/020_Neh030131_ChiTietLamViecChua_4",
      "isVideo": false,
      "url": "hoc-kinh-thanh-theo-sach.16--ne-he-mi-dmt.020-neh030131-chi-tiet-lam-viec-chua-4",
      "name": "020_Neh030131_Chi Tiết Làm Việc Chúa_4",
      "count": 0,
      "isLeaf": null,
      "keyword": null,
      "hash": "U2FsdGVkX195ysgotvFl8DIQnYveLdNsUB6JO47iTGOKBbu0IUCbXb7hcdQtmyQgETXR/wJEesAAxK4eHd1Sog==",
      "khash": "U2FsdGVkX1+yjNo2k6Q1F7sgJH7XNqp8NMWB+ZhwjM13lK/d1EzCnUvUy1fH9pPqF1efsu2fjGuWFO7HrUHQJQ==",
      "viewCount": null,
      "duration": "28:41",
      "size": 27557144
    },
    {
      "id": "06d6720c-862e-4af8-b753-ff00e3873f24",
      "pid": "50dc32f9-92f5-45fa-9f1f-9713296fe0f5",
      "dblevel": 4,
      "location": "/VGMA/HocKinhThanhTheoSach/16.Ne-he-miDMT/021_Neh040123_DoiDienVoiChongDoi-1",
      "isVideo": false,
      "url": "hoc-kinh-thanh-theo-sach.16--ne-he-mi-dmt.021-neh040123-doi-dien-voi-chong-doi-1",
      "name": "021_Neh040123_Đối Diện Với Chống Đối-1",
      "count": 0,
      "isLeaf": null,
      "keyword": null,
      "hash": "U2FsdGVkX18loLZXLq9jkrReYxyc3xjZ8FIrvMdFEMfabhYUzRMRcej9oyKCS+ejWgFzucq49YE32mJGWDGqKA==",
      "khash": "U2FsdGVkX1/PcSnduX/S93hfuwOAyaeebgW3QXksl3In7twcaDLY5LzM/jp4cO0uNvxzvsYb9e/D/C3Xlkm+kA==",
      "viewCount": null,
      "duration": "29:36",
      "size": 28438800
    },
    {
      "id": "ff5153ed-4e08-4166-b97c-75a0bde1e2b8",
      "pid": "50dc32f9-92f5-45fa-9f1f-9713296fe0f5",
      "dblevel": 4,
      "location": "/VGMA/HocKinhThanhTheoSach/16.Ne-he-miDMT/022_Neh040123_DoiDienVoiChongDoi-2",
      "isVideo": false,
      "url": "hoc-kinh-thanh-theo-sach.16--ne-he-mi-dmt.022-neh040123-doi-dien-voi-chong-doi-2",
      "name": "022_Neh040123_Đối Diện Với Chống Đối-2",
      "count": 0,
      "isLeaf": null,
      "keyword": null,
      "hash": "U2FsdGVkX199UuH/goCW/+kIG0CV/ke7lMNTsQLveYdLLvs98tO4zMy8e1U6/VEwl1Dhupx8xNdut3CpJKYB3A==",
      "khash": "U2FsdGVkX18uN77o+UFeRPAkzikywZGBriMHqC/vuin8KM8RZgLVVChEai8iqV0KwxVcyS0DAThhxe6zGb1sAQ==",
      "viewCount": null,
      "duration": "27:14",
      "size": 26155725
    },
    {
      "id": "cde395c1-a7b8-4aac-a4f8-96970e719946",
      "pid": "50dc32f9-92f5-45fa-9f1f-9713296fe0f5",
      "dblevel": 4,
      "location": "/VGMA/HocKinhThanhTheoSach/16.Ne-he-miDMT/023_Neh040123_DoiDienVoiChongDoi-3",
      "isVideo": false,
      "url": "hoc-kinh-thanh-theo-sach.16--ne-he-mi-dmt.023-neh040123-doi-dien-voi-chong-doi-3",
      "name": "023_Neh040123_Đối Diện Với Chống Đối-3",
      "count": 0,
      "isLeaf": null,
      "keyword": null,
      "hash": "U2FsdGVkX18CWLdElau3vYdIJZiZ7IeNUD+4f+2ad83NEUDNdbSwGU3OYObd8vWBEl+ZDSHJN1ba/VISzBHoeg==",
      "khash": "U2FsdGVkX1+UBhWLZnS1TOwQKlwjM04X/bD6qP/W0ZidkSu2IyH9BCCSaD9hodYkt/QIBtVbaU3YI3QuSoGxdg==",
      "viewCount": null,
      "duration": "29:9",
      "size": 28007921
    },
    {
      "id": "c72c0f9a-3419-4961-a078-e2aba0b2153b",
      "pid": "50dc32f9-92f5-45fa-9f1f-9713296fe0f5",
      "dblevel": 4,
      "location": "/VGMA/HocKinhThanhTheoSach/16.Ne-he-miDMT/024_Neh040123_DoiDienVoiChongDoi-4",
      "isVideo": false,
      "url": "hoc-kinh-thanh-theo-sach.16--ne-he-mi-dmt.024-neh040123-doi-dien-voi-chong-doi-4",
      "name": "024_Neh040123_Đối Diện Với Chống Đối-4",
      "count": 0,
      "isLeaf": null,
      "keyword": null,
      "hash": "U2FsdGVkX1/FZTl3sIVvnFZILxi+9kN42phe93oTkx8wVeyIyxizFUu6pqjTC6I+nmvTS3/DYUg/NjD++dXMeA==",
      "khash": "U2FsdGVkX19JpF8iHi5Vt6dwx8kmn/PzG41n9mj4qpQVkClEdvW2o2l6GHe6uuHTEtLQSXeW0louugqzZWFfrA==",
      "viewCount": null,
      "duration": "27:21",
      "size": 26266529
    },
    {
      "id": "b788f7d9-597d-49c1-9aa8-fd0180296322",
      "pid": "50dc32f9-92f5-45fa-9f1f-9713296fe0f5",
      "dblevel": 4,
      "location": "/VGMA/HocKinhThanhTheoSach/16.Ne-he-miDMT/025_Neh040123_DoiDienVoiChongDoi-5",
      "isVideo": false,
      "url": "hoc-kinh-thanh-theo-sach.16--ne-he-mi-dmt.025-neh040123-doi-dien-voi-chong-doi-5",
      "name": "025_Neh040123_Đối Diện Với Chống Đối-5",
      "count": 0,
      "isLeaf": null,
      "keyword": null,
      "hash": "U2FsdGVkX18R8vxrqpCZOLMgiRYsvfqkdH6t4W/k070I0WQIbWL4veiJADWxxUz84Vn7Yz1QbKOIybpkJKp6pQ==",
      "khash": "U2FsdGVkX18wp/tQMFM1IfM+MeU86/5cvo302FtE/J9AauexXOkgM/qqRsxTocaHs3zEfK1FH9JV+FhbrForzQ==",
      "viewCount": null,
      "duration": "29:45",
      "size": 28585928
    },
    {
      "id": "558e0f20-78da-4f06-ab1f-b693c12a25a6",
      "pid": "50dc32f9-92f5-45fa-9f1f-9713296fe0f5",
      "dblevel": 4,
      "location": "/VGMA/HocKinhThanhTheoSach/16.Ne-he-miDMT/026_Neh040123_DoiDienVoiChongDoi-6",
      "isVideo": false,
      "url": "hoc-kinh-thanh-theo-sach.16--ne-he-mi-dmt.026-neh040123-doi-dien-voi-chong-doi-6",
      "name": "026_Neh040123_Đối Diện Với Chống Đối-6",
      "count": 0,
      "isLeaf": null,
      "keyword": null,
      "hash": "U2FsdGVkX1/Z0BKppZh+bfg07TTUaIkblMe3VGf80W8LdEP6rjxwGe7roxmHeh8pPsW3grO4F/POdrtWDzRNng==",
      "khash": "U2FsdGVkX1+SLWHgEbEdQdAv8NTX32WVL2HtmXr8tmxlXpYfnvKFSqIIkaaujMpr1+X6QE80BDk85W3g4KHjgg==",
      "viewCount": null,
      "duration": "27:35",
      "size": 26498381
    },
    {
      "id": "3cf7e98f-9919-415a-abae-b706d8b25184",
      "pid": "50dc32f9-92f5-45fa-9f1f-9713296fe0f5",
      "dblevel": 4,
      "location": "/VGMA/HocKinhThanhTheoSach/16.Ne-he-miDMT/027_Neh040123_DoiDienVoiChongDoi-7",
      "isVideo": false,
      "url": "hoc-kinh-thanh-theo-sach.16--ne-he-mi-dmt.027-neh040123-doi-dien-voi-chong-doi-7",
      "name": "027_Neh040123_Đối Diện Với Chống Đối-7",
      "count": 0,
      "isLeaf": null,
      "keyword": null,
      "hash": "U2FsdGVkX1+FBCB/1plOH4WD8UHkYywdJ+Z4tILbY1kZzr81436E2AGcdA7o+apXIHjCmQlWV1qwrcfo2D5WUw==",
      "khash": "U2FsdGVkX18MLrtZu+XC00BnfteI9S+fJprZ/eHwDIDXf4oCBma1frS3y5cb1KfKDwvtMO1Hiuc+hkoTD5+w/Q==",
      "viewCount": null,
      "duration": "29:8",
      "size": 27977063
    },
    {
      "id": "00aefed1-c057-485b-86cc-3ae8215f69e3",
      "pid": "50dc32f9-92f5-45fa-9f1f-9713296fe0f5",
      "dblevel": 4,
      "location": "/VGMA/HocKinhThanhTheoSach/16.Ne-he-miDMT/028_Neh040123_DoiDienVoiChongDoi-8",
      "isVideo": false,
      "url": "hoc-kinh-thanh-theo-sach.16--ne-he-mi-dmt.028-neh040123-doi-dien-voi-chong-doi-8",
      "name": "028_Neh040123_Đối Diện Với Chống Đối-8",
      "count": 0,
      "isLeaf": null,
      "keyword": null,
      "hash": "U2FsdGVkX1+0qEhggNTMUSJlfzuELwxFsVXRGi1X/lC5aWBKEvQ/xBJlz4j62IGOq1fBhp9vF9lUDG6yjAuxdQ==",
      "khash": null,
      "viewCount": null,
      "duration": "28:18",
      "size": 27191435
    },
    {
      "id": "3dcf7c56-6c92-4b68-a940-3c405c2c8fe7",
      "pid": "50dc32f9-92f5-45fa-9f1f-9713296fe0f5",
      "dblevel": 4,
      "location": "/VGMA/HocKinhThanhTheoSach/16.Ne-he-miDMT/029_Neh050119_GiaiQuyetChuyenNoiBo_1",
      "isVideo": false,
      "url": "hoc-kinh-thanh-theo-sach.16--ne-he-mi-dmt.029-neh050119-giai-quyet-chuyen-noi-bo-1",
      "name": "029_Neh050119_Giải Quyết Chuyện Nội Bộ_1",
      "count": 0,
      "isLeaf": null,
      "keyword": null,
      "hash": "U2FsdGVkX1/Qeo32LrNzoCBMtTeFZZ+7FvUERgHiGA59ZSUJWnz+g+SnSGCGEQXCVAN4ad6BA/Iu7YWJ+zPHfQ==",
      "khash": null,
      "viewCount": null,
      "duration": "28:3",
      "size": 26939984
    },
    {
      "id": "f1a51156-afd3-4351-b2b1-0226046774cb",
      "pid": "50dc32f9-92f5-45fa-9f1f-9713296fe0f5",
      "dblevel": 4,
      "location": "/VGMA/HocKinhThanhTheoSach/16.Ne-he-miDMT/030_Neh050119_GiaiQuyetChuyenNoiBo_2",
      "isVideo": false,
      "url": "hoc-kinh-thanh-theo-sach.16--ne-he-mi-dmt.030-neh050119-giai-quyet-chuyen-noi-bo-2",
      "name": "030_Neh050119_Giải Quyết Chuyện Nội Bộ_2",
      "count": 0,
      "isLeaf": null,
      "keyword": null,
      "hash": "U2FsdGVkX19BwxZFOxrAVm5A/dbnRBX7MJFoOCm3JrPE5nbDT/JAjuVMOFyYJQT8bYHjEMFTSEi0SR35ouxsjw==",
      "khash": "U2FsdGVkX1+D4I4BcGsvudSc50bwC1heOFRf9wTO7lmTrffKN5s7soapuwzkLR12W12CYIKYPGSSwuRni9Cdvw==",
      "viewCount": null,
      "duration": "28:24",
      "size": 27284229
    },
    {
      "id": "baeeda39-9fa5-48b1-a2ba-aa07f18d27a5",
      "pid": "50dc32f9-92f5-45fa-9f1f-9713296fe0f5",
      "dblevel": 4,
      "location": "/VGMA/HocKinhThanhTheoSach/16.Ne-he-miDMT/031_Neh050119_GiaiQuyetChuyenNoiBo_3",
      "isVideo": false,
      "url": "hoc-kinh-thanh-theo-sach.16--ne-he-mi-dmt.031-neh050119-giai-quyet-chuyen-noi-bo-3",
      "name": "031_Neh050119_Giải Quyết Chuyện Nội Bộ_3",
      "count": 0,
      "isLeaf": null,
      "keyword": null,
      "hash": "U2FsdGVkX19c9ZTGY5Kip0i6e/QpVcyyWrGktTvDwYxHf59/dQ1X9qbW3wS8q5LcqiVCthL2giyyztf1PnIwvQ==",
      "khash": "U2FsdGVkX1/a1GnQJu8l9IbTFBvTKU3tfEpUDW7Rwu/oC0oGEOHpymPBzZTHdzkzYeyDvss95eQHXYJTIBlYtw==",
      "viewCount": null,
      "duration": "27:19",
      "size": 26245482
    },
    {
      "id": "749f13f4-2cc4-403e-ad58-381e3061f7c4",
      "pid": "50dc32f9-92f5-45fa-9f1f-9713296fe0f5",
      "dblevel": 4,
      "location": "/VGMA/HocKinhThanhTheoSach/16.Ne-he-miDMT/032_Neh050119_GiaiQuyetChuyenNoiBo_4",
      "isVideo": false,
      "url": "hoc-kinh-thanh-theo-sach.16--ne-he-mi-dmt.032-neh050119-giai-quyet-chuyen-noi-bo-4",
      "name": "032_Neh050119_Giải Quyết Chuyện Nội Bộ_4",
      "count": 0,
      "isLeaf": null,
      "keyword": null,
      "hash": "U2FsdGVkX1/6t1G+w3abS8qEM8RD+ELw0G6FC7CMU9O7+WxI58mxfjeEg5UpFaEVmLXxk6UXAoyFtsS130+GKw==",
      "khash": "U2FsdGVkX1/5kJB1aEuvtMvwPDOJBqoEp+bViTaaDoUDX1PpCvkOBEl7l5hKU1xD8VLJeaZWweroTTTO7DzVlA==",
      "viewCount": null,
      "duration": "28:22",
      "size": 27255932
    },
    {
      "id": "462c4428-e056-4b51-bb05-94675f77ea26",
      "pid": "50dc32f9-92f5-45fa-9f1f-9713296fe0f5",
      "dblevel": 4,
      "location": "/VGMA/HocKinhThanhTheoSach/16.Ne-he-miDMT/033_Neh060119_MangGanhDauRieng_1",
      "isVideo": false,
      "url": "hoc-kinh-thanh-theo-sach.16--ne-he-mi-dmt.033-neh060119-mang-ganh-dau-rieng-1",
      "name": "033_Neh060119_Mang Gánh Đau Riêng_1",
      "count": 0,
      "isLeaf": null,
      "keyword": null,
      "hash": "U2FsdGVkX1/oYBfVEQeutWB07B9WXm4SUUWbaMUGgxwcD3ZAkt76AqN7P1swdBLu3V7It9kwxJcDDo1QYxdpJg==",
      "khash": "U2FsdGVkX1/FB1ylekb46tL0W12V70dfdgtHk2e4ull/YFaLqf/O/LzDVsMi7gKef1kuMJzd+PU/c6TbhgAM6Q==",
      "viewCount": null,
      "duration": "28:38",
      "size": 27509189
    },
    {
      "id": "71dee232-480a-4699-b293-a22f8234b18a",
      "pid": "50dc32f9-92f5-45fa-9f1f-9713296fe0f5",
      "dblevel": 4,
      "location": "/VGMA/HocKinhThanhTheoSach/16.Ne-he-miDMT/034_Neh060119_MangGanhDauRieng_2",
      "isVideo": false,
      "url": "hoc-kinh-thanh-theo-sach.16--ne-he-mi-dmt.034-neh060119-mang-ganh-dau-rieng-2",
      "name": "034_Neh060119_Mang Gánh Đau Riêng_2",
      "count": 0,
      "isLeaf": null,
      "keyword": null,
      "hash": "U2FsdGVkX1+l+BxJsO0dbFyV1dBoIgui+5Gf2z3IYfi5pXpCZmqlIQtT/qollDFwQ+6nLXoevrdZql1p8WDT2A==",
      "khash": "U2FsdGVkX19DgGYFlJ9/zBs43+hb+oOmUcimja8ZqhxY+UhHouF4ByOosfLo34JGL3pBB7ILueegNoGNWEa8LA==",
      "viewCount": null,
      "duration": "28:48",
      "size": 27667291
    },
    {
      "id": "86da910c-1b93-4ccb-aa17-6b160cc3fe68",
      "pid": "50dc32f9-92f5-45fa-9f1f-9713296fe0f5",
      "dblevel": 4,
      "location": "/VGMA/HocKinhThanhTheoSach/16.Ne-he-miDMT/035_Neh060119_MangGanhDauRieng_3",
      "isVideo": false,
      "url": "hoc-kinh-thanh-theo-sach.16--ne-he-mi-dmt.035-neh060119-mang-ganh-dau-rieng-3",
      "name": "035_Neh060119_Mang Gánh Đau Riêng_3",
      "count": 0,
      "isLeaf": null,
      "keyword": null,
      "hash": "U2FsdGVkX1+wnlKK07v58BXit0qmTXkxOB8N3ys7h1mkTdBhSX1IBSSWGdV3tgrRv2H3jaHE9Fceaz5Vl3VeOA==",
      "khash": "U2FsdGVkX19G0fMN90peymj/+BOoQzE6M2icew8yvx+OFPUktPl1mPyJws3gy38lBAjPZrYKIXT9HcH5PwkVYA==",
      "viewCount": null,
      "duration": "28:34",
      "size": 27447587
    },
    {
      "id": "260ca85f-8dc4-4695-9da4-ac3ef9714e99",
      "pid": "50dc32f9-92f5-45fa-9f1f-9713296fe0f5",
      "dblevel": 4,
      "location": "/VGMA/HocKinhThanhTheoSach/16.Ne-he-miDMT/036_Neh060119_MangGanhDauRieng_4",
      "isVideo": false,
      "url": "hoc-kinh-thanh-theo-sach.16--ne-he-mi-dmt.036-neh060119-mang-ganh-dau-rieng-4",
      "name": "036_Neh060119_Mang Gánh Đau Riêng_4",
      "count": 0,
      "isLeaf": null,
      "keyword": null,
      "hash": "U2FsdGVkX19IYiKDrr82GvXKco1kczbfuG6f0LF2bJL8+/YQN/3Dhrr+PSRQREj8wezfTS8XODsYnTwCrV2R7A==",
      "khash": "U2FsdGVkX18LTqDc8UUJ5l57I9epDhbIsIn1yb71j/NgE+b0+2NYJ4plPgPkH1+qcHSgmwQtOV/VswR4lPVOrw==",
      "viewCount": null,
      "duration": "29:42",
      "size": 28531256
    },
    {
      "id": "76bccddf-ac3d-417f-8fb7-4405305e91e3",
      "pid": "50dc32f9-92f5-45fa-9f1f-9713296fe0f5",
      "dblevel": 4,
      "location": "/VGMA/HocKinhThanhTheoSach/16.Ne-he-miDMT/037_Neh070173_GayDungLaiConNguoi_1",
      "isVideo": false,
      "url": "hoc-kinh-thanh-theo-sach.16--ne-he-mi-dmt.037-neh070173-gay-dung-lai-con-nguoi-1",
      "name": "037_Neh070173_Gây Dựng Lại Con Người_1",
      "count": 0,
      "isLeaf": null,
      "keyword": null,
      "hash": "U2FsdGVkX1/L4zJdz2UEzOxjieCeF+FlDYduPPRQ3NGvCuA3xz8qDQp6G8S7oXr0sIN18PBb2HhDgSeAN9is+w==",
      "khash": null,
      "viewCount": null,
      "duration": "28:22",
      "size": 27241534
    },
    {
      "id": "93ef270c-a291-47e4-a3f9-7c8f173c8670",
      "pid": "50dc32f9-92f5-45fa-9f1f-9713296fe0f5",
      "dblevel": 4,
      "location": "/VGMA/HocKinhThanhTheoSach/16.Ne-he-miDMT/038_Neh070173_GayDungLaiConNguoi_2",
      "isVideo": false,
      "url": "hoc-kinh-thanh-theo-sach.16--ne-he-mi-dmt.038-neh070173-gay-dung-lai-con-nguoi-2",
      "name": "038_Neh070173_Gây Dựng Lại Con Người_2",
      "count": 0,
      "isLeaf": null,
      "keyword": null,
      "hash": "U2FsdGVkX1/aItoYTB3z40dsIbyF5w+2Aw14qkQ6s0/Q5D4np+lCANGMFvYnMNuTDF1os4Vk25vuUjswwHMblw==",
      "khash": null,
      "viewCount": null,
      "duration": "27:38",
      "size": 26541329
    },
    {
      "id": "8ee646d5-2272-40dc-86e7-89cf5a17b2bc",
      "pid": "50dc32f9-92f5-45fa-9f1f-9713296fe0f5",
      "dblevel": 4,
      "location": "/VGMA/HocKinhThanhTheoSach/16.Ne-he-miDMT/039_Neh070173_GayDungLaiConNguoi_3",
      "isVideo": false,
      "url": "hoc-kinh-thanh-theo-sach.16--ne-he-mi-dmt.039-neh070173-gay-dung-lai-con-nguoi-3",
      "name": "039_Neh070173_Gây Dựng Lại Con Người_3",
      "count": 0,
      "isLeaf": null,
      "keyword": null,
      "hash": "U2FsdGVkX18NMlvCpGpSca6XjQUauZ0YxBieepLhU+danw7/x1GXXnQOiddE3sB3YSZEDHpq4a1a8EFEW1fCTw==",
      "khash": null,
      "viewCount": null,
      "duration": "28:48",
      "size": 27661391
    },
    {
      "id": "cd9a7de4-2aa2-4446-a85e-2bb5d0a9ce82",
      "pid": "50dc32f9-92f5-45fa-9f1f-9713296fe0f5",
      "dblevel": 4,
      "location": "/VGMA/HocKinhThanhTheoSach/16.Ne-he-miDMT/040_Neh070173_GayDungLaiConNguoi_4",
      "isVideo": false,
      "url": "hoc-kinh-thanh-theo-sach.16--ne-he-mi-dmt.040-neh070173-gay-dung-lai-con-nguoi-4",
      "name": "040_Neh070173_Gây Dựng Lại Con Người_4",
      "count": 0,
      "isLeaf": null,
      "keyword": null,
      "hash": "U2FsdGVkX18VpCFkf6Qteqv8mfcScObOmxEOd7ItHscBTKs2e+Uw8W+SiflQ7DiuSQehO3p1WSpOYxTVvQib6g==",
      "khash": "U2FsdGVkX18rFChYdjL40Kz46Tm3RoxAdJK9mv1v7hiCGa1GPmToNvuibq6O/FktARsVZbjaL3M54+7K+aSHNw==",
      "viewCount": null,
      "duration": "28:9",
      "size": 27045183
    },
    {
      "id": "5366abc5-267a-4b49-add6-64e43c401cb2",
      "pid": "50dc32f9-92f5-45fa-9f1f-9713296fe0f5",
      "dblevel": 4,
      "location": "/VGMA/HocKinhThanhTheoSach/16.Ne-he-miDMT/041_Neh070173_GayDungLaiConNguoi_5",
      "isVideo": false,
      "url": "hoc-kinh-thanh-theo-sach.16--ne-he-mi-dmt.041-neh070173-gay-dung-lai-con-nguoi-5",
      "name": "041_Neh070173_Gây Dựng Lại Con Người_5",
      "count": 0,
      "isLeaf": null,
      "keyword": null,
      "hash": "U2FsdGVkX1+pkzNZKAzX49B/ltosGLBHyhMiYOxOrd7SDKDf5dULYqroun6cxqKmhuXFPlCj5v1vVMzPSZEzjQ==",
      "khash": "U2FsdGVkX1/9RuXX1IXeW6aWCIeNbUsyYqHwp5im4vkQQpseiUPH3uFMHgcE62Hqy1F5ljw+M9j25vtfI4nM3g==",
      "viewCount": null,
      "duration": "28:56",
      "size": 27791944
    },
    {
      "id": "7b0314ea-7661-4e76-afb1-d44cb285ea2c",
      "pid": "50dc32f9-92f5-45fa-9f1f-9713296fe0f5",
      "dblevel": 4,
      "location": "/VGMA/HocKinhThanhTheoSach/16.Ne-he-miDMT/042_Neh070173_GayDungLaiConNguoi_6",
      "isVideo": false,
      "url": "hoc-kinh-thanh-theo-sach.16--ne-he-mi-dmt.042-neh070173-gay-dung-lai-con-nguoi-6",
      "name": "042_Neh070173_Gây Dựng Lại Con Người_6",
      "count": 0,
      "isLeaf": null,
      "keyword": null,
      "hash": "U2FsdGVkX19yOhEuoVQb3S63VJ+QjfOkFko/vwuL4O+rFyfOl50EfFUm3bmjTtslw3U4Tapnles4HZqiv34IFw==",
      "khash": null,
      "viewCount": null,
      "duration": "28:54",
      "size": 27759001
    },
    {
      "id": "51f58065-fc23-44a5-b678-69c5c3bad084",
      "pid": "50dc32f9-92f5-45fa-9f1f-9713296fe0f5",
      "dblevel": 4,
      "location": "/VGMA/HocKinhThanhTheoSach/16.Ne-he-miDMT/043_Neh070173_GayDungLaiConNguoi_7",
      "isVideo": false,
      "url": "hoc-kinh-thanh-theo-sach.16--ne-he-mi-dmt.043-neh070173-gay-dung-lai-con-nguoi-7",
      "name": "043_Neh070173_Gây Dựng Lại Con Người_7",
      "count": 0,
      "isLeaf": null,
      "keyword": null,
      "hash": "U2FsdGVkX1+KvhtweiyPLMZ4n2d4c6vwn6vUNbT477B5tzddeAsjZrcgV9AYBcQkUVm0yCScmWMlDTKenK/jdQ==",
      "khash": "U2FsdGVkX1+L960HJCT2/xWrE1ghfPCk24N1cjqGu4kfeQ4BBcqLYx3qZDxKnBuurtaObPD3Qs2PBQ4CSbEABQ==",
      "viewCount": null,
      "duration": "28:32",
      "size": 27406278
    },
    {
      "id": "b4d47974-70f3-44ac-8a75-fe33bf57f78f",
      "pid": "50dc32f9-92f5-45fa-9f1f-9713296fe0f5",
      "dblevel": 4,
      "location": "/VGMA/HocKinhThanhTheoSach/16.Ne-he-miDMT/044_Neh070173_GayDungLaiConNguoi_8",
      "isVideo": false,
      "url": "hoc-kinh-thanh-theo-sach.16--ne-he-mi-dmt.044-neh070173-gay-dung-lai-con-nguoi-8",
      "name": "044_Neh070173_Gây Dựng Lại Con Người_8",
      "count": 0,
      "isLeaf": null,
      "keyword": null,
      "hash": "U2FsdGVkX19OCu77rFWWOc22sgzMovZiczmscB8YNFodYzr4oJVgWMdo//VF/d8ag4A37jzj5KRZ7Mkof0jcGA==",
      "khash": "U2FsdGVkX1+K1O0+5rb4knP84CGZ/WsuIy7JVtYU9QJDs6VOUdU3nrJP7JX69+Q/CUYGOFcbfPYvG53zUQ5QtQ==",
      "viewCount": null,
      "duration": "28:38",
      "size": 27500162
    },
    {
      "id": "8bb7a210-1311-4fb2-8285-c64faac6a671",
      "pid": "50dc32f9-92f5-45fa-9f1f-9713296fe0f5",
      "dblevel": 4,
      "location": "/VGMA/HocKinhThanhTheoSach/16.Ne-he-miDMT/045_Neh070173_GayDungLaiConNguoi_9",
      "isVideo": false,
      "url": "hoc-kinh-thanh-theo-sach.16--ne-he-mi-dmt.045-neh070173-gay-dung-lai-con-nguoi-9",
      "name": "045_Neh070173_Gây Dựng Lại Con Người_9",
      "count": 0,
      "isLeaf": null,
      "keyword": null,
      "hash": "U2FsdGVkX1/eH7xRgi9ZUbfvUn2uGV6GNNRM/I7F0kRQzVC4LpFi5GMI6KmAm2O6iQ5ar9xLH8ZyvLL32rHuOg==",
      "khash": "U2FsdGVkX1//wzMECkJvmkG5uQnpe16k0vYWTimWqXhFH8BznxLfq11jufK55QLGOQJvY4MHcxL0lZ6mGbx3Lw==",
      "viewCount": null,
      "duration": "28:9",
      "size": 27045872
    },
    {
      "id": "d7a48f52-ff9d-465e-a8c3-ddb10fbceec9",
      "pid": "50dc32f9-92f5-45fa-9f1f-9713296fe0f5",
      "dblevel": 4,
      "location": "/VGMA/HocKinhThanhTheoSach/16.Ne-he-miDMT/046_Neh070173_GayDungLaiConNguoi_10",
      "isVideo": false,
      "url": "hoc-kinh-thanh-theo-sach.16--ne-he-mi-dmt.046-neh070173-gay-dung-lai-con-nguoi-10",
      "name": "046_Neh070173_Gây Dựng Lại Con Người_10",
      "count": 0,
      "isLeaf": null,
      "keyword": null,
      "hash": "U2FsdGVkX18NnRojzwBDszXmBb9QGFAFeF6U8DhFs9DW134fCKhQg2khZAveMbN5xs3QvxmmLZsWmZhCoopbbw==",
      "khash": null,
      "viewCount": null,
      "duration": "28:58",
      "size": 27825721
    },
    {
      "id": "5b29d354-6104-4986-8bf2-c60cf880d355",
      "pid": "50dc32f9-92f5-45fa-9f1f-9713296fe0f5",
      "dblevel": 4,
      "location": "/VGMA/HocKinhThanhTheoSach/16.Ne-he-miDMT/047_Neh070173_GayDungLaiConNguoi_11",
      "isVideo": false,
      "url": "hoc-kinh-thanh-theo-sach.16--ne-he-mi-dmt.047-neh070173-gay-dung-lai-con-nguoi-11",
      "name": "047_Neh070173_Gây Dựng Lại Con Người_11",
      "count": 0,
      "isLeaf": null,
      "keyword": null,
      "hash": "U2FsdGVkX1/rnYQmoI6ar9mmEE+UHxBcJHt9JhS4oMD2pCZ5Wd+DYmorjctIqiPRbFkdxUvsqIBtPMzYdT7uCQ==",
      "khash": null,
      "viewCount": null,
      "duration": "29:11",
      "size": 28031302
    },
    {
      "id": "9768e549-4071-4656-a623-eafce41b5ffc",
      "pid": "50dc32f9-92f5-45fa-9f1f-9713296fe0f5",
      "dblevel": 4,
      "location": "/VGMA/HocKinhThanhTheoSach/16.Ne-he-miDMT/048_Neh070173_GayDungLaiConNguoi_12",
      "isVideo": false,
      "url": "hoc-kinh-thanh-theo-sach.16--ne-he-mi-dmt.048-neh070173-gay-dung-lai-con-nguoi-12",
      "name": "048_Neh070173_Gây Dựng Lại Con Người_12",
      "count": 0,
      "isLeaf": null,
      "keyword": null,
      "hash": "U2FsdGVkX18ZEyYdaH6MqrWAQkANSv8lHrKUb+E7y1cjFRfI0nOpZ9jGYkJbF35l4KvN5DwkQaDX+OnXJB2xFQ==",
      "khash": null,
      "viewCount": null,
      "duration": "28:27",
      "size": 40990139
    },
    {
      "id": "caade769-7984-4cfb-aac6-ab7b71e48e3a",
      "pid": "50dc32f9-92f5-45fa-9f1f-9713296fe0f5",
      "dblevel": 4,
      "location": "/VGMA/HocKinhThanhTheoSach/16.Ne-he-miDMT/049_Neh090138_AnNanDoiLong_1",
      "isVideo": false,
      "url": "hoc-kinh-thanh-theo-sach.16--ne-he-mi-dmt.049-neh090138-an-nan-doi-long-1",
      "name": "049_Neh090138_Ăn Năn Đổi Lòng_1",
      "count": 0,
      "isLeaf": null,
      "keyword": null,
      "hash": "U2FsdGVkX1/lFpQk6TZEqYrWsSZOOJ7O0zSTP36Ba4tpWNagn6S5A/D67x6eiy0CDEYysnS9zrbfCFK356tVXA==",
      "khash": "U2FsdGVkX19CxoGY3GoP/rPwpovt/sgiFrG10zF2Zn7kPnQ1xFvUdQ3cCaVlh5gmPCTch5ffDwyo2bZdEYK9DQ==",
      "viewCount": null,
      "duration": "27:41",
      "size": 39885863
    },
    {
      "id": "7b93a0dc-de2c-45ff-abe8-0af8bdcdf39d",
      "pid": "50dc32f9-92f5-45fa-9f1f-9713296fe0f5",
      "dblevel": 4,
      "location": "/VGMA/HocKinhThanhTheoSach/16.Ne-he-miDMT/050_Neh090138_AnNanDoiLong_2",
      "isVideo": false,
      "url": "hoc-kinh-thanh-theo-sach.16--ne-he-mi-dmt.050-neh090138-an-nan-doi-long-2",
      "name": "050_Neh090138_Ăn Năn Đổi Lòng_2",
      "count": 0,
      "isLeaf": null,
      "keyword": null,
      "hash": "U2FsdGVkX1996P/V/2OdPUX1ZPmEc4WgO9DW/F+aJdLx0WcE3SyVPVH5Usvu0oIAOxSDH4sczzh/RYXlNSH3CA==",
      "khash": "U2FsdGVkX18tpe4r5sPEgkQbuptWMjSiqDfmDKEKz6vjOLi90McuIA0iUXRkyID3V9ErhFsoS9I266paulzMqA==",
      "viewCount": null,
      "duration": "28:36",
      "size": 27468024
    },
    {
      "id": "1af69141-acf8-4607-8d31-3313adabd0b9",
      "pid": "50dc32f9-92f5-45fa-9f1f-9713296fe0f5",
      "dblevel": 4,
      "location": "/VGMA/HocKinhThanhTheoSach/16.Ne-he-miDMT/051_Neh090138_AnNanDoiLong_3",
      "isVideo": false,
      "url": "hoc-kinh-thanh-theo-sach.16--ne-he-mi-dmt.051-neh090138-an-nan-doi-long-3",
      "name": "051_Neh090138_Ăn Năn Đổi Lòng_3",
      "count": 0,
      "isLeaf": null,
      "keyword": null,
      "hash": "U2FsdGVkX19IpP0UTEx56JcBpSnCpFFq+AdiBRTVABnRLJqPZ4YmTkBBy7fm80K6ESBOf1/3Pc0yfjh10rxO2g==",
      "khash": "U2FsdGVkX1+EmLZBoSMV6ytQVdETWv059Ocsg+bNKL8DDd+47EPzwSbo/azPt5vZtTXz69nrynWWvd60qZD2Lg==",
      "viewCount": null,
      "duration": "27:37",
      "size": 26537339
    },
    {
      "id": "0c161613-90fe-4508-a744-44ef479a30d1",
      "pid": "50dc32f9-92f5-45fa-9f1f-9713296fe0f5",
      "dblevel": 4,
      "location": "/VGMA/HocKinhThanhTheoSach/16.Ne-he-miDMT/052_Neh090138_AnNanDoiLong_4",
      "isVideo": false,
      "url": "hoc-kinh-thanh-theo-sach.16--ne-he-mi-dmt.052-neh090138-an-nan-doi-long-4",
      "name": "052_Neh090138_Ăn Năn Đổi Lòng_4",
      "count": 0,
      "isLeaf": null,
      "keyword": null,
      "hash": "U2FsdGVkX19qkZzHOUHXscRPJBfSmOoIviCq47LXscYEk4wA97GJ5QijXYn9qYRRZ6FvlNHREJhurG5jZI7YIw==",
      "khash": "U2FsdGVkX19JYZnaNeROFm3N/dDzMUeAGaKXXv3eJ9/xL2nzp63dvE6oggQIbRefgfvGeznsGQ1Tmp54T8Yv6Q==",
      "viewCount": null,
      "duration": "27:26",
      "size": 26349331
    },
    {
      "id": "e6bbe5ef-d12f-4b92-9869-efbc097077cc",
      "pid": "50dc32f9-92f5-45fa-9f1f-9713296fe0f5",
      "dblevel": 4,
      "location": "/VGMA/HocKinhThanhTheoSach/16.Ne-he-miDMT/053_Neh090138_AnNanDoiLong_5",
      "isVideo": false,
      "url": "hoc-kinh-thanh-theo-sach.16--ne-he-mi-dmt.053-neh090138-an-nan-doi-long-5",
      "name": "053_Neh090138_Ăn Năn Đổi Lòng_5",
      "count": 0,
      "isLeaf": null,
      "keyword": null,
      "hash": "U2FsdGVkX1/LQ4uTxJ4uiRGpdvLhNUa19nenBMZAtu4r6Ze3o60pRXSfFHgnfl0sS6U7sOGGYVPDbmFEokrQDA==",
      "khash": "U2FsdGVkX1/ZLOUnDEXsIOb81irz84OyoAZjK3tjCKTMYB3BKxRE+aD63FjXIHV538zaTSCRe3TN1RSuEtB4MQ==",
      "viewCount": null,
      "duration": "28:53",
      "size": 27742410
    },
    {
      "id": "18193161-94c9-4166-847f-ace394597b2a",
      "pid": "50dc32f9-92f5-45fa-9f1f-9713296fe0f5",
      "dblevel": 4,
      "location": "/VGMA/HocKinhThanhTheoSach/16.Ne-he-miDMT/054_Neh100139_ThayDoiThucTe_1",
      "isVideo": false,
      "url": "hoc-kinh-thanh-theo-sach.16--ne-he-mi-dmt.054-neh100139-thay-doi-thuc-te-1",
      "name": "054_Neh100139_Thay Đổi Thực Tế_1",
      "count": 0,
      "isLeaf": null,
      "keyword": null,
      "hash": "U2FsdGVkX1+4P7PuRSs2Lj1wwuyl+eKQVILLFM/w1oYIwx4pns2MdBTN6MyeQeiT0B0etEPECYXRlT4bGAxHCw==",
      "khash": "U2FsdGVkX196gUkCdzD3mLV5IFmrwPj1ebtQg69bY27iEyC5eT+Wab/tJDMdJ89795d3MYbkOrt9LtERzpyQNw==",
      "viewCount": null,
      "duration": "28:21",
      "size": 27232061
    },
    {
      "id": "99cfc300-ce18-4c26-9e66-9746ef14e7a8",
      "pid": "50dc32f9-92f5-45fa-9f1f-9713296fe0f5",
      "dblevel": 4,
      "location": "/VGMA/HocKinhThanhTheoSach/16.Ne-he-miDMT/055_Neh100139_ThayDoiThucTe_2",
      "isVideo": false,
      "url": "hoc-kinh-thanh-theo-sach.16--ne-he-mi-dmt.055-neh100139-thay-doi-thuc-te-2",
      "name": "055_Neh100139_Thay Đổi Thực Tế_2",
      "count": 0,
      "isLeaf": null,
      "keyword": null,
      "hash": "U2FsdGVkX1+AbW4htJ9M/s4QXC8qiJmYM8Sl5kXmm9zlEiDXqhL7PzFg9qlmw0Pa6wwdqrMp79EHMBbz1S6A5Q==",
      "khash": "U2FsdGVkX1/k5AFMUtEWrwksKUNsxdCJMt0FgUFVl7x6yWrhYfv4WXK+bIoHwM0F5al+k7RHX7XRk8vqddxRWw==",
      "viewCount": null,
      "duration": "27:49",
      "size": 26725823
    },
    {
      "id": "7fb81275-8c2e-4d76-8db1-993bf8f09b41",
      "pid": "50dc32f9-92f5-45fa-9f1f-9713296fe0f5",
      "dblevel": 4,
      "location": "/VGMA/HocKinhThanhTheoSach/16.Ne-he-miDMT/056_Neh100139_ThayDoiThucTe_3",
      "isVideo": false,
      "url": "hoc-kinh-thanh-theo-sach.16--ne-he-mi-dmt.056-neh100139-thay-doi-thuc-te-3",
      "name": "056_Neh100139_Thay Đổi Thực Tế_3",
      "count": 0,
      "isLeaf": null,
      "keyword": null,
      "hash": "U2FsdGVkX1/k/S93HZG+0vwMSwt9BAz821aAAsPTm7ICjZSgdLaYrqEBED+gFY0GlYo0JwnHZHyP4u74sFrq1g==",
      "khash": null,
      "viewCount": null,
      "duration": "28:27",
      "size": 27323207
    },
    {
      "id": "5b5d9bbf-5c8c-40b7-ad76-ff9a6649f80a",
      "pid": "50dc32f9-92f5-45fa-9f1f-9713296fe0f5",
      "dblevel": 4,
      "location": "/VGMA/HocKinhThanhTheoSach/16.Ne-he-miDMT/057_Neh100139_ThayDoiThucTe_4",
      "isVideo": false,
      "url": "hoc-kinh-thanh-theo-sach.16--ne-he-mi-dmt.057-neh100139-thay-doi-thuc-te-4",
      "name": "057_Neh100139_Thay Đổi Thực Tế_4",
      "count": 0,
      "isLeaf": null,
      "keyword": null,
      "hash": "U2FsdGVkX1+C4VXitW5m7dXIcVl807pODSk60GnxkcgND4Aa3zB7Ywqac3iBv6sgVKkVmAzcjuesbgopfclqZQ==",
      "khash": "U2FsdGVkX1+Ol1n5I8qMeC/JLJhSNv8cpnpNa94v1ZcbCuhChDnEYSvy6w9TXegejEGvAiIUR2p0++vkVhNOMQ==",
      "viewCount": null,
      "duration": "27:53",
      "size": 26789982
    },
    {
      "id": "a0afae38-7817-4598-abdc-a2159b15f755",
      "pid": "50dc32f9-92f5-45fa-9f1f-9713296fe0f5",
      "dblevel": 4,
      "location": "/VGMA/HocKinhThanhTheoSach/16.Ne-he-miDMT/058_Neh100139_ThayDoiThucTe_5",
      "isVideo": false,
      "url": "hoc-kinh-thanh-theo-sach.16--ne-he-mi-dmt.058-neh100139-thay-doi-thuc-te-5",
      "name": "058_Neh100139_Thay Đổi Thực Tế_5",
      "count": 0,
      "isLeaf": null,
      "keyword": null,
      "hash": "U2FsdGVkX1+ZT5MYztFvUr15Ldthn96dRAASzd47bEki6gWd/0NdiOl3nLIeSMwgv5qJAu+yXfl92D0/UElgwA==",
      "khash": "U2FsdGVkX18+Sy5ot8IlP3leD1qApeYNMYtze3PM34/ilH2UgZG7B9E5lOUXefgWm7sjMlDAlg80++x/VC1YZw==",
      "viewCount": null,
      "duration": "28:13",
      "size": 27108153
    },
    {
      "id": "ec2d6914-5a0c-448e-b6d8-3684b33388e5",
      "pid": "50dc32f9-92f5-45fa-9f1f-9713296fe0f5",
      "dblevel": 4,
      "location": "/VGMA/HocKinhThanhTheoSach/16.Ne-he-miDMT/059_Neh100139_ThayDoiThucTe_6",
      "isVideo": false,
      "url": "hoc-kinh-thanh-theo-sach.16--ne-he-mi-dmt.059-neh100139-thay-doi-thuc-te-6",
      "name": "059_Neh100139_Thay Đổi Thực Tế_6",
      "count": 0,
      "isLeaf": null,
      "keyword": null,
      "hash": "U2FsdGVkX1+B7bI90msfrAz1UDqo80fh4s2HZ/0TYnAJO0TnBpNDjcdNgsr/iwJQnSVP0uJo6jKfLNhKRHks4g==",
      "khash": "U2FsdGVkX186P5DtvyyYLO53KbGUSijOWwGALHWKz+ku3X9TVz04fxP/K6UDLOfZhEVY4giuOTaZTGflh7lqCw==",
      "viewCount": null,
      "duration": "27:30",
      "size": 26424261
    },
    {
      "id": "3d2c488d-5efe-4b4a-ad09-1fd7737c7c4e",
      "pid": "50dc32f9-92f5-45fa-9f1f-9713296fe0f5",
      "dblevel": 4,
      "location": "/VGMA/HocKinhThanhTheoSach/16.Ne-he-miDMT/060_Neh100139_ThayDoiThucTe_7",
      "isVideo": false,
      "url": "hoc-kinh-thanh-theo-sach.16--ne-he-mi-dmt.060-neh100139-thay-doi-thuc-te-7",
      "name": "060_Neh100139_Thay Đổi Thực Tế_7",
      "count": 0,
      "isLeaf": null,
      "keyword": null,
      "hash": "U2FsdGVkX1/Z83p0GCynL52rbwanVR674OZQ4ofFd96uPhoDADpPLbXP+BBZxykd97akepjV4x4ma41l21CiSQ==",
      "khash": null,
      "viewCount": null,
      "duration": "28:33",
      "size": 27432162
    },
    {
      "id": "528d7381-b209-4b9f-9d30-222fd8258d6b",
      "pid": "50dc32f9-92f5-45fa-9f1f-9713296fe0f5",
      "dblevel": 4,
      "location": "/VGMA/HocKinhThanhTheoSach/16.Ne-he-miDMT/061_Neh100139_ThayDoiThucTe_8",
      "isVideo": false,
      "url": "hoc-kinh-thanh-theo-sach.16--ne-he-mi-dmt.061-neh100139-thay-doi-thuc-te-8",
      "name": "061_Neh100139_Thay Đổi Thực Tế_8",
      "count": 0,
      "isLeaf": null,
      "keyword": null,
      "hash": "U2FsdGVkX1+TQSTTkDSPM3Vijq+MYaf2FlvrVNzujkpGNNdxvb0qyC9aPZPjp6WokXES1CutJHtKS1qNn/rKKQ==",
      "khash": "U2FsdGVkX1+H1ks55ZTojjnBI512p4LlbjfT/P+tj0GYlHt8wdhE7v8P7W7IaZy/QGDvhH0kPWptb0h7rKH/Nw==",
      "viewCount": null,
      "duration": "27:17",
      "size": 26209219
    },
    {
      "id": "dcff05aa-abf4-42cf-a1f3-cd1ed59bcc1e",
      "pid": "50dc32f9-92f5-45fa-9f1f-9713296fe0f5",
      "dblevel": 4,
      "location": "/VGMA/HocKinhThanhTheoSach/16.Ne-he-miDMT/062_Neh100139_ThayDoiThucTe_9",
      "isVideo": false,
      "url": "hoc-kinh-thanh-theo-sach.16--ne-he-mi-dmt.062-neh100139-thay-doi-thuc-te-9",
      "name": "062_Neh100139_Thay Đổi Thực Tế_9",
      "count": 0,
      "isLeaf": null,
      "keyword": null,
      "hash": "U2FsdGVkX1/bHQP5eeI8ZOcr/exSnyBL0912vspOkLg1tnmLTjtT1enz72hEaVEJELO+VcaCOwl6wY1aiy8q/Q==",
      "khash": "U2FsdGVkX19WgljfHwUrYr5PynDgKkShTytPITtGwoPJnJbVu5GPbPRv1Zw0u2PRuwasZpYyHn8SoyBkhTKA+A==",
      "viewCount": null,
      "duration": "28:53",
      "size": 27740624
    },
    {
      "id": "0af4d157-8139-4fd8-b5c4-903392c0c05d",
      "pid": "50dc32f9-92f5-45fa-9f1f-9713296fe0f5",
      "dblevel": 4,
      "location": "/VGMA/HocKinhThanhTheoSach/16.Ne-he-miDMT/063_Neh100139_ThayDoiThucTe_10",
      "isVideo": false,
      "url": "hoc-kinh-thanh-theo-sach.16--ne-he-mi-dmt.063-neh100139-thay-doi-thuc-te-10",
      "name": "063_Neh100139_Thay Đổi Thực Tế_10",
      "count": 0,
      "isLeaf": null,
      "keyword": null,
      "hash": "U2FsdGVkX19mK+Dc0lIbElkyW7oB0kcQW1pDXOv50TRVq2pa6QeC+GQa+0crl+wpwdtOGMFt5Lj9Pw5xHM6vlA==",
      "khash": null,
      "viewCount": null,
      "duration": "27:44",
      "size": 26642663
    },
    {
      "id": "519ca2c8-04bc-45be-8750-49b42b382a7d",
      "pid": "50dc32f9-92f5-45fa-9f1f-9713296fe0f5",
      "dblevel": 4,
      "location": "/VGMA/HocKinhThanhTheoSach/16.Ne-he-miDMT/064_Neh100139_ThayDoiThucTe_11",
      "isVideo": false,
      "url": "hoc-kinh-thanh-theo-sach.16--ne-he-mi-dmt.064-neh100139-thay-doi-thuc-te-11",
      "name": "064_Neh100139_Thay Đổi Thực Tế_11",
      "count": 0,
      "isLeaf": null,
      "keyword": null,
      "hash": "U2FsdGVkX1/LcEaHg9HzmTTvwd0NCetPW8xYZ3ryH6ycGw33wZOefjzGVt8HcE+uZx0lRjs2tj413W9oynD8uw==",
      "khash": "U2FsdGVkX185b7GWNuNfCPqcW7iD/CRki7+xRaKKqjh0DRgIl08a7qcArSqagdlopX6R0LhGmYKSFgNDnhMeVg==",
      "viewCount": null,
      "duration": "28:16",
      "size": 27161171
    },
    {
      "id": "6280a84e-d4c3-4ad6-a28f-bd11566b0712",
      "pid": "50dc32f9-92f5-45fa-9f1f-9713296fe0f5",
      "dblevel": 4,
      "location": "/VGMA/HocKinhThanhTheoSach/16.Ne-he-miDMT/065_Neh100139_ThayDoiThucTe_12",
      "isVideo": false,
      "url": "hoc-kinh-thanh-theo-sach.16--ne-he-mi-dmt.065-neh100139-thay-doi-thuc-te-12",
      "name": "065_Neh100139_Thay Đổi Thực Tế_12",
      "count": 0,
      "isLeaf": null,
      "keyword": null,
      "hash": "U2FsdGVkX1/7yfthh4rX8p5hjtJ1a7yfO4R8UpOHEwoecpylm6EwlnYn2ukp30/R74EI4agwfcf2CqTJ/sEPew==",
      "khash": "U2FsdGVkX1/r+5/uvet05OUU3M53Sfk3KkpqdjpwGlxaPuL/aSt+ujEj+nIEnWFzwzvXE5jfv8LflUkdPIAOjQ==",
      "viewCount": null,
      "duration": "28:2",
      "size": 26928725
    },
    {
      "id": "1305b11c-adac-49ee-83b2-a78a3520c4cd",
      "pid": "50dc32f9-92f5-45fa-9f1f-9713296fe0f5",
      "dblevel": 4,
      "location": "/VGMA/HocKinhThanhTheoSach/16.Ne-he-miDMT/066_Neh100139_ThayDoiThucTe_13",
      "isVideo": false,
      "url": "hoc-kinh-thanh-theo-sach.16--ne-he-mi-dmt.066-neh100139-thay-doi-thuc-te-13",
      "name": "066_Neh100139_Thay Đổi Thực Tế_13",
      "count": 0,
      "isLeaf": null,
      "keyword": null,
      "hash": "U2FsdGVkX18QP9h100XBCM4lBaI5PlfpyFdpMJyOIPD8CQg9ij3iZJzlTflr/Z0ukSD6ju2Hu2YA1dX/gjxGKQ==",
      "khash": null,
      "viewCount": null,
      "duration": "27:16",
      "size": 26201119
    },
    {
      "id": "758e5394-81c2-463e-a87f-7a7e97985001",
      "pid": "50dc32f9-92f5-45fa-9f1f-9713296fe0f5",
      "dblevel": 4,
      "location": "/VGMA/HocKinhThanhTheoSach/16.Ne-he-miDMT/067_Neh1101-1247_CungHienChoChua-P1",
      "isVideo": false,
      "url": "hoc-kinh-thanh-theo-sach.16--ne-he-mi-dmt.067-neh1101-1247-cung-hien-cho-chua-p1",
      "name": "067_Neh1101-1247_Cung Hiến Cho Chúa-P1",
      "count": 0,
      "isLeaf": null,
      "keyword": null,
      "hash": "U2FsdGVkX19huPq8CY+8S2AGH/+HqnIoUy2oJZSyzHjUCHG5jRN5FHzeJRjYNDELBYAnyGhm64yD8zdmh0C7Qg==",
      "khash": null,
      "viewCount": null,
      "duration": "28:17",
      "size": 27165581
    },
    {
      "id": "2ee6f109-b265-47aa-901e-bf6d53d89f37",
      "pid": "50dc32f9-92f5-45fa-9f1f-9713296fe0f5",
      "dblevel": 4,
      "location": "/VGMA/HocKinhThanhTheoSach/16.Ne-he-miDMT/068_Neh1101-1247_CungHienChoChua-P2",
      "isVideo": false,
      "url": "hoc-kinh-thanh-theo-sach.16--ne-he-mi-dmt.068-neh1101-1247-cung-hien-cho-chua-p2",
      "name": "068_Neh1101-1247_Cung Hiến Cho Chúa-P2",
      "count": 0,
      "isLeaf": null,
      "keyword": null,
      "hash": "U2FsdGVkX1/4rdv59yRf4AxhFVdLqH5mGXC/I7pkdpMMvb8QJoC1J5g6gnjDsCVwE8e0FU4OYj3s4x5wrUxvIQ==",
      "khash": null,
      "viewCount": null,
      "duration": "27:30",
      "size": 26419269
    },
    {
      "id": "ea22003e-3987-4977-8830-b9a70364e3d4",
      "pid": "50dc32f9-92f5-45fa-9f1f-9713296fe0f5",
      "dblevel": 4,
      "location": "/VGMA/HocKinhThanhTheoSach/16.Ne-he-miDMT/069_Neh1101-1247_CungHienChoChua-P3",
      "isVideo": false,
      "url": "hoc-kinh-thanh-theo-sach.16--ne-he-mi-dmt.069-neh1101-1247-cung-hien-cho-chua-p3",
      "name": "069_Neh1101-1247_Cung Hiến Cho Chúa-P3",
      "count": 0,
      "isLeaf": null,
      "keyword": null,
      "hash": "U2FsdGVkX1/B9YMvdZIHWPGEJkBWlbeOqrKiRo7zCfqkU8U5YTdgBfLRLmHNdHZtuql+IJvDKKjNE4xN/0RrVw==",
      "khash": null,
      "viewCount": null,
      "duration": "26:48",
      "size": 25743312
    },
    {
      "id": "cb53366b-9167-4a3d-b87d-48884f2973ae",
      "pid": "50dc32f9-92f5-45fa-9f1f-9713296fe0f5",
      "dblevel": 4,
      "location": "/VGMA/HocKinhThanhTheoSach/16.Ne-he-miDMT/070_Neh1101-1247_CungHienChoChua-P4",
      "isVideo": false,
      "url": "hoc-kinh-thanh-theo-sach.16--ne-he-mi-dmt.070-neh1101-1247-cung-hien-cho-chua-p4",
      "name": "070_Neh1101-1247_Cung Hiến Cho Chúa-P4",
      "count": 0,
      "isLeaf": null,
      "keyword": null,
      "hash": "U2FsdGVkX18rPKwF+IZe44lzYWzrOlF8SfTK22KtwUFvQooYVN5YuiC6tvhsm9STX+QUhyrtXlej5eD0vWY6ng==",
      "khash": null,
      "viewCount": null,
      "duration": "28:13",
      "size": 27101363
    },
    {
      "id": "efd96a54-1c78-48a9-ae5b-f24ba2afb91c",
      "pid": "50dc32f9-92f5-45fa-9f1f-9713296fe0f5",
      "dblevel": 4,
      "location": "/VGMA/HocKinhThanhTheoSach/16.Ne-he-miDMT/071_Neh130131_DonBoToiLoiVanVuong-P1",
      "isVideo": false,
      "url": "hoc-kinh-thanh-theo-sach.16--ne-he-mi-dmt.071-neh130131-don-bo-toi-loi-van-vuong-p1",
      "name": "071_Neh130131_Dọn Bỏ Tội Lỗi Vấn Vương-P1",
      "count": 0,
      "isLeaf": null,
      "keyword": null,
      "hash": "U2FsdGVkX18wqe1h+JQ4SYvNoQoFCIdp7q232o5q4v9wvYYkVt/3Cg0gTuvtyQndHkDh8oOmwE/ruxqeIPtvDQ==",
      "khash": null,
      "viewCount": null,
      "duration": "28:41",
      "size": 27558513
    },
    {
      "id": "b8cae5f2-af60-4b78-ac8c-47d2fe7aa4fd",
      "pid": "50dc32f9-92f5-45fa-9f1f-9713296fe0f5",
      "dblevel": 4,
      "location": "/VGMA/HocKinhThanhTheoSach/16.Ne-he-miDMT/072_Neh130131_DonBoToiLoiVanVuong-P2",
      "isVideo": false,
      "url": "hoc-kinh-thanh-theo-sach.16--ne-he-mi-dmt.072-neh130131-don-bo-toi-loi-van-vuong-p2",
      "name": "072_Neh130131_Dọn Bỏ Tội Lỗi Vấn Vương-P2",
      "count": 0,
      "isLeaf": null,
      "keyword": null,
      "hash": "U2FsdGVkX1+6EMvAEvFyMxsAV6qUjweFExxoiUIEImWXuxsv1rr1XTHYP7lQrvjOhxQvYnIyFWaARHs/xfsBVQ==",
      "khash": "U2FsdGVkX18llqZDMfjUxdg6rFfqhdoECtEMzL3DcwqS78xsBZaXBZINBzzsECw/u4gIZHSDdirYkdtR9Ovk/Q==",
      "viewCount": null,
      "duration": "27:43",
      "size": 26627592
    },
    {
      "id": "5074ea98-da0c-42a6-bbea-f067c3b6b001",
      "pid": "50dc32f9-92f5-45fa-9f1f-9713296fe0f5",
      "dblevel": 4,
      "location": "/VGMA/HocKinhThanhTheoSach/16.Ne-he-miDMT/073_Neh130131_DonBoToiLoiVanVuong-P3",
      "isVideo": false,
      "url": "hoc-kinh-thanh-theo-sach.16--ne-he-mi-dmt.073-neh130131-don-bo-toi-loi-van-vuong-p3",
      "name": "073_Neh130131_Dọn Bỏ Tội Lỗi Vấn Vương-P3",
      "count": 0,
      "isLeaf": null,
      "keyword": null,
      "hash": "U2FsdGVkX1/ZPRgx4xFYZh7FNWLcHwDiWp76vn9BPbcSwKlpaFExW4NQV7ZgKuuoG9OqjdRRdlmVPTzLeI+PDA==",
      "khash": null,
      "viewCount": null,
      "duration": "27:59",
      "size": 26884981
    },
    {
      "id": "b22744ac-9e6b-43e6-ae4a-7dc5a04f7810",
      "pid": "50dc32f9-92f5-45fa-9f1f-9713296fe0f5",
      "dblevel": 4,
      "location": "/VGMA/HocKinhThanhTheoSach/16.Ne-he-miDMT/074_Neh130131_DonBoToiLoiVanVuong-P4",
      "isVideo": false,
      "url": "hoc-kinh-thanh-theo-sach.16--ne-he-mi-dmt.074-neh130131-don-bo-toi-loi-van-vuong-p4",
      "name": "074_Neh130131_Dọn Bỏ Tội Lỗi Vấn Vương-P4",
      "count": 0,
      "isLeaf": null,
      "keyword": null,
      "hash": "U2FsdGVkX1/3eY1kyls44fXbczEUGKdaxwhhjAZbwnS5Vky2GZ3hkTSD6z1vVWiIraDh1Obh/I+GDzbonZSHBg==",
      "khash": "U2FsdGVkX1/GiZ6PPr8FQSTwv7A7f+jpHkS7YXSWZunRlBW0NVpTv61dzmA7E32hHj92t3YLpEJ3U9vBFeF+0w==",
      "viewCount": null,
      "duration": "28:10",
      "size": 27052481
    },
    {
      "id": "319ba930-1077-44a9-b532-b3194c99a24f",
      "pid": "50dc32f9-92f5-45fa-9f1f-9713296fe0f5",
      "dblevel": 4,
      "location": "/VGMA/HocKinhThanhTheoSach/16.Ne-he-miDMT/075_Neh130131_DonBoToiLoiVanVuong-P5",
      "isVideo": false,
      "url": "hoc-kinh-thanh-theo-sach.16--ne-he-mi-dmt.075-neh130131-don-bo-toi-loi-van-vuong-p5",
      "name": "075_Neh130131_Dọn Bỏ Tội Lỗi Vấn Vương-P5",
      "count": 0,
      "isLeaf": null,
      "keyword": null,
      "hash": "U2FsdGVkX1/jEj3SiIHUkrEVfRGx3Y+GYBn2oSXKzO/2o8O8Be0QGN3d2CKPRHiwYnFArWfBbvIaqEkmS4ATvQ==",
      "khash": "U2FsdGVkX1+M8yivJu/DqzNk7mIdToPe4PkB9cHr7u72mKS8/1aQr31Aoz3ADSyEcPSvAoWXPi0O8XCnO7Lx1w==",
      "viewCount": null,
      "duration": "29:52",
      "size": 28687728
    },
    {
      "id": "73be8c7d-906a-4dfc-9c79-e317a791be0e",
      "pid": "50dc32f9-92f5-45fa-9f1f-9713296fe0f5",
      "dblevel": 4,
      "location": "/VGMA/HocKinhThanhTheoSach/16.Ne-he-miDMT/076_Neh130131_DonBoToiLoiVanVuong-P6",
      "isVideo": false,
      "url": "hoc-kinh-thanh-theo-sach.16--ne-he-mi-dmt.076-neh130131-don-bo-toi-loi-van-vuong-p6",
      "name": "076_Neh130131_Dọn Bỏ Tội Lỗi Vấn Vương-P6",
      "count": 0,
      "isLeaf": null,
      "keyword": null,
      "hash": "U2FsdGVkX1/7ykTkl4OqUMN7qk/BalDGuzBRTR5D0hHqJNPYYEEzX1Rbn2Wi3C/WgsmVphCgcnidgooCLjfYZQ==",
      "khash": "U2FsdGVkX1+prvzxJkKzs34z7AXPASuLDbDGydRoO7xffq2vcy/Q/jPoFP0r2DeOTLvPo3z/qLS+cDgMVYccyg==",
      "viewCount": null,
      "duration": "28:24",
      "size": 27275376
    },
    {
      "id": "77c6fcd1-8597-4df9-9e34-72ed36a8dd32",
      "pid": "50dc32f9-92f5-45fa-9f1f-9713296fe0f5",
      "dblevel": 4,
      "location": "/VGMA/HocKinhThanhTheoSach/16.Ne-he-miDMT/077_Neh130131_DonBoToiLoiVanVuong-P7",
      "isVideo": false,
      "url": "hoc-kinh-thanh-theo-sach.16--ne-he-mi-dmt.077-neh130131-don-bo-toi-loi-van-vuong-p7",
      "name": "077_Neh130131_Dọn Bỏ Tội Lỗi Vấn Vương-P7",
      "count": 0,
      "isLeaf": null,
      "keyword": null,
      "hash": "U2FsdGVkX1/+7l5fHBFLAQkowUs8AgcASyc3tOxdYuv/BeYLNpV1yLHpVjUojrYrpZre9k6p2SlL4GX1TSVO0w==",
      "khash": null,
      "viewCount": null,
      "duration": "27:39",
      "size": 26557296
    },
    {
      "id": "c2675391-3059-4849-af14-c7ea247db741",
      "pid": "50dc32f9-92f5-45fa-9f1f-9713296fe0f5",
      "dblevel": 4,
      "location": "/VGMA/HocKinhThanhTheoSach/16.Ne-he-miDMT/078_Neh130131_DonBoToiLoiVanVuong-P8",
      "isVideo": false,
      "url": "hoc-kinh-thanh-theo-sach.16--ne-he-mi-dmt.078-neh130131-don-bo-toi-loi-van-vuong-p8",
      "name": "078_Neh130131_Dọn Bỏ Tội Lỗi Vấn Vương-P8",
      "count": 0,
      "isLeaf": null,
      "keyword": null,
      "hash": "U2FsdGVkX19T4PUUwVkN1VOVWL6QRSF1G0ns7LxSRdmlbopjThJklehvpF90bac5AzcGHnxM5LQ6IUiEYYiW/g==",
      "khash": "U2FsdGVkX18o6Le4/D/ZgLrQ7USovIEN4a6FOHsXWq6GE560p8XYTnqv+fR1XaH/j6zq3nNIFfaem36ws5gpAA==",
      "viewCount": null,
      "duration": "28:14",
      "size": 27117936
    },
    {
      "id": "ee43f1b5-9adc-494f-9975-a779204a8877",
      "pid": "50dc32f9-92f5-45fa-9f1f-9713296fe0f5",
      "dblevel": 4,
      "location": "/VGMA/HocKinhThanhTheoSach/16.Ne-he-miDMT/079_Neh130131_DonBoToiLoiVanVuong-P9",
      "isVideo": false,
      "url": "hoc-kinh-thanh-theo-sach.16--ne-he-mi-dmt.079-neh130131-don-bo-toi-loi-van-vuong-p9",
      "name": "079_Neh130131_Dọn Bỏ Tội Lỗi Vấn Vương-P9",
      "count": 0,
      "isLeaf": null,
      "keyword": null,
      "hash": "U2FsdGVkX19MiGSdzIpdA9LUpmgOUAEDV4LqXynd7EgB4BYf7njd58z+9isTp6LNtR7p9lIXFLMNhRnHCEknBA==",
      "khash": "U2FsdGVkX19m01RO6Is2X2EHP/hcL5axl0m9AUv+WlhjWoHFsWEd7rboQBpQUpfjLNJvQl+hFSSizqW8JPjz+Q==",
      "viewCount": null,
      "duration": "29:42",
      "size": 28534512
    }
  ]
}