{
  "id": "7891475e-c76e-4ae6-932d-ac04afbe57dc",
  "pid": "e6ba0e06-964b-4f38-abe3-49308863b5fc",
  "dblevel": 3,
  "location": "/VGMA/HocTheoChuDe/BietChuaThatNhuChinhNgai",
  "isVideo": false,
  "url": "hoc-theo-chu-de.biet-chua-that-nhu-chinh-ngai",
  "name": "Biết Chúa Thật Như Chính Ngài",
  "count": 16,
  "isLeaf": true,
  "keyword": null,
  "hash": null,
  "khash": null,
  "viewCount": null,
  "duration": null,
  "size": null,
  "children": [
    {
      "id": "725280b6-7e1d-4990-a6cb-92661228ca66",
      "pid": "7891475e-c76e-4ae6-932d-ac04afbe57dc",
      "dblevel": 4,
      "location": "/VGMA/HocTheoChuDe/BietChuaThatNhuChinhNgai/01-BietChuaThatNhuChinhNgai1",
      "isVideo": false,
      "url": "hoc-theo-chu-de.biet-chua-that-nhu-chinh-ngai.01-biet-chua-that-nhu-chinh-ngai-1",
      "name": "01-Biết Chúa Thật Như Chính Ngài 1",
      "count": 0,
      "isLeaf": null,
      "keyword": null,
      "hash": "U2FsdGVkX19I0UL1xagdHq5lm+5BFbB76mErTziWvilBfqYc1p4v6vXYENRI2KRXNJvG9ecxIzAKDD9xCezI8Q==",
      "khash": "U2FsdGVkX19WDxHEZNndxxucdzJesjOpdbtxzaKT9zk6ZmQFlfzFj3ONss5ciOpkxkKwKs7EczpwT3XoOKQv2g==",
      "viewCount": null,
      "duration": "33:23",
      "size": 32055006
    },
    {
      "id": "67565e61-0744-4765-8203-dfb4aadddf3f",
      "pid": "7891475e-c76e-4ae6-932d-ac04afbe57dc",
      "dblevel": 4,
      "location": "/VGMA/HocTheoChuDe/BietChuaThatNhuChinhNgai/01-BietChuaThatNhuChinhNgai2",
      "isVideo": false,
      "url": "hoc-theo-chu-de.biet-chua-that-nhu-chinh-ngai.01-biet-chua-that-nhu-chinh-ngai-2",
      "name": "01-Biết Chúa Thật Như Chính Ngài 2",
      "count": 0,
      "isLeaf": null,
      "keyword": null,
      "hash": "U2FsdGVkX18gAEEdp6L5pJkJ45X3g9ePzweTVKG9gKf6Nm5YazR9qSNZApX3voEzkDglWlD2uETNdhwdB5v0Lg==",
      "khash": "U2FsdGVkX1+f4YcIF3KrIBG1Tce+stvD8y5qCKXcul9nn6/lsbOP+XqW5Pj6GtB5YNkOhEojmS3srBiCV39hUg==",
      "viewCount": null,
      "duration": "29:50",
      "size": 28651146
    },
    {
      "id": "cc6d65b6-637a-4a00-a19b-1a8e17ce7924",
      "pid": "7891475e-c76e-4ae6-932d-ac04afbe57dc",
      "dblevel": 4,
      "location": "/VGMA/HocTheoChuDe/BietChuaThatNhuChinhNgai/02-BietChuaThatNhuChinhNgai1",
      "isVideo": false,
      "url": "hoc-theo-chu-de.biet-chua-that-nhu-chinh-ngai.02-biet-chua-that-nhu-chinh-ngai-1",
      "name": "02-Biết Chúa Thật Như Chính Ngài 1",
      "count": 0,
      "isLeaf": null,
      "keyword": null,
      "hash": "U2FsdGVkX1+ZTOUlE9RNxw0WoolPORWclqkC9ltGYrwqniNJUhCxErtNgBAz+2/DPVe2obvRleg2XWsvcA9YOQ==",
      "khash": "U2FsdGVkX1+64sZ7INPyY41bjM+l2ZsNau0rC/oT1lu0Ymp+8pDshR6FhSPoxBYTE1OJd+pZB5p8LKvq//RFSg==",
      "viewCount": null,
      "duration": "29:12",
      "size": 28038836
    },
    {
      "id": "af64b2fe-ab6b-44e1-bd1c-c0d7c571c79d",
      "pid": "7891475e-c76e-4ae6-932d-ac04afbe57dc",
      "dblevel": 4,
      "location": "/VGMA/HocTheoChuDe/BietChuaThatNhuChinhNgai/02-BietChuaThatNhuChinhNgai2",
      "isVideo": false,
      "url": "hoc-theo-chu-de.biet-chua-that-nhu-chinh-ngai.02-biet-chua-that-nhu-chinh-ngai-2",
      "name": "02-Biết Chúa Thật Như Chính Ngài 2",
      "count": 0,
      "isLeaf": null,
      "keyword": null,
      "hash": "U2FsdGVkX18p2DPAFcxx+m9pvcZi78dnyvh8I8iC1v6EZnilLpFhQ7niYFpj1XEzM2O98XFfbDNW+8Gf0SitTQ==",
      "khash": "U2FsdGVkX1/mgymppDyuY2NY2WnaUox1QaA9q3aho8mFTy0owj3jr0MCd3+nYJ7G8Gkf2y0fhPaMUPEI6Jjkfg==",
      "viewCount": null,
      "duration": "26:54",
      "size": 25840370
    },
    {
      "id": "be49ec41-c17c-4c67-8429-397a76355f11",
      "pid": "7891475e-c76e-4ae6-932d-ac04afbe57dc",
      "dblevel": 4,
      "location": "/VGMA/HocTheoChuDe/BietChuaThatNhuChinhNgai/03-BietChuaThatNhuChinhNgai1",
      "isVideo": false,
      "url": "hoc-theo-chu-de.biet-chua-that-nhu-chinh-ngai.03-biet-chua-that-nhu-chinh-ngai-1",
      "name": "03-Biết Chúa Thật Như Chính Ngài 1",
      "count": 0,
      "isLeaf": null,
      "keyword": null,
      "hash": "U2FsdGVkX19jZjkEFIKgAusp/qCvWqZfdL2CSckKMZMuByoaogRETG1PZEBS5+1jCC3W7UoVW9anPzTwhHo0fw==",
      "khash": "U2FsdGVkX18kdSyxrbw63byfjgaNhu4nKF39Fay4KzkkZ2PccHrQtijcvivR+dIrgRFztToBUoo6Sx7KCsfKbA==",
      "viewCount": null,
      "duration": "22:30",
      "size": 21612295
    },
    {
      "id": "2fab9a5d-5008-4bbb-8550-dd9217335bb8",
      "pid": "7891475e-c76e-4ae6-932d-ac04afbe57dc",
      "dblevel": 4,
      "location": "/VGMA/HocTheoChuDe/BietChuaThatNhuChinhNgai/03-BietChuaThatNhuChinhNgai2",
      "isVideo": false,
      "url": "hoc-theo-chu-de.biet-chua-that-nhu-chinh-ngai.03-biet-chua-that-nhu-chinh-ngai-2",
      "name": "03-Biết Chúa Thật Như Chính Ngài 2",
      "count": 0,
      "isLeaf": null,
      "keyword": null,
      "hash": "U2FsdGVkX1/Cv8SL8X/knpw/9V2mwlpiVZL3G7VuIkkdwBcKbjuQeu3MK+VKp8d2UrATA2E56IGlHSmdWNVBog==",
      "khash": "U2FsdGVkX19N0LI25g15Ut4YF3DB0Ev0w+/UUc1la+00YalWgDTEfzlZ936Sk6cg+H47OwPayp+UAkUIliqtyA==",
      "viewCount": null,
      "duration": "38:30",
      "size": 36965190
    },
    {
      "id": "3d65a9bd-69aa-45d0-90bc-e905715e95a4",
      "pid": "7891475e-c76e-4ae6-932d-ac04afbe57dc",
      "dblevel": 4,
      "location": "/VGMA/HocTheoChuDe/BietChuaThatNhuChinhNgai/04-BietChuaThatNhuChinhNgai1",
      "isVideo": false,
      "url": "hoc-theo-chu-de.biet-chua-that-nhu-chinh-ngai.04-biet-chua-that-nhu-chinh-ngai-1",
      "name": "04-Biết Chúa Thật Như Chính Ngài 1",
      "count": 0,
      "isLeaf": null,
      "keyword": null,
      "hash": "U2FsdGVkX1+2JW238siluouQW8ZrUJz00UUvM8LKV0QxeN1YBScOBBQxY6MFR017rFlZebeJfriSfcLnwrVEFw==",
      "khash": "U2FsdGVkX18qL5vaiOczA8IWk9qdBXZQE9PW8Zgv7+eIbbI4PQv4LELI5lo3pRYgqedt0V+Bq7A1TxOSHbk9YA==",
      "viewCount": null,
      "duration": "29:2",
      "size": 27882519
    },
    {
      "id": "340c5bc4-e8d1-43bd-8d6f-c1f0dcf17352",
      "pid": "7891475e-c76e-4ae6-932d-ac04afbe57dc",
      "dblevel": 4,
      "location": "/VGMA/HocTheoChuDe/BietChuaThatNhuChinhNgai/04-BietChuaThatNhuChinhNgai2",
      "isVideo": false,
      "url": "hoc-theo-chu-de.biet-chua-that-nhu-chinh-ngai.04-biet-chua-that-nhu-chinh-ngai-2",
      "name": "04-Biết Chúa Thật Như Chính Ngài 2",
      "count": 0,
      "isLeaf": null,
      "keyword": null,
      "hash": "U2FsdGVkX1/kWrqAbbttP86n/4FWhSAq8hpLTNjbiH/Yn/p8YowxW+E20wT5+dfJtg8yBxDEzPhEBK7LiidEPg==",
      "khash": "U2FsdGVkX18US+4r9/oPWznuVO0c+tUU+HOnfqiRrEiMQeeVuc0tI2tJwx29Vveo0lGzolsirujyfYFg2ObOhQ==",
      "viewCount": null,
      "duration": "33:55",
      "size": 32564916
    },
    {
      "id": "6423b086-cbeb-42b8-bec4-f2e33abb5eff",
      "pid": "7891475e-c76e-4ae6-932d-ac04afbe57dc",
      "dblevel": 4,
      "location": "/VGMA/HocTheoChuDe/BietChuaThatNhuChinhNgai/05-BietChuaThatNhuChinhNgai1",
      "isVideo": false,
      "url": "hoc-theo-chu-de.biet-chua-that-nhu-chinh-ngai.05-biet-chua-that-nhu-chinh-ngai-1",
      "name": "05-Biết Chúa Thật Như Chính Ngài 1",
      "count": 0,
      "isLeaf": null,
      "keyword": null,
      "hash": "U2FsdGVkX18F8ubeu88qxnW8kIzaTY+IRA+Cl9QKu+XpxlTlKO5K7cxRcL+3pEvo2kmLVQPAFZeFO9KcrBdnrw==",
      "khash": "U2FsdGVkX18S8f26Ra2rp9xqGlxk6IUEosYTnAB92cGwRQBMB1JQXPYtY6LHmt/lIdnFYkpeNMiBFsWewEgO7w==",
      "viewCount": null,
      "duration": "27:44",
      "size": 26643270
    },
    {
      "id": "d22950d1-07f1-462b-ace5-316badcd6774",
      "pid": "7891475e-c76e-4ae6-932d-ac04afbe57dc",
      "dblevel": 4,
      "location": "/VGMA/HocTheoChuDe/BietChuaThatNhuChinhNgai/05-BietChuaThatNhuChinhNgai2",
      "isVideo": false,
      "url": "hoc-theo-chu-de.biet-chua-that-nhu-chinh-ngai.05-biet-chua-that-nhu-chinh-ngai-2",
      "name": "05-Biết Chúa Thật Như Chính Ngài 2",
      "count": 0,
      "isLeaf": null,
      "keyword": null,
      "hash": "U2FsdGVkX1+4HqudHPOsBkl+C0L94Q3Xad7VRibG85YIpLzENKuyJlPsaq4Y1r/5lUHWcqB0l/G2hg/t/RGYlw==",
      "khash": "U2FsdGVkX18g08igK+TZN9whlKpvCmiJR8sQrnvqWdpEg8cS1feYYx8KfjtyR18xde0umseOmdKA0pQbbPHKhA==",
      "viewCount": null,
      "duration": "34:30",
      "size": 33131668
    },
    {
      "id": "5d741a16-e929-4c6a-affa-f0d0c7503b96",
      "pid": "7891475e-c76e-4ae6-932d-ac04afbe57dc",
      "dblevel": 4,
      "location": "/VGMA/HocTheoChuDe/BietChuaThatNhuChinhNgai/06-BietChuaThatNhuChinhNgai1",
      "isVideo": false,
      "url": "hoc-theo-chu-de.biet-chua-that-nhu-chinh-ngai.06-biet-chua-that-nhu-chinh-ngai-1",
      "name": "06-Biết Chúa Thật Như Chính Ngài 1",
      "count": 0,
      "isLeaf": null,
      "keyword": null,
      "hash": "U2FsdGVkX1/heGkD4/fy1Gg+61pPdHCWFXUQRHc8ycMg1t1467EC2TKUAoVGKLiQow3D/x97GTxEUe0e7ruB9A==",
      "khash": "U2FsdGVkX18bNYP5GL8g4RcJ9ArVd2zvDdhXx/f73nfaI6YFeTQhhMHe+DE0CImmJgZdENuotIc4EE1Z1s1ENA==",
      "viewCount": null,
      "duration": "24:5",
      "size": 23133249
    },
    {
      "id": "d0614559-5d2d-4198-83fe-064a8af9832b",
      "pid": "7891475e-c76e-4ae6-932d-ac04afbe57dc",
      "dblevel": 4,
      "location": "/VGMA/HocTheoChuDe/BietChuaThatNhuChinhNgai/06-BietChuaThatNhuChinhNgai2",
      "isVideo": false,
      "url": "hoc-theo-chu-de.biet-chua-that-nhu-chinh-ngai.06-biet-chua-that-nhu-chinh-ngai-2",
      "name": "06-Biết Chúa Thật Như Chính Ngài 2",
      "count": 0,
      "isLeaf": null,
      "keyword": null,
      "hash": "U2FsdGVkX19dAYVi2VoygmS+0rj1+/kwk10NqqY+jLmViC6SIx+Tsh0Iib3d6uO3CjOK2s2ylDqMQWAnevla9Q==",
      "khash": "U2FsdGVkX1/qCtgzmpae0dxXH22szt+KPdULla9/UyiyVRW2REZlVaoS2bjoLZ8Lxbnfh2nqLbG16f7DYP/i+A==",
      "viewCount": null,
      "duration": "34:7",
      "size": 32770134
    },
    {
      "id": "92ffee11-5757-48b9-bdcb-39587a95902e",
      "pid": "7891475e-c76e-4ae6-932d-ac04afbe57dc",
      "dblevel": 4,
      "location": "/VGMA/HocTheoChuDe/BietChuaThatNhuChinhNgai/07-BietChuaThatNhuChinhNgai1",
      "isVideo": false,
      "url": "hoc-theo-chu-de.biet-chua-that-nhu-chinh-ngai.07-biet-chua-that-nhu-chinh-ngai-1",
      "name": "07-Biết Chúa Thật Như Chính Ngài 1",
      "count": 0,
      "isLeaf": null,
      "keyword": null,
      "hash": "U2FsdGVkX1/p5pbBS7DQK2JBuc7kQZtMxRXgP5YcpjFAYf11Ldd5qxkJnm8RY6VFWXSSwRNbVrETYV9MhYY5UA==",
      "khash": "U2FsdGVkX19/w+6hVyIAfO+pgR4IZuZ8H4jjDaykXKSi4YgueIXxc5TIAfoAjOfw+fm9XgKl/z/PniWPUOY1og==",
      "viewCount": null,
      "duration": "30:27",
      "size": 29242140
    },
    {
      "id": "844f4950-4dd2-4baf-b2db-4e90eb86766a",
      "pid": "7891475e-c76e-4ae6-932d-ac04afbe57dc",
      "dblevel": 4,
      "location": "/VGMA/HocTheoChuDe/BietChuaThatNhuChinhNgai/07-BietChuaThatNhuChinhNgai2",
      "isVideo": false,
      "url": "hoc-theo-chu-de.biet-chua-that-nhu-chinh-ngai.07-biet-chua-that-nhu-chinh-ngai-2",
      "name": "07-Biết Chúa Thật Như Chính Ngài 2",
      "count": 0,
      "isLeaf": null,
      "keyword": null,
      "hash": "U2FsdGVkX18zoL1ZRCEppC17jOMkbLdZoQHzcNi5/8YOZYTcl4HfCoIqpgWR47BgyoVJruXaAeOi7xI31BeynQ==",
      "khash": "U2FsdGVkX1+QqjggKnx7V6ZIH0exyZ67yvXfmjkh+IRAnqe8YV92pE9UDmiarod6uWDoKgWfCwlRg8DbbG7ACg==",
      "viewCount": null,
      "duration": "29:29",
      "size": 28308837
    },
    {
      "id": "20361e58-d8c7-4179-8892-93b1db8b89b4",
      "pid": "7891475e-c76e-4ae6-932d-ac04afbe57dc",
      "dblevel": 4,
      "location": "/VGMA/HocTheoChuDe/BietChuaThatNhuChinhNgai/08-BietChuaThatNhuChinhNgai1",
      "isVideo": false,
      "url": "hoc-theo-chu-de.biet-chua-that-nhu-chinh-ngai.08-biet-chua-that-nhu-chinh-ngai-1",
      "name": "08-Biết Chúa Thật Như Chính Ngài 1",
      "count": 0,
      "isLeaf": null,
      "keyword": null,
      "hash": "U2FsdGVkX1+NCx16idSvBTUJpv8YvOJQ46fl0AebxpTM10FeZkJFea+/aSzfaI8xq/aSxU+4XTaTi1+o5733Uw==",
      "khash": "U2FsdGVkX1+JbxBIZ9zDAM/VJCFS/T+41ug1C+/QUd8Uf4jducrQFZXfPj0xZ4dJDT+7JnHagXdmL7pxovUy6Q==",
      "viewCount": null,
      "duration": "27:16",
      "size": 26180589
    },
    {
      "id": "1b1fcb76-f84b-41c1-b513-8dabeca6a352",
      "pid": "7891475e-c76e-4ae6-932d-ac04afbe57dc",
      "dblevel": 4,
      "location": "/VGMA/HocTheoChuDe/BietChuaThatNhuChinhNgai/08-BietChuaThatNhuChinhNgai2",
      "isVideo": false,
      "url": "hoc-theo-chu-de.biet-chua-that-nhu-chinh-ngai.08-biet-chua-that-nhu-chinh-ngai-2",
      "name": "08-Biết Chúa Thật Như Chính Ngài 2",
      "count": 0,
      "isLeaf": null,
      "keyword": null,
      "hash": "U2FsdGVkX1+sY+B4VEeuubFd3LWSOKHDjFri0z+dd+Xceiub3xr638aZpzMd5Zq886CBqPr9ZVF/FvsI+CcR+g==",
      "khash": "U2FsdGVkX18pes5CSaTwL2+rJKfYSLf5YqUmoTDLq9r9eBqEAZu6ksQxeqbQxczJh0oMt1mXDDsVC7MrS1W9WQ==",
      "viewCount": null,
      "duration": "33:10",
      "size": 31859401
    }
  ]
}