{
  "id": "3dccff4b-fab6-4ef0-b51c-bbdc8ddcd84c",
  "pid": "d45d630a-2836-4e61-a069-b442f2b63989",
  "dblevel": 3,
  "location": "/VGMA/HocKinhThanhTheoSach/61.IIPhi-e-roTHTK",
  "isVideo": false,
  "url": "hoc-kinh-thanh-theo-sach.61--ii-phi-e-ro-thtk",
  "name": "61. II Phi-e-rơ THTK",
  "count": 11,
  "isLeaf": true,
  "keyword": null,
  "hash": null,
  "khash": null,
  "viewCount": null,
  "duration": null,
  "size": null,
  "children": [
    {
      "id": "b7190819-be10-4075-a754-c72055e144f7",
      "pid": "3dccff4b-fab6-4ef0-b51c-bbdc8ddcd84c",
      "dblevel": 4,
      "location": "/VGMA/HocKinhThanhTheoSach/61.IIPhi-e-roTHTK/01_IIPhi-e-ro1_1",
      "isVideo": false,
      "url": "hoc-kinh-thanh-theo-sach.61--ii-phi-e-ro-thtk.01-ii-phi-e-ro1-1",
      "name": "01_II Phi-e-rơ1_1",
      "count": 0,
      "isLeaf": null,
      "keyword": null,
      "hash": "U2FsdGVkX18W9hAfoa6hYyJUiKjzfb8H80OCSO2MfWiAX8ngmpRhNgtSKVsiTn0RDJ6rUAvFWyHvRhkDzoIVoQ==",
      "khash": "U2FsdGVkX1+eJazd9C1eDK3YpuJO9l3WBXaWxyNA/miJ+oy2mvNfx8mybBIrsAGeKcyLNa49pvpfAtB1RETTFA==",
      "viewCount": null,
      "duration": "25:10",
      "size": 24161208
    },
    {
      "id": "ecb17fad-250f-4fd5-aa32-57f3cddfef9d",
      "pid": "3dccff4b-fab6-4ef0-b51c-bbdc8ddcd84c",
      "dblevel": 4,
      "location": "/VGMA/HocKinhThanhTheoSach/61.IIPhi-e-roTHTK/02_IIPhi-e-ro1_2-4",
      "isVideo": false,
      "url": "hoc-kinh-thanh-theo-sach.61--ii-phi-e-ro-thtk.02-ii-phi-e-ro1-2-4",
      "name": "02_II Phi-e-rơ1_2-4",
      "count": 0,
      "isLeaf": null,
      "keyword": null,
      "hash": "U2FsdGVkX1+bS5P4viQ/UiE+1w3MmLOQSBrRkBodWUTrjFa0icVl4GdlOMC4OYSauEaMD+gM8o7F8wO7JZfryQ==",
      "khash": "U2FsdGVkX18VXq9VbnmebS39H7nGVALgScZBejvin6LNu/PldvQaLG/928oH2QdEhDGVKvm1T8QANO8Hetaowg==",
      "viewCount": null,
      "duration": "28:23",
      "size": 27259123
    },
    {
      "id": "579b92af-066f-4180-9469-ddc6f44ee29a",
      "pid": "3dccff4b-fab6-4ef0-b51c-bbdc8ddcd84c",
      "dblevel": 4,
      "location": "/VGMA/HocKinhThanhTheoSach/61.IIPhi-e-roTHTK/03_IIPhi-e-ro1_5-9",
      "isVideo": false,
      "url": "hoc-kinh-thanh-theo-sach.61--ii-phi-e-ro-thtk.03-ii-phi-e-ro1-5-9",
      "name": "03_II Phi-e-rơ1_5-9",
      "count": 0,
      "isLeaf": null,
      "keyword": null,
      "hash": "U2FsdGVkX18XlaxLxqVXDmXTr1ViAfnrDVh39ks2Won4o6uIAtTqIU4b4KpS9Wkyu1QpfSmaWmNFCnZxyX0hqQ==",
      "khash": "U2FsdGVkX185y6eHQXbIBFAC2OKFI0I/oym8D3UshADfDZosKWQ0WSM5h45f1sIALL3WHRmInTZsCY4M4xicqA==",
      "viewCount": null,
      "duration": "25:58",
      "size": 24935688
    },
    {
      "id": "fe7d7d33-5ab2-489a-8d5a-ded8c141a927",
      "pid": "3dccff4b-fab6-4ef0-b51c-bbdc8ddcd84c",
      "dblevel": 4,
      "location": "/VGMA/HocKinhThanhTheoSach/61.IIPhi-e-roTHTK/04_IIPhi-e-ro1_10-15",
      "isVideo": false,
      "url": "hoc-kinh-thanh-theo-sach.61--ii-phi-e-ro-thtk.04-ii-phi-e-ro1-10-15",
      "name": "04_II Phi-e-rơ1_10-15",
      "count": 0,
      "isLeaf": null,
      "keyword": null,
      "hash": "U2FsdGVkX18facGNMxkZZgAm2DBDWDSpHN8RQI6GT5SltuTa8d9ey1TuCIVU/gOtHk4n/BCfppzBVk3jqPVdcg==",
      "khash": "U2FsdGVkX1/Bl7duPym2JpnoDWD9dKQ6hPj351JomGjVzdMHOUKP/Xur1JeSXiUxzDg/r1uBqOp0dJe+xZMjOA==",
      "viewCount": null,
      "duration": "27:22",
      "size": 26283190
    },
    {
      "id": "bc4ccce1-6efc-4df3-9992-6125cf73c692",
      "pid": "3dccff4b-fab6-4ef0-b51c-bbdc8ddcd84c",
      "dblevel": 4,
      "location": "/VGMA/HocKinhThanhTheoSach/61.IIPhi-e-roTHTK/05_IIPhi-e-ro1_16-21",
      "isVideo": false,
      "url": "hoc-kinh-thanh-theo-sach.61--ii-phi-e-ro-thtk.05-ii-phi-e-ro1-16-21",
      "name": "05_II Phi-e-rơ1_16-21",
      "count": 0,
      "isLeaf": null,
      "keyword": null,
      "hash": "U2FsdGVkX18ejtHTIb6T3r43pau2t0hfsECBExFx+IqciRb2sg11Oc1ErZ4tNZriom3H+wkvX71QE+7NGXNU7A==",
      "khash": "U2FsdGVkX19jMEXwoU/fjCH7ARwv2+0vXU18Jsxm7j3s4W5PVbmrdlV85yl93+Y4Dlimew6KJ05GSKkAyIXQ2w==",
      "viewCount": null,
      "duration": "27:52",
      "size": 26754230
    },
    {
      "id": "99373389-822b-41a0-afcc-d290c3e87838",
      "pid": "3dccff4b-fab6-4ef0-b51c-bbdc8ddcd84c",
      "dblevel": 4,
      "location": "/VGMA/HocKinhThanhTheoSach/61.IIPhi-e-roTHTK/06_IIPhi-e-ro2_1-3",
      "isVideo": false,
      "url": "hoc-kinh-thanh-theo-sach.61--ii-phi-e-ro-thtk.06-ii-phi-e-ro2-1-3",
      "name": "06_II Phi-e-rơ2_1-3",
      "count": 0,
      "isLeaf": null,
      "keyword": null,
      "hash": "U2FsdGVkX1/Se6YuCvrCgrSh3bqAC9Wr88pJihxymjjx7lGp4JIqnW6SLqlswHbOU7EUDKJQjikMYIyw2ynHxw==",
      "khash": "U2FsdGVkX18zmgo3bGiQPO1ue15z+xwb7RNwL33Ig5BJEhOr+JRqRU4yycxqX+OnhcRytgWRvut4xTXztPK+BQ==",
      "viewCount": null,
      "duration": "30:25",
      "size": 29212890
    },
    {
      "id": "9911e55b-22e1-4adc-83b7-ea61b90f9a3d",
      "pid": "3dccff4b-fab6-4ef0-b51c-bbdc8ddcd84c",
      "dblevel": 4,
      "location": "/VGMA/HocKinhThanhTheoSach/61.IIPhi-e-roTHTK/07_IIPhi-e-ro2_4-6",
      "isVideo": false,
      "url": "hoc-kinh-thanh-theo-sach.61--ii-phi-e-ro-thtk.07-ii-phi-e-ro2-4-6",
      "name": "07_II Phi-e-rơ2_4-6",
      "count": 0,
      "isLeaf": null,
      "keyword": null,
      "hash": "U2FsdGVkX19Z0B3Ua/4sfzxysR9HwlwmqPge0rGKIwAL80X2mRc60x8XYTMBVYJADgBNbP5/EKpGXaNEQoALTg==",
      "khash": "U2FsdGVkX1/eMux4vi3NcFESxJgzw27ig3i4tHYlfTmajYJnCzdNpIn+31G19f2ml8tLZoHqFz2GEcxeX3uLhQ==",
      "viewCount": null,
      "duration": "25:54",
      "size": 24868396
    },
    {
      "id": "dea559d5-d9fd-4b2e-9f99-e315ec0cfeda",
      "pid": "3dccff4b-fab6-4ef0-b51c-bbdc8ddcd84c",
      "dblevel": 4,
      "location": "/VGMA/HocKinhThanhTheoSach/61.IIPhi-e-roTHTK/08_IIPhi-e-ro2_7-16",
      "isVideo": false,
      "url": "hoc-kinh-thanh-theo-sach.61--ii-phi-e-ro-thtk.08-ii-phi-e-ro2-7-16",
      "name": "08_II Phi-e-rơ2_7-16",
      "count": 0,
      "isLeaf": null,
      "keyword": null,
      "hash": "U2FsdGVkX18LSJBuA3L/VhKvlQtb4Tv6SzqiYLsycd4Xx1RcvdzGlFfXTF26tiJUOuylsY53G3lFRjFq10u71g==",
      "khash": null,
      "viewCount": null,
      "duration": "24:33",
      "size": 23583393
    },
    {
      "id": "a6cb9ff2-02e4-4dc2-905f-6ec64f214733",
      "pid": "3dccff4b-fab6-4ef0-b51c-bbdc8ddcd84c",
      "dblevel": 4,
      "location": "/VGMA/HocKinhThanhTheoSach/61.IIPhi-e-roTHTK/09_IIPhi-e-ro2_17-22",
      "isVideo": false,
      "url": "hoc-kinh-thanh-theo-sach.61--ii-phi-e-ro-thtk.09-ii-phi-e-ro2-17-22",
      "name": "09_II Phi-e-rơ2_17-22",
      "count": 0,
      "isLeaf": null,
      "keyword": null,
      "hash": "U2FsdGVkX18wdXiupXPIKOZ7PYBtr2PCYem2gs3+rBfzr7h4AeztFnsWlRvpkF8L5vlR9P8SgVjKolgFWAx49A==",
      "khash": null,
      "viewCount": null,
      "duration": "28:59",
      "size": 27832565
    },
    {
      "id": "6d7b2155-3d44-4932-a597-2c6be372b887",
      "pid": "3dccff4b-fab6-4ef0-b51c-bbdc8ddcd84c",
      "dblevel": 4,
      "location": "/VGMA/HocKinhThanhTheoSach/61.IIPhi-e-roTHTK/10_IIPhi-e-ro3_1-7",
      "isVideo": false,
      "url": "hoc-kinh-thanh-theo-sach.61--ii-phi-e-ro-thtk.10-ii-phi-e-ro3-1-7",
      "name": "10_II Phi-e-rơ3_1-7",
      "count": 0,
      "isLeaf": null,
      "keyword": null,
      "hash": "U2FsdGVkX1/XiRjkNiOA7gF67mJNH/Tl56QmzOh/0ihN1uYc55DrfnE09n87q9XfSNQg5LbdBuc/13AkXKXhpQ==",
      "khash": "U2FsdGVkX18Fda5CGj5Fi4DcJcD0gH9MOqo32jBqqwO0XJXMqYawq4meqv3K94Dty6WIqQIWbI4d7WHO5sKJpQ==",
      "viewCount": null,
      "duration": "28:58",
      "size": 27822612
    },
    {
      "id": "7956c53b-fc21-4617-b9a7-d2d783ed7d69",
      "pid": "3dccff4b-fab6-4ef0-b51c-bbdc8ddcd84c",
      "dblevel": 4,
      "location": "/VGMA/HocKinhThanhTheoSach/61.IIPhi-e-roTHTK/11_IIPhi-e-ro3_8-18",
      "isVideo": false,
      "url": "hoc-kinh-thanh-theo-sach.61--ii-phi-e-ro-thtk.11-ii-phi-e-ro3-8-18",
      "name": "11_II Phi-e-rơ3_8-18",
      "count": 0,
      "isLeaf": null,
      "keyword": null,
      "hash": "U2FsdGVkX19CnqSgHHbCQDQtswvq//FR1WxmW6k2tmbzwOLVpIUI/mvM3xXKbv5vnXWBctpnUSN/eCCn6KuOcw==",
      "khash": "U2FsdGVkX1+/5YxomuUaJM7/Nb6I6fjQ4f1ure8fEpjtbqHgGywigKe1k2dYA37gQz+vvnijLz7KuioNRb6lEg==",
      "viewCount": null,
      "duration": "26:40",
      "size": 25603170
    }
  ]
}