{
  "id": "6a34e178-cd4b-44e5-a1fd-3122564f7033",
  "pid": "e6ba0e06-964b-4f38-abe3-49308863b5fc",
  "dblevel": 3,
  "location": "/VGMA/HocTheoChuDe/MaQuyTrongTheGioiNgayNay",
  "isVideo": false,
  "url": "hoc-theo-chu-de.ma-quy-trong-the-gioi-ngay-nay",
  "name": "Ma Quỷ Trong Thế Giới Ngày Nay",
  "count": 10,
  "isLeaf": true,
  "keyword": null,
  "hash": null,
  "khash": null,
  "viewCount": null,
  "duration": null,
  "size": null,
  "children": [
    {
      "id": "c065cc78-8833-4f35-b581-f6dbee2fd966",
      "pid": "6a34e178-cd4b-44e5-a1fd-3122564f7033",
      "dblevel": 4,
      "location": "/VGMA/HocTheoChuDe/MaQuyTrongTheGioiNgayNay/01-KhoiNguyenVaSuThucHuuCuaMaQuy",
      "isVideo": false,
      "url": "hoc-theo-chu-de.ma-quy-trong-the-gioi-ngay-nay.01-khoi-nguyen-va-su-thuc-huu-cua-ma-quy",
      "name": "01-Khởi Nguyên Và Sự Thực Hữu Của Ma Quỷ",
      "count": 0,
      "isLeaf": null,
      "keyword": null,
      "hash": "U2FsdGVkX1+4PJckA2TjpVhL/gyXgkCQ7unprD5Pqd3np/Y3kgE1VfQAKX7PtWBFXz5zsq7kgPK6gsMA+vq1HQ==",
      "khash": "U2FsdGVkX1/XKLZGNVF4INQP7cMIkDyvfMcpaWlb/fSIn4fwBNOW1Hz1oDUZXo3VIz5kSMqq4KDO6yAAUwVm1g==",
      "viewCount": null,
      "duration": "19:42",
      "size": 18922393
    },
    {
      "id": "89cd0ecb-cbca-465b-b8ec-b0a08097994f",
      "pid": "6a34e178-cd4b-44e5-a1fd-3122564f7033",
      "dblevel": 4,
      "location": "/VGMA/HocTheoChuDe/MaQuyTrongTheGioiNgayNay/02-SuHienHuuCuaMaQuyTrongXaHoiLoaiNguoi",
      "isVideo": false,
      "url": "hoc-theo-chu-de.ma-quy-trong-the-gioi-ngay-nay.02-su-hien-huu-cua-ma-quy-trong-xa-hoi-loai-nguoi",
      "name": "02-Sự Hiện Hữu Của Ma Quỷ Trong Xã Hội Loài Người",
      "count": 0,
      "isLeaf": null,
      "keyword": null,
      "hash": "U2FsdGVkX1/W1UlROo2yvC0ca0wbYB3RU62LKpSa0fpTJqHVUBy7vKRrr63ruy1mi4WaYPxRnFN4mN1M5zy66A==",
      "khash": null,
      "viewCount": null,
      "duration": "23:4",
      "size": 22154053
    },
    {
      "id": "559e9503-4ad4-47ec-827c-c56c4d92493c",
      "pid": "6a34e178-cd4b-44e5-a1fd-3122564f7033",
      "dblevel": 4,
      "location": "/VGMA/HocTheoChuDe/MaQuyTrongTheGioiNgayNay/03-4NhungHoatDongVaDacTinhCuaMaQuy",
      "isVideo": false,
      "url": "hoc-theo-chu-de.ma-quy-trong-the-gioi-ngay-nay.03-4nhunghoatdongvadactinhcuamaquy",
      "name": "03-4NhungHoatDongVaDacTinhCuaMaQuy",
      "count": 0,
      "isLeaf": null,
      "keyword": null,
      "hash": "U2FsdGVkX1/2oTwBsOiUUwvNSWp4JuEJceL+tyliiALCNE+oiskiy++9EeTRLOxx5O/wqwp2pkh5N0Wg+Gdb3Q==",
      "khash": null,
      "viewCount": null,
      "duration": "22:45",
      "size": 21850197
    },
    {
      "id": "20b42c1c-da23-4fa1-b4d3-c21f529b0633",
      "pid": "6a34e178-cd4b-44e5-a1fd-3122564f7033",
      "dblevel": 4,
      "location": "/VGMA/HocTheoChuDe/MaQuyTrongTheGioiNgayNay/04-NhungTacDongCuaMaQuyDoiVoiConNguoi",
      "isVideo": false,
      "url": "hoc-theo-chu-de.ma-quy-trong-the-gioi-ngay-nay.04-nhung-tac-dong-cua-ma-quy-doi-voi-con-nguoi",
      "name": "04-Những Tác Động Của Ma Quỷ Đối Với Con Người",
      "count": 0,
      "isLeaf": null,
      "keyword": null,
      "hash": "U2FsdGVkX18QtwGJpgCiGlrR8a1Mrkhzwq+ZQBHK61S6Ry68Asezngj9s2M3MNZ0BAeRRjeDQOf9Jfdhcy+v1Q==",
      "khash": "U2FsdGVkX1/9OJAxvQdocZDrBRZsyyWJHs9ityUK1YWbtjzqeEELjOzFMXmxzIgqwH05GQF67XSwOwuFcz8gVg==",
      "viewCount": null,
      "duration": "27:42",
      "size": 26602393
    },
    {
      "id": "28bda14f-9435-45ff-9da8-07f61fdc6031",
      "pid": "6a34e178-cd4b-44e5-a1fd-3122564f7033",
      "dblevel": 4,
      "location": "/VGMA/HocTheoChuDe/MaQuyTrongTheGioiNgayNay/05-HoatDongThongLinhVaCacDangThucCuaHienTuongNay",
      "isVideo": false,
      "url": "hoc-theo-chu-de.ma-quy-trong-the-gioi-ngay-nay.05-hoat-dong-thong-linh-va-cac-dang-thuc-cua-hien-tuong-nay",
      "name": "05-Hoạt Động Thông Linh Và Các Dạng Thức Của Hiện Tượng Này",
      "count": 0,
      "isLeaf": null,
      "keyword": null,
      "hash": "U2FsdGVkX18r1kEGVRQS9q2lRIxmFkGWT8IWKV06dUmZxT5H+1NltM4DO4yQUjjGYqir1nXf4x5/+peXCSIHdA==",
      "khash": "U2FsdGVkX18QdIGh9H1GVFqpoKceJpv6rtiHcgF9e0se5jczqByCBJ5IsxoXxoUYm42YOBtH5tFxG4CZtnDU7g==",
      "viewCount": null,
      "duration": "22:2",
      "size": 21161818
    },
    {
      "id": "21e7a199-592d-4a60-b8fc-8813dc575fc8",
      "pid": "6a34e178-cd4b-44e5-a1fd-3122564f7033",
      "dblevel": 4,
      "location": "/VGMA/HocTheoChuDe/MaQuyTrongTheGioiNgayNay/06-CacHienTuongMaThuatVaTaGiao",
      "isVideo": false,
      "url": "hoc-theo-chu-de.ma-quy-trong-the-gioi-ngay-nay.06-cac-hien-tuong-ma-thuat-va-ta-giao",
      "name": "06-Các Hiện Tượng Ma Thuật Và Tà Giáo",
      "count": 0,
      "isLeaf": null,
      "keyword": null,
      "hash": "U2FsdGVkX1+uJB0YfbvsHfIgjjhVQSKjZyTBHx5J+c9mhiQg7FjDUb4CRIxli+6i7Wt12Fg43We2hO9GLyzI3g==",
      "khash": "U2FsdGVkX1/GpxejVb2xePacqBMpKHt5m1s58cLsFZEI2NQ9T4HAtjkEQiuNUcMqBtzlt4EbZrHW9QoKV1bkaw==",
      "viewCount": null,
      "duration": "12:18",
      "size": 11817922
    },
    {
      "id": "67112c52-03d7-441a-8c75-460d4b0c4ae8",
      "pid": "6a34e178-cd4b-44e5-a1fd-3122564f7033",
      "dblevel": 4,
      "location": "/VGMA/HocTheoChuDe/MaQuyTrongTheGioiNgayNay/07-ChiemTinh,BoiToanVaMoiLienHeVoiMaQuy",
      "isVideo": false,
      "url": "hoc-theo-chu-de.ma-quy-trong-the-gioi-ngay-nay.07-chiem-tinh-boi-toan-va-moi-lien-he-voi-ma-quy",
      "name": "07-Chiêm Tinh, Bói Toán Và Mối Liên Hệ Với Ma Quỷ",
      "count": 0,
      "isLeaf": null,
      "keyword": null,
      "hash": "U2FsdGVkX181nagXc9a5tVQhA6q4Uw6veN7qoDVUIEpT0QmefdPkG3bNyvfFkJKUu4dQb4wr2wS5Yy3cB21itg==",
      "khash": "U2FsdGVkX1/WhhY/dgG8JD4uv31EIkknmtFJoBPCvaXNhr5PJvTQe3Hfr7XX70D0azdKb5o8jMeJyK4y+CGsHQ==",
      "viewCount": null,
      "duration": "21:32",
      "size": 20682001
    },
    {
      "id": "55858abe-d580-4a2c-adc4-b258be57fbcf",
      "pid": "6a34e178-cd4b-44e5-a1fd-3122564f7033",
      "dblevel": 4,
      "location": "/VGMA/HocTheoChuDe/MaQuyTrongTheGioiNgayNay/08-NhanDinhVeCacHoatDongCuaJeaneDixon",
      "isVideo": false,
      "url": "hoc-theo-chu-de.ma-quy-trong-the-gioi-ngay-nay.08-nhan-dinh-ve-cac-hoat-dongcua-jeane-dixon",
      "name": "08-Nhận Định Về Các Hoạt ĐộngCua Jeane Dixon",
      "count": 0,
      "isLeaf": null,
      "keyword": null,
      "hash": "U2FsdGVkX1+DyRxs0qnARTMI5jf/ZASd2Q40CbrPSonrA1+5qAVYTL3RwJiGIoiqNM7lIB/1FZmGBPELq+F4OQ==",
      "khash": null,
      "viewCount": null,
      "duration": "12:3",
      "size": 11578014
    },
    {
      "id": "87223016-dba4-46be-9da5-5ad63630456f",
      "pid": "6a34e178-cd4b-44e5-a1fd-3122564f7033",
      "dblevel": 4,
      "location": "/VGMA/HocTheoChuDe/MaQuyTrongTheGioiNgayNay/09-NguonGocVaCacHinhThucCuaMaThuat",
      "isVideo": false,
      "url": "hoc-theo-chu-de.ma-quy-trong-the-gioi-ngay-nay.09-nguon-goc-va-cac-hinh-thuc-cua-ma-thuat-",
      "name": "09-Nguồn Gốc Và Các Hình Thức Của Ma Thuật ",
      "count": 0,
      "isLeaf": null,
      "keyword": null,
      "hash": "U2FsdGVkX19R+HkMsHTuvFVfz7Al2mjUTf6Xn+OWNDtt/P5r4M8k/rj96gVbBSlO+qRAXSpTO5g8LrfoTHfxdw==",
      "khash": null,
      "viewCount": null,
      "duration": "24:24",
      "size": 23433844
    },
    {
      "id": "2242095d-4988-4f72-9d1a-7dcef42a64a9",
      "pid": "6a34e178-cd4b-44e5-a1fd-3122564f7033",
      "dblevel": 4,
      "location": "/VGMA/HocTheoChuDe/MaQuyTrongTheGioiNgayNay/10-CacNghiThucVaHauQuaCuaViecSuDungMaThuat",
      "isVideo": false,
      "url": "hoc-theo-chu-de.ma-quy-trong-the-gioi-ngay-nay.10-cac-nghi-thuc-va-hau-qua-cua-viec-su-dung-ma-thuat",
      "name": "10-Các Nghi Thức Và Hậu Quả Của Việc Sử Dụng Ma Thuật",
      "count": 0,
      "isLeaf": null,
      "keyword": null,
      "hash": "U2FsdGVkX1/nHCZer5zRPIXhAVVJpJlzqYGbPLJFL2kbSu2mW7NRy4wLTq5k5Y9bNHX4eCmv5VL8C03h+mUKQw==",
      "khash": null,
      "viewCount": null,
      "duration": "21:7",
      "size": 20282014
    }
  ]
}