{
  "id": "b61a59aa-8f88-4a4d-9f8d-642d2d1ebf26",
  "pid": "e6ba0e06-964b-4f38-abe3-49308863b5fc",
  "dblevel": 3,
  "location": "/VGMA/HocTheoChuDe/AnDienDeTienLen",
  "isVideo": false,
  "url": "hoc-theo-chu-de.an-dien-de-tien-len",
  "name": "Ân Điển Để Tiến Lên",
  "count": 8,
  "isLeaf": true,
  "keyword": null,
  "hash": null,
  "khash": null,
  "viewCount": null,
  "duration": null,
  "size": null,
  "children": [
    {
      "id": "9f763316-4fe4-463d-bbe2-65006a74b7b1",
      "pid": "b61a59aa-8f88-4a4d-9f8d-642d2d1ebf26",
      "dblevel": 4,
      "location": "/VGMA/HocTheoChuDe/AnDienDeTienLen/01-NgonLuaThoiBung",
      "isVideo": false,
      "url": "hoc-theo-chu-de.an-dien-de-tien-len.01-ngon-lua-thoi-bung",
      "name": "01-Ngọn Lửa Thổi Bùng",
      "count": 0,
      "isLeaf": null,
      "keyword": null,
      "hash": "U2FsdGVkX1/lwAy4wL276chqMnsjuAtwJrJCHtwTjmP9aK1o7EVD2HzKQCNGGMzq2xu5y7ZIIMQZe95u+AC1GQ==",
      "khash": "U2FsdGVkX1+6ka/fNkykQwyM6Ufz61k2KzL9u/aGf/8J4dTDpkb7oABNqH2/5zwY6xNha7JydC8brgzxjo1EBQ==",
      "viewCount": null,
      "duration": "48:44",
      "size": 46786086
    },
    {
      "id": "51576716-8b5e-4f63-9b95-b360c959f6ff",
      "pid": "b61a59aa-8f88-4a4d-9f8d-642d2d1ebf26",
      "dblevel": 4,
      "location": "/VGMA/HocTheoChuDe/AnDienDeTienLen/02-GioCuaDucChuaTroiBienDoiChungTa",
      "isVideo": false,
      "url": "hoc-theo-chu-de.an-dien-de-tien-len.02-gio-cua-duc-chua-troi-bien-doi-chung-ta",
      "name": "02-Gió Của Đức Chúa Trời Biến Đổi Chúng Ta",
      "count": 0,
      "isLeaf": null,
      "keyword": null,
      "hash": "U2FsdGVkX19iERCPatLvIt2ZyVWcN1CUtm7f7p9uojOomRZUY+UDew8vs1/J+fUYU/EUkMMytpzl2Hf8G1jqyg==",
      "khash": null,
      "viewCount": null,
      "duration": "40:20",
      "size": 38729087
    },
    {
      "id": "161b9909-2043-413e-a0b3-bfaba467f717",
      "pid": "b61a59aa-8f88-4a4d-9f8d-642d2d1ebf26",
      "dblevel": 4,
      "location": "/VGMA/HocTheoChuDe/AnDienDeTienLen/03-DauVuiMung",
      "isVideo": false,
      "url": "hoc-theo-chu-de.an-dien-de-tien-len.03-dau-vui-mung",
      "name": "03-Dầu Vui Mừng",
      "count": 0,
      "isLeaf": null,
      "keyword": null,
      "hash": "U2FsdGVkX1/zUij/5ev80R10w9J7bl3AjCqJeBuFi9doSnY0J/AGOp91dXvtx3+f0KhC8hLXwEfP28gE0VIh+g==",
      "khash": "U2FsdGVkX1+9Ulto9ra7mOvJP7nMUG7pkimpaMfh7L+QZmLIT0Tb9qauq9MVbPw/G+67ihvP8Zdwft0HpR+uHw==",
      "viewCount": null,
      "duration": "44:13",
      "size": 42450595
    },
    {
      "id": "53e0abb8-e0fe-44b0-8329-de31ec239f81",
      "pid": "b61a59aa-8f88-4a4d-9f8d-642d2d1ebf26",
      "dblevel": 4,
      "location": "/VGMA/HocTheoChuDe/AnDienDeTienLen/04-NuocSuSongLamTuoiMoi",
      "isVideo": false,
      "url": "hoc-theo-chu-de.an-dien-de-tien-len.04-nuoc-su-song-lam-tuoi-moi",
      "name": "04-Nước Sự Sống Làm Tươi Mới",
      "count": 0,
      "isLeaf": null,
      "keyword": null,
      "hash": "U2FsdGVkX18aQqUobhkjqLeR4i/yeebzpdXgEauWjbCsTMbVTDYIaqLaEw8nPOAucQuTXVtNai3Lto2B4qkGeQ==",
      "khash": null,
      "viewCount": null,
      "duration": "27:8",
      "size": 26060326
    },
    {
      "id": "64187ae4-088b-4297-bc51-84c678a28591",
      "pid": "b61a59aa-8f88-4a4d-9f8d-642d2d1ebf26",
      "dblevel": 4,
      "location": "/VGMA/HocTheoChuDe/AnDienDeTienLen/05-BoCauBiNguocDai",
      "isVideo": false,
      "url": "hoc-theo-chu-de.an-dien-de-tien-len.05-bo-cau-bi-nguoc-dai",
      "name": "05-Bồ Câu Bị Ngược Đãi",
      "count": 0,
      "isLeaf": null,
      "keyword": null,
      "hash": "U2FsdGVkX1+Mqb0f6g4jCTTWPhH+BIhi0Oyb2SJ9MsgdHLrDYV38aa274Ox4kwVTAzW0+jAhuquubCjZxla11Q==",
      "khash": "U2FsdGVkX1/oVVjxBNgUbrJg7Fenw0oL4C5rJkE628ynKCmwq3U76fSqvgWw5qn9wtcJ8gmcYUav4PKJGXwpRQ==",
      "viewCount": null,
      "duration": "49:14",
      "size": 47270919
    },
    {
      "id": "77043419-3119-4d5e-a382-82d9dd295643",
      "pid": "b61a59aa-8f88-4a4d-9f8d-642d2d1ebf26",
      "dblevel": 4,
      "location": "/VGMA/HocTheoChuDe/AnDienDeTienLen/06-AnTuThanhLinh",
      "isVideo": false,
      "url": "hoc-theo-chu-de.an-dien-de-tien-len.06-an-tu-thanhlinh",
      "name": "06-Ân Tứ ThánhLinh",
      "count": 0,
      "isLeaf": null,
      "keyword": null,
      "hash": "U2FsdGVkX18nhj5oMxbonxl7m/QJsJLV780of6TrZv7ISj54w+/QY5XDvVj2cyKScgZanqkP+7PN7xDyO2mYzw==",
      "khash": null,
      "viewCount": null,
      "duration": "50:33",
      "size": 48534827
    },
    {
      "id": "04ccc1aa-4dd8-4ee6-9c66-55c0aa94970a",
      "pid": "b61a59aa-8f88-4a4d-9f8d-642d2d1ebf26",
      "dblevel": 4,
      "location": "/VGMA/HocTheoChuDe/AnDienDeTienLen/07-TraiThanhLinh",
      "isVideo": false,
      "url": "hoc-theo-chu-de.an-dien-de-tien-len.07-trai-thanh-linh",
      "name": "07-Trái Thánh Linh",
      "count": 0,
      "isLeaf": null,
      "keyword": null,
      "hash": "U2FsdGVkX1/mqOP6kXJtq0lG6WVkpIJ7dD3ToaB08kxHe9hrD7npv97+4nS6FlQgFZeFEJkXwmNvOlk+rE86bw==",
      "khash": "U2FsdGVkX18WSrHKlvYkYbe5U7SQi/1jFmBrUzgCAfz6O4dzuozOI4E+fuFolH3mPEuRR6L6tYAnB8ltmYGrdA==",
      "viewCount": null,
      "duration": "30:17",
      "size": 29078827
    },
    {
      "id": "ef491e41-b964-43dc-8db3-1e2feca28944",
      "pid": "b61a59aa-8f88-4a4d-9f8d-642d2d1ebf26",
      "dblevel": 4,
      "location": "/VGMA/HocTheoChuDe/AnDienDeTienLen/08-SuDayDayDucThanhLinh",
      "isVideo": false,
      "url": "hoc-theo-chu-de.an-dien-de-tien-len.08-su-day-day-duc-thanh-linh",
      "name": "08-Sự Đầy Dẫy Đức Thánh Linh",
      "count": 0,
      "isLeaf": null,
      "keyword": null,
      "hash": "U2FsdGVkX1/dxf0jJ5ldICUOhrWPu/6BD0E23i7J175EdditJaRtGPOfkhIKQ86WLbi9t9r2OTDVJ35j5aeMDg==",
      "khash": "U2FsdGVkX19tw4WNsGsAQiPKgE2vToSso/x8LYQ/JXVneGAgrpm9iBq2B3q8Lxh6450oitSpOpovCsVNRWv32Q==",
      "viewCount": null,
      "duration": "42:34",
      "size": 40879487
    }
  ]
}