{
  "id": "6718353f-e8c3-421f-84aa-b7d20e8b15e9",
  "pid": "d45d630a-2836-4e61-a069-b442f2b63989",
  "dblevel": 3,
  "location": "/VGMA/HocKinhThanhTheoSach/62.IGiangTHTK",
  "isVideo": false,
  "url": "hoc-kinh-thanh-theo-sach.62--i-giang-thtk",
  "name": "62. I Giăng THTK",
  "count": 24,
  "isLeaf": true,
  "keyword": null,
  "hash": null,
  "khash": null,
  "viewCount": null,
  "duration": null,
  "size": null,
  "children": [
    {
      "id": "9a1200dd-c9a1-4a8e-a6ca-52c8a2d28901",
      "pid": "6718353f-e8c3-421f-84aa-b7d20e8b15e9",
      "dblevel": 4,
      "location": "/VGMA/HocKinhThanhTheoSach/62.IGiangTHTK/01_IGiang00",
      "isVideo": false,
      "url": "hoc-kinh-thanh-theo-sach.62--i-giang-thtk.01-i-giang00",
      "name": "01_I Giăng00",
      "count": 0,
      "isLeaf": null,
      "keyword": null,
      "hash": "U2FsdGVkX1+eSyYk4tqPHXsN9ndISCM74fyHf9e2FKxmXeZFC7dCtQqZXGaovteDopqeWj2naGTl3sNQjwJoeA==",
      "khash": "U2FsdGVkX1/VIFsT8gDLCG79Mf61XAsTjxOpFNKjmTwPLwl2Qa4HS4uQ8mRsB9Vy753HjK2XvKU/2Ok1Fpfa/Q==",
      "viewCount": null,
      "duration": "25:43",
      "size": 24699533
    },
    {
      "id": "559f92ef-7a34-43fb-a4c2-9bcc25921cb3",
      "pid": "6718353f-e8c3-421f-84aa-b7d20e8b15e9",
      "dblevel": 4,
      "location": "/VGMA/HocKinhThanhTheoSach/62.IGiangTHTK/02_IGiang1_1-4",
      "isVideo": false,
      "url": "hoc-kinh-thanh-theo-sach.62--i-giang-thtk.02-i-giang1-1-4",
      "name": "02_I Giăng1_1-4",
      "count": 0,
      "isLeaf": null,
      "keyword": null,
      "hash": "U2FsdGVkX1+3r2zN3LYB7b6zox6yUYj1DyNzT4YAbTwrSqxzH0ADtpy3fnx6Ye2oxC+eWeHbtlaP26wmDROjXw==",
      "khash": "U2FsdGVkX1+aTbOqnRZb+QbrkBbxIlQcjFoWtOkaDJql7oqp0m8gatJ6vI5yZLvPtzaGMEfOh7WbDoY8EeqPBw==",
      "viewCount": null,
      "duration": "26:40",
      "size": 25610829
    },
    {
      "id": "e1a8ee36-2b22-4bfa-9e57-26109689ad22",
      "pid": "6718353f-e8c3-421f-84aa-b7d20e8b15e9",
      "dblevel": 4,
      "location": "/VGMA/HocKinhThanhTheoSach/62.IGiangTHTK/03_IGiang1_5-7",
      "isVideo": false,
      "url": "hoc-kinh-thanh-theo-sach.62--i-giang-thtk.03-i-giang1-5-7",
      "name": "03_I Giăng1_5-7",
      "count": 0,
      "isLeaf": null,
      "keyword": null,
      "hash": "U2FsdGVkX1/WPfBdIOiyUfpNK5u4i+MM0/UHJJXG2c8FuwjleT3Oeq+x3BZ9ZaYJhFtiBBnq52s6dB2O3+ylfw==",
      "khash": "U2FsdGVkX186psmYpUgGwLniDOpjTxsrEeQsDgZtsNx5kOL9W808jciFD64V5GIJhBShz3sWLKpjF+MA2TjOOQ==",
      "viewCount": null,
      "duration": "28:14",
      "size": 27116176
    },
    {
      "id": "4c1abdb9-1912-403e-a014-d1d53b535b19",
      "pid": "6718353f-e8c3-421f-84aa-b7d20e8b15e9",
      "dblevel": 4,
      "location": "/VGMA/HocKinhThanhTheoSach/62.IGiangTHTK/04_IGiang1_7-10",
      "isVideo": false,
      "url": "hoc-kinh-thanh-theo-sach.62--i-giang-thtk.04-i-giang1-7-10",
      "name": "04_I Giăng1_7-10",
      "count": 0,
      "isLeaf": null,
      "keyword": null,
      "hash": "U2FsdGVkX19r5xZ4jh4+GiM2Nm5ofv48jRxh3HzxJpI5/MOAbuUjy5xvPSTbr1NoxZ0D/O9LYDhubUQnOqqJaA==",
      "khash": "U2FsdGVkX190QG5m/B92jKgTZi34sFgBmlL2UqkTdBqypFHMz0PLfCr8wCffs80wQXUHpfAw64nHaxD9RrvI2Q==",
      "viewCount": null,
      "duration": "27:32",
      "size": 26443164
    },
    {
      "id": "4a6584d2-0781-4237-bfd4-15c609a5dfd6",
      "pid": "6718353f-e8c3-421f-84aa-b7d20e8b15e9",
      "dblevel": 4,
      "location": "/VGMA/HocKinhThanhTheoSach/62.IGiangTHTK/05_IGiang2_1-2",
      "isVideo": false,
      "url": "hoc-kinh-thanh-theo-sach.62--i-giang-thtk.05-i-giang2-1-2",
      "name": "05_I Giăng2_1-2",
      "count": 0,
      "isLeaf": null,
      "keyword": null,
      "hash": "U2FsdGVkX19TqI6+J7WrnmBIjX0/4QJ0FHwdJ/64YC8i8ELTLLTlf7qqzSwjJmyZqzou8TbvOBo2QlUdIqFcSA==",
      "khash": "U2FsdGVkX1+VMfMLyN6mz/2BDP5qQzt/tzcwWpz7lXGW/GqpJ1dGQh+JOSLhTRJnbxt0cU8Ek6/JK4xKGaxrhA==",
      "viewCount": null,
      "duration": "27:2",
      "size": 25960101
    },
    {
      "id": "71ff8c72-8482-4be1-98cc-0c665ab3990f",
      "pid": "6718353f-e8c3-421f-84aa-b7d20e8b15e9",
      "dblevel": 4,
      "location": "/VGMA/HocKinhThanhTheoSach/62.IGiangTHTK/06_IGiang2_3-8",
      "isVideo": false,
      "url": "hoc-kinh-thanh-theo-sach.62--i-giang-thtk.06-i-giang2-3-8",
      "name": "06_I Giăng2_3-8",
      "count": 0,
      "isLeaf": null,
      "keyword": null,
      "hash": "U2FsdGVkX1/Z3NBP5CflsWjz56kJeNsSF3eTyUeNR+dmTxFOLUmxF0QT0ZnD4kj8GNMnSiIEIjODE/kw0IITGA==",
      "khash": "U2FsdGVkX19B2PqMZm6l0hzmvIDDTntYm0ZbPT+nQFjLUI3dHonbzD4PsLVBKWxiFC0m3q4v8xnhwIimOmqdFg==",
      "viewCount": null,
      "duration": "25:44",
      "size": 24724704
    },
    {
      "id": "1d100c6c-18b6-4be6-8cf8-4d73fcd4c0bf",
      "pid": "6718353f-e8c3-421f-84aa-b7d20e8b15e9",
      "dblevel": 4,
      "location": "/VGMA/HocKinhThanhTheoSach/62.IGiangTHTK/07_IGiang2_9-14",
      "isVideo": false,
      "url": "hoc-kinh-thanh-theo-sach.62--i-giang-thtk.07-i-giang2-9-14",
      "name": "07_I Giăng2_9-14",
      "count": 0,
      "isLeaf": null,
      "keyword": null,
      "hash": "U2FsdGVkX19DZRa/sX0ox6XHgyBLBdWCWOhwGMDPHjfdUtDif0gInDdWQuEnjV1PpCDq6JLUNh/DRtfL0aPruA==",
      "khash": "U2FsdGVkX189TU/F2jacP4npGQMXcWglfFJngky06WpnHWOTOiLx7ZCHxh/Jy4XiSl/8xFSA02iIwbR9YmuRBQ==",
      "viewCount": null,
      "duration": "27:33",
      "size": 26459844
    },
    {
      "id": "9a08f77d-11ea-424a-91f7-4127e37a6679",
      "pid": "6718353f-e8c3-421f-84aa-b7d20e8b15e9",
      "dblevel": 4,
      "location": "/VGMA/HocKinhThanhTheoSach/62.IGiangTHTK/08_IGiang2_15-17",
      "isVideo": false,
      "url": "hoc-kinh-thanh-theo-sach.62--i-giang-thtk.08-i-giang2-15-17",
      "name": "08_I Giăng2_15-17",
      "count": 0,
      "isLeaf": null,
      "keyword": null,
      "hash": "U2FsdGVkX1/Ty/bcu8y3R2YojO9UhapSn4jvtWZ5AzMjIeVC9E+PxENrk4VlA5XKe8/SDuBjEbFDGK/ehOtxQg==",
      "khash": "U2FsdGVkX18W2+pE3FR25AvqWn8O0ZekBvmZrFxqhtgAjNioyYoXViazuz1ri4f43HIXoylEoBnF35Fi+DWiWQ==",
      "viewCount": null,
      "duration": "26:58",
      "size": 25892811
    },
    {
      "id": "ec3f61c2-b0f2-4829-89b5-e5a48c2b4629",
      "pid": "6718353f-e8c3-421f-84aa-b7d20e8b15e9",
      "dblevel": 4,
      "location": "/VGMA/HocKinhThanhTheoSach/62.IGiangTHTK/09_IGiang2_18-19",
      "isVideo": false,
      "url": "hoc-kinh-thanh-theo-sach.62--i-giang-thtk.09-i-giang2-18-19",
      "name": "09_I Giăng2_18-19",
      "count": 0,
      "isLeaf": null,
      "keyword": null,
      "hash": "U2FsdGVkX1/GKVwE5WUKj5CTjCiRxFVSjYgZ4sTmmBIs86/lsHRn7Rjhlu3fY5AlaIe1dn5Z33OrH+UpL/jsNQ==",
      "khash": "U2FsdGVkX19alykVjKk5QR/5jhr8dbpDBeQEJvGpOhS7JpFeu4iiv6Cvug52u4UhQtgU8YJJVZI/hXXQqYmUhg==",
      "viewCount": null,
      "duration": "27:18",
      "size": 26223825
    },
    {
      "id": "3ad10b19-c0b1-4094-8800-c6eb92675643",
      "pid": "6718353f-e8c3-421f-84aa-b7d20e8b15e9",
      "dblevel": 4,
      "location": "/VGMA/HocKinhThanhTheoSach/62.IGiangTHTK/10_IGiang2_20-25",
      "isVideo": false,
      "url": "hoc-kinh-thanh-theo-sach.62--i-giang-thtk.10-i-giang2-20-25",
      "name": "10_I Giăng2_20-25",
      "count": 0,
      "isLeaf": null,
      "keyword": null,
      "hash": "U2FsdGVkX1/mZvPU85DRWngCni6ULtHvaxDk7jAyb/tJZ/0bLKb+Mqw6XpcmTdWwRfOcsPsxAv9SlTLwXr4QVw==",
      "khash": "U2FsdGVkX19y4oWblohrxSzEl2Ql3BFxKiInbUBVsX9BUHktJKGlK4/Ix1z0Srto7u59dB45c44oPk1j0UnZAQ==",
      "viewCount": null,
      "duration": "28:58",
      "size": 27809154
    },
    {
      "id": "70cb2609-3f87-47b7-9bba-632d446060dc",
      "pid": "6718353f-e8c3-421f-84aa-b7d20e8b15e9",
      "dblevel": 4,
      "location": "/VGMA/HocKinhThanhTheoSach/62.IGiangTHTK/11_IGiang2_26-29",
      "isVideo": false,
      "url": "hoc-kinh-thanh-theo-sach.62--i-giang-thtk.11-i-giang2-26-29",
      "name": "11_I Giăng2_26-29",
      "count": 0,
      "isLeaf": null,
      "keyword": null,
      "hash": "U2FsdGVkX1/zMtLrcEUOjvu46zk2SMZFazO5aClocPbaS4vqF22+SokTU/GhwISqk8xnsudVD9l2vm560xhhpw==",
      "khash": "U2FsdGVkX18g+gM/GH0wE2AF/ar91FwoI0gonEBBSk+80OgW15rB5fwNehoqCSkCqWYZl55R655fUpJ3rPDxow==",
      "viewCount": null,
      "duration": "28:55",
      "size": 27773814
    },
    {
      "id": "16b1eb69-1d68-4017-ac28-ee26a20d8963",
      "pid": "6718353f-e8c3-421f-84aa-b7d20e8b15e9",
      "dblevel": 4,
      "location": "/VGMA/HocKinhThanhTheoSach/62.IGiangTHTK/12_IGiang3_1-3",
      "isVideo": false,
      "url": "hoc-kinh-thanh-theo-sach.62--i-giang-thtk.12-i-giang3-1-3",
      "name": "12_I Giăng3_1-3",
      "count": 0,
      "isLeaf": null,
      "keyword": null,
      "hash": "U2FsdGVkX1/Ja/Va8fIrKAX8PjMechNsSxFuYyW0Wl6PvEypDxUjtEmnGwf13necH9S23H9GPuviBhchusz4MQ==",
      "khash": "U2FsdGVkX1/gVYvGgT0Il2roOITOKnCmozE1eaCx83dhhXBva67JM1ZALGktXeimMgNvi/VRbcJ+KzHKVbP57g==",
      "viewCount": null,
      "duration": "25:47",
      "size": 24764738
    },
    {
      "id": "3698f05e-59b9-4c72-b568-ade77c1472bf",
      "pid": "6718353f-e8c3-421f-84aa-b7d20e8b15e9",
      "dblevel": 4,
      "location": "/VGMA/HocKinhThanhTheoSach/62.IGiangTHTK/13_IGiang3_4-7",
      "isVideo": false,
      "url": "hoc-kinh-thanh-theo-sach.62--i-giang-thtk.13-i-giang3-4-7",
      "name": "13_I Giăng3_4-7",
      "count": 0,
      "isLeaf": null,
      "keyword": null,
      "hash": "U2FsdGVkX1/1pSd6NTjD/vWxagcUOwjU0vky495weoPOkre16OED2dPzmR+HMSpcFgkixywipbdMnfpLX+yK+w==",
      "khash": "U2FsdGVkX1+IaJzQ+DxVdLmUgnWg0c67yvCpsQNBoZvmuV6aPGzZX74ysaSRadrHIgwCCbi42x2ZdL0N1gsdvQ==",
      "viewCount": null,
      "duration": "28:43",
      "size": 27576984
    },
    {
      "id": "5bb67a69-714b-42e6-b679-7c567fe54357",
      "pid": "6718353f-e8c3-421f-84aa-b7d20e8b15e9",
      "dblevel": 4,
      "location": "/VGMA/HocKinhThanhTheoSach/62.IGiangTHTK/14_IGiang3_8-12",
      "isVideo": false,
      "url": "hoc-kinh-thanh-theo-sach.62--i-giang-thtk.14-i-giang3-8-12",
      "name": "14_I Giăng3_8-12",
      "count": 0,
      "isLeaf": null,
      "keyword": null,
      "hash": "U2FsdGVkX18RFAHOKktA3AOQcYqFVI58cuQBmyopNCA4UfxbTwiweXlSVtHkVx9nhGejIlyMnt5J77d2FJM4TQ==",
      "khash": null,
      "viewCount": null,
      "duration": "31:0",
      "size": 29773979
    },
    {
      "id": "c5afeec3-2d42-48e0-9c23-7a9564e06747",
      "pid": "6718353f-e8c3-421f-84aa-b7d20e8b15e9",
      "dblevel": 4,
      "location": "/VGMA/HocKinhThanhTheoSach/62.IGiangTHTK/15_IGiang3_13-20",
      "isVideo": false,
      "url": "hoc-kinh-thanh-theo-sach.62--i-giang-thtk.15-i-giang3-13-20",
      "name": "15_I Giăng3_13-20",
      "count": 0,
      "isLeaf": null,
      "keyword": null,
      "hash": "U2FsdGVkX18Po728A2Hco6L79OzriyO/BduXwHeTBHc7oM8E85R85GT+0pYc5gCFkv1jmqFq2QlclZmmPRZZWw==",
      "khash": "U2FsdGVkX18Uv9HPA2kqq2KlvxfdPoiQHM5vbp1WvjPtpoeEyLudbwDlKJSDFrSOgN9FGYuiqX2Ef/jr9XDYZQ==",
      "viewCount": null,
      "duration": "25:24",
      "size": 24396948
    },
    {
      "id": "4a1823a6-7db7-49d4-947e-e2bf6c16cc0e",
      "pid": "6718353f-e8c3-421f-84aa-b7d20e8b15e9",
      "dblevel": 4,
      "location": "/VGMA/HocKinhThanhTheoSach/62.IGiangTHTK/16_IGiang3_21-24",
      "isVideo": false,
      "url": "hoc-kinh-thanh-theo-sach.62--i-giang-thtk.16-i-giang3-21-24",
      "name": "16_I Giăng3_21-24",
      "count": 0,
      "isLeaf": null,
      "keyword": null,
      "hash": "U2FsdGVkX1/orpj4lyQyS8zBbGPZ/64usHVlBBqU7rkHrpphUiaCJC3V/EQyhiNe+N5tUzx6el80NBGJY4/xkQ==",
      "khash": "U2FsdGVkX1/vsgzwHdj1cyrGa1Vm5As1iqDGpYqfvlDyW6eAOdSFx/AWFWMxNWdeifFWS5Bh+twCTZKvJttnVQ==",
      "viewCount": null,
      "duration": "28:18",
      "size": 27176364
    },
    {
      "id": "a11eb23c-4645-4d56-b468-631ca265afdf",
      "pid": "6718353f-e8c3-421f-84aa-b7d20e8b15e9",
      "dblevel": 4,
      "location": "/VGMA/HocKinhThanhTheoSach/62.IGiangTHTK/17_IGiang4_1-3",
      "isVideo": false,
      "url": "hoc-kinh-thanh-theo-sach.62--i-giang-thtk.17-i-giang-4-1-3",
      "name": "17_I Giăng 4_1-3",
      "count": 0,
      "isLeaf": null,
      "keyword": null,
      "hash": "U2FsdGVkX1/k8PLOJE5sv87CwQBPBGgjH1MpVqeCvVyopqqTAkbjhYtTw9oa8pyDr1doVXczfMO88OOc9fpG8w==",
      "khash": "U2FsdGVkX1/0+VAwEe+MbVdc86nvsULJAVhlkqcuJ/19MrM9W/uRVON5F2Mwbsj0f4rEgeKtc+oqA+yP3jPsVg==",
      "viewCount": null,
      "duration": "27:12",
      "size": 26132929
    },
    {
      "id": "e9e6935b-711e-4453-a91d-939bdf85b17d",
      "pid": "6718353f-e8c3-421f-84aa-b7d20e8b15e9",
      "dblevel": 4,
      "location": "/VGMA/HocKinhThanhTheoSach/62.IGiangTHTK/18_IGiang4_4-7",
      "isVideo": false,
      "url": "hoc-kinh-thanh-theo-sach.62--i-giang-thtk.18-i-giang4-4-7",
      "name": "18_I Giăng4_4-7",
      "count": 0,
      "isLeaf": null,
      "keyword": null,
      "hash": "U2FsdGVkX1/1p0VxgtmM/zVZBMexiVE29sQVjqOg8G/ta085uVbC2sXXDoW0/15snNeQ6nlIDvAFzt53Z0lJmA==",
      "khash": null,
      "viewCount": null,
      "duration": "28:49",
      "size": 27673316
    },
    {
      "id": "9860565a-4267-4193-80c6-7345b12e8e0f",
      "pid": "6718353f-e8c3-421f-84aa-b7d20e8b15e9",
      "dblevel": 4,
      "location": "/VGMA/HocKinhThanhTheoSach/62.IGiangTHTK/19_IGiang4_8-12",
      "isVideo": false,
      "url": "hoc-kinh-thanh-theo-sach.62--i-giang-thtk.19-i-giang4-8-12",
      "name": "19_I Giăng4_8-12",
      "count": 0,
      "isLeaf": null,
      "keyword": null,
      "hash": "U2FsdGVkX1+EX+Po9STqrJHqBcJ7ij4jJdHTjzrwWnv1+RST/xlYzzGHNvCkrdUtMqXIljsKqd6IXZHp5HCb/g==",
      "khash": "U2FsdGVkX1/iD+vQC4JAjhyRMPQG+rULyCY/M74cUIJGP6ZvXHSKpTA0i4e4lQFfb5u0J1GvRZp2Nb3zfd4KoA==",
      "viewCount": null,
      "duration": "28:12",
      "size": 27091182
    },
    {
      "id": "49fc2e66-8f82-4801-b365-ae50158550bd",
      "pid": "6718353f-e8c3-421f-84aa-b7d20e8b15e9",
      "dblevel": 4,
      "location": "/VGMA/HocKinhThanhTheoSach/62.IGiangTHTK/20_IGiang4_13-21",
      "isVideo": false,
      "url": "hoc-kinh-thanh-theo-sach.62--i-giang-thtk.20-i-giang4-13-21",
      "name": "20_I Giăng4_13-21",
      "count": 0,
      "isLeaf": null,
      "keyword": null,
      "hash": "U2FsdGVkX18BJ5ee4uZMRC92KUxdbnme4mWpDvxp33NWbfGc1fOR5ljPVnWcXRNMCQ0r+v8eF8BX+gDVDOUoOw==",
      "khash": "U2FsdGVkX18fplx/pz1x3n0Y2RDZiWEeY+/W2+pw6u7GdnJHqiYw/Mpn+QnUtrBsVMjbHbsmutCechWloINeMA==",
      "viewCount": null,
      "duration": "27:2",
      "size": 25957595
    },
    {
      "id": "329ee4d1-1240-4b01-aa1c-af9a2f5dcca6",
      "pid": "6718353f-e8c3-421f-84aa-b7d20e8b15e9",
      "dblevel": 4,
      "location": "/VGMA/HocKinhThanhTheoSach/62.IGiangTHTK/21_IGiang5_1-5",
      "isVideo": false,
      "url": "hoc-kinh-thanh-theo-sach.62--i-giang-thtk.21-i-giang5-1-5",
      "name": "21_I Giăng5_1-5",
      "count": 0,
      "isLeaf": null,
      "keyword": null,
      "hash": "U2FsdGVkX18BSg2ixcxX7GxIG5oe42mWef+OGWcRriCUCMoTZvC+Rtksfd09XWJRY2lwQExv9xZrIOkz72Ftng==",
      "khash": "U2FsdGVkX19acgXzpcBeF6r4zA+6QVbqiFnU/H1QmC5pEGtclLq0J4I38Jglj5R5p9IE+sLXIbwj3UgqHpdXHQ==",
      "viewCount": null,
      "duration": "25:56",
      "size": 24907680
    },
    {
      "id": "ecfb0581-abde-4677-adb6-c4ef8d40da61",
      "pid": "6718353f-e8c3-421f-84aa-b7d20e8b15e9",
      "dblevel": 4,
      "location": "/VGMA/HocKinhThanhTheoSach/62.IGiangTHTK/22_IGiang5_6-7",
      "isVideo": false,
      "url": "hoc-kinh-thanh-theo-sach.62--i-giang-thtk.22-i-giang5-6-7",
      "name": "22_I Giăng5_6-7",
      "count": 0,
      "isLeaf": null,
      "keyword": null,
      "hash": "U2FsdGVkX191lf8xWd6B1lkng7pQfMVLlIDXnXQL2C0QMMD8JfjkjDpEPHUQSmmvtcMhjNqj9sldQIe2oohrdw==",
      "khash": "U2FsdGVkX1/UV5V96gkf2p2U0cynzlNSwxg5mpE3vc3UfBe1/5jZWY2eFP6XfMiFBYa2nJwYEF4SCxLUHn1y0g==",
      "viewCount": null,
      "duration": "28:46",
      "size": 27637449
    },
    {
      "id": "bda2e84a-6605-4c42-aa56-6659e8054ef9",
      "pid": "6718353f-e8c3-421f-84aa-b7d20e8b15e9",
      "dblevel": 4,
      "location": "/VGMA/HocKinhThanhTheoSach/62.IGiangTHTK/23_IGiang5_8-11",
      "isVideo": false,
      "url": "hoc-kinh-thanh-theo-sach.62--i-giang-thtk.23-i-giang-5-8-11",
      "name": "23_I Giăng 5_8-11",
      "count": 0,
      "isLeaf": null,
      "keyword": null,
      "hash": "U2FsdGVkX1+cTeGnM6iF5fYJLBHsMxYZRzPTRXLDdB9gw30/hMWKrxgRS47UVPq3Gt4ZWYMCX0UIxaW1VU7/tA==",
      "khash": "U2FsdGVkX18Ff5iFqcFwAmokaDqZFNvHA9HwfgaOAlsFOdLuRlRJHgiaNG8TnTKluMCptnzfxyBWnAk/Fx9U6Q==",
      "viewCount": null,
      "duration": "29:48",
      "size": 28621253
    },
    {
      "id": "5fd382da-b3b6-4bcb-a7e6-2bd6aafa4f38",
      "pid": "6718353f-e8c3-421f-84aa-b7d20e8b15e9",
      "dblevel": 4,
      "location": "/VGMA/HocKinhThanhTheoSach/62.IGiangTHTK/24_IGiang5_12-21",
      "isVideo": false,
      "url": "hoc-kinh-thanh-theo-sach.62--i-giang-thtk.24-i-giang5-12-21",
      "name": "24_I Giăng5_12-21",
      "count": 0,
      "isLeaf": null,
      "keyword": null,
      "hash": "U2FsdGVkX19QnvRDpe4N26Y0/yqywsaA+5y7PxrCXxca1zZypVoUmrbACwP4oEH2Sv+zfs51xOASJHJAYzWl7A==",
      "khash": "U2FsdGVkX19o7/hY0r2ePD7npm7gBJPGAtt30yHMUB6/zRKuQGnzSaolLD+KoI0pvPedUTnqF8mUdQzAuwYL8g==",
      "viewCount": null,
      "duration": "29:22",
      "size": 28202073
    }
  ]
}