{
  "id": "f524af88-fbd0-41d5-a063-44b3a38b263f",
  "pid": "1f1315c0-1659-42c8-8c11-6a4a051692ae",
  "dblevel": 4,
  "location": "/VGMA/HocTheoChuDe/HonNhan/07-ThaThuTrongHonNhan",
  "isVideo": false,
  "url": "hoc-theo-chu-de.hon-nhan.07-tha-thu-trong-hon-nhan",
  "name": "07-Tha Thứ Trong Hôn Nhân",
  "count": 1,
  "isLeaf": true,
  "keyword": null,
  "hash": null,
  "khash": null,
  "viewCount": null,
  "duration": null,
  "size": null,
  "children": [
    {
      "id": "ca640f25-7f67-4030-b04d-aa9b85e02ff1",
      "pid": "f524af88-fbd0-41d5-a063-44b3a38b263f",
      "dblevel": 5,
      "location": "/VGMA/HocTheoChuDe/HonNhan/07-ThaThuTrongHonNhan/01-ThaThuTrongHonNhan",
      "isVideo": false,
      "url": "hoc-theo-chu-de.hon-nhan.07-tha-thu-trong-hon-nhan.01-tha-thu-trong-hon-nhan",
      "name": "01-Tha Thứ Trong Hôn Nhân",
      "count": 0,
      "isLeaf": null,
      "keyword": null,
      "hash": "U2FsdGVkX19chxM6s5uZZVuWk8U0QJWgjkq0mmXMTujIFJQpfZ8LnXtvyr+Cxt0fjieP0fDuYb49zkwPUr5zoQ==",
      "khash": "U2FsdGVkX1+TjsupfX0dWaF/S3J30BpA3jHeWDDOgl9XjlwTod4lp3Fs+T5dmnr0DZdylLyKqFTz/45adVCF3w==",
      "viewCount": null,
      "duration": "15:40",
      "size": 15055751
    }
  ]
}