{
  "id": "a046c4c0-44a7-411d-8ad1-116acafb85a2",
  "pid": "60405969-a104-4a68-a701-d28f2e747463",
  "dblevel": 4,
  "location": "/VGMA/HocTheoChuDe/KhamPhaKinhThanh(NgheBandichTruyenThongHieuDinhtrong1nam)/Thang12",
  "isVideo": false,
  "url": "hoc-theo-chu-de.kham-pha-kinh-thanh--nghe-ban-dich-truyen-thong-hieu-dinh-trong-1-nam-.thang-12",
  "name": "Tháng 12",
  "count": 31,
  "isLeaf": true,
  "keyword": null,
  "hash": null,
  "khash": null,
  "viewCount": null,
  "duration": null,
  "size": null,
  "children": [
    {
      "id": "89dbc43c-c887-45c3-b359-213bc05b5c29",
      "pid": "a046c4c0-44a7-411d-8ad1-116acafb85a2",
      "dblevel": 5,
      "location": "/VGMA/HocTheoChuDe/KhamPhaKinhThanh(NgheBandichTruyenThongHieuDinhtrong1nam)/Thang12/Thang12Ngay01",
      "isVideo": false,
      "url": "hoc-theo-chu-de.kham-pha-kinh-thanh--nghe-ban-dich-truyen-thong-hieu-dinh-trong-1-nam-.thang-12.thang-12-ngay-01",
      "name": "Tháng 12 Ngày 01",
      "count": 0,
      "isLeaf": null,
      "keyword": null,
      "hash": "U2FsdGVkX19eEHqiMdoqJobHqCQK7Fl5W3MIZV5DVO6KSXuTnheqYEK8BMBSZKZex1Pyvv122hnrYi59T+E2kg==",
      "khash": "U2FsdGVkX19kl7osTWCmOP2KfT0+1XmubaPEFmbZprAx1n1c7Oj6rnQ9t6sfH8MrXICGeNXI64OPuJJ7YzbKZg==",
      "viewCount": null,
      "duration": "23:37",
      "size": 22688958
    },
    {
      "id": "bbfbec6b-c181-4583-ac0e-2d8d2d132c47",
      "pid": "a046c4c0-44a7-411d-8ad1-116acafb85a2",
      "dblevel": 5,
      "location": "/VGMA/HocTheoChuDe/KhamPhaKinhThanh(NgheBandichTruyenThongHieuDinhtrong1nam)/Thang12/Thang12Ngay02",
      "isVideo": false,
      "url": "hoc-theo-chu-de.kham-pha-kinh-thanh--nghe-ban-dich-truyen-thong-hieu-dinh-trong-1-nam-.thang-12.thang-12-ngay-02",
      "name": "Tháng 12 Ngày 02",
      "count": 0,
      "isLeaf": null,
      "keyword": null,
      "hash": "U2FsdGVkX18Qd/rR1nyCi3WqAaGSw5wCtV9vH9hZEw/OnbpYx2yIBLOWqXCcRef0IXYGwvqROcs/ajaPbWRPnw==",
      "khash": "U2FsdGVkX18krnL652c2cn6TmdrN/5sObE/zTv84UYrCe/MRhep24724s9U/d7R0C3twm98vO0X7I7bs8wzR5Q==",
      "viewCount": null,
      "duration": "20:33",
      "size": 19746944
    },
    {
      "id": "33b5220d-0c0a-4e9d-9c50-e8109dc78488",
      "pid": "a046c4c0-44a7-411d-8ad1-116acafb85a2",
      "dblevel": 5,
      "location": "/VGMA/HocTheoChuDe/KhamPhaKinhThanh(NgheBandichTruyenThongHieuDinhtrong1nam)/Thang12/Thang12Ngay03",
      "isVideo": false,
      "url": "hoc-theo-chu-de.kham-pha-kinh-thanh--nghe-ban-dich-truyen-thong-hieu-dinh-trong-1-nam-.thang-12.thang-12-ngay-03",
      "name": "Tháng 12 Ngày 03",
      "count": 0,
      "isLeaf": null,
      "keyword": null,
      "hash": "U2FsdGVkX19hPBanAkvD+oX/DXXYztwzHbk9DWvwFPVOjnUwMp44TjbTiUxOb7bOnI55lQVmfAA01DTcOxpaWQ==",
      "khash": null,
      "viewCount": null,
      "duration": "27:11",
      "size": 26104521
    },
    {
      "id": "abf68880-67a1-4722-a86b-89475a7196bb",
      "pid": "a046c4c0-44a7-411d-8ad1-116acafb85a2",
      "dblevel": 5,
      "location": "/VGMA/HocTheoChuDe/KhamPhaKinhThanh(NgheBandichTruyenThongHieuDinhtrong1nam)/Thang12/Thang12Ngay04",
      "isVideo": false,
      "url": "hoc-theo-chu-de.kham-pha-kinh-thanh--nghe-ban-dich-truyen-thong-hieu-dinh-trong-1-nam-.thang-12.thang-12-ngay-04",
      "name": "Tháng 12 Ngày 04",
      "count": 0,
      "isLeaf": null,
      "keyword": null,
      "hash": "U2FsdGVkX18qhm5Xce3i6xWx2uK3zr1sf/FFCSxzpDrkGVn52B06ERzhkE007xJjSroi3ObLjly+2UhbgEQDYA==",
      "khash": "U2FsdGVkX1+/NW0PaP8pOri9InI8AGcwfWUE3CWbrlzi1Z0AY5xR5QHOTOotI3Ih1VUQmdThVJZA2LPnygB2hA==",
      "viewCount": null,
      "duration": "26:0",
      "size": 24965164
    },
    {
      "id": "0d323304-0e57-42f0-8ad3-15bac6a48387",
      "pid": "a046c4c0-44a7-411d-8ad1-116acafb85a2",
      "dblevel": 5,
      "location": "/VGMA/HocTheoChuDe/KhamPhaKinhThanh(NgheBandichTruyenThongHieuDinhtrong1nam)/Thang12/Thang12Ngay05",
      "isVideo": false,
      "url": "hoc-theo-chu-de.kham-pha-kinh-thanh--nghe-ban-dich-truyen-thong-hieu-dinh-trong-1-nam-.thang-12.thang-12-ngay-05",
      "name": "Tháng 12 Ngày 05",
      "count": 0,
      "isLeaf": null,
      "keyword": null,
      "hash": "U2FsdGVkX1/y4Aqdhmmd1T9gj8EyBykVCLZ6rKCuSs97oShWUWtdd7JoDROtNYd2EUcyHLn4Bfz8iOb+JFhRKw==",
      "khash": "U2FsdGVkX1+lFDGR8iRsYP2wzZeNdb+gxnuyoABx4enHFXbzkxc1YbVO/7Ucbie/dHYEzUAxKj1o+LCDwfK7ow==",
      "viewCount": null,
      "duration": "21:20",
      "size": 20492583
    },
    {
      "id": "e8b9c889-8086-498a-90e1-a8b271a39d7c",
      "pid": "a046c4c0-44a7-411d-8ad1-116acafb85a2",
      "dblevel": 5,
      "location": "/VGMA/HocTheoChuDe/KhamPhaKinhThanh(NgheBandichTruyenThongHieuDinhtrong1nam)/Thang12/Thang12Ngay06",
      "isVideo": false,
      "url": "hoc-theo-chu-de.kham-pha-kinh-thanh--nghe-ban-dich-truyen-thong-hieu-dinh-trong-1-nam-.thang-12.thang-12-ngay-06",
      "name": "Tháng 12 Ngày 06",
      "count": 0,
      "isLeaf": null,
      "keyword": null,
      "hash": "U2FsdGVkX1+QprYDTUiEotY3zLPvcmk/l4n/MB75dNhrKzoceXBxdGoezYsARwhHIHEjDPdXyHC4fshx7r0ljQ==",
      "khash": null,
      "viewCount": null,
      "duration": "21:56",
      "size": 21068113
    },
    {
      "id": "5aa088b1-7c15-4154-9a29-713dde80c0d6",
      "pid": "a046c4c0-44a7-411d-8ad1-116acafb85a2",
      "dblevel": 5,
      "location": "/VGMA/HocTheoChuDe/KhamPhaKinhThanh(NgheBandichTruyenThongHieuDinhtrong1nam)/Thang12/Thang12Ngay07",
      "isVideo": false,
      "url": "hoc-theo-chu-de.kham-pha-kinh-thanh--nghe-ban-dich-truyen-thong-hieu-dinh-trong-1-nam-.thang-12.thang-12-ngay-07",
      "name": "Tháng 12 Ngày 07",
      "count": 0,
      "isLeaf": null,
      "keyword": null,
      "hash": "U2FsdGVkX19NaHAEYVSWFbTb5SdEo6Z7Sc0vvAjk0BTBsz6iEfLneGI+ZfZuanXr8LaKWWmDN6fHg9B0V2rM/A==",
      "khash": "U2FsdGVkX18HgcO1sOE57+Z25hzFmQsZnwyNh169ITg88p0k6I51gQ3uMlLaE7sby7iPEB95mrNCJtTPzWB6eQ==",
      "viewCount": null,
      "duration": "18:7",
      "size": 17397177
    },
    {
      "id": "21d2bac2-7dd8-4606-8a6f-2108dbc6292a",
      "pid": "a046c4c0-44a7-411d-8ad1-116acafb85a2",
      "dblevel": 5,
      "location": "/VGMA/HocTheoChuDe/KhamPhaKinhThanh(NgheBandichTruyenThongHieuDinhtrong1nam)/Thang12/Thang12Ngay08",
      "isVideo": false,
      "url": "hoc-theo-chu-de.kham-pha-kinh-thanh--nghe-ban-dich-truyen-thong-hieu-dinh-trong-1-nam-.thang-12.thang-12-ngay-08",
      "name": "Tháng 12 Ngày 08",
      "count": 0,
      "isLeaf": null,
      "keyword": null,
      "hash": "U2FsdGVkX1/mC+rz4YEXOuFF9l94CP68BoBdM3SDbSo2KoVLyPY2Y98VlhoOOk5ZefETCe9d8aNpHvmdRgEUMg==",
      "khash": "U2FsdGVkX19bIK1zjYGHlfazSQm0fmLSG3QyPcKskWUWLEbVevarKXMI0NRmlQCzO5TgnMP1yLRrtpqBYbHjRA==",
      "viewCount": null,
      "duration": "18:33",
      "size": 17818898
    },
    {
      "id": "c6dcaf4e-17f8-4670-bf42-996bdb63c37e",
      "pid": "a046c4c0-44a7-411d-8ad1-116acafb85a2",
      "dblevel": 5,
      "location": "/VGMA/HocTheoChuDe/KhamPhaKinhThanh(NgheBandichTruyenThongHieuDinhtrong1nam)/Thang12/Thang12Ngay09",
      "isVideo": false,
      "url": "hoc-theo-chu-de.kham-pha-kinh-thanh--nghe-ban-dich-truyen-thong-hieu-dinh-trong-1-nam-.thang-12.thang-12-ngay-09",
      "name": "Tháng 12 Ngày 09",
      "count": 0,
      "isLeaf": null,
      "keyword": null,
      "hash": "U2FsdGVkX1+s350cElaA/eAvNyPwp5obUYDMZgAtNdednAKkFuzezfyJex/UBR4AlfwJjEf1SDMA/+QJC2C64A==",
      "khash": "U2FsdGVkX1/aIqiqG997bsM8JvVVXsSxoCN2SYI5XrRB5u7jWiwEBHRPZ3fDlRSuRXlmrJNCJgR436KRc4K1jw==",
      "viewCount": null,
      "duration": "18:59",
      "size": 18242290
    },
    {
      "id": "3e56ff89-973e-4a84-828e-e74d8e1c8c16",
      "pid": "a046c4c0-44a7-411d-8ad1-116acafb85a2",
      "dblevel": 5,
      "location": "/VGMA/HocTheoChuDe/KhamPhaKinhThanh(NgheBandichTruyenThongHieuDinhtrong1nam)/Thang12/Thang12Ngay10",
      "isVideo": false,
      "url": "hoc-theo-chu-de.kham-pha-kinh-thanh--nghe-ban-dich-truyen-thong-hieu-dinh-trong-1-nam-.thang-12.thang-12-ngay-10",
      "name": "Tháng 12 Ngày 10",
      "count": 0,
      "isLeaf": null,
      "keyword": null,
      "hash": "U2FsdGVkX19FyrFPIBsmEpccG6gi9C2REUc4Q8qLaEqaEJu5hmItynKRTmOhfP703ZNiTB72YsLXMDszSmNsPw==",
      "khash": null,
      "viewCount": null,
      "duration": "19:13",
      "size": 18461301
    },
    {
      "id": "13030917-de59-4a80-824f-33cd8ef1f8f3",
      "pid": "a046c4c0-44a7-411d-8ad1-116acafb85a2",
      "dblevel": 5,
      "location": "/VGMA/HocTheoChuDe/KhamPhaKinhThanh(NgheBandichTruyenThongHieuDinhtrong1nam)/Thang12/Thang12Ngay11",
      "isVideo": false,
      "url": "hoc-theo-chu-de.kham-pha-kinh-thanh--nghe-ban-dich-truyen-thong-hieu-dinh-trong-1-nam-.thang-12.thang-12-ngay-11",
      "name": "Tháng 12 Ngày 11",
      "count": 0,
      "isLeaf": null,
      "keyword": null,
      "hash": "U2FsdGVkX18QqsKlQtUHPZ65wpQ6mjcrpiyys7YSOX4o60Z5QRn5yNXpqJdJss971y6vY5bbHJ379qO6vQ/xbw==",
      "khash": "U2FsdGVkX1/nO/Hm4IAz5Y9mhB5yUSNe5u3HXwzh7hWTdp3PJG7sgHzjKn+SzlrxpznblzNtyYBLcyZiutoU1w==",
      "viewCount": null,
      "duration": "19:5",
      "size": 18331316
    },
    {
      "id": "67d5ac6a-0cd2-4df2-8180-cf7c5003c0b7",
      "pid": "a046c4c0-44a7-411d-8ad1-116acafb85a2",
      "dblevel": 5,
      "location": "/VGMA/HocTheoChuDe/KhamPhaKinhThanh(NgheBandichTruyenThongHieuDinhtrong1nam)/Thang12/Thang12Ngay12",
      "isVideo": false,
      "url": "hoc-theo-chu-de.kham-pha-kinh-thanh--nghe-ban-dich-truyen-thong-hieu-dinh-trong-1-nam-.thang-12.thang-12-ngay-12",
      "name": "Tháng 12 Ngày 12",
      "count": 0,
      "isLeaf": null,
      "keyword": null,
      "hash": "U2FsdGVkX1/lagm4NRA60/v+i3ienOAnwiEsYsPFqfk4pJrIiA9qpIljJHEjIrJOm8CqU/VcbcJgpEtkdU7iSg==",
      "khash": "U2FsdGVkX18xONykOkxgAoyFDjPwEtfKRgPEvJV2Pbv60ldM2ytmcCshHQ78kOAsGQoanMWnFN5NwEmGrPRwdw==",
      "viewCount": null,
      "duration": "24:11",
      "size": 23232723
    },
    {
      "id": "19b75196-d1ce-47a5-9daf-4f933d8af7f5",
      "pid": "a046c4c0-44a7-411d-8ad1-116acafb85a2",
      "dblevel": 5,
      "location": "/VGMA/HocTheoChuDe/KhamPhaKinhThanh(NgheBandichTruyenThongHieuDinhtrong1nam)/Thang12/Thang12Ngay13",
      "isVideo": false,
      "url": "hoc-theo-chu-de.kham-pha-kinh-thanh--nghe-ban-dich-truyen-thong-hieu-dinh-trong-1-nam-.thang-12.thang-12-ngay-13",
      "name": "Tháng 12 Ngày 13",
      "count": 0,
      "isLeaf": null,
      "keyword": null,
      "hash": "U2FsdGVkX1+5KnpJFaXXOEH1TE791/Eo4OLrmr1CchJBvGqgfVldLuCHwjOPnRpdkSCuxPaVaY/+l/ATQl7aPw==",
      "khash": null,
      "viewCount": null,
      "duration": "18:22",
      "size": 17640011
    },
    {
      "id": "2b7aff52-702b-4219-9bae-097fbc8adc51",
      "pid": "a046c4c0-44a7-411d-8ad1-116acafb85a2",
      "dblevel": 5,
      "location": "/VGMA/HocTheoChuDe/KhamPhaKinhThanh(NgheBandichTruyenThongHieuDinhtrong1nam)/Thang12/Thang12Ngay14",
      "isVideo": false,
      "url": "hoc-theo-chu-de.kham-pha-kinh-thanh--nghe-ban-dich-truyen-thong-hieu-dinh-trong-1-nam-.thang-12.thang-12-ngay-14",
      "name": "Tháng 12 Ngày 14",
      "count": 0,
      "isLeaf": null,
      "keyword": null,
      "hash": "U2FsdGVkX1+07mP8QGP2syGA4mr+dSdomFVo24PtY1GcgWmUSSyEMYEieAl67+HgHwyiRAAQdXW+TtjFHFMcEg==",
      "khash": "U2FsdGVkX1+fGc8lzZXk9Sz2rw6Sk7ortw1eQkb0pygNku77Hih3bn05eifZnZx91ICr/0+cRzuFSOOQgYRO2w==",
      "viewCount": null,
      "duration": "19:0",
      "size": 18251486
    },
    {
      "id": "fc947436-9a08-402b-9c5d-6ef9dcddbfcb",
      "pid": "a046c4c0-44a7-411d-8ad1-116acafb85a2",
      "dblevel": 5,
      "location": "/VGMA/HocTheoChuDe/KhamPhaKinhThanh(NgheBandichTruyenThongHieuDinhtrong1nam)/Thang12/Thang12Ngay15",
      "isVideo": false,
      "url": "hoc-theo-chu-de.kham-pha-kinh-thanh--nghe-ban-dich-truyen-thong-hieu-dinh-trong-1-nam-.thang-12.thang-12-ngay-15",
      "name": "Tháng 12 Ngày 15",
      "count": 0,
      "isLeaf": null,
      "keyword": null,
      "hash": "U2FsdGVkX1/6rA6D4sX5Vmlnuf+gVYbjnmlJ0uAnU4gJfo/kXAyNYXfiYuSl4KqcMRafBTGf+ryg7wJxcKW0mA==",
      "khash": "U2FsdGVkX19rfQkMi36onzJgCigMKJWoozC5aJq+v6zJevjbew7a3T67qJvrxd2LlOy2YDCtg/PWojJgGwHoDg==",
      "viewCount": null,
      "duration": "19:13",
      "size": 18455868
    },
    {
      "id": "00a468f0-a1e7-445b-99e1-86e5042e1844",
      "pid": "a046c4c0-44a7-411d-8ad1-116acafb85a2",
      "dblevel": 5,
      "location": "/VGMA/HocTheoChuDe/KhamPhaKinhThanh(NgheBandichTruyenThongHieuDinhtrong1nam)/Thang12/Thang12Ngay16",
      "isVideo": false,
      "url": "hoc-theo-chu-de.kham-pha-kinh-thanh--nghe-ban-dich-truyen-thong-hieu-dinh-trong-1-nam-.thang-12.thang-12-ngay-16",
      "name": "Tháng 12 Ngày 16",
      "count": 0,
      "isLeaf": null,
      "keyword": null,
      "hash": "U2FsdGVkX1/QQTpvZ+Yx7NkE/BRK0mfqlZufj9i4sdaUk+i+4JR/rjqW/N5d9Gwshd8eGVMkwfnwLsOox0ENiQ==",
      "khash": null,
      "viewCount": null,
      "duration": "19:56",
      "size": 19155113
    },
    {
      "id": "2ec7ae35-6e3e-4452-b846-98736e5c5f26",
      "pid": "a046c4c0-44a7-411d-8ad1-116acafb85a2",
      "dblevel": 5,
      "location": "/VGMA/HocTheoChuDe/KhamPhaKinhThanh(NgheBandichTruyenThongHieuDinhtrong1nam)/Thang12/Thang12Ngay17",
      "isVideo": false,
      "url": "hoc-theo-chu-de.kham-pha-kinh-thanh--nghe-ban-dich-truyen-thong-hieu-dinh-trong-1-nam-.thang-12.thang-12-ngay-17",
      "name": "Tháng 12 Ngày 17",
      "count": 0,
      "isLeaf": null,
      "keyword": null,
      "hash": "U2FsdGVkX1/GOor445u5uCpqprR/Ial5HtB88BzQ13C0RrDcS7jhQWEGDcn5sTrwTwnMkqx4jg0EgEnbTCUTng==",
      "khash": null,
      "viewCount": null,
      "duration": "26:15",
      "size": 25206326
    },
    {
      "id": "7d263c5b-0144-4352-bac9-faeea776de65",
      "pid": "a046c4c0-44a7-411d-8ad1-116acafb85a2",
      "dblevel": 5,
      "location": "/VGMA/HocTheoChuDe/KhamPhaKinhThanh(NgheBandichTruyenThongHieuDinhtrong1nam)/Thang12/Thang12Ngay18",
      "isVideo": false,
      "url": "hoc-theo-chu-de.kham-pha-kinh-thanh--nghe-ban-dich-truyen-thong-hieu-dinh-trong-1-nam-.thang-12.thang-12-ngay-18",
      "name": "Tháng 12 Ngày 18",
      "count": 0,
      "isLeaf": null,
      "keyword": null,
      "hash": "U2FsdGVkX1/lwdq8RN6CovdTpKtYpf+yq6v5rExwM2wBeI++qc4GLJqkUrQcyILrci8Hdvm/thXN1m5SmGmdNA==",
      "khash": "U2FsdGVkX18NLj4OIx9IJX5fKKr2N2ech7ydQ3gz3hsFgnRPxwQnt5fRBU+zLoG8qNbtzFUei5z/ojWFs8oGVQ==",
      "viewCount": null,
      "duration": "24:19",
      "size": 23361455
    },
    {
      "id": "ce4cc62e-5a0b-4470-beab-2c891e0a46c4",
      "pid": "a046c4c0-44a7-411d-8ad1-116acafb85a2",
      "dblevel": 5,
      "location": "/VGMA/HocTheoChuDe/KhamPhaKinhThanh(NgheBandichTruyenThongHieuDinhtrong1nam)/Thang12/Thang12Ngay19",
      "isVideo": false,
      "url": "hoc-theo-chu-de.kham-pha-kinh-thanh--nghe-ban-dich-truyen-thong-hieu-dinh-trong-1-nam-.thang-12.thang-12-ngay-19",
      "name": "Tháng 12 Ngày 19",
      "count": 0,
      "isLeaf": null,
      "keyword": null,
      "hash": "U2FsdGVkX1+F4d0xpYvPTfJGOLI0XcVux/oJm4yOCdTbMQVmP0pf4Od7iFAVYdhs5sNJWJ+z4zQrXn9iSVNpCw==",
      "khash": "U2FsdGVkX1/Vbj15ggkn5dMPmGVEGOLDJaYUU1w+Ut1/rkMdNwgoxJzVh6c5Ul+uffsya/BHEYdYauQ2RXTqpw==",
      "viewCount": null,
      "duration": "24:28",
      "size": 23505650
    },
    {
      "id": "bab40f2b-3a3e-4ed5-9967-d8468063a1f5",
      "pid": "a046c4c0-44a7-411d-8ad1-116acafb85a2",
      "dblevel": 5,
      "location": "/VGMA/HocTheoChuDe/KhamPhaKinhThanh(NgheBandichTruyenThongHieuDinhtrong1nam)/Thang12/Thang12Ngay20",
      "isVideo": false,
      "url": "hoc-theo-chu-de.kham-pha-kinh-thanh--nghe-ban-dich-truyen-thong-hieu-dinh-trong-1-nam-.thang-12.thang-12-ngay-20",
      "name": "Tháng 12 Ngày 20",
      "count": 0,
      "isLeaf": null,
      "keyword": null,
      "hash": "U2FsdGVkX19RaWMHvU6o1HQPmZqSsVABuxjiHrAJQZlDaZJCWjfUeSdfHyvCEmYlHDa3Y+7BTpaSRvVkZXM27w==",
      "khash": null,
      "viewCount": null,
      "duration": "25:19",
      "size": 24321507
    },
    {
      "id": "710065a5-5a79-45b2-93f3-f25d12967041",
      "pid": "a046c4c0-44a7-411d-8ad1-116acafb85a2",
      "dblevel": 5,
      "location": "/VGMA/HocTheoChuDe/KhamPhaKinhThanh(NgheBandichTruyenThongHieuDinhtrong1nam)/Thang12/Thang12Ngay21",
      "isVideo": false,
      "url": "hoc-theo-chu-de.kham-pha-kinh-thanh--nghe-ban-dich-truyen-thong-hieu-dinh-trong-1-nam-.thang-12.thang-12-ngay-21",
      "name": "Tháng 12 Ngày 21",
      "count": 0,
      "isLeaf": null,
      "keyword": null,
      "hash": "U2FsdGVkX1+/PckNo7BXY/khs5F1iYwmauehCK+a3DCheuN5eqm7x8QU6pE/SzBPUBKDoJncpyJDMVGd5YBb+Q==",
      "khash": null,
      "viewCount": null,
      "duration": "26:52",
      "size": 25804844
    },
    {
      "id": "120596d3-3de6-41f5-956a-7d459f14ce6f",
      "pid": "a046c4c0-44a7-411d-8ad1-116acafb85a2",
      "dblevel": 5,
      "location": "/VGMA/HocTheoChuDe/KhamPhaKinhThanh(NgheBandichTruyenThongHieuDinhtrong1nam)/Thang12/Thang12Ngay22",
      "isVideo": false,
      "url": "hoc-theo-chu-de.kham-pha-kinh-thanh--nghe-ban-dich-truyen-thong-hieu-dinh-trong-1-nam-.thang-12.thang-12-ngay-22",
      "name": "Tháng 12 Ngày 22",
      "count": 0,
      "isLeaf": null,
      "keyword": null,
      "hash": "U2FsdGVkX19OLyudtcPhGuDmMaFE3Q2k0vPB6bvCpXXOeyczXb13R0S6EWwc6ppeY8cx1hNvthFVUM3kyF99gQ==",
      "khash": "U2FsdGVkX1/EpMR1bL7oGshGFH6XC6UJlv/Onsj7vjb7UdPpRCo9c7J67mJbNqjhfZk9W9Tj6O3h/Col+HLkEg==",
      "viewCount": null,
      "duration": "21:22",
      "size": 20520586
    },
    {
      "id": "b7f0bb69-2cc4-4448-9c5c-5a48cf71ef3e",
      "pid": "a046c4c0-44a7-411d-8ad1-116acafb85a2",
      "dblevel": 5,
      "location": "/VGMA/HocTheoChuDe/KhamPhaKinhThanh(NgheBandichTruyenThongHieuDinhtrong1nam)/Thang12/Thang12Ngay23",
      "isVideo": false,
      "url": "hoc-theo-chu-de.kham-pha-kinh-thanh--nghe-ban-dich-truyen-thong-hieu-dinh-trong-1-nam-.thang-12.thang-12-ngay-23",
      "name": "Tháng 12 Ngày 23",
      "count": 0,
      "isLeaf": null,
      "keyword": null,
      "hash": "U2FsdGVkX183dBqoUzQWJ3MLQC+FWO+LSEf5Ewjw8YJv1yeU8WSvwabh2sMa33rguoWYePvpk1/0ZWFQnKssiQ==",
      "khash": "U2FsdGVkX1+rmI5RtLexNw5Fj+utK12oDJMVk4MgAEja3xqIGwhU7OB+UoxTZJ9lkQG4I2tEWrmNR7TPOhEawQ==",
      "viewCount": null,
      "duration": "24:14",
      "size": 23277027
    },
    {
      "id": "73ac15fd-09fd-4d74-8d4b-eed6fbbed602",
      "pid": "a046c4c0-44a7-411d-8ad1-116acafb85a2",
      "dblevel": 5,
      "location": "/VGMA/HocTheoChuDe/KhamPhaKinhThanh(NgheBandichTruyenThongHieuDinhtrong1nam)/Thang12/Thang12Ngay24",
      "isVideo": false,
      "url": "hoc-theo-chu-de.kham-pha-kinh-thanh--nghe-ban-dich-truyen-thong-hieu-dinh-trong-1-nam-.thang-12.thang-12-ngay-24",
      "name": "Tháng 12 Ngày 24",
      "count": 0,
      "isLeaf": null,
      "keyword": null,
      "hash": "U2FsdGVkX18Hbvx1NV/oNH0rru23YVo3fmRP7uilnweZXtZAdTwVvljDQXT5b8NNzaM9Wx2anl+7wK/cXKltUA==",
      "khash": null,
      "viewCount": null,
      "duration": "18:58",
      "size": 18215959
    },
    {
      "id": "484bb852-45cc-48b4-93e6-eef26d4feefc",
      "pid": "a046c4c0-44a7-411d-8ad1-116acafb85a2",
      "dblevel": 5,
      "location": "/VGMA/HocTheoChuDe/KhamPhaKinhThanh(NgheBandichTruyenThongHieuDinhtrong1nam)/Thang12/Thang12Ngay25",
      "isVideo": false,
      "url": "hoc-theo-chu-de.kham-pha-kinh-thanh--nghe-ban-dich-truyen-thong-hieu-dinh-trong-1-nam-.thang-12.thang-12-ngay-25",
      "name": "Tháng 12 Ngày 25",
      "count": 0,
      "isLeaf": null,
      "keyword": null,
      "hash": "U2FsdGVkX1/zqPmLEbtK9y2gGKX0EwFycNpLMzDN+dbIdkJQ2JYwPkvr3+YoifO2By+qvhL8qtJHrlB89UQ47w==",
      "khash": null,
      "viewCount": null,
      "duration": "22:51",
      "size": 21948335
    },
    {
      "id": "0e90fe48-be17-4cef-960b-e421e4cdd0b6",
      "pid": "a046c4c0-44a7-411d-8ad1-116acafb85a2",
      "dblevel": 5,
      "location": "/VGMA/HocTheoChuDe/KhamPhaKinhThanh(NgheBandichTruyenThongHieuDinhtrong1nam)/Thang12/Thang12Ngay26",
      "isVideo": false,
      "url": "hoc-theo-chu-de.kham-pha-kinh-thanh--nghe-ban-dich-truyen-thong-hieu-dinh-trong-1-nam-.thang-12.thang-12-ngay-26",
      "name": "Tháng 12 Ngày 26",
      "count": 0,
      "isLeaf": null,
      "keyword": null,
      "hash": "U2FsdGVkX1/rNbX2cXKImwRtwy9cBa9PVIYJyMeIhP47hCZ7F65mEbzIvLJnNCGvFSGuC5nFdokwLnF2y8ftRQ==",
      "khash": null,
      "viewCount": null,
      "duration": "24:36",
      "size": 23625605
    },
    {
      "id": "ca41414f-af01-48b2-a0fc-2c72604cf9e1",
      "pid": "a046c4c0-44a7-411d-8ad1-116acafb85a2",
      "dblevel": 5,
      "location": "/VGMA/HocTheoChuDe/KhamPhaKinhThanh(NgheBandichTruyenThongHieuDinhtrong1nam)/Thang12/Thang12Ngay27",
      "isVideo": false,
      "url": "hoc-theo-chu-de.kham-pha-kinh-thanh--nghe-ban-dich-truyen-thong-hieu-dinh-trong-1-nam-.thang-12.thang-12-ngay-27",
      "name": "Tháng 12 Ngày 27",
      "count": 0,
      "isLeaf": null,
      "keyword": null,
      "hash": "U2FsdGVkX19vBMxjyjrqENHge0AUGqzpYGRsXFb6BiD62jPl2LWGPtOLJeKqAIoCM8NsR0diJGa/PyP9zqImzw==",
      "khash": "U2FsdGVkX19ZQJbU951d/ThA2tO0VYbCtchCt96LvkKSjKlkjSt2xMbRce/bGaq/c70q0rp0BsrdcEbWE0iFeA==",
      "viewCount": null,
      "duration": "25:30",
      "size": 24495796
    },
    {
      "id": "42d257f5-81da-4c00-82fc-1f9e02eab91d",
      "pid": "a046c4c0-44a7-411d-8ad1-116acafb85a2",
      "dblevel": 5,
      "location": "/VGMA/HocTheoChuDe/KhamPhaKinhThanh(NgheBandichTruyenThongHieuDinhtrong1nam)/Thang12/Thang12Ngay28",
      "isVideo": false,
      "url": "hoc-theo-chu-de.kham-pha-kinh-thanh--nghe-ban-dich-truyen-thong-hieu-dinh-trong-1-nam-.thang-12.thang-12-ngay-28",
      "name": "Tháng 12 Ngày 28",
      "count": 0,
      "isLeaf": null,
      "keyword": null,
      "hash": "U2FsdGVkX1+MSqpEjBSYktp6R+uZhsNC77PUwBKp/35D+QKiHll3aqZI7itC+iP2AHwRevvJ+CfLggqxWSxI7A==",
      "khash": null,
      "viewCount": null,
      "duration": "17:35",
      "size": 16894790
    },
    {
      "id": "dc966ea1-3345-473d-aaa5-34343b86eae2",
      "pid": "a046c4c0-44a7-411d-8ad1-116acafb85a2",
      "dblevel": 5,
      "location": "/VGMA/HocTheoChuDe/KhamPhaKinhThanh(NgheBandichTruyenThongHieuDinhtrong1nam)/Thang12/Thang12Ngay29",
      "isVideo": false,
      "url": "hoc-theo-chu-de.kham-pha-kinh-thanh--nghe-ban-dich-truyen-thong-hieu-dinh-trong-1-nam-.thang-12.thang-12-ngay-29",
      "name": "Tháng 12 Ngày 29",
      "count": 0,
      "isLeaf": null,
      "keyword": null,
      "hash": "U2FsdGVkX18Vbw8ZDNjlYHhUKJsMW+565y8pHtxtxLVTIvrvXcMzulWl7VoHIl9i1AdAcQUJOUcXmzjvhLoJfg==",
      "khash": null,
      "viewCount": null,
      "duration": "18:22",
      "size": 17637504
    },
    {
      "id": "f18b187b-7cd4-4ce9-8a06-41de07ad62f7",
      "pid": "a046c4c0-44a7-411d-8ad1-116acafb85a2",
      "dblevel": 5,
      "location": "/VGMA/HocTheoChuDe/KhamPhaKinhThanh(NgheBandichTruyenThongHieuDinhtrong1nam)/Thang12/Thang12Ngay30",
      "isVideo": false,
      "url": "hoc-theo-chu-de.kham-pha-kinh-thanh--nghe-ban-dich-truyen-thong-hieu-dinh-trong-1-nam-.thang-12.thang-12-ngay-30",
      "name": "Tháng 12 Ngày 30",
      "count": 0,
      "isLeaf": null,
      "keyword": null,
      "hash": "U2FsdGVkX1+9fOepj66G5OFIpGnHre30IR6l3odyv1KmOMR8iSA1H3Q6stD9octR8SEK5n/jhsbAZWrQRqjYTQ==",
      "khash": null,
      "viewCount": null,
      "duration": "18:31",
      "size": 17793820
    },
    {
      "id": "c276712b-37cc-47ba-a985-bce87fb4ddcb",
      "pid": "a046c4c0-44a7-411d-8ad1-116acafb85a2",
      "dblevel": 5,
      "location": "/VGMA/HocTheoChuDe/KhamPhaKinhThanh(NgheBandichTruyenThongHieuDinhtrong1nam)/Thang12/Thang12Ngay31",
      "isVideo": false,
      "url": "hoc-theo-chu-de.kham-pha-kinh-thanh--nghe-ban-dich-truyen-thong-hieu-dinh-trong-1-nam-.thang-12.thang-12-ngay-31",
      "name": "Tháng 12 Ngày 31",
      "count": 0,
      "isLeaf": null,
      "keyword": null,
      "hash": "U2FsdGVkX18TcfLN5hPX8nFVIF1VO8MQ3tAx+IlHG9zk5s8qmhrn45sdLc4WeFhFwQhMpqfsaJZHCaz7RhsnxA==",
      "khash": null,
      "viewCount": null,
      "duration": "17:53",
      "size": 17186944
    }
  ]
}