{
  "id": "0be6bc41-a70d-431d-93c7-a474d3328859",
  "pid": "e6ba0e06-964b-4f38-abe3-49308863b5fc",
  "dblevel": 3,
  "location": "/VGMA/HocTheoChuDe/NgoaiTinh",
  "isVideo": false,
  "url": "hoc-theo-chu-de.ngoai-tinh",
  "name": "Ngoại Tình",
  "count": 4,
  "isLeaf": true,
  "keyword": null,
  "hash": null,
  "khash": null,
  "viewCount": null,
  "duration": null,
  "size": null,
  "children": [
    {
      "id": "9e41c526-4dee-4d7c-9da7-2e1f2df9a1a1",
      "pid": "0be6bc41-a70d-431d-93c7-a474d3328859",
      "dblevel": 4,
      "location": "/VGMA/HocTheoChuDe/NgoaiTinh/NgoaiTinh_1",
      "isVideo": false,
      "url": "hoc-theo-chu-de.ngoai-tinh.ngoai-tinh-1",
      "name": "Ngoại Tình_1",
      "count": 0,
      "isLeaf": null,
      "keyword": null,
      "hash": "U2FsdGVkX1+jYhfRoDPhHWpR+MUADPJ4iZPKqZBGjwPhs/DMejf+jMY45nCRLl2xLNC47mb3byQ1CTVE9we3KA==",
      "khash": "U2FsdGVkX19i0XWGgcYLMh9BF02Hd7Z3X//M5IP0uMZ1M46OM8wUYXdXQXDodPndc6J8oqswta5v1ArQl9/4Iw==",
      "viewCount": null,
      "duration": "72:43",
      "size": 104749160
    },
    {
      "id": "2b118c5f-a747-407c-be6e-9d062c7ef3a2",
      "pid": "0be6bc41-a70d-431d-93c7-a474d3328859",
      "dblevel": 4,
      "location": "/VGMA/HocTheoChuDe/NgoaiTinh/NgoaiTinh_2",
      "isVideo": false,
      "url": "hoc-theo-chu-de.ngoai-tinh.ngoai-tinh-2",
      "name": "Ngoại Tình_2",
      "count": 0,
      "isLeaf": null,
      "keyword": null,
      "hash": "U2FsdGVkX18zwE3V3u7t9WyIrewrCGN3mPOohCeR0+qsJkaKFR2XxEadnTmXwE5OweiwvL3kohZvkNq5PNr5PQ==",
      "khash": "U2FsdGVkX1870YEVoi/DIRtOJF50A9xRfH2HJv/Iq4QUj0KOluXBgRF7Xah9mFfgOYniaMT+gjsJNpjM7MYBJQ==",
      "viewCount": null,
      "duration": "96:56",
      "size": 139619505
    },
    {
      "id": "f6eadc3e-38ae-4a6f-afb7-7c5879375fdf",
      "pid": "0be6bc41-a70d-431d-93c7-a474d3328859",
      "dblevel": 4,
      "location": "/VGMA/HocTheoChuDe/NgoaiTinh/NgoaiTinh_3",
      "isVideo": false,
      "url": "hoc-theo-chu-de.ngoai-tinh.ngoai-tinh-3",
      "name": "Ngoại Tình_3",
      "count": 0,
      "isLeaf": null,
      "keyword": null,
      "hash": "U2FsdGVkX181WiU9dRayT0ZXUGJa/N8AnAdIn9be/MGFMs0eDsoDnVgI3QH6uA8qLNfx4KBlK/L8XnomlnZQWA==",
      "khash": "U2FsdGVkX19NmqNKhlMouAXR8zHmRhLMI9nO9ey+lq0wxsbOO40spLRZ5J/ixfEmvszEuATOG/uSFi475kIgrg==",
      "viewCount": null,
      "duration": "96:54",
      "size": 139582403
    },
    {
      "id": "d10d55aa-f82c-47b2-998f-3e06ce70316e",
      "pid": "0be6bc41-a70d-431d-93c7-a474d3328859",
      "dblevel": 4,
      "location": "/VGMA/HocTheoChuDe/NgoaiTinh/NgoaiTinh_4",
      "isVideo": false,
      "url": "hoc-theo-chu-de.ngoai-tinh.ngoai-tinh-4",
      "name": "Ngoại Tình_4",
      "count": 0,
      "isLeaf": null,
      "keyword": null,
      "hash": "U2FsdGVkX19OYcevJnVdl9WydbsYzki8O9+6SVQi2RdMQ3NmnApo14Wp/c407E7ZwxeqwCEeJKn+Lyf1CK4/Gg==",
      "khash": null,
      "viewCount": null,
      "duration": "105:59",
      "size": 152652931
    }
  ]
}