{
  "id": "d599ce8a-a6ce-497d-a136-d8894dfc6767",
  "pid": "e6ba0e06-964b-4f38-abe3-49308863b5fc",
  "dblevel": 3,
  "location": "/VGMA/HocTheoChuDe/TinDieuCacSuDo",
  "isVideo": false,
  "url": "hoc-theo-chu-de.tin-dieu-cac-su-do",
  "name": "Tín Điều Các Sứ Đồ",
  "count": 6,
  "isLeaf": true,
  "keyword": null,
  "hash": null,
  "khash": null,
  "viewCount": null,
  "duration": null,
  "size": null,
  "children": [
    {
      "id": "62168520-c85c-4c45-a5b6-4b6aa21c1806",
      "pid": "d599ce8a-a6ce-497d-a136-d8894dfc6767",
      "dblevel": 4,
      "location": "/VGMA/HocTheoChuDe/TinDieuCacSuDo/01-DucTinLaGi",
      "isVideo": false,
      "url": "hoc-theo-chu-de.tin-dieu-cac-su-do.01-duc-tin-la-gi",
      "name": "01-Đức Tin Là Gì",
      "count": 0,
      "isLeaf": null,
      "keyword": null,
      "hash": "U2FsdGVkX19t+HrgO479hqLZjIueYfhNKGKqwpPA7VU3uBrBiUO1B1FkLdrAPvBqaRv2JOcC28nPm/KcVLwssQ==",
      "khash": null,
      "viewCount": null,
      "duration": "21:33",
      "size": 20692664
    },
    {
      "id": "806c81a7-0c39-4480-96e4-d687e63a9c02",
      "pid": "d599ce8a-a6ce-497d-a136-d8894dfc6767",
      "dblevel": 4,
      "location": "/VGMA/HocTheoChuDe/TinDieuCacSuDo/02-DucChuaCha",
      "isVideo": false,
      "url": "hoc-theo-chu-de.tin-dieu-cac-su-do.02-duc-chua-cha",
      "name": "02-Đức Chúa Cha",
      "count": 0,
      "isLeaf": null,
      "keyword": null,
      "hash": "U2FsdGVkX19xmXADuClL9uD0uWJOYIxp4PcHcIFS+cwwpvBfmRtPe2NXHDwyxyYz9jddbe6RSPGFfCJq8b32WA==",
      "khash": null,
      "viewCount": null,
      "duration": "21:33",
      "size": 20695590
    },
    {
      "id": "e9340669-d450-4b8d-8592-96a1513980ab",
      "pid": "d599ce8a-a6ce-497d-a136-d8894dfc6767",
      "dblevel": 4,
      "location": "/VGMA/HocTheoChuDe/TinDieuCacSuDo/03-ThanViVaCongTacCuaDangChrist-1",
      "isVideo": false,
      "url": "hoc-theo-chu-de.tin-dieu-cac-su-do.03-than-vi-va-cong-tac-cua-dang-christ-1",
      "name": "03-Thân Vị Và Công Tác Của Đấng Christ-1",
      "count": 0,
      "isLeaf": null,
      "keyword": null,
      "hash": "U2FsdGVkX180KqchPFaUTtPe452pSeizxcwRK4lPvKRoMd54aoF1ZgGCGp78/IRrZ2PRIFZ/dmiEiF6NeK0oVg==",
      "khash": null,
      "viewCount": null,
      "duration": "24:21",
      "size": 23388083
    },
    {
      "id": "25e73e12-b8e3-46cc-8598-05e71c462e4f",
      "pid": "d599ce8a-a6ce-497d-a136-d8894dfc6767",
      "dblevel": 4,
      "location": "/VGMA/HocTheoChuDe/TinDieuCacSuDo/04-ThanViVaCongTacCuaDangChrist-2",
      "isVideo": false,
      "url": "hoc-theo-chu-de.tin-dieu-cac-su-do.04-than-vi-va-cong-tac-cua-dang-christ-2",
      "name": "04-Thân Vị Và Công Tác Của Đấng Christ-2",
      "count": 0,
      "isLeaf": null,
      "keyword": null,
      "hash": "U2FsdGVkX1/dURA8pJDJCX3TfhKLwPlyXpkicPCmihF38WSxtmzfPmEEMinWeT7pwrBFi+TTmg/2Ku4RlKMPFw==",
      "khash": null,
      "viewCount": null,
      "duration": "24:16",
      "size": 23303237
    },
    {
      "id": "43ca1a32-96b4-4a80-b424-c7925ce7b9ed",
      "pid": "d599ce8a-a6ce-497d-a136-d8894dfc6767",
      "dblevel": 4,
      "location": "/VGMA/HocTheoChuDe/TinDieuCacSuDo/05-DucThanhLinhVaHoiThanh",
      "isVideo": false,
      "url": "hoc-theo-chu-de.tin-dieu-cac-su-do.05-duc-thanh-linh-va-hoi-thanh",
      "name": "05-Đức Thánh Linh Và Hội Thánh",
      "count": 0,
      "isLeaf": null,
      "keyword": null,
      "hash": "U2FsdGVkX19uOxQi6ze3ZF6RzxW5HW0IyUNQZ4NVd8xY2b9elLfLlfhQM1gp5q92czGybeW5QpaqxV1HGBUrFw==",
      "khash": null,
      "viewCount": null,
      "duration": "23:9",
      "size": 22226157
    },
    {
      "id": "39c9eb52-8697-4acc-ae8f-8e3ba70c1db9",
      "pid": "d599ce8a-a6ce-497d-a136-d8894dfc6767",
      "dblevel": 4,
      "location": "/VGMA/HocTheoChuDe/TinDieuCacSuDo/06-SuThaThu,SuSongLaiVaSuSongDoiDoi",
      "isVideo": false,
      "url": "hoc-theo-chu-de.tin-dieu-cac-su-do.06-su-tha-thu-su-song-lai-va-su-song-doi-doi",
      "name": "06-Sự Tha Thứ, Sự Sống Lại Và Sự Sống Đời Đời",
      "count": 0,
      "isLeaf": null,
      "keyword": null,
      "hash": "U2FsdGVkX19dNvUkXnuhutjkgPTmUSEYNjXkRY/YJEtw2HumWJcJWk5219HCja+2v/ACAjJ3V9lrJvKncvt8Ew==",
      "khash": null,
      "viewCount": null,
      "duration": "22:37",
      "size": 21713739
    }
  ]
}