{
  "id": "2e338bf1-9012-48e5-8d53-73afe01846b1",
  "pid": "1f1315c0-1659-42c8-8c11-6a4a051692ae",
  "dblevel": 4,
  "location": "/VGMA/HocTheoChuDe/HonNhan/05-YNghiaHonNhan",
  "isVideo": false,
  "url": "hoc-theo-chu-de.hon-nhan.05-y-nghia-hon-nhan",
  "name": "05-Ý Nghĩa Hôn Nhân",
  "count": 3,
  "isLeaf": true,
  "keyword": null,
  "hash": null,
  "khash": null,
  "viewCount": null,
  "duration": null,
  "size": null,
  "children": [
    {
      "id": "96f2dc17-a797-4714-944d-c326a3a8e68b",
      "pid": "2e338bf1-9012-48e5-8d53-73afe01846b1",
      "dblevel": 5,
      "location": "/VGMA/HocTheoChuDe/HonNhan/05-YNghiaHonNhan/01_YNghia&QuanNiemHonNhan",
      "isVideo": false,
      "url": "hoc-theo-chu-de.hon-nhan.05-y-nghia-hon-nhan.01-y-nghia-quan-niem-hon-nhan",
      "name": "01_Ý Nghĩa & Quan Niệm Hôn Nhân",
      "count": 0,
      "isLeaf": null,
      "keyword": null,
      "hash": "U2FsdGVkX1/FC272hd493cZmtK2vw/clSy8AGw8NWMRUzCkxhRRvGHsk/67FQfVKtbkg7VBiYbszNgITX3Y/FA==",
      "khash": "U2FsdGVkX19G6pQTZAQAneOlZPZA6F0Y1lf+9lksbp9maSozv4FaJtzsxtWVnHpKoIR0u/uPmYLbOl8kv3TfIw==",
      "viewCount": null,
      "duration": "22:47",
      "size": 21875301
    },
    {
      "id": "17914885-88b3-4b69-a5d7-7c1fdb69ccd8",
      "pid": "2e338bf1-9012-48e5-8d53-73afe01846b1",
      "dblevel": 5,
      "location": "/VGMA/HocTheoChuDe/HonNhan/05-YNghiaHonNhan/02_HonNhanLaMonQua-PhucVu-TruongRenLuyen",
      "isVideo": false,
      "url": "hoc-theo-chu-de.hon-nhan.05-y-nghia-hon-nhan.02-hon-nhan-la-mon-qua-phuc-vu-truong-ren-luyen",
      "name": "02_Hôn Nhân Là Món Qùa - Phục Vụ -Trường Rèn Luyện",
      "count": 0,
      "isLeaf": null,
      "keyword": null,
      "hash": "U2FsdGVkX1+6jzYVaY4yCJiD93alo1/V7amde7O/5bhGJEGpuqn/1MRFGDIKoaAxly8LyzHoY6ZyCgpeKafu5g==",
      "khash": "U2FsdGVkX1+LsDdqojaQS8QDpaq4HFStwzeqR8LC4g4UpYoNN0Kfu75/kZPZkLg3+pIEbppDwtLFOo5QP1D8TA==",
      "viewCount": null,
      "duration": "41:20",
      "size": 39691647
    },
    {
      "id": "b303774f-0ec3-424c-9cfc-a3507d577c48",
      "pid": "2e338bf1-9012-48e5-8d53-73afe01846b1",
      "dblevel": 5,
      "location": "/VGMA/HocTheoChuDe/HonNhan/05-YNghiaHonNhan/03_HonNhanLaKetHop",
      "isVideo": false,
      "url": "hoc-theo-chu-de.hon-nhan.05-y-nghia-hon-nhan.03-hon-nhan-la-ket-hop",
      "name": "03_Hôn Nhân Là Kết Hợp",
      "count": 0,
      "isLeaf": null,
      "keyword": null,
      "hash": "U2FsdGVkX196BAaS53aLPOIaCSu85jM1W6X/P3xnvk2pV4Gn09EVGERgx2Zks7pJvq9lilEPbYb2tuzEU7f/jQ==",
      "khash": null,
      "viewCount": null,
      "duration": "29:29",
      "size": 28304639
    }
  ]
}