{
  "id": "7809c854-d6dc-4c3e-a329-5b590a4bf91b",
  "pid": "1f1315c0-1659-42c8-8c11-6a4a051692ae",
  "dblevel": 4,
  "location": "/VGMA/HocTheoChuDe/HonNhan/21-HonNhanTronDoi",
  "isVideo": false,
  "url": "hoc-theo-chu-de.hon-nhan.21-hon-nhan-tron-doi",
  "name": "21-Hôn Nhân Trọn Đời",
  "count": 10,
  "isLeaf": true,
  "keyword": null,
  "hash": null,
  "khash": null,
  "viewCount": null,
  "duration": null,
  "size": null,
  "children": [
    {
      "id": "2c1e22eb-2541-462e-9a1e-034335cdc695",
      "pid": "7809c854-d6dc-4c3e-a329-5b590a4bf91b",
      "dblevel": 5,
      "location": "/VGMA/HocTheoChuDe/HonNhan/21-HonNhanTronDoi/01_LongYeuThuong_TinCay",
      "isVideo": false,
      "url": "hoc-theo-chu-de.hon-nhan.21-hon-nhan-tron-doi.01-long-yeu-thuong-tin-cay",
      "name": "01_Lòng Yêu Thương _ Tin Cậy",
      "count": 0,
      "isLeaf": null,
      "keyword": null,
      "hash": "U2FsdGVkX1+9OJtMeiu7IeoYYZL8aQkvRBfBOqasve6qR8NpyiSKPuZbfKIV3QXo4g3UehUGsOwZ+bjDCUJU8A==",
      "khash": "U2FsdGVkX19h0oEt3fmDZ+kC8KTiK1NE5XM7GmaNt6MRf3F2mus+kmqTDvCH0yBMoATPMgnbFuBm9lBZr9CqMw==",
      "viewCount": null,
      "duration": "32:37",
      "size": 31321596
    },
    {
      "id": "b26f949f-348a-4af6-b311-2642a89044da",
      "pid": "7809c854-d6dc-4c3e-a329-5b590a4bf91b",
      "dblevel": 5,
      "location": "/VGMA/HocTheoChuDe/HonNhan/21-HonNhanTronDoi/02_ChanThat_HySinh",
      "isVideo": false,
      "url": "hoc-theo-chu-de.hon-nhan.21-hon-nhan-tron-doi.02-chan-that-hy-sinh",
      "name": "02_Chân Thật_Hy Sinh",
      "count": 0,
      "isLeaf": null,
      "keyword": null,
      "hash": "U2FsdGVkX19ZMbYWvuGquPtns3wFOLqomp2G5XOk31iTTbdtKfERaFETv6uIh5tkMEwUhDrowCyL4TonWOgsSw==",
      "khash": null,
      "viewCount": null,
      "duration": "30:49",
      "size": 29592499
    },
    {
      "id": "f81bf66d-ae19-4c42-8461-1e1c964ba041",
      "pid": "7809c854-d6dc-4c3e-a329-5b590a4bf91b",
      "dblevel": 5,
      "location": "/VGMA/HocTheoChuDe/HonNhan/21-HonNhanTronDoi/03_CamKet_QuyTrong",
      "isVideo": false,
      "url": "hoc-theo-chu-de.hon-nhan.21-hon-nhan-tron-doi.03-cam-ket-quy-trong",
      "name": "03_Cam Kết_Quý Trọng",
      "count": 0,
      "isLeaf": null,
      "keyword": null,
      "hash": "U2FsdGVkX1/1kDf3x7oXQ9HZkwJY5Ms+rXueyyDc0/SSTpDjgpveSD2rfBuD+pUIJIMw3oMZFDxjuSa7i6hZog==",
      "khash": "U2FsdGVkX19imcb2bMmr3jA3lnYEcZYRS7Rbl18BD22phIl91wde9Shzdjtshwp+UZhiEiWTdtxNmvlVnltbZg==",
      "viewCount": null,
      "duration": "30:44",
      "size": 29512251
    },
    {
      "id": "67a25d3c-d38c-4b04-96ab-b73a724964f8",
      "pid": "7809c854-d6dc-4c3e-a329-5b590a4bf91b",
      "dblevel": 5,
      "location": "/VGMA/HocTheoChuDe/HonNhan/21-HonNhanTronDoi/04_ThaThu",
      "isVideo": false,
      "url": "hoc-theo-chu-de.hon-nhan.21-hon-nhan-tron-doi.04-tha-thu",
      "name": "04_Tha Thứ",
      "count": 0,
      "isLeaf": null,
      "keyword": null,
      "hash": "U2FsdGVkX1/nvgJCLf9GTSGfBLP93NWQ7rlpBz8wzNHwLaTuOSMhi8u5Qkw4uY4tkwObkNcbHkkdLO2QicdDxA==",
      "khash": null,
      "viewCount": null,
      "duration": "32:0",
      "size": 30735617
    },
    {
      "id": "cb446749-c83e-415e-aea3-fb7e82abcfb3",
      "pid": "7809c854-d6dc-4c3e-a329-5b590a4bf91b",
      "dblevel": 5,
      "location": "/VGMA/HocTheoChuDe/HonNhan/21-HonNhanTronDoi/05_ThaThu(tt)_VangPhuc",
      "isVideo": false,
      "url": "hoc-theo-chu-de.hon-nhan.21-hon-nhan-tron-doi.05-tha-thu-tt-vang-phuc",
      "name": "05_Tha Thứ (tt)_Vâng Phục",
      "count": 0,
      "isLeaf": null,
      "keyword": null,
      "hash": "U2FsdGVkX1/Y/1jr6pzvNKL+lQgXrw9k6gpExc9Bf7zxj95UUvemQVms4YGHToPMoWwW0rdjRbmL4pNr1t1Wcg==",
      "khash": "U2FsdGVkX1+BRBITfNkLhiR3toE4LCPTY/YbCJqerCx4ewvMwT92ba9jcJTtw1XLErf5Fn4MJnajCKz/GClA8g==",
      "viewCount": null,
      "duration": "31:6",
      "size": 29857485
    },
    {
      "id": "c55224c3-bcff-4f97-afe2-426cdb66d411",
      "pid": "7809c854-d6dc-4c3e-a329-5b590a4bf91b",
      "dblevel": 5,
      "location": "/VGMA/HocTheoChuDe/HonNhan/21-HonNhanTronDoi/06_VangPhuc(tt)",
      "isVideo": false,
      "url": "hoc-theo-chu-de.hon-nhan.21-hon-nhan-tron-doi.06-vang-phuc-tt-",
      "name": "06_Vâng Phục(tt)",
      "count": 0,
      "isLeaf": null,
      "keyword": null,
      "hash": "U2FsdGVkX1+vONwqYDtOtW0o1ih7a0MSctP/yRA9csy/aH3A5kf5vnmzVvbTD/WO+nwd9I8uIxAtKw68WNC3DQ==",
      "khash": null,
      "viewCount": null,
      "duration": "31:48",
      "size": 30532489
    },
    {
      "id": "0e98b337-ee05-4d7e-9e5b-f3a5e6d485c1",
      "pid": "7809c854-d6dc-4c3e-a329-5b590a4bf91b",
      "dblevel": 5,
      "location": "/VGMA/HocTheoChuDe/HonNhan/21-HonNhanTronDoi/07_ChungThuy",
      "isVideo": false,
      "url": "hoc-theo-chu-de.hon-nhan.21-hon-nhan-tron-doi.07-chung-thuy",
      "name": "07_Chung Thủy",
      "count": 0,
      "isLeaf": null,
      "keyword": null,
      "hash": "U2FsdGVkX18UQ1pYV/0RDkd1aTkYhMpxjaP777+VTHFu6LsCw8Z7ENKhGhodKdTUvwIRNRUu0yrx0Cu+CS/v1w==",
      "khash": null,
      "viewCount": null,
      "duration": "29:26",
      "size": 28258791
    },
    {
      "id": "93988789-1845-4ade-955e-f05ce667d608",
      "pid": "7809c854-d6dc-4c3e-a329-5b590a4bf91b",
      "dblevel": 5,
      "location": "/VGMA/HocTheoChuDe/HonNhan/21-HonNhanTronDoi/08_ChungThuy(tt)",
      "isVideo": false,
      "url": "hoc-theo-chu-de.hon-nhan.21-hon-nhan-tron-doi.08-chung-thuy-tt-",
      "name": "08_Chung Thủy(tt)",
      "count": 0,
      "isLeaf": null,
      "keyword": null,
      "hash": "U2FsdGVkX18CuR5/q+5j4o8yAmClMIq/3LzPHH89C6Hy3IfjwKqf7PcsBGopYCMEbotZBeAXF6w7Ft8jp8j/0w==",
      "khash": "U2FsdGVkX1+c8nDkC6u3CKuqZCCQd+u0N8fEfgdm9u0YRDtCOsmC0OLUNID2RjkymdJ6V0yIuk7BYYyGMoMDbQ==",
      "viewCount": null,
      "duration": "30:43",
      "size": 29501384
    },
    {
      "id": "a33389ff-8b65-438d-b5d2-e11eb5ef7612",
      "pid": "7809c854-d6dc-4c3e-a329-5b590a4bf91b",
      "dblevel": 5,
      "location": "/VGMA/HocTheoChuDe/HonNhan/21-HonNhanTronDoi/09_NhinVeMotHuong",
      "isVideo": false,
      "url": "hoc-theo-chu-de.hon-nhan.21-hon-nhan-tron-doi.09-nhin-ve-mot-huong",
      "name": "09_Nhìn Về Một Hướng",
      "count": 0,
      "isLeaf": null,
      "keyword": null,
      "hash": "U2FsdGVkX19vCD4elq94XRGI2hxp4m9k6zhOSZ3yFGNK52QspKKyehFVA523x+M+swd4UQ+vi21IiJ98iUbtGQ==",
      "khash": null,
      "viewCount": null,
      "duration": "28:21",
      "size": 27226014
    },
    {
      "id": "fd0acb3d-3b1e-409b-8306-db509f4ec09e",
      "pid": "7809c854-d6dc-4c3e-a329-5b590a4bf91b",
      "dblevel": 5,
      "location": "/VGMA/HocTheoChuDe/HonNhan/21-HonNhanTronDoi/10_NhinVeMotHuong",
      "isVideo": false,
      "url": "hoc-theo-chu-de.hon-nhan.21-hon-nhan-tron-doi.10-nhin-ve-mot-huong",
      "name": "10_Nhìn Về Một Hướng",
      "count": 0,
      "isLeaf": null,
      "keyword": null,
      "hash": "U2FsdGVkX1+afFah4PgThWcZ6JrnqBCKb8+vHk24AWjlrf2+tA13Y61td0oBzc8k6cKjw0inSx7/F0zPi1JGxg==",
      "khash": "U2FsdGVkX1/+Ux3p+brZvPmYTF/DYnWRYsPtF4+H6VqYRiPytC03XPlQb23cEC+NnnPOpk/2j9RIItJviZqvtQ==",
      "viewCount": null,
      "duration": "26:4",
      "size": 25027131
    }
  ]
}