{
  "id": "07af5520-d4d3-4534-a71d-760fd2726d10",
  "pid": "d45d630a-2836-4e61-a069-b442f2b63989",
  "dblevel": 3,
  "location": "/VGMA/HocKinhThanhTheoSach/36.So-pho-niTHTK",
  "isVideo": false,
  "url": "hoc-kinh-thanh-theo-sach.36--so-pho-ni-thtk",
  "name": "36. Sô-phô-ni THTK",
  "count": 6,
  "isLeaf": true,
  "keyword": null,
  "hash": null,
  "khash": null,
  "viewCount": null,
  "duration": null,
  "size": null,
  "children": [
    {
      "id": "bf2fa2dd-c519-4935-91fb-0f57f178aa04",
      "pid": "07af5520-d4d3-4534-a71d-760fd2726d10",
      "dblevel": 4,
      "location": "/VGMA/HocKinhThanhTheoSach/36.So-pho-niTHTK/01_So-pho-ni00",
      "isVideo": false,
      "url": "hoc-kinh-thanh-theo-sach.36--so-pho-ni-thtk.01-so-pho-ni00",
      "name": "01_Sô-phô-ni00",
      "count": 0,
      "isLeaf": null,
      "keyword": null,
      "hash": "U2FsdGVkX19z9OTXfm85jr15f/JyyGqFRvwAmVwbK67Pn8t2bWDuzYeGgXAgMtHtzbDgRMbIxp4XDVNomDNLAA==",
      "khash": "U2FsdGVkX18HwlJRGsuNzNF9DfCVX1g2CIxL/VRMUIjKi4CtX/C0U3Kn6yRPUaI5hvgKGeEYv9l2AwkNIMX/nA==",
      "viewCount": null,
      "duration": "25:8",
      "size": 24128182
    },
    {
      "id": "4b55b1b5-1a7d-4c99-9358-3b9d2aafc78e",
      "pid": "07af5520-d4d3-4534-a71d-760fd2726d10",
      "dblevel": 4,
      "location": "/VGMA/HocKinhThanhTheoSach/36.So-pho-niTHTK/02_So-pho-ni01a",
      "isVideo": false,
      "url": "hoc-kinh-thanh-theo-sach.36--so-pho-ni-thtk.02-so-pho-ni01a",
      "name": "02_Sô-phô-ni01a",
      "count": 0,
      "isLeaf": null,
      "keyword": null,
      "hash": "U2FsdGVkX1/XVy+BalqPqCrRGMNBHcVYWXL44Yh8XzRttwfMjdwiCv50PD5CeNKl7RF2sm3X4Q07JCyFq3bDFQ==",
      "khash": "U2FsdGVkX1/FfCBqiEVx1z4kVGxs74l0knfY7GXEWrxqQ26Ksh/ltCVwTvdqwcawiLTDKmSIMrzMw8mj8aGcmQ==",
      "viewCount": null,
      "duration": "27:30",
      "size": 26409375
    },
    {
      "id": "a226668f-2c45-4112-8c57-13102281c20e",
      "pid": "07af5520-d4d3-4534-a71d-760fd2726d10",
      "dblevel": 4,
      "location": "/VGMA/HocKinhThanhTheoSach/36.So-pho-niTHTK/03_So-pho-ni01b",
      "isVideo": false,
      "url": "hoc-kinh-thanh-theo-sach.36--so-pho-ni-thtk.03-so-pho-ni01b",
      "name": "03_Sô-phô-ni01b",
      "count": 0,
      "isLeaf": null,
      "keyword": null,
      "hash": "U2FsdGVkX1+cN/Tl1Qtt90JvaH4gI/aPIgRb3ClkMyRT7NU7UuztF20h7aFsvzbu62qKqWccMRXsrJWI8kSefQ==",
      "khash": "U2FsdGVkX187Pq+b+j7OMYClqLvDixcnB9Shv6eVAkjNAf5ZiMPGMCXSbnDHH1Uqu2DgoHO2YAHMuaHCkl9QbQ==",
      "viewCount": null,
      "duration": "28:33",
      "size": 27420447
    },
    {
      "id": "073b8db3-bcca-44d3-816f-cfedb9658050",
      "pid": "07af5520-d4d3-4534-a71d-760fd2726d10",
      "dblevel": 4,
      "location": "/VGMA/HocKinhThanhTheoSach/36.So-pho-niTHTK/04_So-pho-ni02a",
      "isVideo": false,
      "url": "hoc-kinh-thanh-theo-sach.36--so-pho-ni-thtk.04-so-pho-ni02a",
      "name": "04_Sô-phô-ni02a",
      "count": 0,
      "isLeaf": null,
      "keyword": null,
      "hash": "U2FsdGVkX1/1ml9gWrtevhlWWiLk1LQHtTEKzMaAlgfWtrVKcDQvFVpwMS2raBs40LsQiDhjhzEK0R1KCsGAOQ==",
      "khash": "U2FsdGVkX1/SX9xLazYlX12pQrw19jwxMI50CgpHGh0UwYTaNMgRGyVhf4XWvNf0pB8vX99pL5EsPkMtXF6U9A==",
      "viewCount": null,
      "duration": "28:0",
      "size": 26893512
    },
    {
      "id": "c684fe8c-927f-4d66-88d1-136673f46b80",
      "pid": "07af5520-d4d3-4534-a71d-760fd2726d10",
      "dblevel": 4,
      "location": "/VGMA/HocKinhThanhTheoSach/36.So-pho-niTHTK/05_So-pho-ni02b-03a",
      "isVideo": false,
      "url": "hoc-kinh-thanh-theo-sach.36--so-pho-ni-thtk.05-so-pho-ni02b-03a",
      "name": "05_Sô-phô-ni02b-03a",
      "count": 0,
      "isLeaf": null,
      "keyword": null,
      "hash": "U2FsdGVkX18zGxP+ISbQKufS5Ec68X6V5SKL8eR1RXt7PNrrTJ2v4eaG/szRH9xEunPGuTzya3H9IsUXBdwOlQ==",
      "khash": "U2FsdGVkX18M0tk+7h0WCKMetJC73ldmQzs6GLtEaNq4Ca4ajpVaSV7lhQ1hPkG4S0jUn4uw/mCszurOAtCpAw==",
      "viewCount": null,
      "duration": "26:13",
      "size": 25171831
    },
    {
      "id": "02ec57c5-ff3b-4008-ab93-9304f8aa0d5d",
      "pid": "07af5520-d4d3-4534-a71d-760fd2726d10",
      "dblevel": 4,
      "location": "/VGMA/HocKinhThanhTheoSach/36.So-pho-niTHTK/06_So-pho-ni03b",
      "isVideo": false,
      "url": "hoc-kinh-thanh-theo-sach.36--so-pho-ni-thtk.06-so-pho-ni03b",
      "name": "06_Sô-phô-ni03b",
      "count": 0,
      "isLeaf": null,
      "keyword": null,
      "hash": "U2FsdGVkX183645ewa6xgCiEnllt8EeGRdHFOOjNYEwoc83LwThAnBGjRsH5h/KMkdHSbkYbIg3HoJBdTWCzqA==",
      "khash": "U2FsdGVkX181EF7AIxjJKbFLluG3TodiCp/sNprlifzGJgcjIVAM6jRjUv4FHEw7RyXafMCpIIC7DLFSQG0VjA==",
      "viewCount": null,
      "duration": "26:25",
      "size": 25373130
    }
  ]
}