{
  "id": "d62b5786-60f3-4a76-b924-fdcb16c1100b",
  "pid": "d45d630a-2836-4e61-a069-b442f2b63989",
  "dblevel": 3,
  "location": "/VGMA/HocKinhThanhTheoSach/30.A-motTHTK",
  "isVideo": false,
  "url": "hoc-kinh-thanh-theo-sach.30--a-mot-thtk",
  "name": "30. A-mốt THTK",
  "count": 13,
  "isLeaf": true,
  "keyword": null,
  "hash": null,
  "khash": null,
  "viewCount": null,
  "duration": null,
  "size": null,
  "children": [
    {
      "id": "8215148d-e24d-42a9-b77e-3088c78ff09c",
      "pid": "d62b5786-60f3-4a76-b924-fdcb16c1100b",
      "dblevel": 4,
      "location": "/VGMA/HocKinhThanhTheoSach/30.A-motTHTK/01_A-mot00a",
      "isVideo": false,
      "url": "hoc-kinh-thanh-theo-sach.30--a-mot-thtk.01-a-mot00a",
      "name": "01_A-mốt00a",
      "count": 0,
      "isLeaf": null,
      "keyword": null,
      "hash": "U2FsdGVkX1918GXtStNJMYMKXehupyi693VMvvx8XVVghxCBhAwEm/NujWsR/5GnXFFn2IGG88W8PdeEFwwE3A==",
      "khash": null,
      "viewCount": null,
      "duration": "29:18",
      "size": 28130980
    },
    {
      "id": "b491a61f-43d6-4dbc-b1e2-38b36eb1bd13",
      "pid": "d62b5786-60f3-4a76-b924-fdcb16c1100b",
      "dblevel": 4,
      "location": "/VGMA/HocKinhThanhTheoSach/30.A-motTHTK/02_A-mot00b",
      "isVideo": false,
      "url": "hoc-kinh-thanh-theo-sach.30--a-mot-thtk.02-a-mot00b",
      "name": "02_A-mốt00b",
      "count": 0,
      "isLeaf": null,
      "keyword": null,
      "hash": "U2FsdGVkX1/6Qay3h4BbaagOzRcUIuUIr0fyvfW+xrV295aswieKVVeNBJQdHZjZQbGbGVzMj4Izq4+G1dd6SA==",
      "khash": null,
      "viewCount": null,
      "duration": "26:57",
      "size": 25880270
    },
    {
      "id": "bb2cb220-8d91-43a8-bf86-319e66a97e29",
      "pid": "d62b5786-60f3-4a76-b924-fdcb16c1100b",
      "dblevel": 4,
      "location": "/VGMA/HocKinhThanhTheoSach/30.A-motTHTK/03_A-mot01-02a",
      "isVideo": false,
      "url": "hoc-kinh-thanh-theo-sach.30--a-mot-thtk.03-a-mot01-02a",
      "name": "03_A-mốt01-02a",
      "count": 0,
      "isLeaf": null,
      "keyword": null,
      "hash": "U2FsdGVkX18TpIETQRzdBa+6PEKi7gYlOh6MAE4wznt1UIO/vcT2Y/yUCNsHv9ghtCW78l8JDZBvyTc07B+AXg==",
      "khash": null,
      "viewCount": null,
      "duration": "25:45",
      "size": 24720854
    },
    {
      "id": "c9b10214-7ad1-4bd6-823e-d1a028ee9873",
      "pid": "d62b5786-60f3-4a76-b924-fdcb16c1100b",
      "dblevel": 4,
      "location": "/VGMA/HocKinhThanhTheoSach/30.A-motTHTK/04_A-mot02b",
      "isVideo": false,
      "url": "hoc-kinh-thanh-theo-sach.30--a-mot-thtk.04-a-mot02b",
      "name": "04_A-mốt02b",
      "count": 0,
      "isLeaf": null,
      "keyword": null,
      "hash": "U2FsdGVkX1+H9uO18QtMGONqkHLtryC1MAUru9IR/7qKjogiY4wuMuPNMFUBUdsDUN/FYd9SNnXtNRZwGj/yGQ==",
      "khash": null,
      "viewCount": null,
      "duration": "27:9",
      "size": 26070859
    },
    {
      "id": "40038082-12a6-4871-80b2-606b9bd47fd8",
      "pid": "d62b5786-60f3-4a76-b924-fdcb16c1100b",
      "dblevel": 4,
      "location": "/VGMA/HocKinhThanhTheoSach/30.A-motTHTK/05_A-mot02c-03a",
      "isVideo": false,
      "url": "hoc-kinh-thanh-theo-sach.30--a-mot-thtk.05-a-mot02c-03a",
      "name": "05_A-mốt02c-03a",
      "count": 0,
      "isLeaf": null,
      "keyword": null,
      "hash": "U2FsdGVkX1+JefSK1oK+WtyPUd6nUFxSB+S6OxTUKaUv2lkJGDSf5vueZXf+P9trBi7GbgK6qY8xDZ0C0sfLjw==",
      "khash": null,
      "viewCount": null,
      "duration": "26:53",
      "size": 25809639
    },
    {
      "id": "d5ba07b7-2ae0-42d0-8858-3a3cb9629641",
      "pid": "d62b5786-60f3-4a76-b924-fdcb16c1100b",
      "dblevel": 4,
      "location": "/VGMA/HocKinhThanhTheoSach/30.A-motTHTK/06_A-mot03b-04a",
      "isVideo": false,
      "url": "hoc-kinh-thanh-theo-sach.30--a-mot-thtk.06-a-mot03b-04a",
      "name": "06_A-mốt03b-04a",
      "count": 0,
      "isLeaf": null,
      "keyword": null,
      "hash": "U2FsdGVkX1/2poAhIKKin9agDva6UjogNmannYYEIr0QbuYNGuA7dXVU64lx7bnRONgjBv6o7gFtmEGysPorDw==",
      "khash": null,
      "viewCount": null,
      "duration": "29:32",
      "size": 28352502
    },
    {
      "id": "27ed62d0-b3f5-4720-b151-4ab4ec31504f",
      "pid": "d62b5786-60f3-4a76-b924-fdcb16c1100b",
      "dblevel": 4,
      "location": "/VGMA/HocKinhThanhTheoSach/30.A-motTHTK/07_A-mot04b",
      "isVideo": false,
      "url": "hoc-kinh-thanh-theo-sach.30--a-mot-thtk.07-a-mot04b",
      "name": "07_A-mốt04b",
      "count": 0,
      "isLeaf": null,
      "keyword": null,
      "hash": "U2FsdGVkX19RnX1kuAnIjeXn1tlwwtWKt7Sj7KhXRu6uB1N+leDJSQdaeWVlU6Dc7FXUv6FoO7wFpVXi0TwH7w==",
      "khash": null,
      "viewCount": null,
      "duration": "28:4",
      "size": 26954425
    },
    {
      "id": "a298f27e-4439-4d78-9b55-8961a36799f2",
      "pid": "d62b5786-60f3-4a76-b924-fdcb16c1100b",
      "dblevel": 4,
      "location": "/VGMA/HocKinhThanhTheoSach/30.A-motTHTK/08_A-mot05a",
      "isVideo": false,
      "url": "hoc-kinh-thanh-theo-sach.30--a-mot-thtk.08-a-mot05a",
      "name": "08_A-mốt05a",
      "count": 0,
      "isLeaf": null,
      "keyword": null,
      "hash": "U2FsdGVkX1/jq21b/+yc72mrD4WPZs+0PW5kbU5JenfM99HF4NLLjGTG6h//07hE6DifrRLvfXZC04QX02ZAiw==",
      "khash": null,
      "viewCount": null,
      "duration": "27:29",
      "size": 26396449
    },
    {
      "id": "594c531f-b998-4f7e-8854-1adc0a7d95a4",
      "pid": "d62b5786-60f3-4a76-b924-fdcb16c1100b",
      "dblevel": 4,
      "location": "/VGMA/HocKinhThanhTheoSach/30.A-motTHTK/09_A-mot05b",
      "isVideo": false,
      "url": "hoc-kinh-thanh-theo-sach.30--a-mot-thtk.09-a-mot05b",
      "name": "09_A-mốt05b",
      "count": 0,
      "isLeaf": null,
      "keyword": null,
      "hash": "U2FsdGVkX18NYqN//ZYS7tTKZSI4RZiLYYgJkhUzfb4GQCyRAiIEnQttUzMkI0JjUcJmrJrz1YhRkVa5k2qe0Q==",
      "khash": null,
      "viewCount": null,
      "duration": "27:14",
      "size": 26156541
    },
    {
      "id": "65cbfb54-cf8f-4e7c-8ea9-420bac2055c8",
      "pid": "d62b5786-60f3-4a76-b924-fdcb16c1100b",
      "dblevel": 4,
      "location": "/VGMA/HocKinhThanhTheoSach/30.A-motTHTK/10_A-mot06a",
      "isVideo": false,
      "url": "hoc-kinh-thanh-theo-sach.30--a-mot-thtk.10-a-mot06a",
      "name": "10_A-mốt06a",
      "count": 0,
      "isLeaf": null,
      "keyword": null,
      "hash": "U2FsdGVkX1/7giS5tnIr3rHBEzGTXhdfwwfwAR1cvHJ2VwX0T5CHgUD6PURHC5xwjI4J0wzauv3buUeGXdj38g==",
      "khash": null,
      "viewCount": null,
      "duration": "28:29",
      "size": 27358173
    },
    {
      "id": "fc70fca7-cbeb-476b-a768-70655f4f5038",
      "pid": "d62b5786-60f3-4a76-b924-fdcb16c1100b",
      "dblevel": 4,
      "location": "/VGMA/HocKinhThanhTheoSach/30.A-motTHTK/11_A-mot06b-07",
      "isVideo": false,
      "url": "hoc-kinh-thanh-theo-sach.30--a-mot-thtk.11-a-mot06b-07",
      "name": "11_A-mốt06b-07",
      "count": 0,
      "isLeaf": null,
      "keyword": null,
      "hash": "U2FsdGVkX19rNtQ2Gw58KIrdDx9L2TgMocC8UD1nxQ+G2huJo6kH/vORxm7jjDwvHAbphXUCgex5a9DYiVwiAg==",
      "khash": null,
      "viewCount": null,
      "duration": "28:49",
      "size": 27669138
    },
    {
      "id": "8e651614-f34c-49f1-8c5a-f7ddec129344",
      "pid": "d62b5786-60f3-4a76-b924-fdcb16c1100b",
      "dblevel": 4,
      "location": "/VGMA/HocKinhThanhTheoSach/30.A-motTHTK/12_A-mot08",
      "isVideo": false,
      "url": "hoc-kinh-thanh-theo-sach.30--a-mot-thtk.12-a-mot08",
      "name": "12_A-mốt08",
      "count": 0,
      "isLeaf": null,
      "keyword": null,
      "hash": "U2FsdGVkX19X14nAeMYgUS1rrTipgyPLum4TtCYEqaCOQSS/y+EUz+IlbNf+aGJXTDNtA9L9UwSrY7tALKYjYw==",
      "khash": null,
      "viewCount": null,
      "duration": "30:32",
      "size": 29326760
    },
    {
      "id": "32fbb63b-5176-40c4-8a60-12214408a1fc",
      "pid": "d62b5786-60f3-4a76-b924-fdcb16c1100b",
      "dblevel": 4,
      "location": "/VGMA/HocKinhThanhTheoSach/30.A-motTHTK/13_A-mot09",
      "isVideo": false,
      "url": "hoc-kinh-thanh-theo-sach.30--a-mot-thtk.13-a-mot09",
      "name": "13_A-mốt09",
      "count": 0,
      "isLeaf": null,
      "keyword": null,
      "hash": "U2FsdGVkX1+8Z0QRY7WgXOT9KYKQFbRe6X8Do9w5hV9l0V5ALXNMATuEIQtFbg+90bVmY6a5KGo4VyYJvgZVpQ==",
      "khash": null,
      "viewCount": null,
      "duration": "28:35",
      "size": 27455557
    }
  ]
}