{
  "id": "997ec435-cbb5-4fec-b22f-3f6984e23a6f",
  "pid": "1f1315c0-1659-42c8-8c11-6a4a051692ae",
  "dblevel": 4,
  "location": "/VGMA/HocTheoChuDe/HonNhan/02-DacDiemGiaDinhVungManh",
  "isVideo": false,
  "url": "hoc-theo-chu-de.hon-nhan.02-dac-diem-gia-dinh-vung-manh",
  "name": "02-Đặc Điểm Gia Đình Vững Mạnh",
  "count": 2,
  "isLeaf": true,
  "keyword": null,
  "hash": null,
  "khash": null,
  "viewCount": null,
  "duration": null,
  "size": null,
  "children": [
    {
      "id": "6bf44b2b-963b-4a22-a9c2-1c0c33966de7",
      "pid": "997ec435-cbb5-4fec-b22f-3f6984e23a6f",
      "dblevel": 5,
      "location": "/VGMA/HocTheoChuDe/HonNhan/02-DacDiemGiaDinhVungManh/01_CoTinhThuong-KiLuat-OnDinh",
      "isVideo": false,
      "url": "hoc-theo-chu-de.hon-nhan.02-dac-diem-gia-dinh-vung-manh.01-co-tinh-thuong-ki-luat-on-dinh",
      "name": "01_Có Tình Thương - Kỉ Luật - Ổn Định",
      "count": 0,
      "isLeaf": null,
      "keyword": null,
      "hash": "U2FsdGVkX1+/SIdAWA1tn6jhvu0uQaqNXXcgVh/5po87jhyTShg87nsXnT/uULxypS7fCpVPAix8sr096vyIZA==",
      "khash": "U2FsdGVkX1+MxQ12Ug+2Ld6fxDZCnnaunwnYRWLu6YTbxyNk8vUKmydT/FWwM882TxUfuOCHXpAstai3R8izUQ==",
      "viewCount": null,
      "duration": "35:39",
      "size": 34235190
    },
    {
      "id": "f6ff1fbf-6d9e-45c2-8e79-0009ba21def4",
      "pid": "997ec435-cbb5-4fec-b22f-3f6984e23a6f",
      "dblevel": 5,
      "location": "/VGMA/HocTheoChuDe/HonNhan/02-DacDiemGiaDinhVungManh/02_VaiTroCuaChaMe",
      "isVideo": false,
      "url": "hoc-theo-chu-de.hon-nhan.02-dac-diem-gia-dinh-vung-manh.02-vai-tro-cua-cha-me",
      "name": "02_Vai Trò Của Cha Mẹ",
      "count": 0,
      "isLeaf": null,
      "keyword": null,
      "hash": "U2FsdGVkX18UhMuytQM21vdjDLyW5c43NQBkWflsmNAAYZlIK0j36q+/FK+pyKg0XvXfVhxcjV7soTYyhJSl+A==",
      "khash": "U2FsdGVkX19U3+3CwSvzExrb/cBsO9E7D/H63P5MtnY3AdhphyibIxZuitT7l2RR1ZmoG3M5xHuZm2y5J76BJg==",
      "viewCount": null,
      "duration": "34:15",
      "size": 32889075
    }
  ]
}