{
  "id": "c2284760-03b2-40a5-a7c3-6e0cad6de00d",
  "pid": "d45d630a-2836-4e61-a069-b442f2b63989",
  "dblevel": 3,
  "location": "/VGMA/HocKinhThanhTheoSach/48.Ga-li-tiLHP2",
  "isVideo": false,
  "url": "hoc-kinh-thanh-theo-sach.48--ga-li-ti-lhp-2",
  "name": "48. Ga-li-ti LHP 2",
  "count": 19,
  "isLeaf": true,
  "keyword": null,
  "hash": null,
  "khash": null,
  "viewCount": null,
  "duration": null,
  "size": null,
  "children": [
    {
      "id": "25a80d66-057d-470b-9654-5acd1be0e760",
      "pid": "c2284760-03b2-40a5-a7c3-6e0cad6de00d",
      "dblevel": 4,
      "location": "/VGMA/HocKinhThanhTheoSach/48.Ga-li-tiLHP2/Ga00_TuDoThatVaCoHoiVietThu",
      "isVideo": false,
      "url": "hoc-kinh-thanh-theo-sach.48--ga-li-ti-lhp-2.ga00-tu-do-that-va-co-hoi-viet-thu",
      "name": "Ga00_Tự Do Thật Và Cơ Hội Viết Thư",
      "count": 0,
      "isLeaf": null,
      "keyword": null,
      "hash": "U2FsdGVkX1/lWC6nkeatOEIC1i1YOUPmLFRSXr2IrcXyyMgd8nGrmupMVZ2jye2x1/1wiKfsjOPrrKhCdoINlQ==",
      "khash": null,
      "viewCount": null,
      "duration": "21:47",
      "size": 20922372
    },
    {
      "id": "102bd1e0-d508-4800-9f7c-4ffc9d411a3e",
      "pid": "c2284760-03b2-40a5-a7c3-6e0cad6de00d",
      "dblevel": 4,
      "location": "/VGMA/HocKinhThanhTheoSach/48.Ga-li-tiLHP2/Ga01_LuanDeVaNoiDungCuaThuGa-la-ti",
      "isVideo": false,
      "url": "hoc-kinh-thanh-theo-sach.48--ga-li-ti-lhp-2.ga01-luan-de-va-noi-dung-cua-thu-ga-la-ti",
      "name": "Ga01_Luận Đề Và Nội Dung Của Thư Ga-la-ti",
      "count": 0,
      "isLeaf": null,
      "keyword": null,
      "hash": "U2FsdGVkX196Ql03WziUvpfpvKW/BMa+nEyU17C8E1+MepJ7t2XIQYXrBXQ/ZEVfXsDbDCUbSuZWdaKmxWSU2w==",
      "khash": "U2FsdGVkX19fm8yvlrpGypg+SCwsuRubrCe87tgKJSiEJ2vNTP5iKZz0mdxnHOzS9ud68xKMuafRIKk6q0FHsw==",
      "viewCount": null,
      "duration": "22:23",
      "size": 21497619
    },
    {
      "id": "e0152fb2-55fa-41a1-b6e0-a4a065b52924",
      "pid": "c2284760-03b2-40a5-a7c3-6e0cad6de00d",
      "dblevel": 4,
      "location": "/VGMA/HocKinhThanhTheoSach/48.Ga-li-tiLHP2/Ga02_TacGiaThuGa-la-ti-P1",
      "isVideo": false,
      "url": "hoc-kinh-thanh-theo-sach.48--ga-li-ti-lhp-2.ga02-tac-gia-thu-ga-la-ti-p1",
      "name": "Ga02_Tác Giả Thư Ga-la-ti-P1",
      "count": 0,
      "isLeaf": null,
      "keyword": null,
      "hash": "U2FsdGVkX18UChvbQJVLUirWaCjzoa6SFfDia7LqQqF+nkI9iXPwsskT8uw5X6yvUB8VVTkbJO3bhbVShHWg+w==",
      "khash": "U2FsdGVkX1/a7jQEdeJcf04+9qJQs0fkQY3eLyI6CjwUya6RcUKwoLE76xqCmnKhdl3lUdEdT30JlLqOWVcdZQ==",
      "viewCount": null,
      "duration": "23:53",
      "size": 22948728
    },
    {
      "id": "d5ee4b1a-d275-43d4-991e-b3fe071783df",
      "pid": "c2284760-03b2-40a5-a7c3-6e0cad6de00d",
      "dblevel": 4,
      "location": "/VGMA/HocKinhThanhTheoSach/48.Ga-li-tiLHP2/Ga03_TacGiaThuGa-la-ti-P2",
      "isVideo": false,
      "url": "hoc-kinh-thanh-theo-sach.48--ga-li-ti-lhp-2.ga03-tac-gia-thu-ga-la-ti-p2",
      "name": "Ga03_Tác Giả Thư Ga-la-ti-P2",
      "count": 0,
      "isLeaf": null,
      "keyword": null,
      "hash": "U2FsdGVkX19v8dWZsXfVNLpfFLogBdOd4CWW73c5mQ5ejrcxmu3LhINUCA1lJ+QEaLK5HxQU9tdtI5acm82L8A==",
      "khash": null,
      "viewCount": null,
      "duration": "22:51",
      "size": 21948408
    },
    {
      "id": "60e8d03a-8ede-40ac-b463-80e9b29fccb3",
      "pid": "c2284760-03b2-40a5-a7c3-6e0cad6de00d",
      "dblevel": 4,
      "location": "/VGMA/HocKinhThanhTheoSach/48.Ga-li-tiLHP2/Ga04_Se-phaVaBa-na-ba",
      "isVideo": false,
      "url": "hoc-kinh-thanh-theo-sach.48--ga-li-ti-lhp-2.ga04-se-pha-va-ba-na-ba",
      "name": "Ga04_Sê-pha Và Ba-na-ba",
      "count": 0,
      "isLeaf": null,
      "keyword": null,
      "hash": "U2FsdGVkX18a3AX3pucQHGe7igTgHJNWCsFbCLKDDcMPWJU3H/tpQFXfb0olJnd2DMjl7hhQoEMR72Q5FaIyOg==",
      "khash": "U2FsdGVkX1/laA8fY+H50qDlamMC78H/eVShc4cUYoAsKzf2jO9ZiiVa3fICkAs1gD/xwr6xIMnkadYTMrF+lA==",
      "viewCount": null,
      "duration": "24:30",
      "size": 23542853
    },
    {
      "id": "14578020-869a-43bb-9d1e-8e5dbb728595",
      "pid": "c2284760-03b2-40a5-a7c3-6e0cad6de00d",
      "dblevel": 4,
      "location": "/VGMA/HocKinhThanhTheoSach/48.Ga-li-tiLHP2/Ga05_GiangVaTit",
      "isVideo": false,
      "url": "hoc-kinh-thanh-theo-sach.48--ga-li-ti-lhp-2.ga05-giang-va-tit",
      "name": "Ga05_Giăng Và Tít",
      "count": 0,
      "isLeaf": null,
      "keyword": null,
      "hash": "U2FsdGVkX1/0H5AJJHb0wKsH2hE0/fuLM90syg1DYHWcR4nhm5XH6jL0kuYzDzcIgAmeNNmjoQpzehXsguIg1Q==",
      "khash": "U2FsdGVkX19/8UZCjUZd0NLnov71ZLNOCRjkWHVl3/YUhDW1ao6QPr7pkGYxCfZKlI9bEa6lM9X4zMjJRkr12g==",
      "viewCount": null,
      "duration": "22:57",
      "size": 22052064
    },
    {
      "id": "3244a5c0-0dbc-4260-bee1-84008b9b32dc",
      "pid": "c2284760-03b2-40a5-a7c3-6e0cad6de00d",
      "dblevel": 4,
      "location": "/VGMA/HocKinhThanhTheoSach/48.Ga-li-tiLHP2/Ga06_NepSongCuaNguoiTuDo_HoiThanhGa-la-ti",
      "isVideo": false,
      "url": "hoc-kinh-thanh-theo-sach.48--ga-li-ti-lhp-2.ga06-nep-song-cua-nguoi-tu-do-hoi-thanh-ga-la-ti",
      "name": "Ga06_Nếp Sống Của Người Tự Do_Hội Thánh Ga-la-ti",
      "count": 0,
      "isLeaf": null,
      "keyword": null,
      "hash": "U2FsdGVkX19eg8GfPbfqzc1IFYGsZFm2Ze0q/KRiC73+XBzgwrGlFkxVkCUovHAF25G71vUjGGANPjJuTL0utw==",
      "khash": null,
      "viewCount": null,
      "duration": "24:27",
      "size": 23485206
    },
    {
      "id": "ea622e25-53ae-4f5d-aef4-4e14b37458a5",
      "pid": "c2284760-03b2-40a5-a7c3-6e0cad6de00d",
      "dblevel": 4,
      "location": "/VGMA/HocKinhThanhTheoSach/48.Ga-li-tiLHP2/Ga07_TuDoVaNoLe_DucChuaTroiCuaAp-ra-ham",
      "isVideo": false,
      "url": "hoc-kinh-thanh-theo-sach.48--ga-li-ti-lhp-2.ga07-tu-do-va-no-le-duc-chua-troi-cua-ap-ra-ham",
      "name": "Ga07_Tự Do Và Nô Lệ_Đức Chúa Trời Của Áp-ra-ham",
      "count": 0,
      "isLeaf": null,
      "keyword": null,
      "hash": "U2FsdGVkX1+UHaL40Y8e4Hrn1pjVB2e8H6W454fL+CilG3iqCtxiEHQvzhKlfgLYyDko1mYjgyofYbtjaQaF0A==",
      "khash": "U2FsdGVkX1+ro61tjNAWIUN8WyHHDiVVSGoyCbODoeqOhEFhVORtw71pxs1qhCjLhx+4ATZS/e76ED6UONxAHA==",
      "viewCount": null,
      "duration": "23:49",
      "size": 22876551
    },
    {
      "id": "36b36235-fa46-4d1f-ac18-06b6449ad882",
      "pid": "c2284760-03b2-40a5-a7c3-6e0cad6de00d",
      "dblevel": 4,
      "location": "/VGMA/HocKinhThanhTheoSach/48.Ga-li-tiLHP2/Ga08_LuatPhapKhongTheNaoCuuRoiConNguoi_VaiTroCuaLuatPhap",
      "isVideo": false,
      "url": "hoc-kinh-thanh-theo-sach.48--ga-li-ti-lhp-2.ga08-luat-phap-khong-the-nao-cuu-roi-con-nguoi-vai-tro-cua-luat-phap",
      "name": "Ga08_Luật Pháp Không Thể Nào Cứu Rỗi Con Người_Vai Trò Của Luật Pháp",
      "count": 0,
      "isLeaf": null,
      "keyword": null,
      "hash": "U2FsdGVkX185EyWlFJreq2ZcDrHQg38NrrXL0gcSFR3RqFx7hqM6nYX8Vq1tuc96ziwpzT+ETFA8uQoB8jCGeg==",
      "khash": null,
      "viewCount": null,
      "duration": "21:31",
      "size": 20667465
    },
    {
      "id": "cc186b9b-c43a-41a5-afa0-11b784f4320b",
      "pid": "c2284760-03b2-40a5-a7c3-6e0cad6de00d",
      "dblevel": 4,
      "location": "/VGMA/HocKinhThanhTheoSach/48.Ga-li-tiLHP2/Ga09_TuDoCuaNguoiConTruongThanh",
      "isVideo": false,
      "url": "hoc-kinh-thanh-theo-sach.48--ga-li-ti-lhp-2.ga09-tu-do-cua-nguoi-con-truong-thanh",
      "name": "Ga09_Tự Do Của Người Con Trưởng Thành",
      "count": 0,
      "isLeaf": null,
      "keyword": null,
      "hash": "U2FsdGVkX1//2vIcKehr89Sm4h6U6+5n5arq3tx7phUx8ji9c3jvCr6Zek0ogpCzAhNEdTTg89wtQlxmnEfOHw==",
      "khash": null,
      "viewCount": null,
      "duration": "12:53",
      "size": 12379920
    },
    {
      "id": "56083feb-d449-4230-a029-946c3809e694",
      "pid": "c2284760-03b2-40a5-a7c3-6e0cad6de00d",
      "dblevel": 4,
      "location": "/VGMA/HocKinhThanhTheoSach/48.Ga-li-tiLHP2/Ga10_NepSongCuVaMoi",
      "isVideo": false,
      "url": "hoc-kinh-thanh-theo-sach.48--ga-li-ti-lhp-2.ga10-nep-song-cu-va-moi",
      "name": "Ga10_Nếp Sống Cũ Và Mới",
      "count": 0,
      "isLeaf": null,
      "keyword": null,
      "hash": "U2FsdGVkX1/gwGAL3vV3rfpz0wCQoaYr1S0ntIDCLJQSKDRI2KPfwyQ6WrUrIoe1mgKeI+JXaTYBESAa+BYb3A==",
      "khash": null,
      "viewCount": null,
      "duration": "23:11",
      "size": 22275564
    },
    {
      "id": "7cb88a77-3ce1-41b7-b2f7-70613d2e368c",
      "pid": "c2284760-03b2-40a5-a7c3-6e0cad6de00d",
      "dblevel": 4,
      "location": "/VGMA/HocKinhThanhTheoSach/48.Ga-li-tiLHP2/Ga11_KinhNghiemTuDoCuaPhao-lo_HaiGiaoUoc",
      "isVideo": false,
      "url": "hoc-kinh-thanh-theo-sach.48--ga-li-ti-lhp-2.ga11-kinh-nghiem-tu-do-cua-phao-lo-hai-giao-uoc",
      "name": "Ga11_Kinh Nghiệm Tự Do Của Phao-lô_Hai Giao Ước",
      "count": 0,
      "isLeaf": null,
      "keyword": null,
      "hash": "U2FsdGVkX18P2r3aWDJPM2m4dTWtwEdO1QzwI2rOM994YSFegTz6J5v/cY7u+DPin748+aY0fIcd+mg7douJcw==",
      "khash": "U2FsdGVkX1/MtmI7u2W8tOnMMgN0W7PiFDDvaxhkKb+hVh850JCpaThqtXbGH2WT2X1CE/Keo1f2FvM7FqMBdA==",
      "viewCount": null,
      "duration": "22:13",
      "size": 21348648
    },
    {
      "id": "9edca56f-f2fe-4f30-98b5-430d3a255683",
      "pid": "c2284760-03b2-40a5-a7c3-6e0cad6de00d",
      "dblevel": 4,
      "location": "/VGMA/HocKinhThanhTheoSach/48.Ga-li-tiLHP2/Ga12_TrongChuaHayNgoaiChua",
      "isVideo": false,
      "url": "hoc-kinh-thanh-theo-sach.48--ga-li-ti-lhp-2.ga12-trong-chua-hay-ngoai-chua",
      "name": "Ga12_Trong Chúa Hay Ngoài Chúa",
      "count": 0,
      "isLeaf": null,
      "keyword": null,
      "hash": "U2FsdGVkX1+dpht9qYEb8OMBgS/9tMj35bWPgEQB1xto8JN/wunbmosfrOVGewpNqM2wm07KdvBW91N8cluvug==",
      "khash": "U2FsdGVkX1+mutUIbqkRmerONsCjN8F7UwyKkgeYmrdAxJjh+h1fokoqpm9LyahFXLkrn6NltdJfKooLdqbVlA==",
      "viewCount": null,
      "duration": "22:55",
      "size": 22013313
    },
    {
      "id": "36ec765d-953b-47b7-92db-a5519478fa0a",
      "pid": "c2284760-03b2-40a5-a7c3-6e0cad6de00d",
      "dblevel": 4,
      "location": "/VGMA/HocKinhThanhTheoSach/48.Ga-li-tiLHP2/Ga13_DauTranhONoiTam_HanhDongCuaBanTinhCu",
      "isVideo": false,
      "url": "hoc-kinh-thanh-theo-sach.48--ga-li-ti-lhp-2.ga13-dau-tranh-o-noi-tam-hanh-dong-cua-ban-tinh-cu",
      "name": "Ga13_Đấu Tranh Ở Nội Tâm_Hành Động Của Bạn Tình Cũ",
      "count": 0,
      "isLeaf": null,
      "keyword": null,
      "hash": "U2FsdGVkX1+SQ6pyg5/PTRHVe1kbc/vfpjXJ5xH3q6tzbqjLJqAwSN+Rjt40yRYT25STHVChwcu+cYOXSaRuyw==",
      "khash": null,
      "viewCount": null,
      "duration": "23:3",
      "size": 22150062
    },
    {
      "id": "05b8eb22-6fde-4bd3-a497-28d1a41ec2d1",
      "pid": "c2284760-03b2-40a5-a7c3-6e0cad6de00d",
      "dblevel": 4,
      "location": "/VGMA/HocKinhThanhTheoSach/48.Ga-li-tiLHP2/Ga14_TraiThanhLinh_YeuThuongVuiMungBinhAn",
      "isVideo": false,
      "url": "hoc-kinh-thanh-theo-sach.48--ga-li-ti-lhp-2.ga14-trai-thanh-linh-yeu-thuong-vui-mung-binh-an",
      "name": "Ga14_Trái Thánh Linh_Yêu Thương Vui Mừng Bình An",
      "count": 0,
      "isLeaf": null,
      "keyword": null,
      "hash": "U2FsdGVkX19LexGO7mKS3LIUdbkNoXt16nR/4G5aG1WwDyKLWJyfUiN99h2TgVCJ3YlpmbiCPdr1cHWRT3heiA==",
      "khash": "U2FsdGVkX19t0CqLO9ispvTWqgXy9Q0zyetZL2gwE1lKEODxPMBJD7BBu5mv4m5yTGJzN+8TF9mNsYxUtXFRbg==",
      "viewCount": null,
      "duration": "28:10",
      "size": 27052590
    },
    {
      "id": "871a74f9-bc4e-4606-86bf-ee99ae95a8e4",
      "pid": "c2284760-03b2-40a5-a7c3-6e0cad6de00d",
      "dblevel": 4,
      "location": "/VGMA/HocKinhThanhTheoSach/48.Ga-li-tiLHP2/Ga15_TraiThanhLinh_NhanNaiNhanTuThienHao",
      "isVideo": false,
      "url": "hoc-kinh-thanh-theo-sach.48--ga-li-ti-lhp-2.ga15-trai-thanh-linh-nhan-nai-nhan-tu-thien-hao",
      "name": "Ga15_Trái Thánh Linh _Nhẫn Nại Nhân Từ Thiện Hảo",
      "count": 0,
      "isLeaf": null,
      "keyword": null,
      "hash": "U2FsdGVkX1/CzTUGupJ1VCZBIicpH6Hb2iu1a4ca+SdRBzCwrfpRF7X/A45SC2EeP5mWbzmytHvVAWBReb42Bw==",
      "khash": "U2FsdGVkX18Rei5ZG2Bsy9ZdwG8XEcYFm/WX9nGs7GtwFZrZ3LJcKz+uVckoxoL3oOWrTAvmxhfuv4FctV+XHw==",
      "viewCount": null,
      "duration": "34:34",
      "size": 33191595
    },
    {
      "id": "0f0f7ead-c479-43a9-a91d-c8d55af72974",
      "pid": "c2284760-03b2-40a5-a7c3-6e0cad6de00d",
      "dblevel": 4,
      "location": "/VGMA/HocKinhThanhTheoSach/48.Ga-li-tiLHP2/Ga16_TraiThanhLinh_ThanhTinHoaNhaTuChu",
      "isVideo": false,
      "url": "hoc-kinh-thanh-theo-sach.48--ga-li-ti-lhp-2.ga16-trai-thanh-linh-thanh-tin-hoa-nha-tu-chu",
      "name": "Ga16_Trái Thánh Linh_Thành Tín Hòa Nhã Tự Chủ",
      "count": 0,
      "isLeaf": null,
      "keyword": null,
      "hash": "U2FsdGVkX1+AF7VINMnRSn71d0tDJ9IkhYWwWSIqrihpQB+pUtyOcd5MVGZ7UerEJE9RBxsrhRzDHzhI644M2A==",
      "khash": "U2FsdGVkX19uJkR7GWWqDZyBc2er+Pq6Ptwv1Akt6dZTxcj7se5if3FMpV0sgUbzvD7lCHLotp3kyC53zOw3jQ==",
      "viewCount": null,
      "duration": "36:57",
      "size": 35485605
    },
    {
      "id": "99b09164-6ab5-4dc0-bc5d-c45039dd2e41",
      "pid": "c2284760-03b2-40a5-a7c3-6e0cad6de00d",
      "dblevel": 4,
      "location": "/VGMA/HocKinhThanhTheoSach/48.Ga-li-tiLHP2/Ga17_KetLuanBucThu_KhiemTon",
      "isVideo": false,
      "url": "hoc-kinh-thanh-theo-sach.48--ga-li-ti-lhp-2.ga17-ket-luan-buc-thu-khiem-ton",
      "name": "Ga17_Kết Luận Bức Thư_Khiêm Tốn",
      "count": 0,
      "isLeaf": null,
      "keyword": null,
      "hash": "U2FsdGVkX1/bgn8wGFPpAcKMpIT9DF2gWStTYl8EXJtbNGkSv03ohzemOWZgSSCDVf1bpCtHns8m/DpnLHD/iQ==",
      "khash": null,
      "viewCount": null,
      "duration": "24:57",
      "size": 23972868
    },
    {
      "id": "ebe439e2-dfe3-4277-a559-a73f489e8e59",
      "pid": "c2284760-03b2-40a5-a7c3-6e0cad6de00d",
      "dblevel": 4,
      "location": "/VGMA/HocKinhThanhTheoSach/48.Ga-li-tiLHP2/Ga18_GieoVaGat_ThapTuCuaNguoiTuDo",
      "isVideo": false,
      "url": "hoc-kinh-thanh-theo-sach.48--ga-li-ti-lhp-2.ga18-gieo-va-gat-thap-tu-cua-nguoi-tu-do",
      "name": "Ga18_Gieo Và Gặt_Thập Tự Của Người Tự Do",
      "count": 0,
      "isLeaf": null,
      "keyword": null,
      "hash": "U2FsdGVkX1/w2Pa0/CeqQAP1WG0nBzD7+DuCkziek2ZSVJBWGmteedwpWjTgL05TW0j6E8ZDW/MCpb9XeC+/1g==",
      "khash": null,
      "viewCount": null,
      "duration": "22:56",
      "size": 22023318
    }
  ]
}