{
  "id": "82b64f5f-30f8-422d-a3f5-4139c1e7be1c",
  "pid": "e6ba0e06-964b-4f38-abe3-49308863b5fc",
  "dblevel": 3,
  "location": "/VGMA/HocTheoChuDe/SuGiangSinhCuaChuaCuuTheGie-xu",
  "isVideo": false,
  "url": "hoc-theo-chu-de.su-giang-sinh-cua-chua-cuu-the-gie-xu",
  "name": "Sự Giáng Sinh Của Chúa Cứu Thế Giê-xu",
  "count": 15,
  "isLeaf": true,
  "keyword": null,
  "hash": null,
  "khash": null,
  "viewCount": null,
  "duration": null,
  "size": null,
  "children": [
    {
      "id": "99ce8bcf-abf7-49ec-952b-6030ffcc7f6a",
      "pid": "82b64f5f-30f8-422d-a3f5-4139c1e7be1c",
      "dblevel": 4,
      "location": "/VGMA/HocTheoChuDe/SuGiangSinhCuaChuaCuuTheGie-xu/01_Lu013956_ChuaViDaiSangCa",
      "isVideo": false,
      "url": "hoc-theo-chu-de.su-giang-sinh-cua-chua-cuu-the-gie-xu.01-lu013956-chua-vi-dai-sang-ca",
      "name": "01_Lu013956_Chúa Vĩ Đại Sang Cả",
      "count": 0,
      "isLeaf": null,
      "keyword": null,
      "hash": "U2FsdGVkX1+dE7z0lp0CxpdkJ/UeI1GJXlNoEwR9oVTgfukrs2mcHNbH/1WPGK07Ft7TQfIiSA6PUSWkc2lt/g==",
      "khash": "U2FsdGVkX18tnpNFVSNAq414lbRFcfL1+ZWOGltd0Eeqb/VUCqGkt/xWirWxfa6EmUM67/lUyArSvyfuFipM9A==",
      "viewCount": null,
      "duration": "53:39",
      "size": 51524636
    },
    {
      "id": "fe33dd9d-ddea-4f00-8a1e-5ee94cb5abe9",
      "pid": "82b64f5f-30f8-422d-a3f5-4139c1e7be1c",
      "dblevel": 4,
      "location": "/VGMA/HocTheoChuDe/SuGiangSinhCuaChuaCuuTheGie-xu/02_Lu015766_NguoiDonDuong",
      "isVideo": false,
      "url": "hoc-theo-chu-de.su-giang-sinh-cua-chua-cuu-the-gie-xu.02-lu015766-nguoi-don-duong",
      "name": "02_Lu015766_Người Dọn Đường",
      "count": 0,
      "isLeaf": null,
      "keyword": null,
      "hash": "U2FsdGVkX1+vVGgSMELumb1CI+o7nItVOnGnDrroMPGxp1IJhNXf1HBdoyPEK30Q/bgK3iKpF4oM+rVk5FtwVg==",
      "khash": "U2FsdGVkX19pyk4+1Fv4PB98YkhO6uu+DnR4x2l9D0WCOAz/LmLJLb4HRnoQe6Z8tvoUeJc9o5zmM3ewq1F4rw==",
      "viewCount": null,
      "duration": "52:35",
      "size": 50495063
    },
    {
      "id": "49e60ba1-c0ba-4685-ae74-c0a5ca6a78f3",
      "pid": "82b64f5f-30f8-422d-a3f5-4139c1e7be1c",
      "dblevel": 4,
      "location": "/VGMA/HocTheoChuDe/SuGiangSinhCuaChuaCuuTheGie-xu/03_Lu02016780_Benedicus",
      "isVideo": false,
      "url": "hoc-theo-chu-de.su-giang-sinh-cua-chua-cuu-the-gie-xu.03-lu02016780-benedicus",
      "name": "03_Lu02016780_Benedicus",
      "count": 0,
      "isLeaf": null,
      "keyword": null,
      "hash": "U2FsdGVkX1+bKwDCbIKg/N6hEGK4JUx6llBv16RgLE3js65cr+QBJzPQYh7WQ8FyQsXZaN9bGwAmSEUktgpnnQ==",
      "khash": null,
      "viewCount": null,
      "duration": "61:57",
      "size": 59491240
    },
    {
      "id": "c4c0a34a-0b99-45ba-8c83-f2fda4d27ab3",
      "pid": "82b64f5f-30f8-422d-a3f5-4139c1e7be1c",
      "dblevel": 4,
      "location": "/VGMA/HocTheoChuDe/SuGiangSinhCuaChuaCuuTheGie-xu/04_Lu020114_HaiNhiBet-le-hem",
      "isVideo": false,
      "url": "hoc-theo-chu-de.su-giang-sinh-cua-chua-cuu-the-gie-xu.04-lu020114-hai-nhi-bet-le-hem",
      "name": "04_Lu020114_Hài Nhi Bết-lê-hem",
      "count": 0,
      "isLeaf": null,
      "keyword": null,
      "hash": "U2FsdGVkX1+x0Ia+DtxQcjT1fLetVlw/tFcDLuGlFG/iadMFLzR5y1NdU5WHKCh9jx1bvfhCIonVdIXzqBFjVw==",
      "khash": "U2FsdGVkX1/HsqNn/DRXcWKbonW3jJ+TLGRTQ8NNr2Lot31uBCwZOCBMBJd/mNn9N5fgudedRybNEoc4zHKg/w==",
      "viewCount": null,
      "duration": "70:18",
      "size": 67510748
    },
    {
      "id": "49d2a85a-0a9c-44ed-9972-7078210857fb",
      "pid": "82b64f5f-30f8-422d-a3f5-4139c1e7be1c",
      "dblevel": 4,
      "location": "/VGMA/HocTheoChuDe/SuGiangSinhCuaChuaCuuTheGie-xu/05_Lu150103_TinhYeuPhanDinh",
      "isVideo": false,
      "url": "hoc-theo-chu-de.su-giang-sinh-cua-chua-cuu-the-gie-xu.05-lu150103-tinh-yeu-phan-dinh",
      "name": "05_Lu150103_Tình Yêu Phân Định",
      "count": 0,
      "isLeaf": null,
      "keyword": null,
      "hash": "U2FsdGVkX19lbc4jBQvVZkvoj5ijel8gJKlQ36Hbkls6kfgW4HB80KOTgHE1G5fXu3LUTfDzdLxPGsbO38Mtew==",
      "khash": null,
      "viewCount": null,
      "duration": "58:36",
      "size": 56276886
    },
    {
      "id": "ef655a25-9397-4fb1-a87a-47aa1ca7e508",
      "pid": "82b64f5f-30f8-422d-a3f5-4139c1e7be1c",
      "dblevel": 4,
      "location": "/VGMA/HocTheoChuDe/SuGiangSinhCuaChuaCuuTheGie-xu/06_Lu150110_NiemVuiThienThuong",
      "isVideo": false,
      "url": "hoc-theo-chu-de.su-giang-sinh-cua-chua-cuu-the-gie-xu.06-lu150110-niem-vui-thien-thuong",
      "name": "06_Lu150110_Niềm Vui Thiên Thượng",
      "count": 0,
      "isLeaf": null,
      "keyword": null,
      "hash": "U2FsdGVkX1+LM/+lNBGbMD2d9ejC8euakSfMOZ6Y71PEKRQ8Iit/S9H62ZGsF4oTSL4IkBWlpI+yIhAdCMQeLg==",
      "khash": null,
      "viewCount": null,
      "duration": "58:30",
      "size": 56175854
    },
    {
      "id": "30dc9af1-9841-439e-8598-2b5f93984edf",
      "pid": "82b64f5f-30f8-422d-a3f5-4139c1e7be1c",
      "dblevel": 4,
      "location": "/VGMA/HocTheoChuDe/SuGiangSinhCuaChuaCuuTheGie-xu/07_Lu151132_VongTayCha-P1",
      "isVideo": false,
      "url": "hoc-theo-chu-de.su-giang-sinh-cua-chua-cuu-the-gie-xu.07-lu151132-vong-tay-cha-p1",
      "name": "07_Lu151132_Vòng Tay Cha-P1",
      "count": 0,
      "isLeaf": null,
      "keyword": null,
      "hash": "U2FsdGVkX19Ux262M5/rFy90mDMJy4MizCdaZ2VAVmGw1lEm8kh+kvTF6YG0FZkO7O8Nok7RkPQiolso0IJSyA==",
      "khash": "U2FsdGVkX1/5CZ0T/w9+IRwsUP5js6wECcb00j7CUhB3Je/BL5rZriyInbr0KWX33fRj8chQAMfNJc5PebmTzQ==",
      "viewCount": null,
      "duration": "60:17",
      "size": 57890558
    },
    {
      "id": "2c3692a5-39db-425b-a7fa-637ae5a35a37",
      "pid": "82b64f5f-30f8-422d-a3f5-4139c1e7be1c",
      "dblevel": 4,
      "location": "/VGMA/HocTheoChuDe/SuGiangSinhCuaChuaCuuTheGie-xu/08_Lu023952_ConTreConTroi",
      "isVideo": false,
      "url": "hoc-theo-chu-de.su-giang-sinh-cua-chua-cuu-the-gie-xu.08-lu023952-con-tre-con-troi",
      "name": "08_Lu023952_Con Trẻ Con Trời",
      "count": 0,
      "isLeaf": null,
      "keyword": null,
      "hash": "U2FsdGVkX1+cb3ula78bXfZdXNLV1v14p+Ry7UO8qnLcde4/jOj47IqI8T+rIbnZx3FlRkUO7muFMlCX7k8jFg==",
      "khash": null,
      "viewCount": null,
      "duration": "30:58",
      "size": 29746394
    },
    {
      "id": "b08c80e9-478b-4c05-90c6-6f7237d1a9f0",
      "pid": "82b64f5f-30f8-422d-a3f5-4139c1e7be1c",
      "dblevel": 4,
      "location": "/VGMA/HocTheoChuDe/SuGiangSinhCuaChuaCuuTheGie-xu/09_Lu151132_VongTayCha-P2",
      "isVideo": false,
      "url": "hoc-theo-chu-de.su-giang-sinh-cua-chua-cuu-the-gie-xu.09-lu151132-vong-tay-cha-p2",
      "name": "09_Lu151132_Vòng Tay Cha-P2",
      "count": 0,
      "isLeaf": null,
      "keyword": null,
      "hash": "U2FsdGVkX1/sQASv/cGYTKVaWcje3S4S2cDelmPPBAGHeEriCGhfCjtJASsyTf001UfS9i2gMzIN6WRwCCA95A==",
      "khash": null,
      "viewCount": null,
      "duration": "69:36",
      "size": 66838271
    },
    {
      "id": "288bf667-c038-4152-a9b0-129d4ca8247c",
      "pid": "82b64f5f-30f8-422d-a3f5-4139c1e7be1c",
      "dblevel": 4,
      "location": "/VGMA/HocTheoChuDe/SuGiangSinhCuaChuaCuuTheGie-xu/10_Co010108_LeThatPhucAm-P1",
      "isVideo": false,
      "url": "hoc-theo-chu-de.su-giang-sinh-cua-chua-cuu-the-gie-xu.10-co010108-le-that-phuc-am-p1",
      "name": "10_Co010108_Lẽ Thật Phúc Âm-P1",
      "count": 0,
      "isLeaf": null,
      "keyword": null,
      "hash": "U2FsdGVkX1947cb2/cxetL0WZKiC6SJGWeFNtB9cmI9MD6RIKLvq5sExghjz7UNwDquZ2rmCoiqeqpoA/7BSag==",
      "khash": null,
      "viewCount": null,
      "duration": "61:2",
      "size": 58613636
    },
    {
      "id": "3e272450-c90f-4d7e-a43d-041f70781a72",
      "pid": "82b64f5f-30f8-422d-a3f5-4139c1e7be1c",
      "dblevel": 4,
      "location": "/VGMA/HocTheoChuDe/SuGiangSinhCuaChuaCuuTheGie-xu/11_Co010108_LeThatPhucAm-P2.",
      "isVideo": false,
      "url": "hoc-theo-chu-de.su-giang-sinh-cua-chua-cuu-the-gie-xu.11-co010108-le-that-phuc-am-p2-",
      "name": "11_Co010108_Lẽ Thật Phúc Âm-P2 .",
      "count": 0,
      "isLeaf": null,
      "keyword": null,
      "hash": "U2FsdGVkX18tq1A2iJqyzvqUrhuBkeXCXiq68YPhOrNdq0NUGFAIPmXUHlLeC88mSQiaMNytAu9vmdKTkl9OEA==",
      "khash": "U2FsdGVkX1/ojUpv3q7I2zbRW+BA9BBNXyvCqKMpcx/LvhpDf1LsrOdLqGxpFFAvt2aM9GIRlG3Kg06rBet37A==",
      "viewCount": null,
      "duration": "67:29",
      "size": 64795784
    },
    {
      "id": "d3fbaa14-aee8-4009-99e8-6d60ef3596ec",
      "pid": "82b64f5f-30f8-422d-a3f5-4139c1e7be1c",
      "dblevel": 4,
      "location": "/VGMA/HocTheoChuDe/SuGiangSinhCuaChuaCuuTheGie-xu/12_Co010112_CongViecCuaPhucAm-P1",
      "isVideo": false,
      "url": "hoc-theo-chu-de.su-giang-sinh-cua-chua-cuu-the-gie-xu.12-co010112-cong-viec-cua-phuc-am-p1",
      "name": "12_Co010112_Công Việc Của Phúc Âm-P1",
      "count": 0,
      "isLeaf": null,
      "keyword": null,
      "hash": "U2FsdGVkX1+JY/FZnCgQxSIrorQ+WmIvjaJ97/J+gvUUXnyd0UviDHHhviiyhfKwc8Ka/ecr7+LY9m4V26kLwA==",
      "khash": "U2FsdGVkX1/cEfDBCDSctCZpMGhEQt4vB/9CsaT6p3hKPahVuxrUT/ordJwUJQXerROZ8E1RCKwBNu++55xEqw==",
      "viewCount": null,
      "duration": "54:56",
      "size": 52755173
    },
    {
      "id": "25c3aa0f-1dd1-4d9a-8a5c-f8a7296f4ac1",
      "pid": "82b64f5f-30f8-422d-a3f5-4139c1e7be1c",
      "dblevel": 4,
      "location": "/VGMA/HocTheoChuDe/SuGiangSinhCuaChuaCuuTheGie-xu/13_Co010112_CongViecCuaPhucAm-P2",
      "isVideo": false,
      "url": "hoc-theo-chu-de.su-giang-sinh-cua-chua-cuu-the-gie-xu.13-co010112-cong-viec-cua-phuc-am-p2",
      "name": "13_Co010112_Công Việc Của Phúc Âm-P2",
      "count": 0,
      "isLeaf": null,
      "keyword": null,
      "hash": "U2FsdGVkX1+ALw6ON8toRVBhvRfGByW21I8XLGi8FgcGGn9eDMLku+PkUQcS1ORQ+mqjZYrmn+MqB/0x0x4PTA==",
      "khash": "U2FsdGVkX18oteXt/z6RQyx+Fm1MWnVNx8S3YSmxiH7q5lcs9peoFln8F2Q+q+ZTj2Iv+nzdbKgX3yhnf3FgSA==",
      "viewCount": null,
      "duration": "61:18",
      "size": 58871729
    },
    {
      "id": "7d532969-23ba-4f58-a6a7-1224b7fb9eb2",
      "pid": "82b64f5f-30f8-422d-a3f5-4139c1e7be1c",
      "dblevel": 4,
      "location": "/VGMA/HocTheoChuDe/SuGiangSinhCuaChuaCuuTheGie-xu/14_GS20191201_Lu012638_TuyenRaoTinLanh",
      "isVideo": false,
      "url": "hoc-theo-chu-de.su-giang-sinh-cua-chua-cuu-the-gie-xu.14-gs20191201-lu012638-tuyen-rao-tin-lanh",
      "name": "14_GS20191201_Lu012638_Tuyên Rao Tin Lành",
      "count": 0,
      "isLeaf": null,
      "keyword": null,
      "hash": "U2FsdGVkX1/HAv9dtUt6fSgkThqmvrXZPoF1SXESRtBrIhmci7HmUmJ1Ik0/NK14OULc/+7W20u6mIRK2kDipA==",
      "khash": "U2FsdGVkX1991VjfoUdbtalIORLgZjd0OIuHbesl+8HxX2k71/HssGsgcPPHuy2T85g+4hvzLDIQ7zSV6B61PA==",
      "viewCount": null,
      "duration": "63:54",
      "size": 61359350
    },
    {
      "id": "002709d1-b8dc-407a-965f-47b0e1d210a4",
      "pid": "82b64f5f-30f8-422d-a3f5-4139c1e7be1c",
      "dblevel": 4,
      "location": "/VGMA/HocTheoChuDe/SuGiangSinhCuaChuaCuuTheGie-xu/15_Lu013956_ChuaViDaiSangCa",
      "isVideo": false,
      "url": "hoc-theo-chu-de.su-giang-sinh-cua-chua-cuu-the-gie-xu.15-lu013956-chua-vi-dai-sang-ca",
      "name": "15_Lu013956_Chúa Vĩ Đại Sang Cả",
      "count": 0,
      "isLeaf": null,
      "keyword": null,
      "hash": "U2FsdGVkX18ehmdHi/C9dMkf2aNheCa9sXnqnnkAs6GYSfeUOvtITuSNYQXkThpFdiaAUXQTs5pjRimk9jBfCw==",
      "khash": "U2FsdGVkX1+KNoKcyWp6bSjxamg6m8jVQL8kdMhHYa7HhXAPlWmYNsdQ91UJ4Cif5Xm7GyGNSObGbVmKphL9FA==",
      "viewCount": null,
      "duration": "61:25",
      "size": 58969968
    }
  ]
}