{
  "id": "6d041fe2-fadd-4e7c-a8a3-667ed397097c",
  "pid": "e6ba0e06-964b-4f38-abe3-49308863b5fc",
  "dblevel": 3,
  "location": "/VGMA/HocTheoChuDe/DangChristPhanXetHoiThanh",
  "isVideo": false,
  "url": "hoc-theo-chu-de.dang-christ-phan-xet-hoi-thanh",
  "name": "Đấng Christ Phán Xét Hội Thánh",
  "count": 8,
  "isLeaf": true,
  "keyword": null,
  "hash": null,
  "khash": null,
  "viewCount": null,
  "duration": null,
  "size": null,
  "children": [
    {
      "id": "b17f5b4d-0e85-4f01-a855-bb9887c32230",
      "pid": "6d041fe2-fadd-4e7c-a8a3-667ed397097c",
      "dblevel": 4,
      "location": "/VGMA/HocTheoChuDe/DangChristPhanXetHoiThanh/01-DangChristLaTrungTam",
      "isVideo": false,
      "url": "hoc-theo-chu-de.dang-christ-phan-xet-hoi-thanh.01-dang-christ-la-trung-tam",
      "name": "01-Đấng Christ Là Trung Tâm",
      "count": 0,
      "isLeaf": null,
      "keyword": null,
      "hash": "U2FsdGVkX19Nc89ho9m5BApRHVacdeEORRv8MYSX7p3NxRi+4L9JTgOD8Kd9wju3duAxDcxrQpOfsvNB57nxOA==",
      "khash": null,
      "viewCount": null,
      "duration": "38:24",
      "size": 36875838
    },
    {
      "id": "cbcbbaae-85a4-4c85-82fe-8c4c4e0bb8a0",
      "pid": "6d041fe2-fadd-4e7c-a8a3-667ed397097c",
      "dblevel": 4,
      "location": "/VGMA/HocTheoChuDe/DangChristPhanXetHoiThanh/02-LongSotSangTrongHoiThanh",
      "isVideo": false,
      "url": "hoc-theo-chu-de.dang-christ-phan-xet-hoi-thanh.02-long-sot-sang-trong-hoi-thanh",
      "name": "02-Lòng Sốt Sắng Trong Hội Thánh",
      "count": 0,
      "isLeaf": null,
      "keyword": null,
      "hash": "U2FsdGVkX194dqIq51QDhn98PTtWQ8xzvi0ygQVD1y9nFr7CULEm5ZXh7AjLs/DtDThIs/zwAFRn7SbDz/QW4Q==",
      "khash": null,
      "viewCount": null,
      "duration": "40:6",
      "size": 38507075
    },
    {
      "id": "cb13ccf3-4146-4367-b911-bdc6b60e2282",
      "pid": "6d041fe2-fadd-4e7c-a8a3-667ed397097c",
      "dblevel": 4,
      "location": "/VGMA/HocTheoChuDe/DangChristPhanXetHoiThanh/03-LongDungCamTrongHoiThanh",
      "isVideo": false,
      "url": "hoc-theo-chu-de.dang-christ-phan-xet-hoi-thanh.03-long-dung-cam-trong-hoi-thanh",
      "name": "03-Lòng Dũng Cảm Trong Hội Thánh",
      "count": 0,
      "isLeaf": null,
      "keyword": null,
      "hash": "U2FsdGVkX1955lbVbDU4HMRSJjig74zinvd20rM9hRdQjbIsN4pIJDzRuQkgn3i43oZyn/NrarzyMoQvBNy4tw==",
      "khash": null,
      "viewCount": null,
      "duration": "35:52",
      "size": 34444244
    },
    {
      "id": "5b600fe2-339e-4f64-9003-545ee6f2090d",
      "pid": "6d041fe2-fadd-4e7c-a8a3-667ed397097c",
      "dblevel": 4,
      "location": "/VGMA/HocTheoChuDe/DangChristPhanXetHoiThanh/04-SuNgayThatTrongHoiThanh",
      "isVideo": false,
      "url": "hoc-theo-chu-de.dang-christ-phan-xet-hoi-thanh.04-su-ngay-that-trong-hoi-thanh",
      "name": "04-Sự Ngay Thật Trong Hội Thánh",
      "count": 0,
      "isLeaf": null,
      "keyword": null,
      "hash": "U2FsdGVkX1/rhsU3u8yJeM+l9msq/VNIvWvJC7drNZixA8JwSPSk66/qBtCjzgzc5ejSk3nIkQpKWT1Q8Pb0Pw==",
      "khash": "U2FsdGVkX1+Oqi+RG2u5kx0I+mreYS4SOlEU/xWX8QpCUna575OVcJYZuyVP94Wc7wPLfzu4FPBQk2WftANTMA==",
      "viewCount": null,
      "duration": "38:42",
      "size": 37170590
    },
    {
      "id": "234d8dae-99fd-4780-914c-422927818ebd",
      "pid": "6d041fe2-fadd-4e7c-a8a3-667ed397097c",
      "dblevel": 4,
      "location": "/VGMA/HocTheoChuDe/DangChristPhanXetHoiThanh/05-LongTrongSachTrongHoiThanh",
      "isVideo": false,
      "url": "hoc-theo-chu-de.dang-christ-phan-xet-hoi-thanh.05-long-trong-sach-trong-hoi-thanh",
      "name": "05-Lòng Trong Sạch Trong Hội Thánh",
      "count": 0,
      "isLeaf": null,
      "keyword": null,
      "hash": "U2FsdGVkX1/Sqrjk5pAhbUcvj1HuBZzRoewm0hBThhOjzmPOM3D6Q5LYWmarHvgcE2g1kPEDHxmoP/gplfmppg==",
      "khash": "U2FsdGVkX195KQQutdCBLBT0JeWL4pTB2ZnmoaChFdgkzbjA4qTFH6NVjUMYsk77+2BolLw8EPUiipFDFWJuPg==",
      "viewCount": null,
      "duration": "41:39",
      "size": 40006190
    },
    {
      "id": "a8e71e1f-2c53-42e2-a4af-38f0fcbcecc7",
      "pid": "6d041fe2-fadd-4e7c-a8a3-667ed397097c",
      "dblevel": 4,
      "location": "/VGMA/HocTheoChuDe/DangChristPhanXetHoiThanh/06-LongNgayThangTrongHoiThanh",
      "isVideo": false,
      "url": "hoc-theo-chu-de.dang-christ-phan-xet-hoi-thanh.06-long-ngay-thang-trong-hoi-thanh",
      "name": "06-Lòng Ngay Thẳng Trong Hội Thánh",
      "count": 0,
      "isLeaf": null,
      "keyword": null,
      "hash": "U2FsdGVkX19zP7lzq1gfBiN3ApQFQOKcft4hoh/0Wa71+lbTOsApvCrlMBDYYMPvBzhYenk7IoAHEIbaly5hHQ==",
      "khash": "U2FsdGVkX1+Fo3HooAr+1RItus6HC2oXOIDVRx4rRQ0ZxhQewB6cp8bOxmb1pRQSJUicinM7jSOJ4qEISK7P0Q==",
      "viewCount": null,
      "duration": "36:58",
      "size": 35498837
    },
    {
      "id": "d9089c2b-bef2-4d75-80af-0331cceee600",
      "pid": "6d041fe2-fadd-4e7c-a8a3-667ed397097c",
      "dblevel": 4,
      "location": "/VGMA/HocTheoChuDe/DangChristPhanXetHoiThanh/07-LongRongLuongTrongHoiThanh",
      "isVideo": false,
      "url": "hoc-theo-chu-de.dang-christ-phan-xet-hoi-thanh.07-long-rong-luong-trong-hoi-thanh",
      "name": "07-Lòng Rộng Lượng Trong Hội Thánh",
      "count": 0,
      "isLeaf": null,
      "keyword": null,
      "hash": "U2FsdGVkX1+XMvmYgeZPvgeFQHH/NevWnrx6SMgTCjjnpCO3YzA4eLTb9jX+tCvMuvsl/NCHEBfmhb8ZyCIrSg==",
      "khash": "U2FsdGVkX18g6hEUCBCPcmJ9Ql5dB0s4yvEhSQtDugWv+HirLM/ILCJ9BPaofH1MVjLxhDEhMfl9LrPjiHhV9w==",
      "viewCount": null,
      "duration": "39:20",
      "size": 37772738
    },
    {
      "id": "8c9b5f97-b4a7-48b0-9c52-b81c5bbd369a",
      "pid": "6d041fe2-fadd-4e7c-a8a3-667ed397097c",
      "dblevel": 4,
      "location": "/VGMA/HocTheoChuDe/DangChristPhanXetHoiThanh/08-SuDongLongTrongHoiThanh",
      "isVideo": false,
      "url": "hoc-theo-chu-de.dang-christ-phan-xet-hoi-thanh.08-su-dong-long-trong-hoi-thanh",
      "name": "08-Sự Đồng Lòng Trong Hội Thánh",
      "count": 0,
      "isLeaf": null,
      "keyword": null,
      "hash": "U2FsdGVkX19GTjOl9c3KWHceii5KKZI6DdPgIPVllHmLyv+lBfpab/PpUU1q32ElMyUzIqx4M7S0Znwu7ayRaQ==",
      "khash": null,
      "viewCount": null,
      "duration": "40:42",
      "size": 39081701
    }
  ]
}