{
  "id": "864f1175-a7fc-49da-a7fd-1ba03a53afc2",
  "pid": "e6ba0e06-964b-4f38-abe3-49308863b5fc",
  "dblevel": 3,
  "location": "/VGMA/HocTheoChuDe/CauNguyen",
  "isVideo": false,
  "url": "hoc-theo-chu-de.cau-nguyen",
  "name": "Cầu Nguyện",
  "count": 16,
  "isLeaf": true,
  "keyword": null,
  "hash": null,
  "khash": null,
  "viewCount": null,
  "duration": null,
  "size": null,
  "children": [
    {
      "id": "b809f76b-0e58-4195-ae55-c5608aab6d5e",
      "pid": "864f1175-a7fc-49da-a7fd-1ba03a53afc2",
      "dblevel": 4,
      "location": "/VGMA/HocTheoChuDe/CauNguyen/01_ThaiDoDonNhan-CauXinDucChuaTroiViDai",
      "isVideo": false,
      "url": "hoc-theo-chu-de.cau-nguyen.01-thai-do-don-nhan-cau-xin-duc-chua-troi-vi-dai",
      "name": "01_Thái Độ Đón Nhận - Cầu Xin Đức Chúa Trời Vĩ Đại",
      "count": 0,
      "isLeaf": null,
      "keyword": null,
      "hash": "U2FsdGVkX19QkwYKxKlLpVJb5+G34eBBZixtF8kTc/i7S1iN+LuQCtk6zvozxuKtMKkfuELVTv0Nx/2rMp9yFg==",
      "khash": "U2FsdGVkX1/q3lK48qxRSgNWy22nFE7qa7ddB7jIXTmus9mgF303guy7wdzqgAJ+aAkCpgV2/lks76gfQ6WP4A==",
      "viewCount": null,
      "duration": "37:39",
      "size": 36152369
    },
    {
      "id": "50db6f36-4de1-4fd6-88dc-44e454aa82e5",
      "pid": "864f1175-a7fc-49da-a7fd-1ba03a53afc2",
      "dblevel": 4,
      "location": "/VGMA/HocTheoChuDe/CauNguyen/02_HocBietYChua-DieuKienDeTheoChua-TuanHanhYChua",
      "isVideo": false,
      "url": "hoc-theo-chu-de.cau-nguyen.02-hoc-biet-y-chua-dieu-kien-de-theo-chua-tuan-hanh-y-chua",
      "name": "02_Học Biết Ý Chúa - Điều Kiện Để Theo Chúa - Tuân Hành Ý Chúa",
      "count": 0,
      "isLeaf": null,
      "keyword": null,
      "hash": "U2FsdGVkX1+/y4+b9iwJLE3arCFWEsXxT2hYAu58Qx2qX4uAPtZTRqoAGNpCf2BMT+DtI+lHinP4PARc0BF/7Q==",
      "khash": "U2FsdGVkX1+34d/v5GplQWktFwA8REenyFMXtvf1m/CGeT5fskDyPPnrZjE44FdcRukqkQI3NDqQYRYvT5LmBQ==",
      "viewCount": null,
      "duration": "47:5",
      "size": 45200767
    },
    {
      "id": "228e3676-e492-45c8-851f-6edcf12d13b0",
      "pid": "864f1175-a7fc-49da-a7fd-1ba03a53afc2",
      "dblevel": 4,
      "location": "/VGMA/HocTheoChuDe/CauNguyen/03_CauNguyenVaSuYenTinhTrongTamHon",
      "isVideo": false,
      "url": "hoc-theo-chu-de.cau-nguyen.03-cau-nguyen-va-su-yen-tinh-trong-tam-hon",
      "name": "03_Cầu Nguyện Và Sự Yên Tĩnh Trong Tâm Hồn",
      "count": 0,
      "isLeaf": null,
      "keyword": null,
      "hash": "U2FsdGVkX1+bD31/JCHBX4aiPhmhMH6f/IZ+Ozcd9zLi/T74yT3mfLldt9eSnArhy9gizA/wzKl1391uFu97CQ==",
      "khash": null,
      "viewCount": null,
      "duration": "38:47",
      "size": 37235719
    },
    {
      "id": "2ddfd46a-7df7-42ba-84d0-214cb5c6396e",
      "pid": "864f1175-a7fc-49da-a7fd-1ba03a53afc2",
      "dblevel": 4,
      "location": "/VGMA/HocTheoChuDe/CauNguyen/04_CauNguyenBoiDucTin",
      "isVideo": false,
      "url": "hoc-theo-chu-de.cau-nguyen.04-cau-nguyen-boi-duc-tin",
      "name": "04_Cầu Nguyện Bởi Đức Tin",
      "count": 0,
      "isLeaf": null,
      "keyword": null,
      "hash": "U2FsdGVkX1+Py3i2bNOOWhIhPRJYM9Mm2CGsQ/2Rn4EdbvnwwU+jUKPWDY/SWADGvOqkV8aHQIT8LVrlErB2fA==",
      "khash": "U2FsdGVkX1+f1hNLTsBNH3AXCJTe+qbgc481Q5zVjrxgtq5kLIP2No08XqFhBMT5CEUMd8pVVBVGZoPO+vOVkg==",
      "viewCount": null,
      "duration": "43:17",
      "size": 41567738
    },
    {
      "id": "bfe91b03-717f-4f79-b70f-d3761ec6b178",
      "pid": "864f1175-a7fc-49da-a7fd-1ba03a53afc2",
      "dblevel": 4,
      "location": "/VGMA/HocTheoChuDe/CauNguyen/05_CauNguyenChoCacVanDeDauKho",
      "isVideo": false,
      "url": "hoc-theo-chu-de.cau-nguyen.05-cau-nguyen-cho-cac-van-de-dau-kho",
      "name": "05_Cầu Nguyện Cho Các Vấn Đề Đau Khổ",
      "count": 0,
      "isLeaf": null,
      "keyword": null,
      "hash": "U2FsdGVkX1+IIG0PqBWh5tnwOJJIcXcA0cKZ0xvvPLSACIwlaO4+LaaNxCg5OtRlJXyc1jOoy5z2Os2vMp6cjw==",
      "khash": "U2FsdGVkX1/IBx2t7gsruriAOm6daCO/hQFHl0RSCN0s3pS8Uq8D5c8zHdbB1I1mJbVQ48km2AD1XSmF/U+BsA==",
      "viewCount": null,
      "duration": "39:43",
      "size": 38137675
    },
    {
      "id": "e59656c3-0664-4246-86fa-f637b4005d10",
      "pid": "864f1175-a7fc-49da-a7fd-1ba03a53afc2",
      "dblevel": 4,
      "location": "/VGMA/HocTheoChuDe/CauNguyen/06_CauNguyenKhiCoNhieuNanDe-KhiThatVong-ChuaLaDangChuTe",
      "isVideo": false,
      "url": "hoc-theo-chu-de.cau-nguyen.06-cau-nguyen-khi-co-nhieu-nan-de-khi-that-vong-chua-la-dang-chu-te",
      "name": "06_Cầu Nguyện Khi Có Nhiều Nan Đề - Khi Thất Vọng - Chúa Là Đấng Chủ Tể",
      "count": 0,
      "isLeaf": null,
      "keyword": null,
      "hash": "U2FsdGVkX18MRXd5yWCifmfZBspFVjTA4joYYbuzIrOQPiDee4Le4KjebIjZfxZsxGXNx4Wh/ncug1l+QF3+zQ==",
      "khash": null,
      "viewCount": null,
      "duration": "45:28",
      "size": 43662677
    },
    {
      "id": "fa1b442b-3cd5-4cf8-abb7-7318ffb03a13",
      "pid": "864f1175-a7fc-49da-a7fd-1ba03a53afc2",
      "dblevel": 4,
      "location": "/VGMA/HocTheoChuDe/CauNguyen/07_CauNguyenTheoHuongDanCuaChua-TinCayChua",
      "isVideo": false,
      "url": "hoc-theo-chu-de.cau-nguyen.07-cau-nguyen-theo-huong-dan-cua-chua-tin-cay-chua",
      "name": "07_Cầu Nguyện Theo Hướng Dẫn Của Chúa - Tin Cậy Chúa",
      "count": 0,
      "isLeaf": null,
      "keyword": null,
      "hash": "U2FsdGVkX1+dfuc4KemKWCIB0WYlB/h5dcw72JYfJ7AuSexZW4fyG7oaKS2JAkKjFxXuRpS1R43EFbaEy4L8jQ==",
      "khash": null,
      "viewCount": null,
      "duration": "34:16",
      "size": 32909423
    },
    {
      "id": "83a0fb28-2229-4eb5-83ad-261d743ca1f9",
      "pid": "864f1175-a7fc-49da-a7fd-1ba03a53afc2",
      "dblevel": 4,
      "location": "/VGMA/HocTheoChuDe/CauNguyen/08_CauNguyenVoiChuaToanNang-DangTeTri",
      "isVideo": false,
      "url": "hoc-theo-chu-de.cau-nguyen.08-cau-nguyen-voi-chua-toan-nang-dang-te-tri",
      "name": "08_Cầu Nguyện Với Chúa Toàn Năng - Đấng Tể Trị",
      "count": 0,
      "isLeaf": null,
      "keyword": null,
      "hash": "U2FsdGVkX1/GHRhot+Jf8rtWgFLS66G2XdX+a5K6jEZeyKI9BTWYhF7oP31nUImqZvhnuGGgFuBN13v+vK+SbQ==",
      "khash": "U2FsdGVkX1+QhSC1oUA1dwsHuZobXbdhPygyjDVizGZ3b46ep6nIBlIcLoL5oOyUkZe1hrZu2d3gedAJl2EjGQ==",
      "viewCount": null,
      "duration": "38:10",
      "size": 36654755
    },
    {
      "id": "0da45919-0b51-45c9-999c-4c9e2c3fc150",
      "pid": "864f1175-a7fc-49da-a7fd-1ba03a53afc2",
      "dblevel": 4,
      "location": "/VGMA/HocTheoChuDe/CauNguyen/09_DucKhonNgoanvaTinhThuongCuaChua",
      "isVideo": false,
      "url": "hoc-theo-chu-de.cau-nguyen.09-duc-khon-ngoan-va-tinh-thuong-cua-chua",
      "name": "09_Đức Khôn Ngoan và Tình Thương Của Chúa",
      "count": 0,
      "isLeaf": null,
      "keyword": null,
      "hash": "U2FsdGVkX18sA7EE9AytTo4lGpyzrvJk7wZH3dkX+SM/BzK5s+PclRrojkkluQVwBrVSrHyeRknCwV+uJgXVTw==",
      "khash": null,
      "viewCount": null,
      "duration": "35:20",
      "size": 33922974
    },
    {
      "id": "40932db8-9bd8-4ce7-b3eb-5964482d4fbd",
      "pid": "864f1175-a7fc-49da-a7fd-1ba03a53afc2",
      "dblevel": 4,
      "location": "/VGMA/HocTheoChuDe/CauNguyen/10_KinhNghiemTinhYeuCuaChua-TinCayChuaTrongThanPhanMinh",
      "isVideo": false,
      "url": "hoc-theo-chu-de.cau-nguyen.10-kinh-nghiem-tinh-yeu-cua-chua-tin-cay-chua-trong-than-phan-minh",
      "name": "10_Kinh Nghiệm Tình Yêu Của Chúa - Tin Cậy Chúa Trong Thân Phận Mình",
      "count": 0,
      "isLeaf": null,
      "keyword": null,
      "hash": "U2FsdGVkX19Q5hrlH5NP8gb819jWmvE6lsaGf0l2QyKS3Puylg9X//0Ng2K8NqSlxiGYFPai9vmOtmOcXcwpcw==",
      "khash": null,
      "viewCount": null,
      "duration": "37:32",
      "size": 36038266
    },
    {
      "id": "b8d0877e-239c-4fba-a6fd-0b4447528ef7",
      "pid": "864f1175-a7fc-49da-a7fd-1ba03a53afc2",
      "dblevel": 4,
      "location": "/VGMA/HocTheoChuDe/CauNguyen/11_CauNguyenChoNguoiKhac-ChuaRongLuong",
      "isVideo": false,
      "url": "hoc-theo-chu-de.cau-nguyen.11-cau-nguyen-cho-nguoi-khac-chua-rong-luong",
      "name": "11_Cầu Nguyện Cho Người Khác - Chúa Rộng Lượng",
      "count": 0,
      "isLeaf": null,
      "keyword": null,
      "hash": "U2FsdGVkX1+ShXAz2lEuGBdnkGW2i5nhPA0fvvNsDzePQyWdM7RmEAfqtoLJiCBrpDPtjrjzse5AvEycN4mcEA==",
      "khash": "U2FsdGVkX1/ok+hK8Eafg+DGD/bGu3k4NeeuQ1YSEIn3YZC5XjuKteWnjbEqDfBqee4BGSCnYlbpnxBIZgoYPw==",
      "viewCount": null,
      "duration": "29:9",
      "size": 27989626
    },
    {
      "id": "733adb4e-5535-4e34-97ae-f5eece965654",
      "pid": "864f1175-a7fc-49da-a7fd-1ba03a53afc2",
      "dblevel": 4,
      "location": "/VGMA/HocTheoChuDe/CauNguyen/12_CauXinThanhLinh-KienTriCauNguyen",
      "isVideo": false,
      "url": "hoc-theo-chu-de.cau-nguyen.12-cau-xin-thanh-linh-kien-tri-cau-nguyen",
      "name": "12_Cầu Xin Thánh Linh - Kiên Trì Cầu Nguyện",
      "count": 0,
      "isLeaf": null,
      "keyword": null,
      "hash": "U2FsdGVkX18rYgjwQAVLEmdK5p4RQlstchGwu8LHZYevDeTkPWw48uAMJiCAPoPsaCRzzIV+7XAPDyvDvz6eNw==",
      "khash": "U2FsdGVkX18BAmA0r++z67++RXsor2Jdeh8TLcHZpbDuwzBf9lfWv7VnpYmn+bsGMJ4KFeMQop5FpKJKTPd0lw==",
      "viewCount": null,
      "duration": "30:49",
      "size": 29592081
    },
    {
      "id": "f7f25612-3338-4d78-bab8-064d5d530df9",
      "pid": "864f1175-a7fc-49da-a7fd-1ba03a53afc2",
      "dblevel": 4,
      "location": "/VGMA/HocTheoChuDe/CauNguyen/13_CauXinChuaThemThoGat-CauNguyenXacDinh-CauNguyenTinNhanDuoc",
      "isVideo": false,
      "url": "hoc-theo-chu-de.cau-nguyen.13-cau-xin-chua-them-tho-gat-cau-nguyen-xac-dinh-cau-nguyen-tin-nhan-duoc",
      "name": "13_Cầu Xin Chúa Thêm Thợ Gặt - Cầu Nguyện Xác Định - Cầu Nguyện Tin Nhận Được",
      "count": 0,
      "isLeaf": null,
      "keyword": null,
      "hash": "U2FsdGVkX1+EnRUtlJODAfIzMGunQikdK41eKbdrwBpadDbWmbZ0ggPQE+3rCT98c+ohQM9+awkBnCt3XYJMQQ==",
      "khash": "U2FsdGVkX1/9WqTjyFau5Kqi/U+gTIgs8Oh9trb7kZYWIKmigwyWxxFgzSa15k7kgPmxj2AJyJcmJHwvtVRcNA==",
      "viewCount": null,
      "duration": "41:24",
      "size": 39750579
    },
    {
      "id": "71369b9b-108d-4fc2-a4e4-f4fb02bd9159",
      "pid": "864f1175-a7fc-49da-a7fd-1ba03a53afc2",
      "dblevel": 4,
      "location": "/VGMA/HocTheoChuDe/CauNguyen/14_CauNguyenKiengAn-CauNguyenThuongYeu-SucManhCuaHopTacCauNguyen",
      "isVideo": false,
      "url": "hoc-theo-chu-de.cau-nguyen.14-cau-nguyen-kieng-an-cau-nguyen-thuong-yeu-suc-manh-cua-hop-tac-cau-nguyen",
      "name": "14_Cầu Nguyện Kiêng Ăn - Cầu Nguyện Thương Yêu - Sức Mạnh Của Hợp Tác Cầu Nguyện",
      "count": 0,
      "isLeaf": null,
      "keyword": null,
      "hash": "U2FsdGVkX198gK1/PqiNprJysFXuDdcXlPH28uvIuuf5CZM7B4HO2E5xRkqWIFnxuCgrrg+skMmbc/Cx0dXljw==",
      "khash": "U2FsdGVkX1+N3pSaC6650+JwdP2lhH1UOWhjY1gg2L+YZwfeaahhUBVARdXuooMS6PZJQ5uTBqvTkzoS5ABaqw==",
      "viewCount": null,
      "duration": "41:58",
      "size": 40292254
    },
    {
      "id": "9b5f658a-9b81-4595-9828-41b5ac7c6a9b",
      "pid": "864f1175-a7fc-49da-a7fd-1ba03a53afc2",
      "dblevel": 4,
      "location": "/VGMA/HocTheoChuDe/CauNguyen/15_SucManhCuaSuBenTamCauNguyen-DieuKientienQuyet-CauNguyenVaLoiChua",
      "isVideo": false,
      "url": "hoc-theo-chu-de.cau-nguyen.15-suc-manh-cua-su-ben-tam-cau-nguyen-dieu-kien-tien-quyet-cau-nguyen-va-loi-chua",
      "name": "15_Sức Mạnh Của Sự Bền Tâm Cầu Nguyện - Điều Kiện tiên Quyết - Cầu Nguyện Và Lời Chúa",
      "count": 0,
      "isLeaf": null,
      "keyword": null,
      "hash": "U2FsdGVkX18D2GYTEykinkVq9PFPyDbLK3OlLvTBAbJtzSnwZTdJpbJEdujT3Nbik4VJ18juTQJ+GkzRtxFoIg==",
      "khash": null,
      "viewCount": null,
      "duration": "38:41",
      "size": 37140424
    },
    {
      "id": "4943427b-c2dd-4c74-b156-315229420e53",
      "pid": "864f1175-a7fc-49da-a7fd-1ba03a53afc2",
      "dblevel": 4,
      "location": "/VGMA/HocTheoChuDe/CauNguyen/16_CauNguyen-DucThanhLinh",
      "isVideo": false,
      "url": "hoc-theo-chu-de.cau-nguyen.16-cau-nguyen-duc-thanh-linh",
      "name": "16_Cầu Nguyện - Đức Thánh Linh",
      "count": 0,
      "isLeaf": null,
      "keyword": null,
      "hash": "U2FsdGVkX181sksKgpRpsF7qjdLsrGo69dMvZbS6530hsC7RhxCCHr7PYIrqvfrAtOmOES1VlObNwsZ9QiVRvA==",
      "khash": null,
      "viewCount": null,
      "duration": "25:43",
      "size": 24701959
    }
  ]
}