{
  "id": "dbd25252-fd3f-4269-8781-f5ffc62058a0",
  "pid": "e6ba0e06-964b-4f38-abe3-49308863b5fc",
  "dblevel": 3,
  "location": "/VGMA/HocTheoChuDe/XayDungHoiThanhVoiMucDich",
  "isVideo": false,
  "url": "hoc-theo-chu-de.xay-dung-hoi-thanh-voi-muc-dich",
  "name": "Xây Dựng Hội Thánh Với Mục Đích",
  "count": 4,
  "isLeaf": true,
  "keyword": null,
  "hash": null,
  "khash": null,
  "viewCount": null,
  "duration": null,
  "size": null,
  "children": [
    {
      "id": "8db931f6-7b94-49fa-9c54-8990d6e4f9fa",
      "pid": "dbd25252-fd3f-4269-8781-f5ffc62058a0",
      "dblevel": 4,
      "location": "/VGMA/HocTheoChuDe/XayDungHoiThanhVoiMucDich/XayDungHoiThanhVoiMucDichP1a",
      "isVideo": false,
      "url": "hoc-theo-chu-de.xay-dung-hoi-thanh-voi-muc-dich.xay-dung-hoi-thanh-voi-muc-dich-p1a",
      "name": "Xây Dựng Hội Thánh Với Mục Đích P1a",
      "count": 0,
      "isLeaf": null,
      "keyword": null,
      "hash": "U2FsdGVkX19mUPVC6ote0Tf158ygj/pIv/WYWahsc7AHZXx9ZPghk3zOD6FR6pAiSLKkEwal3yLksBt1QVjWrw==",
      "khash": "U2FsdGVkX1/YhNDIhK9ylYIS1PPv/SIDsxhBZ1pAtDZkZP3wFZAc383ZYTExijjh/9q0Eo2T2YKMxyVqF9WgDw==",
      "viewCount": null,
      "duration": "58:7",
      "size": 55811396
    },
    {
      "id": "43bacbba-c810-4742-ba1a-5c662a8aec23",
      "pid": "dbd25252-fd3f-4269-8781-f5ffc62058a0",
      "dblevel": 4,
      "location": "/VGMA/HocTheoChuDe/XayDungHoiThanhVoiMucDich/XayDungHoiThanhVoiMucDichP1b",
      "isVideo": false,
      "url": "hoc-theo-chu-de.xay-dung-hoi-thanh-voi-muc-dich.xay-dung-hoi-thanh-voi-muc-dich-p1b",
      "name": "Xây Dựng Hội Thánh Với Mục Đích P1b",
      "count": 0,
      "isLeaf": null,
      "keyword": null,
      "hash": "U2FsdGVkX19Y2p7/kMsCjBTuBgD2s6NDoJV7Ns6AN+VN2eizc+KOmAkbkWU0hKy2bLl13GYIegw9PrUaAZDUSQ==",
      "khash": "U2FsdGVkX197TkDNMUkr5m0+h0eFZB+ngTXtrqNk/NozCT0CP7y5kqGxE9gQoDhNcUBVI1Eqh8QRt+fFvMJIkA==",
      "viewCount": null,
      "duration": "71:6",
      "size": 68280231
    },
    {
      "id": "967dad93-7f6e-48e4-b923-13832db62e0e",
      "pid": "dbd25252-fd3f-4269-8781-f5ffc62058a0",
      "dblevel": 4,
      "location": "/VGMA/HocTheoChuDe/XayDungHoiThanhVoiMucDich/XayDungHoiThanhVoiMucDichP2",
      "isVideo": false,
      "url": "hoc-theo-chu-de.xay-dung-hoi-thanh-voi-muc-dich.xay-dung-hoi-thanh-voi-muc-dich-p2",
      "name": "Xây Dựng Hội Thánh Với Mục Đích P2",
      "count": 0,
      "isLeaf": null,
      "keyword": null,
      "hash": "U2FsdGVkX19Fr4inN9h/PboP5D+HtY87MiP1Ei/CiEjUiDCk2RX7Yy8gcaqitO63DmnEknTzTu55vpjIeTZAXA==",
      "khash": "U2FsdGVkX1+P6Z8ZcWXysL0G+gK7PZhoLb98cIpfsyVDn1zwmZuSHWIlaXxU2Lf2GiIP6GB8to5RjWyOPWomTA==",
      "viewCount": null,
      "duration": "99:52",
      "size": 95896414
    },
    {
      "id": "8ae773d3-e8d8-4d89-b4b4-718bf044b7ca",
      "pid": "dbd25252-fd3f-4269-8781-f5ffc62058a0",
      "dblevel": 4,
      "location": "/VGMA/HocTheoChuDe/XayDungHoiThanhVoiMucDich/XayDungHoiThanhVoiMucDichP3",
      "isVideo": false,
      "url": "hoc-theo-chu-de.xay-dung-hoi-thanh-voi-muc-dich.xay-dung-hoi-thanh-voi-muc-dich-p3",
      "name": "Xây Dựng Hội Thánh Với Mục Đích P3",
      "count": 0,
      "isLeaf": null,
      "keyword": null,
      "hash": "U2FsdGVkX19NWu6RfHAauZde/fo0Tw58DrBFuso+BBr57dtzcS1SWNxSwhzW7UhN/n/E7nZBgqqevpkwVMS3ZA==",
      "khash": null,
      "viewCount": null,
      "duration": "66:22",
      "size": 63728975
    }
  ]
}