{
  "id": "bd3d92dc-fd22-47ee-bff6-be224d999d9d",
  "pid": "1f1315c0-1659-42c8-8c11-6a4a051692ae",
  "dblevel": 4,
  "location": "/VGMA/HocTheoChuDe/HonNhan/12-DayCon",
  "isVideo": false,
  "url": "hoc-theo-chu-de.hon-nhan.12-day-con",
  "name": "12-Dạy Con",
  "count": 7,
  "isLeaf": true,
  "keyword": null,
  "hash": null,
  "khash": null,
  "viewCount": null,
  "duration": null,
  "size": null,
  "children": [
    {
      "id": "8eb8750a-811d-4bd1-a85d-999a7bf06f4e",
      "pid": "bd3d92dc-fd22-47ee-bff6-be224d999d9d",
      "dblevel": 5,
      "location": "/VGMA/HocTheoChuDe/HonNhan/12-DayCon/01_NguyenTacCanBanTrongViecDayConP1",
      "isVideo": false,
      "url": "hoc-theo-chu-de.hon-nhan.12-day-con.01-nguyen-tac-can-ban-trong-viec-day-con-p1",
      "name": "01_Nguyên Tắc Căn Bản Trong Việc Dạy Con P1",
      "count": 0,
      "isLeaf": null,
      "keyword": null,
      "hash": "U2FsdGVkX1/WSSKLF2ghhFejUAY3GHahtaiuFBORxOdjwYqrFVWHoCNYBdscXiqQcdW1CVFHFdqK+m4TznUQ0A==",
      "khash": "U2FsdGVkX1+tfeIfKFe53nVkJHK85nEw7IDURGCcxpDfulWGksJeHLUp1E6sQB95WY25uHBPO/g/Q2qDM7s/dA==",
      "viewCount": null,
      "duration": "24:25",
      "size": 23449497
    },
    {
      "id": "a790763c-d24a-4aa7-80b4-74f03094dbe2",
      "pid": "bd3d92dc-fd22-47ee-bff6-be224d999d9d",
      "dblevel": 5,
      "location": "/VGMA/HocTheoChuDe/HonNhan/12-DayCon/02_NguyenTacCanBanTrongViecDayConP2",
      "isVideo": false,
      "url": "hoc-theo-chu-de.hon-nhan.12-day-con.02-nguyen-tac-can-ban-trong-viec-day-con-p2",
      "name": "02_Nguyên Tắc Căn Bản Trong Việc Dạy Con P2",
      "count": 0,
      "isLeaf": null,
      "keyword": null,
      "hash": "U2FsdGVkX1+3p105jye/I1IegZD0XXdj1PNnecuNF8lWzqQyefWC2n2ngES3OREfzVYQGlea1q/W7ThElsWpUg==",
      "khash": "U2FsdGVkX1/um4MrENvIrpcbW6GWhhv6smLpE29yD0L6GZZmFomGYgh4d2R1OG8urVI7CkrmEATRtZ14s/6cQw==",
      "viewCount": null,
      "duration": "32:9",
      "size": 30865765
    },
    {
      "id": "c23df5fa-386a-4227-b76f-b0a469809ed3",
      "pid": "bd3d92dc-fd22-47ee-bff6-be224d999d9d",
      "dblevel": 5,
      "location": "/VGMA/HocTheoChuDe/HonNhan/12-DayCon/03_DayConTuThuoConThoP1",
      "isVideo": false,
      "url": "hoc-theo-chu-de.hon-nhan.12-day-con.03-day-con-tu-thuo-con-tho-p1",
      "name": "03_Dạy Con Từ Thuở Còn Thơ P1",
      "count": 0,
      "isLeaf": null,
      "keyword": null,
      "hash": "U2FsdGVkX1/OdF8oSZv9I9up1WXH8A3IFONsEHwYtEvR35uO9aeqfQiE04Hqr95yaohh17CKVKx/4S9blDouPg==",
      "khash": "U2FsdGVkX19gZkiR8Gn/BSYj6JftmgjE+NH4aZWG8T+JfXjSFOG+BTY9eZzF1eDYJsYuNNZw0WG2TU9XSN2gaA==",
      "viewCount": null,
      "duration": "26:52",
      "size": 25800489
    },
    {
      "id": "93a665a0-d68c-48e8-bf34-323451e85fdf",
      "pid": "bd3d92dc-fd22-47ee-bff6-be224d999d9d",
      "dblevel": 5,
      "location": "/VGMA/HocTheoChuDe/HonNhan/12-DayCon/04_DayConTuThuoConThoP2",
      "isVideo": false,
      "url": "hoc-theo-chu-de.hon-nhan.12-day-con.04-day-con-tu-thuo-con-tho-p2",
      "name": "04_Dạy Con Từ Thuở Còn Thơ P2",
      "count": 0,
      "isLeaf": null,
      "keyword": null,
      "hash": "U2FsdGVkX1+uNHTAhO71IcFMa3AIRdrTyXVbZvW3YVePEd5bvwM7DNdPhlmc4yombTZEScw+gtArayI+M4pzpQ==",
      "khash": "U2FsdGVkX1/S5+xoTuAd75HkyL2fWzxsopoeYN8jjnTD1YY9NJspoz7HxRPoS/3Hu7XJzEREG+rVixy6tpm+Hg==",
      "viewCount": null,
      "duration": "29:29",
      "size": 28319947
    },
    {
      "id": "13d40e46-0145-428c-9467-7fe1f9b67674",
      "pid": "bd3d92dc-fd22-47ee-bff6-be224d999d9d",
      "dblevel": 5,
      "location": "/VGMA/HocTheoChuDe/HonNhan/12-DayCon/05_QuanBinhGiuaTinhThuongvaKyLuat-ThamQuyenTrenCon",
      "isVideo": false,
      "url": "hoc-theo-chu-de.hon-nhan.12-day-con.05-quan-binh-giua-tinh-thuong-va-ky-luat-tham-quyen-tren-con",
      "name": "05_Quân Bình Giữa Tình Thương và Kỷ Luật - Thẩm Quyền Trên Con",
      "count": 0,
      "isLeaf": null,
      "keyword": null,
      "hash": "U2FsdGVkX1+iUwZh5U64fzFcJyYOsb038vvrFThiWGmS8M82/I9rnlutKvzVmm7m+lqm2rpUaqGtDZfMvSQSnw==",
      "khash": "U2FsdGVkX1+bJK8xB7E2hjF71bOlpnTqqS/Giimzhs+2oyyCx1LMhB0QwrVarNLSOsJHHLqPnF1Z2Jw66RhanQ==",
      "viewCount": null,
      "duration": "35:46",
      "size": 34347203
    },
    {
      "id": "bd36d920-35c8-4a54-b549-54368494c765",
      "pid": "bd3d92dc-fd22-47ee-bff6-be224d999d9d",
      "dblevel": 5,
      "location": "/VGMA/HocTheoChuDe/HonNhan/12-DayCon/06_ApDungKyLuatDayCon",
      "isVideo": false,
      "url": "hoc-theo-chu-de.hon-nhan.12-day-con.06-ap-dung-ky-luat-day-con",
      "name": "06_Áp Dụng Kỷ Luật Dạy Con",
      "count": 0,
      "isLeaf": null,
      "keyword": null,
      "hash": "U2FsdGVkX19AvFOCl+SrJlmqeGsNqYyzxTjeFr1uc5f4HL1xqrI5GDSu2BrLZrJ10xDZeq7butiHXeM93vj/JQ==",
      "khash": "U2FsdGVkX19JqBsjCIa4adeDeuq5T6Ho2HpBiCDgV+yoxVLbjWtkT8OEBj5Q3A/hvLmDQ+9aAT806v3sOI07hA==",
      "viewCount": null,
      "duration": "36:9",
      "size": 34717097
    },
    {
      "id": "3be660e7-1e24-4c81-abea-6f798251ec82",
      "pid": "bd3d92dc-fd22-47ee-bff6-be224d999d9d",
      "dblevel": 5,
      "location": "/VGMA/HocTheoChuDe/HonNhan/12-DayCon/07_NhungCachDayCon",
      "isVideo": false,
      "url": "hoc-theo-chu-de.hon-nhan.12-day-con.07-nhung-cach-day-con",
      "name": "07_Những Cách Dạy Con",
      "count": 0,
      "isLeaf": null,
      "keyword": null,
      "hash": "U2FsdGVkX19NCVSmIMbpHGNhj7FyCutWuRRwJ+X9PbVDn4XX8CEBea/cPvXv3b2WKLW5aSmLlWymCMOoH3p8Dw==",
      "khash": "U2FsdGVkX19feZhsHzVEjVo0hTX0bQV8M9Q5PZC+QmG1MM8zKePc2cL5s7a0a3+E03V7KRxo6mipgQWH41BC0w==",
      "viewCount": null,
      "duration": "42:19",
      "size": 40638742
    }
  ]
}