{
  "id": "5c6cd6d9-aa2a-47c5-b6a6-bae195e2254b",
  "pid": "e6ba0e06-964b-4f38-abe3-49308863b5fc",
  "dblevel": 3,
  "location": "/VGMA/HocTheoChuDe/ChuongTrinhCuaDucChuaTroiChoHonnhan",
  "isVideo": false,
  "url": "hoc-theo-chu-de.chuong-trinh-cua-duc-chua-troi-cho-hon-nhan",
  "name": "Chương Trình Của Đức Chúa Trời Cho Hôn nhân",
  "count": 20,
  "isLeaf": true,
  "keyword": null,
  "hash": null,
  "khash": null,
  "viewCount": null,
  "duration": null,
  "size": null,
  "children": [
    {
      "id": "73232e45-6f10-4116-bbbe-d7cbc7f68db3",
      "pid": "5c6cd6d9-aa2a-47c5-b6a6-bae195e2254b",
      "dblevel": 4,
      "location": "/VGMA/HocTheoChuDe/ChuongTrinhCuaDucChuaTroiChoHonnhan/ChuongTrinhCuaDucChuaTroiChoHonnhan-01",
      "isVideo": false,
      "url": "hoc-theo-chu-de.chuong-trinh-cua-duc-chua-troi-cho-hon-nhan.chuong-trinh-cua-duc-chua-troi-cho-hon-nhan-01",
      "name": "Chương Trình Của Đức Chúa Trời Cho Hôn nhân-01",
      "count": 0,
      "isLeaf": null,
      "keyword": null,
      "hash": "U2FsdGVkX186KtBP/lu9CRKtqkyW46W68sIqwZvSwork9Bxu1iRYp1iKvprmm+lKlE4v8JpeL+c6ZcgbuQnqrA==",
      "khash": "U2FsdGVkX1832JJ7KmWzji28FHM7AWZopBKBIjg/qQfnm745yMsqTRMPHLwQoDa+FOQwWxH04hpEG1kP1EIfRQ==",
      "viewCount": null,
      "duration": "19:27",
      "size": 18686064
    },
    {
      "id": "9062169f-8061-4747-8983-29e205b117aa",
      "pid": "5c6cd6d9-aa2a-47c5-b6a6-bae195e2254b",
      "dblevel": 4,
      "location": "/VGMA/HocTheoChuDe/ChuongTrinhCuaDucChuaTroiChoHonnhan/ChuongTrinhCuaDucChuaTroiChoHonnhan-02",
      "isVideo": false,
      "url": "hoc-theo-chu-de.chuong-trinh-cua-duc-chua-troi-cho-hon-nhan.chuong-trinh-cua-duc-chua-troi-cho-hon-nhan-02",
      "name": "Chương Trình Của Đức Chúa Trời Cho Hôn nhân-02",
      "count": 0,
      "isLeaf": null,
      "keyword": null,
      "hash": "U2FsdGVkX1/iLgsk+L0XuMfLalTfJEKMdZiuFuJLhLIv/dbVUSnTZu5vZfa3q7ykDrOKwz7AvD0dBVeDM7KJpw==",
      "khash": "U2FsdGVkX1/lKNhGSeqm67Vp7TrJfHbf1ODit6znA8L+WJlW/cyDaUToLEqpT+anaDBXvXfkPvJTwnyZBQ8oRQ==",
      "viewCount": null,
      "duration": "15:51",
      "size": 15239664
    },
    {
      "id": "d7fa8a51-d60d-4d34-a2ca-eae85c58d076",
      "pid": "5c6cd6d9-aa2a-47c5-b6a6-bae195e2254b",
      "dblevel": 4,
      "location": "/VGMA/HocTheoChuDe/ChuongTrinhCuaDucChuaTroiChoHonnhan/ChuongTrinhCuaDucChuaTroiChoHonnhan-03",
      "isVideo": false,
      "url": "hoc-theo-chu-de.chuong-trinh-cua-duc-chua-troi-cho-hon-nhan.chuong-trinh-cua-duc-chua-troi-cho-hon-nhan-03",
      "name": "Chương Trình Của Đức Chúa Trời Cho Hôn nhân-03",
      "count": 0,
      "isLeaf": null,
      "keyword": null,
      "hash": "U2FsdGVkX18A0Ey1EJW1zr3SvF1RGH6VIb1+Lbrg+cSytmsSUokx7KK77d0E7IRLGkB5B3KmFDte74aeJuywSw==",
      "khash": "U2FsdGVkX19evXddrHyVHhqKm9TmNFGZDFCodaZutH140MrHUBXzJqJCLxl36Y+OuY9EI/NaZl11XW3M+M5Wfw==",
      "viewCount": null,
      "duration": "15:59",
      "size": 15353712
    },
    {
      "id": "a5b8fecf-329d-4b16-a0aa-eb863d4e6ab8",
      "pid": "5c6cd6d9-aa2a-47c5-b6a6-bae195e2254b",
      "dblevel": 4,
      "location": "/VGMA/HocTheoChuDe/ChuongTrinhCuaDucChuaTroiChoHonnhan/ChuongTrinhCuaDucChuaTroiChoHonnhan-04",
      "isVideo": false,
      "url": "hoc-theo-chu-de.chuong-trinh-cua-duc-chua-troi-cho-hon-nhan.chuong-trinh-cua-duc-chua-troi-cho-hon-nhan-04",
      "name": "Chương Trình Của Đức Chúa Trời Cho Hôn nhân-04",
      "count": 0,
      "isLeaf": null,
      "keyword": null,
      "hash": "U2FsdGVkX1/ybff2Bw7We9/Qj5Z/TnhqQsrqON2tMWeD+REvqJ9y3MWd92diBqpZoYTXp7lvNFcHkRIFUKkSzw==",
      "khash": "U2FsdGVkX1+JmHUUDU/B8JzT/3EOEx3xvAuTNB11rB35yElA3mds9Zq527SEq8qE3tLKUStEsc3WnuN4bgPgNw==",
      "viewCount": null,
      "duration": "16:52",
      "size": 16210800
    },
    {
      "id": "9b357f26-32ed-4606-93bc-30d104f23c6f",
      "pid": "5c6cd6d9-aa2a-47c5-b6a6-bae195e2254b",
      "dblevel": 4,
      "location": "/VGMA/HocTheoChuDe/ChuongTrinhCuaDucChuaTroiChoHonnhan/ChuongTrinhCuaDucChuaTroiChoHonnhan-05",
      "isVideo": false,
      "url": "hoc-theo-chu-de.chuong-trinh-cua-duc-chua-troi-cho-hon-nhan.chuong-trinh-cua-duc-chua-troi-cho-hon-nhan-05",
      "name": "Chương Trình Của Đức Chúa Trời Cho Hôn nhân-05",
      "count": 0,
      "isLeaf": null,
      "keyword": null,
      "hash": "U2FsdGVkX18JgjtWm0MDPhQuBPQIY+FXZ/gixvBem8DZRMEgz/pRSHrKagqn6v1xuY486xthdBYVmp8DuadFEw==",
      "khash": null,
      "viewCount": null,
      "duration": "15:32",
      "size": 14929008
    },
    {
      "id": "94f11cce-a6cf-4048-a174-d09e056e9131",
      "pid": "5c6cd6d9-aa2a-47c5-b6a6-bae195e2254b",
      "dblevel": 4,
      "location": "/VGMA/HocTheoChuDe/ChuongTrinhCuaDucChuaTroiChoHonnhan/ChuongTrinhCuaDucChuaTroiChoHonnhan-06",
      "isVideo": false,
      "url": "hoc-theo-chu-de.chuong-trinh-cua-duc-chua-troi-cho-hon-nhan.chuong-trinh-cua-duc-chua-troi-cho-hon-nhan-06",
      "name": "Chương Trình Của Đức Chúa Trời Cho Hôn nhân-06",
      "count": 0,
      "isLeaf": null,
      "keyword": null,
      "hash": "U2FsdGVkX1+lVc5zBB6O48g9ZgFl2jWA2pkLgweXBSs2S/6kH1b9ho+uTGz7JTvqJismzrylwceiD6TNaqLGiQ==",
      "khash": "U2FsdGVkX1/eqN+8gGLEj+9f4Iej6YzZYT9B5ZeKM98/jzBW3rBQ5bb8B0RYmUvCI1AWu47/KdL8eFMhi9xgCQ==",
      "viewCount": null,
      "duration": "19:48",
      "size": 19018224
    },
    {
      "id": "fc93a2fa-ae16-4177-a587-ce84f05b2cae",
      "pid": "5c6cd6d9-aa2a-47c5-b6a6-bae195e2254b",
      "dblevel": 4,
      "location": "/VGMA/HocTheoChuDe/ChuongTrinhCuaDucChuaTroiChoHonnhan/ChuongTrinhCuaDucChuaTroiChoHonnhan-07",
      "isVideo": false,
      "url": "hoc-theo-chu-de.chuong-trinh-cua-duc-chua-troi-cho-hon-nhan.chuong-trinh-cua-duc-chua-troi-cho-hon-nhan-07",
      "name": "Chương Trình Của Đức Chúa Trời Cho Hôn nhân-07",
      "count": 0,
      "isLeaf": null,
      "keyword": null,
      "hash": "U2FsdGVkX196QbDrtnlk0BtXS7zDB9QSq/R2c7nPHVl5khqOIejo+Eu9zBTOzEdUQL8/yVvPpzrcnQo+/OmlgA==",
      "khash": "U2FsdGVkX1+IiLpakgnG2sJIhLLdDmLL5+4HuTcKb//brnEs7P+xESsgyS4vuntsCa9I1iL1zcArfQsYxnvJdA==",
      "viewCount": null,
      "duration": "17:55",
      "size": 17216496
    },
    {
      "id": "bdbb04ee-52e7-4523-96e2-1eb34b5eb338",
      "pid": "5c6cd6d9-aa2a-47c5-b6a6-bae195e2254b",
      "dblevel": 4,
      "location": "/VGMA/HocTheoChuDe/ChuongTrinhCuaDucChuaTroiChoHonnhan/ChuongTrinhCuaDucChuaTroiChoHonnhan-08",
      "isVideo": false,
      "url": "hoc-theo-chu-de.chuong-trinh-cua-duc-chua-troi-cho-hon-nhan.chuong-trinh-cua-duc-chua-troi-cho-hon-nhan-08",
      "name": "Chương Trình Của Đức Chúa Trời Cho Hôn nhân-08",
      "count": 0,
      "isLeaf": null,
      "keyword": null,
      "hash": "U2FsdGVkX195tTWNLF5QLRjVdnaTn0/74WK4DBYAK1c/XUUs8f7AQ+gEYbYxwSxayj/u/1LcN/ZlMTDMDrkiAA==",
      "khash": "U2FsdGVkX18yQ+IDWiWolo+C9gSUTKwmWS1gnjrSh1uzFEbiQMw/4C3t1kUrVt5akGlv3hggIT7XwJi4WY+wVQ==",
      "viewCount": null,
      "duration": "17:0",
      "size": 16339824
    },
    {
      "id": "8908226a-3558-429f-a55e-e6eb7666b0d9",
      "pid": "5c6cd6d9-aa2a-47c5-b6a6-bae195e2254b",
      "dblevel": 4,
      "location": "/VGMA/HocTheoChuDe/ChuongTrinhCuaDucChuaTroiChoHonnhan/ChuongTrinhCuaDucChuaTroiChoHonnhan-09",
      "isVideo": false,
      "url": "hoc-theo-chu-de.chuong-trinh-cua-duc-chua-troi-cho-hon-nhan.chuong-trinh-cua-duc-chua-troi-cho-hon-nhan-09",
      "name": "Chương Trình Của Đức Chúa Trời Cho Hôn nhân-09",
      "count": 0,
      "isLeaf": null,
      "keyword": null,
      "hash": "U2FsdGVkX1+XQSPtDUDvutcIeu4LDiMbH790xjcAE7GeisWrHSQVZkkFJyLV4CIqiuUBnEFM2E6+Aw1kNtgoZw==",
      "khash": "U2FsdGVkX1+e55jCgGt8oTl0TrqNMCxX8TvQL7HbLrcT22vKqGpHWjxvgvaG86q4Wp8XMbh7IMupuKQPowMq8Q==",
      "viewCount": null,
      "duration": "16:44",
      "size": 16072176
    },
    {
      "id": "789badc7-b87c-493f-ba7a-0ba4c01a61fc",
      "pid": "5c6cd6d9-aa2a-47c5-b6a6-bae195e2254b",
      "dblevel": 4,
      "location": "/VGMA/HocTheoChuDe/ChuongTrinhCuaDucChuaTroiChoHonnhan/ChuongTrinhCuaDucChuaTroiChoHonnhan-10",
      "isVideo": false,
      "url": "hoc-theo-chu-de.chuong-trinh-cua-duc-chua-troi-cho-hon-nhan.chuong-trinh-cua-duc-chua-troi-cho-hon-nhan-10",
      "name": "Chương Trình Của Đức Chúa Trời Cho Hôn nhân-10",
      "count": 0,
      "isLeaf": null,
      "keyword": null,
      "hash": "U2FsdGVkX18E+cg+OmBLOzW8UVIo0pi1+FvlrFKcYA0oiaYx9kfejEvEneR0XURKZGRm20ghTC+4Bn1OPM/3xw==",
      "khash": null,
      "viewCount": null,
      "duration": "18:33",
      "size": 17820144
    },
    {
      "id": "2fd07d16-9fc8-4469-9c34-e4c32799a24f",
      "pid": "5c6cd6d9-aa2a-47c5-b6a6-bae195e2254b",
      "dblevel": 4,
      "location": "/VGMA/HocTheoChuDe/ChuongTrinhCuaDucChuaTroiChoHonnhan/ChuongTrinhCuaDucChuaTroiChoHonnhan-11",
      "isVideo": false,
      "url": "hoc-theo-chu-de.chuong-trinh-cua-duc-chua-troi-cho-hon-nhan.chuong-trinh-cua-duc-chua-troi-cho-hon-nhan-11",
      "name": "Chương Trình Của Đức Chúa Trời Cho Hôn nhân-11",
      "count": 0,
      "isLeaf": null,
      "keyword": null,
      "hash": "U2FsdGVkX1+5PTwLuqcqxq3w98BUFrqK78gjcmW1cyR8NhDrqG9VgShn4dB067IfffPJUP6j7Qwfqv3g1mKyVA==",
      "khash": "U2FsdGVkX1/0/ZC+/zBIp1UCnvRLmUtFooLoZa5HBccKQu3d41jsjZ32wqewwcIQF0oWRD0lBXhlbn1qQPccww==",
      "viewCount": null,
      "duration": "16:40",
      "size": 16009968
    },
    {
      "id": "e3ce3f50-7cb8-476b-b7ef-01e9e00f1aeb",
      "pid": "5c6cd6d9-aa2a-47c5-b6a6-bae195e2254b",
      "dblevel": 4,
      "location": "/VGMA/HocTheoChuDe/ChuongTrinhCuaDucChuaTroiChoHonnhan/ChuongTrinhCuaDucChuaTroiChoHonnhan-12",
      "isVideo": false,
      "url": "hoc-theo-chu-de.chuong-trinh-cua-duc-chua-troi-cho-hon-nhan.chuong-trinh-cua-duc-chua-troi-cho-hon-nhan-12",
      "name": "Chương Trình Của Đức Chúa Trời Cho Hôn nhân-12",
      "count": 0,
      "isLeaf": null,
      "keyword": null,
      "hash": "U2FsdGVkX18bNcZWHeUi1LQLjCnvabwipbZIEUiGyEOxeWggOb1wC9ytCe6S47xsF+ziO9g+uFtWLSzkIcid8w==",
      "khash": "U2FsdGVkX189CWbmZL5LwV9P1Z5udwTehPtDaox/nKibT14QrYNvLnDVptnn293QdYoGYx7ShTJu9yilhv8lFQ==",
      "viewCount": null,
      "duration": "16:23",
      "size": 15738480
    },
    {
      "id": "97e386b2-3fbf-43d2-b5f1-5dafeb765829",
      "pid": "5c6cd6d9-aa2a-47c5-b6a6-bae195e2254b",
      "dblevel": 4,
      "location": "/VGMA/HocTheoChuDe/ChuongTrinhCuaDucChuaTroiChoHonnhan/ChuongTrinhCuaDucChuaTroiChoHonnhan-13",
      "isVideo": false,
      "url": "hoc-theo-chu-de.chuong-trinh-cua-duc-chua-troi-cho-hon-nhan.chuong-trinh-cua-duc-chua-troi-cho-hon-nhan-13",
      "name": "Chương Trình Của Đức Chúa Trời Cho Hôn nhân-13",
      "count": 0,
      "isLeaf": null,
      "keyword": null,
      "hash": "U2FsdGVkX18tjk15CgKHRc3S/gO6Haapm7Xdp8p2JwQqrJXuNRt2CCGmcDgj1w9LIaKIRvgM8hZtCkwIgSbrWA==",
      "khash": null,
      "viewCount": null,
      "duration": "18:40",
      "size": 17938416
    },
    {
      "id": "cd8e2bbe-928f-47a3-aee9-99882ed95c81",
      "pid": "5c6cd6d9-aa2a-47c5-b6a6-bae195e2254b",
      "dblevel": 4,
      "location": "/VGMA/HocTheoChuDe/ChuongTrinhCuaDucChuaTroiChoHonnhan/ChuongTrinhCuaDucChuaTroiChoHonnhan-14",
      "isVideo": false,
      "url": "hoc-theo-chu-de.chuong-trinh-cua-duc-chua-troi-cho-hon-nhan.chuong-trinh-cua-duc-chua-troi-cho-hon-nhan-14",
      "name": "Chương Trình Của Đức Chúa Trời Cho Hôn nhân-14",
      "count": 0,
      "isLeaf": null,
      "keyword": null,
      "hash": "U2FsdGVkX1/xLsw2lVeVSOCAOt+omDHUCXk24uKWPla2pnc2x3SizAhlMXzGgBb4ddfyiFJXIESfa6J4mO5ozg==",
      "khash": "U2FsdGVkX1+7YZzBYzRxH4LohO4nWTa4RAarJokYSu6jsRCMdEmUurMBL773XOxraaeRYzlonwF2jp/+k2/MmQ==",
      "viewCount": null,
      "duration": "15:36",
      "size": 14996208
    },
    {
      "id": "9d4a3843-5911-4882-9842-22eb592d4dbf",
      "pid": "5c6cd6d9-aa2a-47c5-b6a6-bae195e2254b",
      "dblevel": 4,
      "location": "/VGMA/HocTheoChuDe/ChuongTrinhCuaDucChuaTroiChoHonnhan/ChuongTrinhCuaDucChuaTroiChoHonnhan-15",
      "isVideo": false,
      "url": "hoc-theo-chu-de.chuong-trinh-cua-duc-chua-troi-cho-hon-nhan.chuong-trinh-cua-duc-chua-troi-cho-hon-nhan-15",
      "name": "Chương Trình Của Đức Chúa Trời Cho Hôn nhân-15",
      "count": 0,
      "isLeaf": null,
      "keyword": null,
      "hash": "U2FsdGVkX18Fev+WScxWVtZ4qEuy25YNk5Im1i1bKkUeN5p4/Yu08HndgdGKl61A27fWxGoqMG39cuuSk/Cqvg==",
      "khash": "U2FsdGVkX19O1OGWfKZ5KooR/x19FeyHTeaFL8eBB/DSmKZbYB28gW+5wa4mSz435+wifRc1p3x3k+xIUDjuFQ==",
      "viewCount": null,
      "duration": "15:41",
      "size": 15065712
    },
    {
      "id": "b8da3c9c-abe9-48f5-b047-520ad80df0b9",
      "pid": "5c6cd6d9-aa2a-47c5-b6a6-bae195e2254b",
      "dblevel": 4,
      "location": "/VGMA/HocTheoChuDe/ChuongTrinhCuaDucChuaTroiChoHonnhan/ChuongTrinhCuaDucChuaTroiChoHonnhan-16",
      "isVideo": false,
      "url": "hoc-theo-chu-de.chuong-trinh-cua-duc-chua-troi-cho-hon-nhan.chuong-trinh-cua-duc-chua-troi-cho-hon-nhan-16",
      "name": "Chương Trình Của Đức Chúa Trời Cho Hôn nhân-16",
      "count": 0,
      "isLeaf": null,
      "keyword": null,
      "hash": "U2FsdGVkX18bYzdiqswNrQHryOOnRrO6deCFjBRIxBv6V2IMj3Vh/VJR8rGkxZS/wGI5SKet/4pqGXs6ONhv8w==",
      "khash": null,
      "viewCount": null,
      "duration": "16:48",
      "size": 16151280
    },
    {
      "id": "daff1456-0766-409d-b6b4-074a3815e185",
      "pid": "5c6cd6d9-aa2a-47c5-b6a6-bae195e2254b",
      "dblevel": 4,
      "location": "/VGMA/HocTheoChuDe/ChuongTrinhCuaDucChuaTroiChoHonnhan/ChuongTrinhCuaDucChuaTroiChoHonnhan-17",
      "isVideo": false,
      "url": "hoc-theo-chu-de.chuong-trinh-cua-duc-chua-troi-cho-hon-nhan.chuong-trinh-cua-duc-chua-troi-cho-hon-nhan-17",
      "name": "Chương Trình Của Đức Chúa Trời Cho Hôn nhân-17",
      "count": 0,
      "isLeaf": null,
      "keyword": null,
      "hash": "U2FsdGVkX19UYK+J3S1c1IPMJ9i7TZjKbF/ccAY9X5ARE0Vd0SYB9hlq40w3j1Vj1C4qk4V9LZemZXCZ4qNwaw==",
      "khash": null,
      "viewCount": null,
      "duration": "17:1",
      "size": 16345200
    },
    {
      "id": "1b3402dc-70ef-4252-b528-906eb2735293",
      "pid": "5c6cd6d9-aa2a-47c5-b6a6-bae195e2254b",
      "dblevel": 4,
      "location": "/VGMA/HocTheoChuDe/ChuongTrinhCuaDucChuaTroiChoHonnhan/ChuongTrinhCuaDucChuaTroiChoHonnhan-18",
      "isVideo": false,
      "url": "hoc-theo-chu-de.chuong-trinh-cua-duc-chua-troi-cho-hon-nhan.chuong-trinh-cua-duc-chua-troi-cho-hon-nhan-18",
      "name": "Chương Trình Của Đức Chúa Trời Cho Hôn nhân-18",
      "count": 0,
      "isLeaf": null,
      "keyword": null,
      "hash": "U2FsdGVkX18jW0hPrXegQSaQHQC+yjEKSMHLXfZz6VURm5reLyoQS+ZdtM5Q8Swoz1niKv0V3B1WOsY78cmqkA==",
      "khash": null,
      "viewCount": null,
      "duration": "15:48",
      "size": 15189744
    },
    {
      "id": "b1930a5d-7ead-40be-88d5-94d3924fb9d0",
      "pid": "5c6cd6d9-aa2a-47c5-b6a6-bae195e2254b",
      "dblevel": 4,
      "location": "/VGMA/HocTheoChuDe/ChuongTrinhCuaDucChuaTroiChoHonnhan/ChuongTrinhCuaDucChuaTroiChoHonnhan-19",
      "isVideo": false,
      "url": "hoc-theo-chu-de.chuong-trinh-cua-duc-chua-troi-cho-hon-nhan.chuong-trinh-cua-duc-chua-troi-cho-hon-nhan-19",
      "name": "Chương Trình Của Đức Chúa Trời Cho Hôn nhân-19",
      "count": 0,
      "isLeaf": null,
      "keyword": null,
      "hash": "U2FsdGVkX19wjzyIAzzjEP0czu8LzxY0ARtry9+xOpJH2txfXIbUXgmY2K7pOHsahaZtmfidvIykYbAwnHy6Sg==",
      "khash": "U2FsdGVkX1+twBYa+F2JfnAN+pb5lDn08+X7krUD2xfrXdN9ESbjb7u+HS0WKVrSWYz8ieEk5h67Vmki6hKpwg==",
      "viewCount": null,
      "duration": "16:19",
      "size": 15685104
    },
    {
      "id": "09f237b5-3818-46bc-8d24-24e659076890",
      "pid": "5c6cd6d9-aa2a-47c5-b6a6-bae195e2254b",
      "dblevel": 4,
      "location": "/VGMA/HocTheoChuDe/ChuongTrinhCuaDucChuaTroiChoHonnhan/ChuongTrinhCuaDucChuaTroiChoHonnhan-20",
      "isVideo": false,
      "url": "hoc-theo-chu-de.chuong-trinh-cua-duc-chua-troi-cho-hon-nhan.chuong-trinh-cua-duc-chua-troi-cho-hon-nhan-20",
      "name": "Chương Trình Của Đức Chúa Trời Cho Hôn nhân-20",
      "count": 0,
      "isLeaf": null,
      "keyword": null,
      "hash": "U2FsdGVkX180giWb6cNjpL0hXxCryj0o14QMhhu74Vb+I4YKXFxnK6K7PuG1XkpONAyAv9roPG4QS0M1v2bU9Q==",
      "khash": "U2FsdGVkX18m87vljGAZyXtOAxSivLAzhaDmKUKWSZqV1AlZRBcsSv4mBxmoPvTl3PYiPtMmmAR/iLxuVDtBkg==",
      "viewCount": null,
      "duration": "17:35",
      "size": 16893168
    }
  ]
}