{
  "id": "b2027fc6-cc32-4f9d-b5d3-ed38f5f43091",
  "pid": "d45d630a-2836-4e61-a069-b442f2b63989",
  "dblevel": 3,
  "location": "/VGMA/HocKinhThanhTheoSach/57.Phi-le-monDPT",
  "isVideo": false,
  "url": "hoc-kinh-thanh-theo-sach.57--phi-le-mon-dpt",
  "name": "57. Phi-lê-môn DPT",
  "count": 8,
  "isLeaf": true,
  "keyword": null,
  "hash": null,
  "khash": null,
  "viewCount": null,
  "duration": null,
  "size": null,
  "children": [
    {
      "id": "58b75cab-1f44-4abd-83fc-6358d9125381",
      "pid": "b2027fc6-cc32-4f9d-b5d3-ed38f5f43091",
      "dblevel": 4,
      "location": "/VGMA/HocKinhThanhTheoSach/57.Phi-le-monDPT/01-Phile_BoiCanhCuaThu",
      "isVideo": false,
      "url": "hoc-kinh-thanh-theo-sach.57--phi-le-mon-dpt.01-phile-boi-canh-cua-thu",
      "name": "01-Phile_Bối Cảnh Của Thư",
      "count": 0,
      "isLeaf": null,
      "keyword": null,
      "hash": "U2FsdGVkX183cytb5fD8RfJWVT4QVN/V8/2L9NcZmxC2L+XeZX4hbxnB/3ozYLx44QuHsrRYKj2FG1psbhyAWg==",
      "khash": null,
      "viewCount": null,
      "duration": "18:23",
      "size": 17658756
    },
    {
      "id": "36f3e92c-2632-4e26-9510-e828ea8b4890",
      "pid": "b2027fc6-cc32-4f9d-b5d3-ed38f5f43091",
      "dblevel": 4,
      "location": "/VGMA/HocKinhThanhTheoSach/57.Phi-le-monDPT/02-Phile_LoiMoDauCuaThu",
      "isVideo": false,
      "url": "hoc-kinh-thanh-theo-sach.57--phi-le-mon-dpt.02-phile-loi-mo-dau-cua-thu",
      "name": "02-Phile_Lời Mở Đầu Của Thư",
      "count": 0,
      "isLeaf": null,
      "keyword": null,
      "hash": "U2FsdGVkX1+BQBeYegjHct3VYig+0mCkzv36x6QuH2fVx1QGpurBB2URb5RSgs2P40vXOUOgk6VCPiiUNIYO7Q==",
      "khash": null,
      "viewCount": null,
      "duration": "22:35",
      "size": 21694572
    },
    {
      "id": "40eedb77-5f51-46de-96e1-31a208f6cbd9",
      "pid": "b2027fc6-cc32-4f9d-b5d3-ed38f5f43091",
      "dblevel": 4,
      "location": "/VGMA/HocKinhThanhTheoSach/57.Phi-le-monDPT/03-Phile_DucTinVaLongYeuThuongCuaPhi-le-mon-P1",
      "isVideo": false,
      "url": "hoc-kinh-thanh-theo-sach.57--phi-le-mon-dpt.03-phile-duc-tin-va-long-yeu-thuong-cua-phi-le-mon-p1",
      "name": "03-Phile_Đức Tin Và Lòng Yêu Thương Của Phi-lê-môn-P1",
      "count": 0,
      "isLeaf": null,
      "keyword": null,
      "hash": "U2FsdGVkX19pzLForXjjIMHwsDMkgw/ElwikO2VDiGW37N+UnFPQ+4o6JoyEnenRiKkroL+vaw1saI58ccL2Dg==",
      "khash": null,
      "viewCount": null,
      "duration": "16:39",
      "size": 15999082
    },
    {
      "id": "c6c53369-a6a3-4274-b862-e84309904e0e",
      "pid": "b2027fc6-cc32-4f9d-b5d3-ed38f5f43091",
      "dblevel": 4,
      "location": "/VGMA/HocKinhThanhTheoSach/57.Phi-le-monDPT/04-Phile_DucTinVaLongYeuThuongCuaPhi-le-mon-P2",
      "isVideo": false,
      "url": "hoc-kinh-thanh-theo-sach.57--phi-le-mon-dpt.04-phile-duc-tin-va-long-yeu-thuong-cua-phi-le-mon-p2",
      "name": "04-Phile_Đức Tin Và Lòng Yêu Thương Của Phi-lê-môn-P2",
      "count": 0,
      "isLeaf": null,
      "keyword": null,
      "hash": "U2FsdGVkX1/WOR4pwhVagH2J0iiuCwjNzgKxmbzpKdE7Cz5tzewxKDy+e/6I7RzZ0DPcgEbKAaV0GghgfIiCOw==",
      "khash": "U2FsdGVkX19RlLdlAplFvPZ3txwhOG9vC00KipCk6sa2RGww/zuobWMCV9hZHkY904RhWNheG0wBiJ5qLiBIUg==",
      "viewCount": null,
      "duration": "16:9",
      "size": 15520100
    },
    {
      "id": "86b1ef44-9e93-48a8-aa26-58d7dd5cd53c",
      "pid": "b2027fc6-cc32-4f9d-b5d3-ed38f5f43091",
      "dblevel": 4,
      "location": "/VGMA/HocKinhThanhTheoSach/57.Phi-le-monDPT/05-Phile_ViecLanhTuNguyen",
      "isVideo": false,
      "url": "hoc-kinh-thanh-theo-sach.57--phi-le-mon-dpt.05-phile-viec-lanh-tu-nguyen",
      "name": "05-Phile_Việc Lành Tự Nguyện",
      "count": 0,
      "isLeaf": null,
      "keyword": null,
      "hash": "U2FsdGVkX1++x/L+ov7n0hgrl2LQ+bsL6XqyE5uZBqPza6GbnqDS4l7Go6JeWrNfes67Bkb21jsCO+2ZntnDFg==",
      "khash": null,
      "viewCount": null,
      "duration": "17:55",
      "size": 17204858
    },
    {
      "id": "ef499d54-0186-4512-b6c2-1c43fafce77f",
      "pid": "b2027fc6-cc32-4f9d-b5d3-ed38f5f43091",
      "dblevel": 4,
      "location": "/VGMA/HocKinhThanhTheoSach/57.Phi-le-monDPT/06-Phile_NguyenTacXuTheVaOnThanHuu",
      "isVideo": false,
      "url": "hoc-kinh-thanh-theo-sach.57--phi-le-mon-dpt.06-phile-nguyen-tac-xu-the-va-on-than-huu",
      "name": "06-Phile_Nguyên Tắc Xử Thế Và Ơn Thần Hựu",
      "count": 0,
      "isLeaf": null,
      "keyword": null,
      "hash": "U2FsdGVkX19y3IwxkELNcQ5iJF9KAzrFOIzCLX5ALw/IsIU9Q3M8V7/TZnQ8iGLcl0ewoKX/aUJlBVk4F6TOhQ==",
      "khash": "U2FsdGVkX19zDdKQtaUGoMpZdeFkDiIepfSu8uODBdsfqCVuOrtJI7sJIa90VNNB1QhsQJnf1qmq7yzUuzjbZw==",
      "viewCount": null,
      "duration": "23:20",
      "size": 22413483
    },
    {
      "id": "07a9284d-afb9-448f-8b60-88d41f8ddee3",
      "pid": "b2027fc6-cc32-4f9d-b5d3-ed38f5f43091",
      "dblevel": 4,
      "location": "/VGMA/HocKinhThanhTheoSach/57.Phi-le-monDPT/07-Phile_TinhyeuVaViecLam",
      "isVideo": false,
      "url": "hoc-kinh-thanh-theo-sach.57--phi-le-mon-dpt.07-phile-tinh-yeu-va-viec-lam-",
      "name": "07-Phile_Tình yêu Và Việc Làm ",
      "count": 0,
      "isLeaf": null,
      "keyword": null,
      "hash": "U2FsdGVkX194FX8uu03bWzFfKuVdfqCzVmHNMUTmZHzAGWgFtu9CzW2KM6L/ZFiihyuEuC7IFJWtlcQUGxrZEw==",
      "khash": null,
      "viewCount": null,
      "duration": "19:35",
      "size": 18813593
    },
    {
      "id": "9860450f-ced9-4854-9bf1-4fbca9a0bca5",
      "pid": "b2027fc6-cc32-4f9d-b5d3-ed38f5f43091",
      "dblevel": 4,
      "location": "/VGMA/HocKinhThanhTheoSach/57.Phi-le-monDPT/08-Phile_DucTin-HyVong-AnDien",
      "isVideo": false,
      "url": "hoc-kinh-thanh-theo-sach.57--phi-le-mon-dpt.08-phile-duc-tin-hy-vong-an-dien",
      "name": "08-Phile_Đức Tin - Hy Vọng - Ân Điển",
      "count": 0,
      "isLeaf": null,
      "keyword": null,
      "hash": "U2FsdGVkX1+1qIM+AazFhjKndcQPyFGLIsSSDfgA0tOxTctiHoKSyW50akPUNfVEWRd0x+IChFcENSyRs/cm/g==",
      "khash": "U2FsdGVkX191G/7TCrluVzFOXRd5nAQRWi4WaOmfNzNbQrFhHVJKKY+j3glJKpDipiMgD0FYCimsAnHoD7osgQ==",
      "viewCount": null,
      "duration": "17:38",
      "size": 16935282
    }
  ]
}