{
  "id": "8aaaf6cb-f836-4123-b3a2-858d144bb90d",
  "pid": "d45d630a-2836-4e61-a069-b442f2b63989",
  "dblevel": 3,
  "location": "/VGMA/HocKinhThanhTheoSach/50.Phi-lipNS",
  "isVideo": false,
  "url": "hoc-kinh-thanh-theo-sach.50--phi-lip-ns",
  "name": "50. Phi-líp NS",
  "count": 12,
  "isLeaf": true,
  "keyword": null,
  "hash": null,
  "khash": null,
  "viewCount": null,
  "duration": null,
  "size": null,
  "children": [
    {
      "id": "52c8f1a6-b881-400b-bd5d-233047e5c879",
      "pid": "8aaaf6cb-f836-4123-b3a2-858d144bb90d",
      "dblevel": 4,
      "location": "/VGMA/HocKinhThanhTheoSach/50.Phi-lipNS/PhilipNDT_01_TongQuanThuPhi-lip",
      "isVideo": false,
      "url": "hoc-kinh-thanh-theo-sach.50--phi-lip-ns.philipndt-01-tong-quan-thu-phi-lip",
      "name": "PhilipNDT_01_Tổng Quan Thư Phi-líp",
      "count": 0,
      "isLeaf": null,
      "keyword": null,
      "hash": "U2FsdGVkX19PfA5fZvmAUS7gVb7riJQsXxPe9D8bfuE/m70Kgj4BuY67kB41RDGa5fKyudqddYhWjDLbktyvdg==",
      "khash": null,
      "viewCount": null,
      "duration": "23:6",
      "size": 22183437
    },
    {
      "id": "916b68a3-72af-4e60-aede-3868b80a50f5",
      "pid": "8aaaf6cb-f836-4123-b3a2-858d144bb90d",
      "dblevel": 4,
      "location": "/VGMA/HocKinhThanhTheoSach/50.Phi-lipNS/PhilipNDT_02_NiemVuiTamLongCuaPhao-lo",
      "isVideo": false,
      "url": "hoc-kinh-thanh-theo-sach.50--phi-lip-ns.philipndt-02-niem-vui-tam-long-cua-phao-lo",
      "name": "PhilipNDT_02_Niềm Vui Tấm Lòng Của Phao-lô",
      "count": 0,
      "isLeaf": null,
      "keyword": null,
      "hash": "U2FsdGVkX1+nHX8CaYFwrVxXhepsQAkLXIQgQOGVDU2HWNMIbiMGtsknJhF/HtU4PcWfNj10slrNJunFV+UChA==",
      "khash": "U2FsdGVkX1+QuepEgrwqPGi7Ymq3Eu28Dkx2NM68pgo+CNzuwdqnpeQqsrqZHcWrG1zwb8ISmpgS/apTp+p5nw==",
      "viewCount": null,
      "duration": "22:21",
      "size": 21477279
    },
    {
      "id": "ce1a4898-60f7-4af1-b074-bfd11275e181",
      "pid": "8aaaf6cb-f836-4123-b3a2-858d144bb90d",
      "dblevel": 4,
      "location": "/VGMA/HocKinhThanhTheoSach/50.Phi-lipNS/PhilipNDT_03_PhucAmVaXiengXich",
      "isVideo": false,
      "url": "hoc-kinh-thanh-theo-sach.50--phi-lip-ns.philipndt-03-phuc-am-va-xieng-xich",
      "name": "PhilipNDT_03_Phúc Âm Và Xiềng Xích",
      "count": 0,
      "isLeaf": null,
      "keyword": null,
      "hash": "U2FsdGVkX1+6YmTHzHd2dm0BF+Cos2iyxInZQto3QdzxWcfqW+HHtz+yWV7MQ1RHd4MJkFgMsdqZj9DtJlwfaQ==",
      "khash": "U2FsdGVkX1/fESxEF6SS+PkiyYMBY667nNgC4WQ/qNImnjQ93CQNJmwwhgpioaruwPL0QPJFz7drWEzBVpJgiA==",
      "viewCount": null,
      "duration": "23:11",
      "size": 22274061
    },
    {
      "id": "25654293-552e-4842-a252-c0a0600aee72",
      "pid": "8aaaf6cb-f836-4123-b3a2-858d144bb90d",
      "dblevel": 4,
      "location": "/VGMA/HocKinhThanhTheoSach/50.Phi-lipNS/PhilipNDT_04_SuLuaChonKhaVungVang",
      "isVideo": false,
      "url": "hoc-kinh-thanh-theo-sach.50--phi-lip-ns.philipndt-04-su-lua-chon-kha-vung-vang",
      "name": "PhilipNDT_04_Sự Lựa Chọn Khá Vững Vàng",
      "count": 0,
      "isLeaf": null,
      "keyword": null,
      "hash": "U2FsdGVkX18FCU/MxFfkSburskGwWQL2+uSgM5cqmrDSeYxCKbpeqJ9YhLlYgfpi4qrszlkOnSN+KG/R1y10Uw==",
      "khash": null,
      "viewCount": null,
      "duration": "22:26",
      "size": 21549078
    },
    {
      "id": "f386c64e-35d3-4004-a3c6-67d22214de80",
      "pid": "8aaaf6cb-f836-4123-b3a2-858d144bb90d",
      "dblevel": 4,
      "location": "/VGMA/HocKinhThanhTheoSach/50.Phi-lipNS/PhilipNDT_05_DuocThucGiucDeHiepMot-ChanDungChua",
      "isVideo": false,
      "url": "hoc-kinh-thanh-theo-sach.50--phi-lip-ns.philipndt-05-duoc-thuc-giuc-de-hiep-mot-chan-dung-chua",
      "name": "PhilipNDT_05_Được Thúc Giục Để Hiệp Một-Chân Dung Chúa",
      "count": 0,
      "isLeaf": null,
      "keyword": null,
      "hash": "U2FsdGVkX1+FOECdlz6D1lUv4BCNTxZ1BcFSi5KorQO/bmtwAWkFqB7mUXtBXSkVe/h/7l53M+MzdNW2j2CkEg==",
      "khash": "U2FsdGVkX19EhsF0KK67Oh2vbnCIyC/42GhDGMHuYDVSbTURuvxXJo0Cqdycmyy5tlSs0Ldx6g3by+HsTkstWg==",
      "viewCount": null,
      "duration": "22:45",
      "size": 21847488
    },
    {
      "id": "533c6f86-10b0-41bc-9f8a-9f745c2b6cde",
      "pid": "8aaaf6cb-f836-4123-b3a2-858d144bb90d",
      "dblevel": 4,
      "location": "/VGMA/HocKinhThanhTheoSach/50.Phi-lipNS/PhilipNDT_06_DuocSangTrongTheGian-TamTinhCuaTi-mo-the",
      "isVideo": false,
      "url": "hoc-kinh-thanh-theo-sach.50--phi-lip-ns.philipndt-06-duoc-sang-trong-the-gian-tam-tinh-cua-ti-mo-the",
      "name": "PhilipNDT_06_Được Sáng Trong Thế Gian-Tâm Tình Của Ti-mô-thê",
      "count": 0,
      "isLeaf": null,
      "keyword": null,
      "hash": "U2FsdGVkX18wrhwQFlxoDVN8uExUwZMIxcWwRlHAsNCSvY7KE8kcGJaGX04QmL+vnvHkVZItsbSExt8XbcB3ww==",
      "khash": null,
      "viewCount": null,
      "duration": "23:18",
      "size": 22388975
    },
    {
      "id": "d028935a-cd2d-4861-8d6d-a6a6d37bcd62",
      "pid": "8aaaf6cb-f836-4123-b3a2-858d144bb90d",
      "dblevel": 4,
      "location": "/VGMA/HocKinhThanhTheoSach/50.Phi-lipNS/PhilipNDT_07_TamTinhCuaEp-ba-pho-dich-PhanBietThatGia",
      "isVideo": false,
      "url": "hoc-kinh-thanh-theo-sach.50--phi-lip-ns.philipndt-07-tam-tinh-cua-ep-ba-pho-dich-phan-biet-that-gia",
      "name": "PhilipNDT_07_Tâm Tình Của Ép-ba-phô-đích-Phân Biệt Thật Giả",
      "count": 0,
      "isLeaf": null,
      "keyword": null,
      "hash": "U2FsdGVkX1/yk4EC7MpNOEjLKKrOJ0fKEL2p1mC9qtIJShshpR7FeS0dNsAulkXRTSVIHkB5UDpeZfIndPmQxg==",
      "khash": "U2FsdGVkX19OnFOPAcLifDjTMpU2gNEpP2vlY15zFeuULnUZ+7jbPYDwCVVClAcTIv2gguSrQc2SWm+sXnrrhw==",
      "viewCount": null,
      "duration": "23:13",
      "size": 22308681
    },
    {
      "id": "7b144b08-6912-4f15-a8dd-8a651d3879a6",
      "pid": "8aaaf6cb-f836-4123-b3a2-858d144bb90d",
      "dblevel": 4,
      "location": "/VGMA/HocKinhThanhTheoSach/50.Phi-lipNS/PhilipNDT_08_LoiVaLo-NhanBietChua",
      "isVideo": false,
      "url": "hoc-kinh-thanh-theo-sach.50--phi-lip-ns.philipndt-08-loi-va-lo-nhan-biet-chua",
      "name": "PhilipNDT_08_Lời Và Lỗ-Nhận Biết Chúa",
      "count": 0,
      "isLeaf": null,
      "keyword": null,
      "hash": "U2FsdGVkX19fifz/e2EFC8rYd3dy/IaKuw+Ez2nhs1FxOg3bwlV/pwlQ+nicTANCzTK8i2WEdzCjLidf0YTvig==",
      "khash": "U2FsdGVkX1+crtnsIykgGQL6e+b9DLZs4EraBOq0VSBcCZHCzQjJyfcfWetYOO4I+JhS//c/Y/e0MRVnPglfRw==",
      "viewCount": null,
      "duration": "23:31",
      "size": 22590870
    },
    {
      "id": "11c16b38-cb7e-468e-88b8-c5ceecb178f6",
      "pid": "8aaaf6cb-f836-4123-b3a2-858d144bb90d",
      "dblevel": 4,
      "location": "/VGMA/HocKinhThanhTheoSach/50.Phi-lipNS/PhilipNDT_09_ChayDuaThuocLinh-CongDanNuocTroi",
      "isVideo": false,
      "url": "hoc-kinh-thanh-theo-sach.50--phi-lip-ns.philipndt-09-chay-dua-thuoc-linh-cong-dan-nuoc-troi",
      "name": "PhilipNDT_09_Chạy Đua Thuộc Linh-Công Dân Nước Trời",
      "count": 0,
      "isLeaf": null,
      "keyword": null,
      "hash": "U2FsdGVkX1/MkDY5Lk7Ik8Q/+2cRh48kr0a9gvyqpwIUpP67TPPWnGbi/6B8QkHCVkLH0n2RFGq0rqEtfya1lQ==",
      "khash": null,
      "viewCount": null,
      "duration": "24:2",
      "size": 23078586
    },
    {
      "id": "b876730c-6796-47ec-8b9b-8d229fa4fa8f",
      "pid": "8aaaf6cb-f836-4123-b3a2-858d144bb90d",
      "dblevel": 4,
      "location": "/VGMA/HocKinhThanhTheoSach/50.Phi-lipNS/PhilipNDT_10_NhungLoiKhuyen-CacMoiQuanHe",
      "isVideo": false,
      "url": "hoc-kinh-thanh-theo-sach.50--phi-lip-ns.philipndt-10-nhung-loi-khuyen-cac-moi-quan-he",
      "name": "PhilipNDT_10_Những Lời Khuyên-Các Mối Quan Hệ",
      "count": 0,
      "isLeaf": null,
      "keyword": null,
      "hash": "U2FsdGVkX19a3QRY478qj+qYU9HbKg+YmxPcHyGVzjTyOSZp1Ox+D1S4d2ujMaNv5jh7c4Py7Li5yreCG5ByPw==",
      "khash": "U2FsdGVkX1+9cs1azh/olMx4qOtH6buk3JyIOqrSYv1F4OEtuHIvMT8TYItRAI+WhZlMvSe9ZLqrQ18idpfwfw==",
      "viewCount": null,
      "duration": "22:40",
      "size": 21770667
    },
    {
      "id": "dcff5cf5-aeca-4999-881c-724e7ebfc73a",
      "pid": "8aaaf6cb-f836-4123-b3a2-858d144bb90d",
      "dblevel": 4,
      "location": "/VGMA/HocKinhThanhTheoSach/50.Phi-lipNS/PhilipNDT_11_TuTuongVaHanhDong-LongBietOn",
      "isVideo": false,
      "url": "hoc-kinh-thanh-theo-sach.50--phi-lip-ns.philipndt-11-tu-tuong-va-hanh-dong-long-biet-on",
      "name": "PhilipNDT_11_Tư Tưởng Và Hành Động-Lòng Biết Ơn",
      "count": 0,
      "isLeaf": null,
      "keyword": null,
      "hash": "U2FsdGVkX1+sGFg77YFhn8zKVsrZaMcI7EGJ842/xSwo8db2sQQ6w5YPJgf/PMyqEziaZgYLYRXEX2uGjHnPfw==",
      "khash": "U2FsdGVkX1+49v8O8mIUbzTgwHllsmqnOD919OEvxgofb5HEoo7h0wL8he0RAYWgeEM1A9CkajPKPMe0vXhK/g==",
      "viewCount": null,
      "duration": "23:13",
      "size": 22300590
    },
    {
      "id": "a12c7284-b943-4b05-bc72-dc809251b753",
      "pid": "8aaaf6cb-f836-4123-b3a2-858d144bb90d",
      "dblevel": 4,
      "location": "/VGMA/HocKinhThanhTheoSach/50.Phi-lipNS/PhilipNDT_12_HuongThomChoDucChuaTroi-LoiTamBiet",
      "isVideo": false,
      "url": "hoc-kinh-thanh-theo-sach.50--phi-lip-ns.philipndt-12-huong-thom-cho-duc-chua-troi-loi-tam-biet",
      "name": "PhilipNDT_12_Hương Thơm Cho Đức Chúa Trời- Lời Tạm Biệt",
      "count": 0,
      "isLeaf": null,
      "keyword": null,
      "hash": "U2FsdGVkX188HHFTKHFRtp70HeQbML0IDVVtoRwNk+07ETkhQzkpltvB/FTU7RfrBt2izA61ImRITMi0MEj/9A==",
      "khash": null,
      "viewCount": null,
      "duration": "23:3",
      "size": 22138152
    }
  ]
}