{
  "id": "66394838-eb6b-4b20-827d-5e1804099229",
  "pid": "d45d630a-2836-4e61-a069-b442f2b63989",
  "dblevel": 3,
  "location": "/VGMA/HocKinhThanhTheoSach/43.GiangDPT",
  "isVideo": false,
  "url": "hoc-kinh-thanh-theo-sach.43--giang-dpt",
  "name": "43. Giăng DPT",
  "count": 34,
  "isLeaf": true,
  "keyword": null,
  "hash": null,
  "khash": null,
  "viewCount": null,
  "duration": null,
  "size": null,
  "children": [
    {
      "id": "47359415-d2ce-489a-91e1-086edcf81987",
      "pid": "66394838-eb6b-4b20-827d-5e1804099229",
      "dblevel": 4,
      "location": "/VGMA/HocKinhThanhTheoSach/43.GiangDPT/01-Gi1:1-5_LoiPhanCuaDucChuaTroi-ChuaLaAnhSang",
      "isVideo": false,
      "url": "hoc-kinh-thanh-theo-sach.43--giang-dpt.01-gi-1-1-5-loi-phan-cua-duc-chua-troi-chua-la-anh-sang",
      "name": "01-Gi 1:1-5_Lời Phán Của Đức Chúa Trời - Chúa Là Ánh Sáng",
      "count": 0,
      "isLeaf": null,
      "keyword": null,
      "hash": "U2FsdGVkX1+UfMlu/ke9xW5oCy/sjGj8nu+68OKtYEG7KezoR4Pi2VZorZ66uuBd6XuKoxPmJUBEEDGCsRDApg==",
      "khash": "U2FsdGVkX19PjDh9EcN3lMeOj413gK7XTS+WCOdZtCTeudckxDRw+ArJ313PILD7H887UDgVymd4kF/aTY5q4A==",
      "viewCount": null,
      "duration": "25:42",
      "size": 24677827
    },
    {
      "id": "f479a5aa-e2a6-4e74-b7c0-f454ff2564d1",
      "pid": "66394838-eb6b-4b20-827d-5e1804099229",
      "dblevel": 4,
      "location": "/VGMA/HocKinhThanhTheoSach/43.GiangDPT/02-Gi1:6-13_LamNhanChungChoChua-AnhSangThat",
      "isVideo": false,
      "url": "hoc-kinh-thanh-theo-sach.43--giang-dpt.02-gi-1-6-13-lam-nhan-chung-cho-chua-anh-sang-that",
      "name": "02-Gi 1:6-13_Làm Nhân Chứng Cho Chúa - Ánh Sáng Thật",
      "count": 0,
      "isLeaf": null,
      "keyword": null,
      "hash": "U2FsdGVkX18tDaVJsq4waO7+huIm4Qblw9j6zJCyKj6SrW70/8rC18gNRlT8KGTkKlIenaXKzqp/wULlmmqDjA==",
      "khash": "U2FsdGVkX19Rri8m/T6ghiUBJWG4SK3Fisw3SXHy10mdo9sVO15CtluKvXNlXsiPaiKRmQUiEv3mmX9F7/9GTA==",
      "viewCount": null,
      "duration": "26:15",
      "size": 25203624
    },
    {
      "id": "b542a2b7-6086-4bb8-adc7-d59ddb6c9228",
      "pid": "66394838-eb6b-4b20-827d-5e1804099229",
      "dblevel": 4,
      "location": "/VGMA/HocKinhThanhTheoSach/43.GiangDPT/03-Gi1:14-18_NgoiLoiTroNenXacThit-OnCangThemOn",
      "isVideo": false,
      "url": "hoc-kinh-thanh-theo-sach.43--giang-dpt.03-gi-1-14-18-ngoi-loi-tro-nen-xac-thit-on-cang-them-on",
      "name": "03-Gi 1:14-18_Ngôi Lời Trở Nên Xác Thịt - Ơn Càng Thêm Ơn",
      "count": 0,
      "isLeaf": null,
      "keyword": null,
      "hash": "U2FsdGVkX1++yozMBUVGmlvv3yQBWASK2RXiVq0q/E4U5p7nnJmuVU31UKVJPQuRAJL+W1cstPaC7PuJEQK5ZQ==",
      "khash": "U2FsdGVkX18lSxkBeMZJAL/BakSNyKaDgKGUx1EJaFkwE/YfZte9g6nDgkNSuWv0mqpfivL/D0P1PY24XkAEMQ==",
      "viewCount": null,
      "duration": "23:42",
      "size": 22753958
    },
    {
      "id": "eae72b49-4f41-4cac-83e6-282568154f7a",
      "pid": "66394838-eb6b-4b20-827d-5e1804099229",
      "dblevel": 4,
      "location": "/VGMA/HocKinhThanhTheoSach/43.GiangDPT/04-Gi1:19-34_TamTinhChungNhan-ChienConCuaDucChuaTroi",
      "isVideo": false,
      "url": "hoc-kinh-thanh-theo-sach.43--giang-dpt.04-gi-1-19-34-tam-tinh-chung-nhan-chien-con-cua-duc-chua-troi",
      "name": "04-Gi 1:19-34_Tâm Tình Chứng Nhân - Chiên Con Của Đức Chúa Trời",
      "count": 0,
      "isLeaf": null,
      "keyword": null,
      "hash": "U2FsdGVkX18N9vfQVuBVB76ZomOhyIP6rPObWi8T0XWhRB8Qsm0dmCD/WLDZwNYCfMdDGixyjmC6e56vj23r/A==",
      "khash": "U2FsdGVkX18TVXK0llpEVLfyS8jBHaexMRQ93I9GsZcyV4LzCNUsXh2Kh5ix/qCqsJwNeg/GNb86Cd6zaqHpqA==",
      "viewCount": null,
      "duration": "28:7",
      "size": 26996242
    },
    {
      "id": "975e4332-613a-4ace-abb2-519a9bdb8bd4",
      "pid": "66394838-eb6b-4b20-827d-5e1804099229",
      "dblevel": 4,
      "location": "/VGMA/HocKinhThanhTheoSach/43.GiangDPT/05-Gi1:35-2:12_CacMonDeDauTien-DamCuoiTaiCa-na",
      "isVideo": false,
      "url": "hoc-kinh-thanh-theo-sach.43--giang-dpt.05-gi-1-35-2-12-cac-mon-de-dau-tien-dam-cuoi-tai-ca-na",
      "name": "05-Gi 1:35-2:12_Các Môn Đệ Đầu Tiên - Đám Cưới Tại Ca-na",
      "count": 0,
      "isLeaf": null,
      "keyword": null,
      "hash": "U2FsdGVkX18tTwHutX+OXLfL8L6ueZkT3WEbSuKVTGrwxlLqFg5lIWQhqMfa+CqrsEbd2HeIU3ScrPh5YBMmUg==",
      "khash": "U2FsdGVkX1/6zs/IN5OjPw/pHgKs98TgStxuQ5dJVOiqmzQjnK4UPHjhd0uL6B9BwpSxW4qLJzxrlrKZZw5OFA==",
      "viewCount": null,
      "duration": "24:30",
      "size": 23530536
    },
    {
      "id": "cd5082a4-5eef-4d82-8811-e74c44e00681",
      "pid": "66394838-eb6b-4b20-827d-5e1804099229",
      "dblevel": 4,
      "location": "/VGMA/HocKinhThanhTheoSach/43.GiangDPT/06-Gi2:13-3:21_DenThoChua-NguoiPha-ra-si",
      "isVideo": false,
      "url": "hoc-kinh-thanh-theo-sach.43--giang-dpt.06-gi-2-13-3-21-den-tho-chua-nguoi-pha-ra-si",
      "name": "06-Gi 2:13-3:21_Đền Thờ Chúa - Người Pha-ra-si",
      "count": 0,
      "isLeaf": null,
      "keyword": null,
      "hash": "U2FsdGVkX19dZwtIsMwQ25YiR4sSzVJUBKAkRhmVXVElLXGD+JHEYu/wj9dkw8yxz2rLqdtLKvIt5SzTy0os3A==",
      "khash": "U2FsdGVkX1+OA6zy0ycj9l72GqW3bermdkibCzrGj+mtxN8qpxjKeQ1raZrDEc1AlXVo4P0e1mgFO86nTVuZaA==",
      "viewCount": null,
      "duration": "29:45",
      "size": 28564001
    },
    {
      "id": "d26f1c2f-3644-4ff5-8af5-5507ee6ca37d",
      "pid": "66394838-eb6b-4b20-827d-5e1804099229",
      "dblevel": 4,
      "location": "/VGMA/HocKinhThanhTheoSach/43.GiangDPT/07-Gi3:22-4:26_NgaiPhaiDayLenTaPhaiHaXuong-NuocHangSong",
      "isVideo": false,
      "url": "hoc-kinh-thanh-theo-sach.43--giang-dpt.07-gi-3-22-4-26-ngai-phai-day-len-ta-phai-ha-xuong-nuoc-hang-song",
      "name": "07-Gi 3:22-4:26_Ngài Phải Dấy Lên Ta Phải Hạ Xuống - Nước Hằng Sống",
      "count": 0,
      "isLeaf": null,
      "keyword": null,
      "hash": "U2FsdGVkX1+UNWEcP7Fltkk9+/nI/qHvVpYaKF7+CW1/3ZPsPfOPWisywTtWIIQaN+mlGS2pnYUCgKlPVUcQtg==",
      "khash": "U2FsdGVkX1823msZUexj/E/9d8TvmZAzM71S+8AAxkRaEjYE1S/1m66J3jquEUK+CZela0ozfNCYkCU7drhlog==",
      "viewCount": null,
      "duration": "27:11",
      "size": 26104746
    },
    {
      "id": "270b7474-2f16-4aca-8ce2-a4ab6a395073",
      "pid": "66394838-eb6b-4b20-827d-5e1804099229",
      "dblevel": 4,
      "location": "/VGMA/HocKinhThanhTheoSach/43.GiangDPT/08-Gi4:31-38_LoiChungCuaNguoiDaGapChua-LamTheoYChua",
      "isVideo": false,
      "url": "hoc-kinh-thanh-theo-sach.43--giang-dpt.08-gi-4-31-38-loi-chung-cua-nguoi-da-gap-chua-lam-theo-y-chua",
      "name": "08-Gi 4:31-38_Lời Chứng Của Người Đã Gặp Chúa - Làm Theo Ý Chúa",
      "count": 0,
      "isLeaf": null,
      "keyword": null,
      "hash": "U2FsdGVkX1/z76MWzyuG61cuUnhHW9952kfx05Sg94Eov21MUJweyU/zVXVhP1DGm8//Ey50x6VL5wIvkMti3g==",
      "khash": "U2FsdGVkX1+B+Nwaho6z5v1nG5V4bUpHaR6quS+kf4Ron2rWElEyF41YB2J7ctJXxwJSgkK5AP8DdlputjVcbA==",
      "viewCount": null,
      "duration": "28:45",
      "size": 27603549
    },
    {
      "id": "eeef6e0d-428e-435f-b117-800108c6b04c",
      "pid": "66394838-eb6b-4b20-827d-5e1804099229",
      "dblevel": 4,
      "location": "/VGMA/HocKinhThanhTheoSach/43.GiangDPT/09-Gi4:43-5:18_DuocChuaLanhNhoTinLoiChua-NguoiBaiAoBe-tet-da",
      "isVideo": false,
      "url": "hoc-kinh-thanh-theo-sach.43--giang-dpt.09-gi-4-43-5-18-duoc-chua-lanh-nho-tin-loi-chua-nguoi-bai-ao-be-tet-da",
      "name": "09-Gi 4:43-5:18_Được Chúa Lãnh Nhờ Tin Lời Chúa - Người Bại Ao Bê-tết-đa",
      "count": 0,
      "isLeaf": null,
      "keyword": null,
      "hash": "U2FsdGVkX18er1UFUfH1BcPdlMTD2yy3fbcQ2TO1t3XsP/JRLOWfr6nmOHkwC7thTHK9Os664FQgc1C5mT2ipg==",
      "khash": "U2FsdGVkX1+Fpzx8hvSToIF+8wlXUhR4sd1QLohSiOV/SWRwEJebrY5UvLSTu7DGdmG39EwJO2h9LY2Yi04UTA==",
      "viewCount": null,
      "duration": "28:40",
      "size": 41282931
    },
    {
      "id": "c5ad7dff-6363-437e-a514-734b83e7e3f5",
      "pid": "66394838-eb6b-4b20-827d-5e1804099229",
      "dblevel": 4,
      "location": "/VGMA/HocKinhThanhTheoSach/43.GiangDPT/10-Gi5:30-47_Gie-xuLaDucChuaTroi",
      "isVideo": false,
      "url": "hoc-kinh-thanh-theo-sach.43--giang-dpt.10-gi-5-30-47-gie-xu-la-duc-chua-troi",
      "name": "10-Gi 5:30-47_Giê-xu Là Đức Chúa Trời",
      "count": 0,
      "isLeaf": null,
      "keyword": null,
      "hash": "U2FsdGVkX18H2FGC2SFOBv6BHwSEtEEkhO5A+s5fyZ/UWEm8Ss8snNgZnPvSx93ilK5OU84hjUQevTw/un/UWQ==",
      "khash": "U2FsdGVkX18vxRUAaYmfPkbJe+eeyhYhEjQ7oNTgrN/kfoj2oeyx3lZN4zXO5jKUAzupux3+Veetyh4Y1v6zoA==",
      "viewCount": null,
      "duration": "26:28",
      "size": 25419284
    },
    {
      "id": "8f91905c-be4a-45de-b0cf-509f5e5da0e8",
      "pid": "66394838-eb6b-4b20-827d-5e1804099229",
      "dblevel": 4,
      "location": "/VGMA/HocKinhThanhTheoSach/43.GiangDPT/11-Gi6:1-40_ChuaHoaBanhNuoiNamNghinNguoi-BanhHangSong",
      "isVideo": false,
      "url": "hoc-kinh-thanh-theo-sach.43--giang-dpt.11-gi-6-1-40-chua-hoa-banh-nuoi-nam-nghin-nguoi-banh-hang-song",
      "name": "11-Gi 6:1-40_Chúa Hóa Bánh Nuôi Năm Nghìn Người - Bánh Hằng Sống",
      "count": 0,
      "isLeaf": null,
      "keyword": null,
      "hash": "U2FsdGVkX1+ktlblEWukamYOuIHOPcDFM0MTjkBWpCQwFdIHRhghZdJKxnKFdCIZlG9fR2cj/LraGNXjrLRl3g==",
      "khash": "U2FsdGVkX1/LsWGQv49TfoHma7jvLRbHSDjINeWccq0V7M4it8S8dDpNwdbau7eP4iXcXO/SE07qYmwdKJtvmw==",
      "viewCount": null,
      "duration": "28:30",
      "size": 27372417
    },
    {
      "id": "7cfdba57-97c6-4098-b310-b7a9aa1faa7d",
      "pid": "66394838-eb6b-4b20-827d-5e1804099229",
      "dblevel": 4,
      "location": "/VGMA/HocKinhThanhTheoSach/43.GiangDPT/12-Gi6:41-74_BanhHangSong-BoNgaiConTheoAi",
      "isVideo": false,
      "url": "hoc-kinh-thanh-theo-sach.43--giang-dpt.12-gi-6-41-74-banh-hang-song-bo-ngai-con-theo-ai",
      "name": "12-Gi 6:41-74_Bánh Hằng Sống - Bỏ Ngài Con Theo Ai",
      "count": 0,
      "isLeaf": null,
      "keyword": null,
      "hash": "U2FsdGVkX185xLP7eDo2Bk1beON/8PL2hfqRFBNkHY99hEK2xrj6jy0YL6L2bdLBe62y4ujMdaJu/CUvC8Fq8A==",
      "khash": "U2FsdGVkX1+M6um0FbuBvba2MHhpulWVFemSLOg6hnR2dtnCg4ibJbRkKbCmbCrXrUcWoHskmEumoX0I2I5fyQ==",
      "viewCount": null,
      "duration": "25:50",
      "size": 24805717
    },
    {
      "id": "b618a583-3471-4094-88be-486508bccc46",
      "pid": "66394838-eb6b-4b20-827d-5e1804099229",
      "dblevel": 4,
      "location": "/VGMA/HocKinhThanhTheoSach/43.GiangDPT/13-Gi7:1-53_XetDoanTheoLeCongBinh-TiepNhanHayKhuocTu",
      "isVideo": false,
      "url": "hoc-kinh-thanh-theo-sach.43--giang-dpt.13-gi-7-1-53-xet-doan-theo-le-cong-binh-tiep-nhan-hay-khuoc-tu",
      "name": "13-Gi 7:1-53_Xét Đoán Theo Lẽ Công Bình - Tiếp Nhận Hay Khước Từ",
      "count": 0,
      "isLeaf": null,
      "keyword": null,
      "hash": "U2FsdGVkX18nadH+tdloY6cbUh/Sk2cK97d0D7TSH98G8rd+PgcuUPSPdM+Kra7VTDhtLE8W0dCiHC1l6VAKgA==",
      "khash": "U2FsdGVkX19fnS0nipsNe9MXyokbme7uRdvwlpYBiizg3BxaLFgdFok91i2qgGBfPqlY6hooEkRiJPM2R+X8Mw==",
      "viewCount": null,
      "duration": "29:55",
      "size": 28731613
    },
    {
      "id": "65624742-be5b-46c9-9656-1b29eaba0c98",
      "pid": "66394838-eb6b-4b20-827d-5e1804099229",
      "dblevel": 4,
      "location": "/VGMA/HocKinhThanhTheoSach/43.GiangDPT/14-Gi8:1-30_HayDiDungPhamToiNua-TinChua",
      "isVideo": false,
      "url": "hoc-kinh-thanh-theo-sach.43--giang-dpt.14-gi-8-1-30-hay-di-dung-pham-toi-nua-tin-chua",
      "name": "14-Gi 8:1-30_Hãy Đi Đừng Phạm Tội Nữa - Tin Chúa",
      "count": 0,
      "isLeaf": null,
      "keyword": null,
      "hash": "U2FsdGVkX1+ixzoHCmFBeT0hTABPak23tGDDShfF0BLfqNmFZyVTwt548lWU4Jmkj4X3o6XTS/O4p8j7GBzJsQ==",
      "khash": "U2FsdGVkX19MsS7EQGB/Bg+CqGwZk037CvofaePDObUElArLiMoJCkbIGmodfLWfjAhH2v1MDjKEo9PFw4oqaQ==",
      "viewCount": null,
      "duration": "26:13",
      "size": 25181466
    },
    {
      "id": "dd77e846-c3e9-4a26-9a1e-1f4292e8c9a4",
      "pid": "66394838-eb6b-4b20-827d-5e1804099229",
      "dblevel": 4,
      "location": "/VGMA/HocKinhThanhTheoSach/43.GiangDPT/15-Gi8:31-59_LeThatSeBuongThaCacNguoi-TruocKhiCoAp-ra-hamDaCoTa",
      "isVideo": false,
      "url": "hoc-kinh-thanh-theo-sach.43--giang-dpt.15-gi-8-31-59-le-that-se-buong-tha-cac-nguoi-truoc-khi-co-ap-ra-ham-da-co-ta",
      "name": "15-Gi 8:31-59_Lẽ Thật Sẽ Buông Tha Các Ngươi - Trước Khi Có Áp-ra-ham Đã Có Ta",
      "count": 0,
      "isLeaf": null,
      "keyword": null,
      "hash": "U2FsdGVkX19Z8rzC4uwVu0u1g3v69Fl8V0SOhLE/qSfusVhGxBxase9wrv1HM9St2OMz0QKDoC6yD7+xkenrqg==",
      "khash": "U2FsdGVkX1+7mH2GTaBRwMiuT5VqjR2HbcGaTPzCEGoRk4WSKu79hcoVb3l2py2JFCeqkIduC54sYZGtyKU6hQ==",
      "viewCount": null,
      "duration": "28:21",
      "size": 27228217
    },
    {
      "id": "33851f88-ef91-44d0-9c1d-61d54e7063f3",
      "pid": "66394838-eb6b-4b20-827d-5e1804099229",
      "dblevel": 4,
      "location": "/VGMA/HocKinhThanhTheoSach/43.GiangDPT/16-Gi9:1-17_DeViecDucChuaTroiDuocToRa-CanDamXungNhanChua",
      "isVideo": false,
      "url": "hoc-kinh-thanh-theo-sach.43--giang-dpt.16-gi-9-1-17-de-viec-duc-chua-troi-duoc-to-ra-can-dam-xung-nhan-chua",
      "name": "16-Gi 9:1-17_Để Việc Đức Chúa Trời Được Tỏ Ra - Can Đảm Xưng Nhận Chúa",
      "count": 0,
      "isLeaf": null,
      "keyword": null,
      "hash": "U2FsdGVkX18a9mxVhDI+1hgP5a+IT4PCrmPKBZW8klNPn1lAEFUF9SZxliDAgE5E0C8LwfzTZXBtu9gaDbHaXA==",
      "khash": "U2FsdGVkX19rjupGf7MZ56NY6+QXxJNzvUptgHbe3w+CR/LtSNSVfQhqAn1aB2WrIVpDE3NsvHYCHBartRv1YQ==",
      "viewCount": null,
      "duration": "25:24",
      "size": 24387112
    },
    {
      "id": "7de0da7c-2626-43a5-a502-6cfb11fbdbe2",
      "pid": "66394838-eb6b-4b20-827d-5e1804099229",
      "dblevel": 4,
      "location": "/VGMA/HocKinhThanhTheoSach/43.GiangDPT/17-Gi9:18-41_CoDucTinHayGiuLongCoChap-TienTrinhDucTin",
      "isVideo": false,
      "url": "hoc-kinh-thanh-theo-sach.43--giang-dpt.17-gi-9-18-41-co-duc-tin-hay-giu-long-co-chap-tien-trinh-duc-tin",
      "name": "17-Gi 9:18-41_Có Đức Tin Hay Giữ Lòng Cố Chấp - Tiến Trình Đức Tin",
      "count": 0,
      "isLeaf": null,
      "keyword": null,
      "hash": "U2FsdGVkX18iUhw/4JREW5WO9AEJqk3htWLeYMWeI5m8AsafggLXCpFL6eQPhNX2FA47N0H5S5PLiB1UBJkNRg==",
      "khash": "U2FsdGVkX197dFlNgEnispxtcLt9lxuWQPK0OEL5y9Gp9Dzd+dvaTDsBkp2A2LgXtauUX1CF2xdcoO5QMlovFA==",
      "viewCount": null,
      "duration": "28:32",
      "size": 27403760
    },
    {
      "id": "5262e5ab-fe56-45ac-81a1-3a962e098c32",
      "pid": "66394838-eb6b-4b20-827d-5e1804099229",
      "dblevel": 4,
      "location": "/VGMA/HocKinhThanhTheoSach/43.GiangDPT/18-Gi10:1-30_NguoiChanHienLanh-ChienTaNgheTiengTa",
      "isVideo": false,
      "url": "hoc-kinh-thanh-theo-sach.43--giang-dpt.18-gi-10-1-30-nguoi-chan-hien-lanh-chien-ta-nghe-tieng-ta",
      "name": "18-Gi 10:1-30_Người Chăn Hiền Lành - Chiên Ta Nghe Tiếng Ta",
      "count": 0,
      "isLeaf": null,
      "keyword": null,
      "hash": "U2FsdGVkX1/maXWwg/ScfWpQe40RhZpggFXGy3HeMU/6U5bpWN9g0nKX61TEEzvZUzeYScvVz67r5twQMDInuA==",
      "khash": "U2FsdGVkX19RE5WZPtqgdzKcE7BAREAoYU4yZja5O718kUNWAuYnKcZOQYU2uLjTEMQ9b8TEOqYB+iRvRlZ/bw==",
      "viewCount": null,
      "duration": "28:47",
      "size": 27641154
    },
    {
      "id": "7657c9f0-3bb0-4e6b-b7f9-c61423cf16f2",
      "pid": "66394838-eb6b-4b20-827d-5e1804099229",
      "dblevel": 4,
      "location": "/VGMA/HocKinhThanhTheoSach/43.GiangDPT/19-Gi10:31-11:16_XemTraiBietCay-GiacNguCuaLa-xa-ro",
      "isVideo": false,
      "url": "hoc-kinh-thanh-theo-sach.43--giang-dpt.19-gi-10-31-11-16-xem-trai-biet-cay-giac-ngu-cua-la-xa-ro",
      "name": "19-Gi 10:31-11:16_Xem Trái Biết Cây - Giấc Ngủ Của La-xa-rơ",
      "count": 0,
      "isLeaf": null,
      "keyword": null,
      "hash": "U2FsdGVkX19oiEMEbuvT10EAKkWcaqeUdEoTqM8imp40UvFw+PhUq2tYU4cJHLsVjCW3+hw9pZUrlK3CcPBO+g==",
      "khash": "U2FsdGVkX19KbWiQFH6X4Y9WC/rjpIKbgt8XC5ai4H9ufMEK7sUj15RRCPXPWQ4olLYCApLAA5hGKnD8I7usHg==",
      "viewCount": null,
      "duration": "29:3",
      "size": 69755554
    },
    {
      "id": "0fedf03c-62e4-4b06-9349-7ef58c16108a",
      "pid": "66394838-eb6b-4b20-827d-5e1804099229",
      "dblevel": 4,
      "location": "/VGMA/HocKinhThanhTheoSach/43.GiangDPT/20-Gi11:17-57_QuyenNangChuaTrenSuChet-MuuDinhCuaNgai",
      "isVideo": false,
      "url": "hoc-kinh-thanh-theo-sach.43--giang-dpt.20-gi-11-17-57-quyen-nang-chua-tren-su-chet-muu-dinh-cua-ngai",
      "name": "20-Gi 11:17-57_Quyền Năng Chúa Trên Sự Chết - Mưu Định Của Ngài",
      "count": 0,
      "isLeaf": null,
      "keyword": null,
      "hash": "U2FsdGVkX1+sjMp7NC5apNy7PON+w1iq2Ehj/lPmnitAxGPs9X/93x8QdTSO9pqlydHs3YuA+bVXvPWCRWUW5A==",
      "khash": "U2FsdGVkX1+AKVX8LW7geXa+3mXiLcKIShEnNrxHPAk6Q6gvJMRkJtth/wmpC7FKnjmztqZ/uz8qvjeRGZhlEg==",
      "viewCount": null,
      "duration": "27:11",
      "size": 65248918
    },
    {
      "id": "239962b4-b2e8-48cd-ae70-bbede8cae9b2",
      "pid": "66394838-eb6b-4b20-827d-5e1804099229",
      "dblevel": 4,
      "location": "/VGMA/HocKinhThanhTheoSach/43.GiangDPT/21-Gi12:1-26_LongChanThanhvaPhucVuChua-XinHayCuu",
      "isVideo": false,
      "url": "hoc-kinh-thanh-theo-sach.43--giang-dpt.21-gi-12-1-26-long-chan-thanh-va-phuc-vu-chua-xin-hay-cuu",
      "name": "21-Gi 12:1-26_Lòng Chân Thành và Phục Vụ Chúa - Xin Hãy Cứu",
      "count": 0,
      "isLeaf": null,
      "keyword": null,
      "hash": "U2FsdGVkX197t+kDy1kHnRqCCGa4KKptkgJjgcP5YWsx+r23e/SgZrPGrcT84mCxR2MTkzCThT6TY9Q/y7UHeQ==",
      "khash": "U2FsdGVkX1/a8upW+VDoTinjYvX/XI8lbxsmLVsDXpJjUmvQ3RhhCthW8pERG8GNptpfh8Vu5zXnsv12UE+bMQ==",
      "viewCount": null,
      "duration": "26:55",
      "size": 25855224
    },
    {
      "id": "41d304ad-55f6-4608-8a44-3b8bb349e29e",
      "pid": "66394838-eb6b-4b20-827d-5e1804099229",
      "dblevel": 4,
      "location": "/VGMA/HocKinhThanhTheoSach/43.GiangDPT/22-Gi12:27-50_XinLamSangDanhCha-DieuRanMoi",
      "isVideo": false,
      "url": "hoc-kinh-thanh-theo-sach.43--giang-dpt.22-gi-12-27-50-xin-lam-sang-danh-cha-dieu-ran-moi",
      "name": "22-Gi 12:27-50_Xin Làm Sáng Danh Cha - Điều Răn Mới",
      "count": 0,
      "isLeaf": null,
      "keyword": null,
      "hash": "U2FsdGVkX183oW/7ujuvUmwvDxNsPTdxLblnsz+zQFaGDHJ6/GcwDyXDXvRU0EBJcn2CeSTHBmm+70QVjVZK2w==",
      "khash": "U2FsdGVkX19NdMCoKLuWVjfT8YB5B5RD51dzSr4EdtM+uBg5euqkcn3Qe52xm2ay3IenqZ2cE4snKDzguNqEvA==",
      "viewCount": null,
      "duration": "29:49",
      "size": 28639240
    },
    {
      "id": "f678179b-9ffd-4f1e-8cdd-d5ebbc0fbdbe",
      "pid": "66394838-eb6b-4b20-827d-5e1804099229",
      "dblevel": 4,
      "location": "/VGMA/HocKinhThanhTheoSach/43.GiangDPT/23-Gi13:1-38_KhiemTonPhucVuTheoGuongChua-DieuRanMoi",
      "isVideo": false,
      "url": "hoc-kinh-thanh-theo-sach.43--giang-dpt.23-gi-13-1-38-khiem-ton-phuc-vu-theo-guong-chua-dieu-ran-moi",
      "name": "23-Gi 13:1-38_Khiêm Tốn Phục Vụ Theo Gương Chúa - Điều Răn Mới",
      "count": 0,
      "isLeaf": null,
      "keyword": null,
      "hash": "U2FsdGVkX1/wxtiH4tdJlnk4DuCgEHYMFT0jZVBOV2RgVbxdiMpwkhePfXUyec9oftZ+3+QGhNmOSXdnj/tj/w==",
      "khash": "U2FsdGVkX1/u5OkpeaIRqTYPfHFl7gXftvQDu+W+G0m6OgBBlllUkXgyiCNGICZI425BsRuECELJhrOzRkoATg==",
      "viewCount": null,
      "duration": "31:17",
      "size": 30036488
    },
    {
      "id": "05be0425-9e5e-40ec-956b-8a08a9cddd3a",
      "pid": "66394838-eb6b-4b20-827d-5e1804099229",
      "dblevel": 4,
      "location": "/VGMA/HocKinhThanhTheoSach/43.GiangDPT/24-Gi14:1-14_DuongDiChanLyvaSuSong-BietChuaVaLamCongViecChua",
      "isVideo": false,
      "url": "hoc-kinh-thanh-theo-sach.43--giang-dpt.24-gi-14-1-14-duong-di-chan-ly-va-su-song-biet-chua-va-lam-cong-viec-chua",
      "name": "24-Gi 14:1-14_Đường Đi Chân Lý và Sự Sống - Biết Chúa Và Làm Công Việc Chúa",
      "count": 0,
      "isLeaf": null,
      "keyword": null,
      "hash": "U2FsdGVkX1/QTvXNkbWTzu5ycvXfG5iYddSnI5JCRLs+sjQsc2zqB7ERgNqvEIEz6LIuwQTtfYsE/W4vhE4iSw==",
      "khash": "U2FsdGVkX180W1Obk7VvgFhsJUT7Rt6Uq9Vm4bDriChvJfRUqJoQ7EX8cj19kuB9s1GxK8S4kdRUwjKE2JcR8Q==",
      "viewCount": null,
      "duration": "22:40",
      "size": 21766323
    },
    {
      "id": "125ee85b-508c-4335-879d-fd523efa18d1",
      "pid": "66394838-eb6b-4b20-827d-5e1804099229",
      "dblevel": 4,
      "location": "/VGMA/HocKinhThanhTheoSach/43.GiangDPT/25-Gi14:15-34_DangYenUi-BinhAnCuaChua",
      "isVideo": false,
      "url": "hoc-kinh-thanh-theo-sach.43--giang-dpt.25-gi-14-15-34-dang-yen-ui-binh-an-cua-chua",
      "name": "25-Gi 14:15-34_Đấng Yên Ủi - Bình An Của Chúa",
      "count": 0,
      "isLeaf": null,
      "keyword": null,
      "hash": "U2FsdGVkX18VdsXxzr+zqLlMfc6RQgejknPblot4jy/nlfyRPcF/QlDsDG+RlFY4SySiT4Crc4SPnyI1xmKkoA==",
      "khash": "U2FsdGVkX1/XqPucr5+YU/ILIj6aRFq+A+SW0bFJHK4aTYjlyAbj2kYti15ozUs6aWGANeMsREsPN68uOKbbZg==",
      "viewCount": null,
      "duration": "24:0",
      "size": 23042341
    },
    {
      "id": "077923ab-406e-41f8-ab7c-a8229193fe1a",
      "pid": "66394838-eb6b-4b20-827d-5e1804099229",
      "dblevel": 4,
      "location": "/VGMA/HocKinhThanhTheoSach/43.GiangDPT/26-Gi15:1-27_GocNhovaNhanh-HySinhViBanHuu",
      "isVideo": false,
      "url": "hoc-kinh-thanh-theo-sach.43--giang-dpt.26-gi-15-1-27-goc-nho-va-nhanh-hy-sinh-vi-ban-huu",
      "name": "26-Gi 15:1-27_Gốc Nho và Nhánh - Hy Sinh Vì Bạn Hữu",
      "count": 0,
      "isLeaf": null,
      "keyword": null,
      "hash": "U2FsdGVkX18tA3HTRL1V9IkjzERtdUr7qJvcbwwN4exbG8LYeS/ss4WwGjEXTspmAg4XVTcy8/GemFxlOfRjtw==",
      "khash": "U2FsdGVkX18qXMfje8SUArOww7jUOG+TJQ3EqzMaJUgvDB7GXNJmuGjB24KtMuPJjDYbAmsb55TzYo5o1wj3Mw==",
      "viewCount": null,
      "duration": "25:1",
      "size": 24028727
    },
    {
      "id": "d8d9e880-7844-4a2d-bbe8-d391cb6e783f",
      "pid": "66394838-eb6b-4b20-827d-5e1804099229",
      "dblevel": 4,
      "location": "/VGMA/HocKinhThanhTheoSach/43.GiangDPT/27-Gi15:27-16:15_ToiToKhongHonChu-ThanLeThat",
      "isVideo": false,
      "url": "hoc-kinh-thanh-theo-sach.43--giang-dpt.27-gi-15-27-16-15-toi-to-khong-hon-chu-than-le-that",
      "name": "27-Gi 15:27-16:15_Tôi Tớ Không Hơn Chủ - Thần Lẽ Thật",
      "count": 0,
      "isLeaf": null,
      "keyword": null,
      "hash": "U2FsdGVkX1/4AbNGL6tkZ8HiUwBVjnszJn/siI9RQd28k25GxxCLUdtrx4enUI76Va/bFZ+3b2unEgc141kD/A==",
      "khash": "U2FsdGVkX18tof6DWHbmkQAVaYUcw+/qIm07erHAL6kAMOk4WyE1hiPoOMPRdFiJXwp3E/kx34nxiAvEKs4Evg==",
      "viewCount": null,
      "duration": "30:49",
      "size": 29597202
    },
    {
      "id": "13afe7dc-f8ec-430b-96ab-8315478c56f8",
      "pid": "66394838-eb6b-4b20-827d-5e1804099229",
      "dblevel": 4,
      "location": "/VGMA/HocKinhThanhTheoSach/43.GiangDPT/28-Gi16:16-17:5_HayCuVungLong-ConDaTonVinhChaTrenDat",
      "isVideo": false,
      "url": "hoc-kinh-thanh-theo-sach.43--giang-dpt.28-gi-16-16-17-5-hay-cu-vung-long-con-da-ton-vinh-cha-tren-dat",
      "name": "28-Gi 16:16-17:5_Hãy Cứ Vững Lòng - Con Đã Tôn Vinh Cha Trên Đất",
      "count": 0,
      "isLeaf": null,
      "keyword": null,
      "hash": "U2FsdGVkX181Ior2IllHcaPNGhCNTNu6maGbMuxz1RwfO8aoyYj8lll2tK+ctQML+qPJaMLaEdRWDN1Tzx8ORw==",
      "khash": "U2FsdGVkX18hbK7rgvAvTRgQ4WggEWOthlAK2gE7vaWr3icMfi3iq8/ue8RfgtDZmRenv98od0GQW07fZgj6AA==",
      "viewCount": null,
      "duration": "32:2",
      "size": 30767066
    },
    {
      "id": "82aadfc3-ed2b-4d95-aef8-96d6505bd176",
      "pid": "66394838-eb6b-4b20-827d-5e1804099229",
      "dblevel": 4,
      "location": "/VGMA/HocKinhThanhTheoSach/43.GiangDPT/29-Gi17:6-26_DuocBietRiengChoChua-HiepNhatTrongChua",
      "isVideo": false,
      "url": "hoc-kinh-thanh-theo-sach.43--giang-dpt.29-gi-17-6-26-duoc-biet-rieng-cho-chua-hiep-nhat-trong-chua",
      "name": "29-Gi 17:6-26_Được Biệt Riêng Cho Chúa - Hiệp Nhất Trong Chúa",
      "count": 0,
      "isLeaf": null,
      "keyword": null,
      "hash": "U2FsdGVkX18F88Znbk0gN1wfw+wnt4F/DQ479jA/P5fToVuchJ681D1AJ9JWPJSFQFurKweolrKo+D0fNxXKPg==",
      "khash": "U2FsdGVkX18W5pxlkLWLPnSeu9EqeI4ygmg3RnizJXAX8Yzzd7sv0itXQfzG9csxS1TZny52k5yefePxqEI8kA==",
      "viewCount": null,
      "duration": "27:3",
      "size": 25968902
    },
    {
      "id": "eabf1088-c081-4144-b3f1-970437203bf4",
      "pid": "66394838-eb6b-4b20-827d-5e1804099229",
      "dblevel": 4,
      "location": "/VGMA/HocKinhThanhTheoSach/43.GiangDPT/30-Gi18:1-27_UongChenChaDaBan-AiTuongMinhDung",
      "isVideo": false,
      "url": "hoc-kinh-thanh-theo-sach.43--giang-dpt.30-gi-18-1-27-uong-chen-cha-da-ban-ai-tuong-minh-dung",
      "name": "30-Gi 18:1-27_Uống Chén Cha Đã Ban - Ai Tưởng Mình Đứng",
      "count": 0,
      "isLeaf": null,
      "keyword": null,
      "hash": "U2FsdGVkX18XYl24qV5+hjrlWJiqV38vwu9hdYx09t4vTEMMSMhnrDqht5f5BxsNo/NWXmG3G9yFRGoPVAB4gg==",
      "khash": "U2FsdGVkX1/QhcfZhXNXUy7i1rEED5FJNHdEXWG7Hzvu+LNI/pxV9FOlttgPn6dQ8VC7z/69xVVSNNWuxctnig==",
      "viewCount": null,
      "duration": "26:43",
      "size": 25660862
    },
    {
      "id": "53c33b87-aea9-491c-9505-bc0a025bb3b2",
      "pid": "66394838-eb6b-4b20-827d-5e1804099229",
      "dblevel": 4,
      "location": "/VGMA/HocKinhThanhTheoSach/43.GiangDPT/31-Gi18:28-19:16_LamChungChoLeThat-ChuaBiDongDinh",
      "isVideo": false,
      "url": "hoc-kinh-thanh-theo-sach.43--giang-dpt.31-gi-18-28-19-16-lam-chung-cho-le-that-chua-bi-dong-dinh",
      "name": "31-Gi 18:28-19:16_Làm Chứng Cho Lẽ Thật - Chúa Bị Đóng Đinh",
      "count": 0,
      "isLeaf": null,
      "keyword": null,
      "hash": "U2FsdGVkX1+PCKTFslpBbl+7BpSz0jkjbko6ZKNvdIM8CMUXJHglxNvqkiiDrKzboBF3I51PNlBqcUiKXufBfw==",
      "khash": "U2FsdGVkX18EfWp1l5zly+3WcOITFug23OGWCy2dDWx0zQ7rijOR2z4qzoABlQCnPl+nfTqFp0E/5jjumQZc2A==",
      "viewCount": null,
      "duration": "36:48",
      "size": 35342470
    },
    {
      "id": "f20ee31a-d8df-47cb-8ea2-3363de1768db",
      "pid": "66394838-eb6b-4b20-827d-5e1804099229",
      "dblevel": 4,
      "location": "/VGMA/HocKinhThanhTheoSach/43.GiangDPT/32-Gi19:7-42_NguoiDaBiKeVaoHangKeDu-MoiViecDaDuocTron",
      "isVideo": false,
      "url": "hoc-kinh-thanh-theo-sach.43--giang-dpt.32-gi-19-7-42-nguoi-da-bi-ke-vao-hang-ke-du-moi-viec-da-duoc-tron",
      "name": "32-Gi 19:7-42_Người Đã Bị Kể Vào Hàng Kẻ Dữ - Mọi Việc Đã Được Trọn",
      "count": 0,
      "isLeaf": null,
      "keyword": null,
      "hash": "U2FsdGVkX1/V0IZOLmbh+X3v8EobyIg2nXoT6GsMPS6mXx+Y+w3xmkUh8cvgVHHx/6xlNaJ5imVFNtKtd6LllQ==",
      "khash": "U2FsdGVkX184yaVtvovYUrQc+ajyF7BUMYCxeteoTXgW9ng5jMhwJWFBp7n34yu3eaEzSd2tVeM+JdKJPze+LQ==",
      "viewCount": null,
      "duration": "33:7",
      "size": 31795673
    },
    {
      "id": "bc6c8299-3ede-44b5-b23f-885517f89317",
      "pid": "66394838-eb6b-4b20-827d-5e1804099229",
      "dblevel": 4,
      "location": "/VGMA/HocKinhThanhTheoSach/43.GiangDPT/33-Gi20:1-31_RaoTinMungChuaSongLai-BayGioToiTin",
      "isVideo": false,
      "url": "hoc-kinh-thanh-theo-sach.43--giang-dpt.33-gi-20-1-31-rao-tin-mung-chua-song-lai-bay-gio-toi-tin",
      "name": "33-Gi 20:1-31_Rao Tin Mừng Chúa Sống Lại - Bây Giờ Tôi Tin",
      "count": 0,
      "isLeaf": null,
      "keyword": null,
      "hash": "U2FsdGVkX1+/VVhleJjueJuBU6ARiCptWzBUnw/t0YtVgYWS1ElHO66T89ya+I/Q/ocj5wG487q9ZrdJb+jSHg==",
      "khash": "U2FsdGVkX1/ZsN/le+/gy7YFnSPiWSY5Ut61NvAFiRJ8qsPtXzNqq4T8+UvEHWnTavGHUXLdiMcNseCKKDgsJg==",
      "viewCount": null,
      "duration": "30:59",
      "size": 29756449
    },
    {
      "id": "78dee568-71af-4436-86cd-c0b95a1c92b4",
      "pid": "66394838-eb6b-4b20-827d-5e1804099229",
      "dblevel": 4,
      "location": "/VGMA/HocKinhThanhTheoSach/43.GiangDPT/34-Gi21:1-25_ConYeuTaChang",
      "isVideo": false,
      "url": "hoc-kinh-thanh-theo-sach.43--giang-dpt.34-gi-21-1-25-con-yeu-ta-chang",
      "name": "34-Gi 21:1-25_Con Yêu Ta Chăng",
      "count": 0,
      "isLeaf": null,
      "keyword": null,
      "hash": "U2FsdGVkX1/KMKokFIdKY6KpdHwPD9GU3eEgjLWdRqjcUEVNXaysg/J2SlPgDd1p9uyCc/WlcwnGqjKH9ySOFg==",
      "khash": "U2FsdGVkX18fFGspHz6bKV4zOFNVtNH3bvgtCstv0qHVJN7IzpJm1VONeoAZh+1cAzCj8fKtcn1+DksrHvVN7A==",
      "viewCount": null,
      "duration": "21:48",
      "size": 20930397
    }
  ]
}