{
  "id": "878a5fa7-c64a-489d-9c71-e5419de5a6e8",
  "pid": "60405969-a104-4a68-a701-d28f2e747463",
  "dblevel": 4,
  "location": "/VGMA/HocTheoChuDe/KhamPhaKinhThanh(NgheBandichTruyenThongHieuDinhtrong1nam)/Thang07",
  "isVideo": false,
  "url": "hoc-theo-chu-de.kham-pha-kinh-thanh--nghe-ban-dich-truyen-thong-hieu-dinh-trong-1-nam-.thang-07",
  "name": "Tháng 07",
  "count": 31,
  "isLeaf": true,
  "keyword": null,
  "hash": null,
  "khash": null,
  "viewCount": null,
  "duration": null,
  "size": null,
  "children": [
    {
      "id": "5a625793-5bf2-4f57-8780-1df310809463",
      "pid": "878a5fa7-c64a-489d-9c71-e5419de5a6e8",
      "dblevel": 5,
      "location": "/VGMA/HocTheoChuDe/KhamPhaKinhThanh(NgheBandichTruyenThongHieuDinhtrong1nam)/Thang07/Thang07Ngay01",
      "isVideo": false,
      "url": "hoc-theo-chu-de.kham-pha-kinh-thanh--nghe-ban-dich-truyen-thong-hieu-dinh-trong-1-nam-.thang-07.thang-07-ngay-01",
      "name": "Tháng 07 Ngày 01",
      "count": 0,
      "isLeaf": null,
      "keyword": null,
      "hash": "U2FsdGVkX1+B04CbZGBy9MdqNMjHt9Yn8JN8c0S+PJ2ahzrURtoSVkxr/uxRSYzanUrJxXPD9zqK1MXa6gpE2w==",
      "khash": "U2FsdGVkX190/PDGOdSZAGGNKjBGbw/1mEte2VXQIYscqWBvNhoz8HGgXIfV1L2CkYWI2LEYjEeNjmkX4z1YUg==",
      "viewCount": null,
      "duration": "28:17",
      "size": 27165282
    },
    {
      "id": "6027887d-2c5f-4057-9670-6a7dec797a31",
      "pid": "878a5fa7-c64a-489d-9c71-e5419de5a6e8",
      "dblevel": 5,
      "location": "/VGMA/HocTheoChuDe/KhamPhaKinhThanh(NgheBandichTruyenThongHieuDinhtrong1nam)/Thang07/Thang07Ngay02",
      "isVideo": false,
      "url": "hoc-theo-chu-de.kham-pha-kinh-thanh--nghe-ban-dich-truyen-thong-hieu-dinh-trong-1-nam-.thang-07.thang-07-ngay-02",
      "name": "Tháng 07 Ngày 02",
      "count": 0,
      "isLeaf": null,
      "keyword": null,
      "hash": "U2FsdGVkX1+bINuYLhm6WwG22wyisH/7hpMD2vlaDMOqUN8Xv8q6kvrV2h7b2Y6OaL07F8hQ0sHNkUIMAvnoEw==",
      "khash": "U2FsdGVkX1+2vNa2b0yMVRrqouwCl+H1966l62bXdMRC6WtG646ZvVCTo7+vRlyINxv0JjinoCsYJ3Gu6MCaMw==",
      "viewCount": null,
      "duration": "18:38",
      "size": 17903017
    },
    {
      "id": "b46a6363-d08d-402d-b8de-88d829894b1e",
      "pid": "878a5fa7-c64a-489d-9c71-e5419de5a6e8",
      "dblevel": 5,
      "location": "/VGMA/HocTheoChuDe/KhamPhaKinhThanh(NgheBandichTruyenThongHieuDinhtrong1nam)/Thang07/Thang07Ngay03",
      "isVideo": false,
      "url": "hoc-theo-chu-de.kham-pha-kinh-thanh--nghe-ban-dich-truyen-thong-hieu-dinh-trong-1-nam-.thang-07.thang-07-ngay-03",
      "name": "Tháng 07 Ngày 03",
      "count": 0,
      "isLeaf": null,
      "keyword": null,
      "hash": "U2FsdGVkX18o/qDm7/payfxOZOyg9CNWpPlS7sGWzA1tMv1AQAYdSh+Z1hWanppBtK2Dthbc2Ce2XDcxOoAd2g==",
      "khash": "U2FsdGVkX193qKQxB0Swfivt0ZDYN0ioE+rwWTjgwOGkF/lBaI/EeedTbys6uprjy6fLNX8DPCVU/ig+Wh9KjA==",
      "viewCount": null,
      "duration": "22:48",
      "size": 21897035
    },
    {
      "id": "a98e04bb-35e7-451f-8b5b-bd72f393278c",
      "pid": "878a5fa7-c64a-489d-9c71-e5419de5a6e8",
      "dblevel": 5,
      "location": "/VGMA/HocTheoChuDe/KhamPhaKinhThanh(NgheBandichTruyenThongHieuDinhtrong1nam)/Thang07/Thang07Ngay04",
      "isVideo": false,
      "url": "hoc-theo-chu-de.kham-pha-kinh-thanh--nghe-ban-dich-truyen-thong-hieu-dinh-trong-1-nam-.thang-07.thang-07-ngay-04",
      "name": "Tháng 07 Ngày 04",
      "count": 0,
      "isLeaf": null,
      "keyword": null,
      "hash": "U2FsdGVkX18/IC1tuiNDEM7ufI3cdFTG+r4gDSB3B7jbWtm+76tyrD6FiqYni9dA9ZS1sbHhdg8CwTpADZ8krQ==",
      "khash": "U2FsdGVkX1/5N4a1GNgLMgioH3dLxWJhqJ+YdMFynn3fMaKIypFGTzYlDlqppdIxzXzu2+RDRXaEpu3zTbIWPw==",
      "viewCount": null,
      "duration": "27:54",
      "size": 26785485
    },
    {
      "id": "97434af2-396e-4403-b05f-adc69100ff86",
      "pid": "878a5fa7-c64a-489d-9c71-e5419de5a6e8",
      "dblevel": 5,
      "location": "/VGMA/HocTheoChuDe/KhamPhaKinhThanh(NgheBandichTruyenThongHieuDinhtrong1nam)/Thang07/Thang07Ngay05",
      "isVideo": false,
      "url": "hoc-theo-chu-de.kham-pha-kinh-thanh--nghe-ban-dich-truyen-thong-hieu-dinh-trong-1-nam-.thang-07.thang-07-ngay-05",
      "name": "Tháng 07 Ngày 05",
      "count": 0,
      "isLeaf": null,
      "keyword": null,
      "hash": "U2FsdGVkX1+UynwJavuOM+WcjA5GqGTnLcNWnMmdmHlRmlLim4ZL5iUKAFLkgdl2OL+iAjWYD+qn1tm6dXfSeA==",
      "khash": "U2FsdGVkX1/bKuGZwFwoQlkutePgpbGOVbWoi0PKFLtTvKWoMuFkCD7LlNlTuAInXcSyxcQGbQkIdUvAwBgFGA==",
      "viewCount": null,
      "duration": "17:16",
      "size": 16590497
    },
    {
      "id": "6c78db2a-8f6e-4192-9c23-8c15d475f055",
      "pid": "878a5fa7-c64a-489d-9c71-e5419de5a6e8",
      "dblevel": 5,
      "location": "/VGMA/HocTheoChuDe/KhamPhaKinhThanh(NgheBandichTruyenThongHieuDinhtrong1nam)/Thang07/Thang07Ngay06",
      "isVideo": false,
      "url": "hoc-theo-chu-de.kham-pha-kinh-thanh--nghe-ban-dich-truyen-thong-hieu-dinh-trong-1-nam-.thang-07.thang-07-ngay-06",
      "name": "Tháng 07 Ngày 06",
      "count": 0,
      "isLeaf": null,
      "keyword": null,
      "hash": "U2FsdGVkX18t/U8fmThe0/u1KxOXjlPmoNGllEvqftrQk8RXoCiymuZ9hrXi+nJXb4jD5u40A6P0j21TrYCeGw==",
      "khash": "U2FsdGVkX1/LtvCBtwP4RUle5SYdHnnfzS/2Xxr9NiwM5fBaIlL8etR+o+aR8Uhdvj7plntCZ40ZGv2L6xunSA==",
      "viewCount": null,
      "duration": "21:40",
      "size": 20801982
    },
    {
      "id": "b7c509b9-9b65-4637-be0a-d0e1342b0388",
      "pid": "878a5fa7-c64a-489d-9c71-e5419de5a6e8",
      "dblevel": 5,
      "location": "/VGMA/HocTheoChuDe/KhamPhaKinhThanh(NgheBandichTruyenThongHieuDinhtrong1nam)/Thang07/Thang07Ngay07",
      "isVideo": false,
      "url": "hoc-theo-chu-de.kham-pha-kinh-thanh--nghe-ban-dich-truyen-thong-hieu-dinh-trong-1-nam-.thang-07.thang-07-ngay-07",
      "name": "Tháng 07 Ngày 07",
      "count": 0,
      "isLeaf": null,
      "keyword": null,
      "hash": "U2FsdGVkX19w3whoDkQv1QfvYYW7nD91YqK+Tq5XGaM9tXkFFex8PHSfYiBRCHL7LBAdE3cmOE+Qo8X1jOHr7w==",
      "khash": "U2FsdGVkX195k+IFC1yEkh1X9LvcSQUiJWjwYLxrRWr5dIykYdRHYjwR1rIv+1oVrBZUTytKgrywHwQYAr/iig==",
      "viewCount": null,
      "duration": "22:45",
      "size": 21855239
    },
    {
      "id": "0fa82f8c-c6e2-45f9-9769-f89c55303b5d",
      "pid": "878a5fa7-c64a-489d-9c71-e5419de5a6e8",
      "dblevel": 5,
      "location": "/VGMA/HocTheoChuDe/KhamPhaKinhThanh(NgheBandichTruyenThongHieuDinhtrong1nam)/Thang07/Thang07Ngay08",
      "isVideo": false,
      "url": "hoc-theo-chu-de.kham-pha-kinh-thanh--nghe-ban-dich-truyen-thong-hieu-dinh-trong-1-nam-.thang-07.thang-07-ngay-08",
      "name": "Tháng 07 Ngày 08",
      "count": 0,
      "isLeaf": null,
      "keyword": null,
      "hash": "U2FsdGVkX19SyjCl/z+eDTo9EPxxFz3m+IiPrV3rxcoLCmfUttw/hoYBJo7TPwwxkH+kNJu78fifvAVujFAwTw==",
      "khash": null,
      "viewCount": null,
      "duration": "22:10",
      "size": 21280127
    },
    {
      "id": "728eb4c6-1456-4d4c-a41c-334f691bcac0",
      "pid": "878a5fa7-c64a-489d-9c71-e5419de5a6e8",
      "dblevel": 5,
      "location": "/VGMA/HocTheoChuDe/KhamPhaKinhThanh(NgheBandichTruyenThongHieuDinhtrong1nam)/Thang07/Thang07Ngay09",
      "isVideo": false,
      "url": "hoc-theo-chu-de.kham-pha-kinh-thanh--nghe-ban-dich-truyen-thong-hieu-dinh-trong-1-nam-.thang-07.thang-07-ngay-09",
      "name": "Tháng 07 Ngày 09",
      "count": 0,
      "isLeaf": null,
      "keyword": null,
      "hash": "U2FsdGVkX19Jpe0AOprB3qIOgWTUamR1r7EjmDo+xuLfXgdq4ZGgl07ranSYGYEnkvE1zv8p7HuraYh0mYxENA==",
      "khash": null,
      "viewCount": null,
      "duration": "22:21",
      "size": 21460267
    },
    {
      "id": "b534cb1a-ebc2-4826-b9ca-ea17abef6003",
      "pid": "878a5fa7-c64a-489d-9c71-e5419de5a6e8",
      "dblevel": 5,
      "location": "/VGMA/HocTheoChuDe/KhamPhaKinhThanh(NgheBandichTruyenThongHieuDinhtrong1nam)/Thang07/Thang07Ngay10",
      "isVideo": false,
      "url": "hoc-theo-chu-de.kham-pha-kinh-thanh--nghe-ban-dich-truyen-thong-hieu-dinh-trong-1-nam-.thang-07.thang-07-ngay-10",
      "name": "Tháng 07 Ngày 10",
      "count": 0,
      "isLeaf": null,
      "keyword": null,
      "hash": "U2FsdGVkX19XU+zpLs+2vzdP7sQWMDYDVq7B1OSQc1udVHUeQCKtx1FnMooxbAYOKeDLTiBSC552fiHEkg4VDw==",
      "khash": "U2FsdGVkX18VmlqLHGJRTD/ym8xfhO+tPPGMEKSwq5h/abRNh8M2lJq6yekeUdeTBPZ7TBIVgAIRprwJDufoTA==",
      "viewCount": null,
      "duration": "16:30",
      "size": 15849165
    },
    {
      "id": "78771647-b85b-4c11-bf81-fa604e37f373",
      "pid": "878a5fa7-c64a-489d-9c71-e5419de5a6e8",
      "dblevel": 5,
      "location": "/VGMA/HocTheoChuDe/KhamPhaKinhThanh(NgheBandichTruyenThongHieuDinhtrong1nam)/Thang07/Thang07Ngay11",
      "isVideo": false,
      "url": "hoc-theo-chu-de.kham-pha-kinh-thanh--nghe-ban-dich-truyen-thong-hieu-dinh-trong-1-nam-.thang-07.thang-07-ngay-11",
      "name": "Tháng 07 Ngày 11",
      "count": 0,
      "isLeaf": null,
      "keyword": null,
      "hash": "U2FsdGVkX1/y0gf5Lu7AKxAEH8daCE0IsJfqRRsRb2YdQCQJuCOkkFFMyFjA7rW/3e89tTljKVnWVwpocABWAw==",
      "khash": null,
      "viewCount": null,
      "duration": "19:42",
      "size": 18922419
    },
    {
      "id": "96e6fb8f-a699-4e50-b606-da477d6d6750",
      "pid": "878a5fa7-c64a-489d-9c71-e5419de5a6e8",
      "dblevel": 5,
      "location": "/VGMA/HocTheoChuDe/KhamPhaKinhThanh(NgheBandichTruyenThongHieuDinhtrong1nam)/Thang07/Thang07Ngay12",
      "isVideo": false,
      "url": "hoc-theo-chu-de.kham-pha-kinh-thanh--nghe-ban-dich-truyen-thong-hieu-dinh-trong-1-nam-.thang-07.thang-07-ngay-12",
      "name": "Tháng 07 Ngày 12",
      "count": 0,
      "isLeaf": null,
      "keyword": null,
      "hash": "U2FsdGVkX18KTIi4rFtuSOUfdP3G/9HbsMcvGZt0RrIvETjxAF7fX6/3kMbOBhlYSWR1ktyY02UpJRIQwBApXA==",
      "khash": null,
      "viewCount": null,
      "duration": "21:27",
      "size": 20593002
    },
    {
      "id": "8144970c-6a85-4e17-a397-1b514dfb856b",
      "pid": "878a5fa7-c64a-489d-9c71-e5419de5a6e8",
      "dblevel": 5,
      "location": "/VGMA/HocTheoChuDe/KhamPhaKinhThanh(NgheBandichTruyenThongHieuDinhtrong1nam)/Thang07/Thang07Ngay13",
      "isVideo": false,
      "url": "hoc-theo-chu-de.kham-pha-kinh-thanh--nghe-ban-dich-truyen-thong-hieu-dinh-trong-1-nam-.thang-07.thang-07-ngay-13",
      "name": "Tháng 07 Ngày 13",
      "count": 0,
      "isLeaf": null,
      "keyword": null,
      "hash": "U2FsdGVkX1+w6NW4CZeRUledhlVAVg2cS8uivGf8Vi+N3e83j4jehDs6Ej5SX78fdgwh4cN9/Gm/+DISIiwtKA==",
      "khash": null,
      "viewCount": null,
      "duration": "17:38",
      "size": 16931262
    },
    {
      "id": "383a29f2-b0fb-4800-ab87-b35001ca018f",
      "pid": "878a5fa7-c64a-489d-9c71-e5419de5a6e8",
      "dblevel": 5,
      "location": "/VGMA/HocTheoChuDe/KhamPhaKinhThanh(NgheBandichTruyenThongHieuDinhtrong1nam)/Thang07/Thang07Ngay14",
      "isVideo": false,
      "url": "hoc-theo-chu-de.kham-pha-kinh-thanh--nghe-ban-dich-truyen-thong-hieu-dinh-trong-1-nam-.thang-07.thang-07-ngay-14",
      "name": "Tháng 07 Ngày 14",
      "count": 0,
      "isLeaf": null,
      "keyword": null,
      "hash": "U2FsdGVkX19GIfs1ZZ0IiDzoRD/phmeSVkh7+U95jP0jmdB3Bry2ZpwckkerDSrlFeLJw1O1qjLoA+1yIcjtVw==",
      "khash": "U2FsdGVkX1+N6lDpKOVn9aezNaqOI9odyluBgNJQQ85hRP2oHNBMVSTNKKmU4e1vJddxMcJz25zzMSGOjJwT1g==",
      "viewCount": null,
      "duration": "17:57",
      "size": 17242223
    },
    {
      "id": "33fdbc16-a3ad-486b-8b02-c1a7c879bc01",
      "pid": "878a5fa7-c64a-489d-9c71-e5419de5a6e8",
      "dblevel": 5,
      "location": "/VGMA/HocTheoChuDe/KhamPhaKinhThanh(NgheBandichTruyenThongHieuDinhtrong1nam)/Thang07/Thang07Ngay15",
      "isVideo": false,
      "url": "hoc-theo-chu-de.kham-pha-kinh-thanh--nghe-ban-dich-truyen-thong-hieu-dinh-trong-1-nam-.thang-07.thang-07-ngay-15",
      "name": "Tháng 07 Ngày 15",
      "count": 0,
      "isLeaf": null,
      "keyword": null,
      "hash": "U2FsdGVkX1+vqaEJ3BbnXZXH6bjVaVnUWJZNn3mAH7O1wXm/T0nlWq1PfTYPjnIkiD+rCEYrRm1L0scOAZSE5A==",
      "khash": null,
      "viewCount": null,
      "duration": "15:50",
      "size": 15200075
    },
    {
      "id": "be94ee0e-fdda-4bf2-9704-2f4888dd1817",
      "pid": "878a5fa7-c64a-489d-9c71-e5419de5a6e8",
      "dblevel": 5,
      "location": "/VGMA/HocTheoChuDe/KhamPhaKinhThanh(NgheBandichTruyenThongHieuDinhtrong1nam)/Thang07/Thang07Ngay16",
      "isVideo": false,
      "url": "hoc-theo-chu-de.kham-pha-kinh-thanh--nghe-ban-dich-truyen-thong-hieu-dinh-trong-1-nam-.thang-07.thang-07-ngay-16",
      "name": "Tháng 07 Ngày 16",
      "count": 0,
      "isLeaf": null,
      "keyword": null,
      "hash": "U2FsdGVkX18+lEWHR6xWCG4Gje4xkPV8F7y8HyQXaklhjf8mWXwGAsIBTnVUk4euOLJdmPrqpAcNOIkunGEY3A==",
      "khash": null,
      "viewCount": null,
      "duration": "17:11",
      "size": 16504525
    },
    {
      "id": "639a6125-c531-4d1e-aa68-fbabc75e26d2",
      "pid": "878a5fa7-c64a-489d-9c71-e5419de5a6e8",
      "dblevel": 5,
      "location": "/VGMA/HocTheoChuDe/KhamPhaKinhThanh(NgheBandichTruyenThongHieuDinhtrong1nam)/Thang07/Thang07Ngay17",
      "isVideo": false,
      "url": "hoc-theo-chu-de.kham-pha-kinh-thanh--nghe-ban-dich-truyen-thong-hieu-dinh-trong-1-nam-.thang-07.thang-07-ngay-17",
      "name": "Tháng 07 Ngày 17",
      "count": 0,
      "isLeaf": null,
      "keyword": null,
      "hash": "U2FsdGVkX1/heSlR9ctQQZa4gbQJtfAOx33GjOp8JVU7P/cIOGB6NqqKTN5FKC9J3QYL5WrAryGF5JRiJf4uvQ==",
      "khash": "U2FsdGVkX1//Wo532xo3knKiJBnwYgePEv6Wyv2wiNvmgXR9jNW3dg04hi6m/1rHxDn8nBXoej/FRTI9gpU5vg==",
      "viewCount": null,
      "duration": "19:19",
      "size": 18556287
    },
    {
      "id": "c5e2d3f7-8f57-4cb8-9bea-48812486cb97",
      "pid": "878a5fa7-c64a-489d-9c71-e5419de5a6e8",
      "dblevel": 5,
      "location": "/VGMA/HocTheoChuDe/KhamPhaKinhThanh(NgheBandichTruyenThongHieuDinhtrong1nam)/Thang07/Thang07Ngay18",
      "isVideo": false,
      "url": "hoc-theo-chu-de.kham-pha-kinh-thanh--nghe-ban-dich-truyen-thong-hieu-dinh-trong-1-nam-.thang-07.thang-07-ngay-18",
      "name": "Tháng 07 Ngày 18",
      "count": 0,
      "isLeaf": null,
      "keyword": null,
      "hash": "U2FsdGVkX18z9V1tnaAr4a3odUAPorNJMMk8ZVMgMUmBt655V7AN9GPY7U5HZOLhwPOTGyaMCa/uGZXrDoNC1Q==",
      "khash": null,
      "viewCount": null,
      "duration": "14:17",
      "size": 13725097
    },
    {
      "id": "04245a28-8d72-426d-9374-784782ce193a",
      "pid": "878a5fa7-c64a-489d-9c71-e5419de5a6e8",
      "dblevel": 5,
      "location": "/VGMA/HocTheoChuDe/KhamPhaKinhThanh(NgheBandichTruyenThongHieuDinhtrong1nam)/Thang07/Thang07Ngay19",
      "isVideo": false,
      "url": "hoc-theo-chu-de.kham-pha-kinh-thanh--nghe-ban-dich-truyen-thong-hieu-dinh-trong-1-nam-.thang-07.thang-07-ngay-19",
      "name": "Tháng 07 Ngày 19",
      "count": 0,
      "isLeaf": null,
      "keyword": null,
      "hash": "U2FsdGVkX1/9kESFpErMqzwDHmmtcn4b1LmhiQOT3ut8HeynicDVeK2ST1SHVi/gX3HcJ9F8vNNkFp3r9ocoHg==",
      "khash": null,
      "viewCount": null,
      "duration": "20:23",
      "size": 19574853
    },
    {
      "id": "64f0399d-de35-4307-9015-494724f142ea",
      "pid": "878a5fa7-c64a-489d-9c71-e5419de5a6e8",
      "dblevel": 5,
      "location": "/VGMA/HocTheoChuDe/KhamPhaKinhThanh(NgheBandichTruyenThongHieuDinhtrong1nam)/Thang07/Thang07Ngay20",
      "isVideo": false,
      "url": "hoc-theo-chu-de.kham-pha-kinh-thanh--nghe-ban-dich-truyen-thong-hieu-dinh-trong-1-nam-.thang-07.thang-07-ngay-20",
      "name": "Tháng 07 Ngày 20",
      "count": 0,
      "isLeaf": null,
      "keyword": null,
      "hash": "U2FsdGVkX1+fZ8/2dCEyn8m9h1Iduo6GmpAG4zt00YCchktqZ+A1EiTDNXu6161SNXK349Bu5z9x8dTSROelxg==",
      "khash": "U2FsdGVkX18Qko8xKzn/sI+OmrwcnCk6RZfWEvlQ/HOfn+hWkebSVX7wRuBg0ksFcjR8TuXGCDCZgIMgxjEfUg==",
      "viewCount": null,
      "duration": "15:20",
      "size": 14721929
    },
    {
      "id": "6579320e-800f-4ead-ad0f-5480248acfdb",
      "pid": "878a5fa7-c64a-489d-9c71-e5419de5a6e8",
      "dblevel": 5,
      "location": "/VGMA/HocTheoChuDe/KhamPhaKinhThanh(NgheBandichTruyenThongHieuDinhtrong1nam)/Thang07/Thang07Ngay21",
      "isVideo": false,
      "url": "hoc-theo-chu-de.kham-pha-kinh-thanh--nghe-ban-dich-truyen-thong-hieu-dinh-trong-1-nam-.thang-07.thang-07-ngay-21",
      "name": "Tháng 07 Ngày 21",
      "count": 0,
      "isLeaf": null,
      "keyword": null,
      "hash": "U2FsdGVkX1+qasAz5zQgfXlH0N09GaGxzOCt4XZRwNWGEnmG2ZjAJW51jrTwZYPy2m4biLHKEozTdmTaZ0X+VQ==",
      "khash": null,
      "viewCount": null,
      "duration": "17:42",
      "size": 16995209
    },
    {
      "id": "9da5b303-f9c8-49d1-a918-6e639d857b24",
      "pid": "878a5fa7-c64a-489d-9c71-e5419de5a6e8",
      "dblevel": 5,
      "location": "/VGMA/HocTheoChuDe/KhamPhaKinhThanh(NgheBandichTruyenThongHieuDinhtrong1nam)/Thang07/Thang07Ngay22",
      "isVideo": false,
      "url": "hoc-theo-chu-de.kham-pha-kinh-thanh--nghe-ban-dich-truyen-thong-hieu-dinh-trong-1-nam-.thang-07.thang-07-ngay-22",
      "name": "Tháng 07 Ngày 22",
      "count": 0,
      "isLeaf": null,
      "keyword": null,
      "hash": "U2FsdGVkX1/ekIa2g/mOwdNjSlse/euKdK37gj1yxti3KWDcZEeYcbyGq+G5OYiUw1HJrtnSDuRVIjRq23K+Nw==",
      "khash": null,
      "viewCount": null,
      "duration": "15:6",
      "size": 14500829
    },
    {
      "id": "4a4ad986-f116-49ac-9632-260c67f62212",
      "pid": "878a5fa7-c64a-489d-9c71-e5419de5a6e8",
      "dblevel": 5,
      "location": "/VGMA/HocTheoChuDe/KhamPhaKinhThanh(NgheBandichTruyenThongHieuDinhtrong1nam)/Thang07/Thang07Ngay23",
      "isVideo": false,
      "url": "hoc-theo-chu-de.kham-pha-kinh-thanh--nghe-ban-dich-truyen-thong-hieu-dinh-trong-1-nam-.thang-07.thang-07-ngay-23",
      "name": "Tháng 07 Ngày 23",
      "count": 0,
      "isLeaf": null,
      "keyword": null,
      "hash": "U2FsdGVkX18PxPV5bh2rePzchakpP9jjQpeYV64KHQT5ZZ7Jiy4zpIWqP6ZAx1FEeMY8fSQrLGOSetFyv708Bg==",
      "khash": "U2FsdGVkX1+g6gm3brupwVEsGRxjbex6ixa1lfKbsc5ZqUnQn84F4v11G5spa4nSOuzcDPRHKDMjVxesj8okIA==",
      "viewCount": null,
      "duration": "18:32",
      "size": 17797273
    },
    {
      "id": "4c63d0fa-e1a8-4236-a385-15d7c324288a",
      "pid": "878a5fa7-c64a-489d-9c71-e5419de5a6e8",
      "dblevel": 5,
      "location": "/VGMA/HocTheoChuDe/KhamPhaKinhThanh(NgheBandichTruyenThongHieuDinhtrong1nam)/Thang07/Thang07Ngay24",
      "isVideo": false,
      "url": "hoc-theo-chu-de.kham-pha-kinh-thanh--nghe-ban-dich-truyen-thong-hieu-dinh-trong-1-nam-.thang-07.thang-07-ngay-24",
      "name": "Tháng 07 Ngày 24",
      "count": 0,
      "isLeaf": null,
      "keyword": null,
      "hash": "U2FsdGVkX1+DHqpbPeYOMBFS8+laNdssVYSIVSE/UmOErxcPrUo6CdjzUJ6UAtirSHSodEHD11V/FQJj4gta/g==",
      "khash": null,
      "viewCount": null,
      "duration": "16:32",
      "size": 15883020
    },
    {
      "id": "12d0f505-57d2-4df2-a2bd-fef0a3cc3d72",
      "pid": "878a5fa7-c64a-489d-9c71-e5419de5a6e8",
      "dblevel": 5,
      "location": "/VGMA/HocTheoChuDe/KhamPhaKinhThanh(NgheBandichTruyenThongHieuDinhtrong1nam)/Thang07/Thang07Ngay25",
      "isVideo": false,
      "url": "hoc-theo-chu-de.kham-pha-kinh-thanh--nghe-ban-dich-truyen-thong-hieu-dinh-trong-1-nam-.thang-07.thang-07-ngay-25",
      "name": "Tháng 07 Ngày 25",
      "count": 0,
      "isLeaf": null,
      "keyword": null,
      "hash": "U2FsdGVkX19jg1JsisqEe6Gev77B2pN0xsQg90Xv0hU8dCJijnzZdBtLbbJepD1zpCVlxSZip6ZxsS3GSz15Sw==",
      "khash": null,
      "viewCount": null,
      "duration": "16:49",
      "size": 16147588
    },
    {
      "id": "552d4122-b40b-40fa-9331-f5ab0b92ace2",
      "pid": "878a5fa7-c64a-489d-9c71-e5419de5a6e8",
      "dblevel": 5,
      "location": "/VGMA/HocTheoChuDe/KhamPhaKinhThanh(NgheBandichTruyenThongHieuDinhtrong1nam)/Thang07/Thang07Ngay26",
      "isVideo": false,
      "url": "hoc-theo-chu-de.kham-pha-kinh-thanh--nghe-ban-dich-truyen-thong-hieu-dinh-trong-1-nam-.thang-07.thang-07-ngay-26",
      "name": "Tháng 07 Ngày 26",
      "count": 0,
      "isLeaf": null,
      "keyword": null,
      "hash": "U2FsdGVkX18dp9Va4w1EAx4I1q4LW8g7/eMrVosUNkgaRm6kSn1r1SMbb87foW7KfLpAhz+MgzTaMZXNu347Ug==",
      "khash": "U2FsdGVkX18QIXLshDGyAKxA21VPLPYvvSPEaT2QOJS2PEpPwKsqfRujbcm+xB5HWu/67iPZVBmdsx6hqV6zfw==",
      "viewCount": null,
      "duration": "16:13",
      "size": 15575820
    },
    {
      "id": "9cc66bbf-ba5c-4666-91c6-6a05455d00bf",
      "pid": "878a5fa7-c64a-489d-9c71-e5419de5a6e8",
      "dblevel": 5,
      "location": "/VGMA/HocTheoChuDe/KhamPhaKinhThanh(NgheBandichTruyenThongHieuDinhtrong1nam)/Thang07/Thang07Ngay27",
      "isVideo": false,
      "url": "hoc-theo-chu-de.kham-pha-kinh-thanh--nghe-ban-dich-truyen-thong-hieu-dinh-trong-1-nam-.thang-07.thang-07-ngay-27",
      "name": "Tháng 07 Ngày 27",
      "count": 0,
      "isLeaf": null,
      "keyword": null,
      "hash": "U2FsdGVkX18isZOz56Higjj9CpjFjDOapZOfrSWJN5FvZiyabElEEl2tr6AWMiIXugs24Tw0F8eZoWYE92cIOw==",
      "khash": "U2FsdGVkX1+mdkG33uc/RUm+LrXsjYM6LBnECfCeLbFxGAv1z5fnMFmCRL8DAroG38cdmAQ7rhHPNBu8lwL+Qg==",
      "viewCount": null,
      "duration": "18:38",
      "size": 17899255
    },
    {
      "id": "200faecd-5d17-4203-96e4-3abd63e3f504",
      "pid": "878a5fa7-c64a-489d-9c71-e5419de5a6e8",
      "dblevel": 5,
      "location": "/VGMA/HocTheoChuDe/KhamPhaKinhThanh(NgheBandichTruyenThongHieuDinhtrong1nam)/Thang07/Thang07Ngay28",
      "isVideo": false,
      "url": "hoc-theo-chu-de.kham-pha-kinh-thanh--nghe-ban-dich-truyen-thong-hieu-dinh-trong-1-nam-.thang-07.thang-07-ngay-28",
      "name": "Tháng 07 Ngày 28",
      "count": 0,
      "isLeaf": null,
      "keyword": null,
      "hash": "U2FsdGVkX1/+U+UQpAP5m+riW9+eN4mNGfF8OfJYLfeZ2icnlXXifpSbq6CHyaAoM/JOe8qKXrKuFcis7QZN+w==",
      "khash": "U2FsdGVkX18Kqje3CEjVgn1fO/zfhddZvRpUIvGBCSF5UkCwg0rZH8uI6qF6uMvAmnOjLcGknTyuYmqD8/dndQ==",
      "viewCount": null,
      "duration": "11:55",
      "size": 11443040
    },
    {
      "id": "373f4f09-f59a-413b-a59d-4aa32bbc5985",
      "pid": "878a5fa7-c64a-489d-9c71-e5419de5a6e8",
      "dblevel": 5,
      "location": "/VGMA/HocTheoChuDe/KhamPhaKinhThanh(NgheBandichTruyenThongHieuDinhtrong1nam)/Thang07/Thang07Ngay29",
      "isVideo": false,
      "url": "hoc-theo-chu-de.kham-pha-kinh-thanh--nghe-ban-dich-truyen-thong-hieu-dinh-trong-1-nam-.thang-07.thang-07-ngay-29",
      "name": "Tháng 07 Ngày 29",
      "count": 0,
      "isLeaf": null,
      "keyword": null,
      "hash": "U2FsdGVkX18bzG1mjOsci1Ljm2IypqOPLNlPSupBXvX99ns9Q//ndm3/VXRn91D76w+1lNwC+uXq9OXFvuvfLA==",
      "khash": "U2FsdGVkX1/DuvjsHHlnMVN2qSlmiG6YzZVocZeTVGpz3TxcUvYhimGojTTCBsLXs7OYjhrEp3XZhdjxozuhGA==",
      "viewCount": null,
      "duration": "14:26",
      "size": 13858426
    },
    {
      "id": "c93b5ad7-86f8-480e-b6f4-7e6188d9c5d8",
      "pid": "878a5fa7-c64a-489d-9c71-e5419de5a6e8",
      "dblevel": 5,
      "location": "/VGMA/HocTheoChuDe/KhamPhaKinhThanh(NgheBandichTruyenThongHieuDinhtrong1nam)/Thang07/Thang07Ngay30",
      "isVideo": false,
      "url": "hoc-theo-chu-de.kham-pha-kinh-thanh--nghe-ban-dich-truyen-thong-hieu-dinh-trong-1-nam-.thang-07.thang-07-ngay-30",
      "name": "Tháng 07 Ngày 30",
      "count": 0,
      "isLeaf": null,
      "keyword": null,
      "hash": "U2FsdGVkX18ZRfk0OLyqYvF11EUsr0tQku/5LUh2p6UCSakMo6MFi5CXBaG6iBiGqELgMSyi+204o7rZkzGIJA==",
      "khash": "U2FsdGVkX18bHAW1sPG36LCUDvP/z78m5LrHqt2qtyKPX/0ikVsdQ/2Bhhm7UshehIhBfpKsF30DIR2f7Pr6fg==",
      "viewCount": null,
      "duration": "21:7",
      "size": 20286638
    },
    {
      "id": "323f7ef5-92aa-4136-bb7f-636fb548c02a",
      "pid": "878a5fa7-c64a-489d-9c71-e5419de5a6e8",
      "dblevel": 5,
      "location": "/VGMA/HocTheoChuDe/KhamPhaKinhThanh(NgheBandichTruyenThongHieuDinhtrong1nam)/Thang07/Thang07Ngay31",
      "isVideo": false,
      "url": "hoc-theo-chu-de.kham-pha-kinh-thanh--nghe-ban-dich-truyen-thong-hieu-dinh-trong-1-nam-.thang-07.thang-07-ngay-31",
      "name": "Tháng 07 Ngày 31",
      "count": 0,
      "isLeaf": null,
      "keyword": null,
      "hash": "U2FsdGVkX18dswBXwETDY3rPPNay3mi/EMzLY6s2tBptTEJRPZ6dmKVHTvVPqvIajUywurodNltcyv7SfTQZbQ==",
      "khash": "U2FsdGVkX18A/Mm/Up+lQHxIZCWoPngmo74HHr1KKrHj0rXLciVYS7MQAxEHkrt8beskRzKRXlDMkEv+GGm+5w==",
      "viewCount": null,
      "duration": "16:41",
      "size": 16024290
    }
  ]
}