{
  "id": "b0fac48a-361f-4ed2-8e2d-88420dd51afa",
  "pid": "d45d630a-2836-4e61-a069-b442f2b63989",
  "dblevel": 3,
  "location": "/VGMA/HocKinhThanhTheoSach/35.Ha-ba-cucTHTK",
  "isVideo": false,
  "url": "hoc-kinh-thanh-theo-sach.35--ha-ba-cuc-thtk",
  "name": "35. Ha-ba-cúc THTK",
  "count": 8,
  "isLeaf": true,
  "keyword": null,
  "hash": null,
  "khash": null,
  "viewCount": null,
  "duration": null,
  "size": null,
  "children": [
    {
      "id": "5c7bbbf6-cc26-4cdc-8a44-7067d59dd700",
      "pid": "b0fac48a-361f-4ed2-8e2d-88420dd51afa",
      "dblevel": 4,
      "location": "/VGMA/HocKinhThanhTheoSach/35.Ha-ba-cucTHTK/01_Ha-ba-cuc00",
      "isVideo": false,
      "url": "hoc-kinh-thanh-theo-sach.35--ha-ba-cuc-thtk.01-ha-ba-cuc00",
      "name": "01_Ha-ba-cúc00",
      "count": 0,
      "isLeaf": null,
      "keyword": null,
      "hash": "U2FsdGVkX1857DVf7RnH62ywO6z6KXx9iDJHvYXCXGpihjaKzg/pAW3DX2BkG2OO4O240CrMyXKtCxOSIwj64A==",
      "khash": null,
      "viewCount": null,
      "duration": "26:30",
      "size": 25452694
    },
    {
      "id": "8ca0ce59-d08c-479e-aab8-d94d237fbad7",
      "pid": "b0fac48a-361f-4ed2-8e2d-88420dd51afa",
      "dblevel": 4,
      "location": "/VGMA/HocKinhThanhTheoSach/35.Ha-ba-cucTHTK/02_Ha-ba-cuc01a",
      "isVideo": false,
      "url": "hoc-kinh-thanh-theo-sach.35--ha-ba-cuc-thtk.02-ha-ba-cuc01a",
      "name": "02_Ha-ba-cúc01a",
      "count": 0,
      "isLeaf": null,
      "keyword": null,
      "hash": "U2FsdGVkX1/SjgHJ2Roe6WD5wLZsXwQBFLKYNJTU2IrxM8Ayh6yvuoi5DiZkkQBjGwgSRGHbMsrtTMRVpsBZdQ==",
      "khash": null,
      "viewCount": null,
      "duration": "27:26",
      "size": 26348382
    },
    {
      "id": "879b6f26-218e-4c5f-ae0b-5078ad14aecd",
      "pid": "b0fac48a-361f-4ed2-8e2d-88420dd51afa",
      "dblevel": 4,
      "location": "/VGMA/HocKinhThanhTheoSach/35.Ha-ba-cucTHTK/03_Ha-ba-cuc01b",
      "isVideo": false,
      "url": "hoc-kinh-thanh-theo-sach.35--ha-ba-cuc-thtk.03-ha-ba-cuc01b",
      "name": "03_Ha-ba-cúc01b",
      "count": 0,
      "isLeaf": null,
      "keyword": null,
      "hash": "U2FsdGVkX19WXCc7NcYpXPpUxcYMexhk5ZmlJkHrGwv23GAp5bowG7bjclRk+zLVXvt/Sl8KzVTpTZKhXIxodg==",
      "khash": null,
      "viewCount": null,
      "duration": "27:32",
      "size": 26432810
    },
    {
      "id": "5f8f1ba4-1477-4652-aced-bb7e4c75754b",
      "pid": "b0fac48a-361f-4ed2-8e2d-88420dd51afa",
      "dblevel": 4,
      "location": "/VGMA/HocKinhThanhTheoSach/35.Ha-ba-cucTHTK/04_Ha-ba-cuc01c-02a",
      "isVideo": false,
      "url": "hoc-kinh-thanh-theo-sach.35--ha-ba-cuc-thtk.04-ha-ba-cuc01c-02a",
      "name": "04_Ha-ba-cúc01c-02a",
      "count": 0,
      "isLeaf": null,
      "keyword": null,
      "hash": "U2FsdGVkX18BSkM3zKzdHhD42jfgYkJxlnNVnLoUX8g18xWwp2Cklo+60VZKSzcXzpblaglh6hbLmyiokRWyrA==",
      "khash": "U2FsdGVkX18dn34kfUJDuQ99k+ciXmccpVKmDzvpVrT95glKD+sDb15yGAKQpDIdTevAkWHtClTwBqHNjt6DEQ==",
      "viewCount": null,
      "duration": "27:47",
      "size": 26675230
    },
    {
      "id": "0da50169-182c-4b44-abf6-0b6210445e70",
      "pid": "b0fac48a-361f-4ed2-8e2d-88420dd51afa",
      "dblevel": 4,
      "location": "/VGMA/HocKinhThanhTheoSach/35.Ha-ba-cucTHTK/05_Ha-ba-cuc02b",
      "isVideo": false,
      "url": "hoc-kinh-thanh-theo-sach.35--ha-ba-cuc-thtk.05-ha-ba-cuc02b",
      "name": "05_Ha-ba-cúc02b",
      "count": 0,
      "isLeaf": null,
      "keyword": null,
      "hash": "U2FsdGVkX19VkWk2kYxZoKgu0TwhULx32VjTyKsb7bDcdyTXHDbhDW6memkeztgOtHJu7z+j/0EAXbsW6GKmlw==",
      "khash": "U2FsdGVkX198arjAkdhkIiGhZJlxKA10cSDACLeNVqQzKItkwQHmaIlvUKt2R3C35sMh9ydGSizBIIRXs6gaGA==",
      "viewCount": null,
      "duration": "25:13",
      "size": 24211775
    },
    {
      "id": "be141f16-5ddc-44aa-be40-48541eeaf032",
      "pid": "b0fac48a-361f-4ed2-8e2d-88420dd51afa",
      "dblevel": 4,
      "location": "/VGMA/HocKinhThanhTheoSach/35.Ha-ba-cucTHTK/06_Ha-ba-cuc02c",
      "isVideo": false,
      "url": "hoc-kinh-thanh-theo-sach.35--ha-ba-cuc-thtk.06-ha-ba-cuc02c",
      "name": "06_Ha-ba-cúc02c",
      "count": 0,
      "isLeaf": null,
      "keyword": null,
      "hash": "U2FsdGVkX19A5AQCB0f2VAnvoE64es+ISKhRUQnARSaBXi/SWR/+tZh7L6h4HRQXaJB7G1/mDrfvt0jEOHbYMg==",
      "khash": "U2FsdGVkX18QQ7IHP/tt8dV9Bhfu476z8SQ9E73PDPQcrho0cn7p5pz9zvmKTTX00vZYu56v59zYpUdXEXMD6w==",
      "viewCount": null,
      "duration": "27:31",
      "size": 26423615
    },
    {
      "id": "a6ca0fe3-f6d2-4834-ab90-12f1367d423c",
      "pid": "b0fac48a-361f-4ed2-8e2d-88420dd51afa",
      "dblevel": 4,
      "location": "/VGMA/HocKinhThanhTheoSach/35.Ha-ba-cucTHTK/07_Ha-ba-cuc03a",
      "isVideo": false,
      "url": "hoc-kinh-thanh-theo-sach.35--ha-ba-cuc-thtk.07-ha-ba-cuc03a",
      "name": "07_Ha-ba-cúc03a",
      "count": 0,
      "isLeaf": null,
      "keyword": null,
      "hash": "U2FsdGVkX1/wGiCjA494HbjrcT9qP3tm9gFW7L62dWG+X39AW08nailtYAt//pXrFbjP4vhKvCL0rzu5qeL9SQ==",
      "khash": "U2FsdGVkX18rWsXxnGrZDy5ljOKFK2z1akS46yDiyORfMfcDmdzNlDrfC61k+Pmlcb4K5R28N9+MMjnqYt5PAA==",
      "viewCount": null,
      "duration": "25:53",
      "size": 24859193
    },
    {
      "id": "a7b162e1-faa2-4977-bb64-daa1b8003ec6",
      "pid": "b0fac48a-361f-4ed2-8e2d-88420dd51afa",
      "dblevel": 4,
      "location": "/VGMA/HocKinhThanhTheoSach/35.Ha-ba-cucTHTK/08_Ha-ba-cuc03b",
      "isVideo": false,
      "url": "hoc-kinh-thanh-theo-sach.35--ha-ba-cuc-thtk.08-ha-ba-cuc03b",
      "name": "08_Ha-ba-cúc03b",
      "count": 0,
      "isLeaf": null,
      "keyword": null,
      "hash": "U2FsdGVkX1+Usqa5EONA+gPtsRoyXPj2cZypswhf3Gt5z9yBmz0u/sMJzxlfvRsvQR88B5pMqs3dkrEIkJRqTQ==",
      "khash": "U2FsdGVkX1+4ICAA9Xe4zxDpu759awdJJGUVrJA8OZrfsZPIHOPM2w2di8asMx86yqiaBn/PboYx7Akvv2aZ2A==",
      "viewCount": null,
      "duration": "27:37",
      "size": 26522253
    }
  ]
}