{
  "id": "0ae6d36e-d130-4cc0-85da-b7f0d17a51d7",
  "pid": "60405969-a104-4a68-a701-d28f2e747463",
  "dblevel": 4,
  "location": "/VGMA/HocTheoChuDe/KhamPhaKinhThanh(NgheBandichTruyenThongHieuDinhtrong1nam)/Thang01",
  "isVideo": false,
  "url": "hoc-theo-chu-de.kham-pha-kinh-thanh--nghe-ban-dich-truyen-thong-hieu-dinh-trong-1-nam-.thang-01",
  "name": "Tháng 01",
  "count": 32,
  "isLeaf": true,
  "keyword": null,
  "hash": null,
  "khash": null,
  "viewCount": null,
  "duration": null,
  "size": null,
  "children": [
    {
      "id": "f417f303-b3c6-453c-b464-8e4bee968b5c",
      "pid": "0ae6d36e-d130-4cc0-85da-b7f0d17a51d7",
      "dblevel": 5,
      "location": "/VGMA/HocTheoChuDe/KhamPhaKinhThanh(NgheBandichTruyenThongHieuDinhtrong1nam)/Thang01/GioithieuKhamPhaKinhThanh",
      "isVideo": false,
      "url": "hoc-theo-chu-de.kham-pha-kinh-thanh--nghe-ban-dich-truyen-thong-hieu-dinh-trong-1-nam-.thang-01.gioi-thieu-kham-pha-kinh-thanh",
      "name": "Giới thiệu Khám Phá Kinh Thánh",
      "count": 0,
      "isLeaf": null,
      "keyword": null,
      "hash": "U2FsdGVkX1+HtJPNiWz2oTANvC2X2JLHX3X/5IY4x3i+bMqgXg7LAHocE40phdQlvAnvbGMgaqanz+KOSEKDgQ==",
      "khash": "U2FsdGVkX19/C5hXRrG6f1GBmD/6axYk4UmBbZ+5ICiNkEPl+JvEatINvjXcUCzLixqtE1LTaDRCn/rSvit+dA==",
      "viewCount": null,
      "duration": "4:27",
      "size": 4286742
    },
    {
      "id": "33bfadd1-6dd6-4c51-9ba7-2bf45fc52441",
      "pid": "0ae6d36e-d130-4cc0-85da-b7f0d17a51d7",
      "dblevel": 5,
      "location": "/VGMA/HocTheoChuDe/KhamPhaKinhThanh(NgheBandichTruyenThongHieuDinhtrong1nam)/Thang01/Thang01Ngay01",
      "isVideo": false,
      "url": "hoc-theo-chu-de.kham-pha-kinh-thanh--nghe-ban-dich-truyen-thong-hieu-dinh-trong-1-nam-.thang-01.thang-01-ngay-01",
      "name": "Tháng 01 Ngày 01",
      "count": 0,
      "isLeaf": null,
      "keyword": null,
      "hash": "U2FsdGVkX1+MkPgqnfdjsREkWcqM0jZUvzbEWeZocwyQ9M6Ra7XuBtjncD7aZD9tbuoFRsy9UjtAREEqBK3zPQ==",
      "khash": null,
      "viewCount": null,
      "duration": "28:8",
      "size": 27019960
    },
    {
      "id": "7527e521-115c-4cb1-bb8b-eb4d90d23e5f",
      "pid": "0ae6d36e-d130-4cc0-85da-b7f0d17a51d7",
      "dblevel": 5,
      "location": "/VGMA/HocTheoChuDe/KhamPhaKinhThanh(NgheBandichTruyenThongHieuDinhtrong1nam)/Thang01/Thang01Ngay02",
      "isVideo": false,
      "url": "hoc-theo-chu-de.kham-pha-kinh-thanh--nghe-ban-dich-truyen-thong-hieu-dinh-trong-1-nam-.thang-01.thang-01-ngay-02",
      "name": "Tháng 01 Ngày 02",
      "count": 0,
      "isLeaf": null,
      "keyword": null,
      "hash": "U2FsdGVkX18KKS3dQMi+HpN+kelw5Rz3ZogzBmRze+SsKqnqficxm8QShtgeDYrQsMhqA6g7TM0HAlmO3Dkjvg==",
      "khash": "U2FsdGVkX18jKuXTYkSTrd38GsUm98+P+m3W9+0yKn0IVmjsDzxDJXMee97XSTw2ZYTZk5dJiHw01OrsIWP5/w==",
      "viewCount": null,
      "duration": "25:15",
      "size": 24252235
    },
    {
      "id": "09df5d4a-3003-4101-a976-845b9b8fbdf8",
      "pid": "0ae6d36e-d130-4cc0-85da-b7f0d17a51d7",
      "dblevel": 5,
      "location": "/VGMA/HocTheoChuDe/KhamPhaKinhThanh(NgheBandichTruyenThongHieuDinhtrong1nam)/Thang01/Thang01Ngay03",
      "isVideo": false,
      "url": "hoc-theo-chu-de.kham-pha-kinh-thanh--nghe-ban-dich-truyen-thong-hieu-dinh-trong-1-nam-.thang-01.thang-01-ngay-03",
      "name": "Tháng 01 Ngày 03",
      "count": 0,
      "isLeaf": null,
      "keyword": null,
      "hash": "U2FsdGVkX18EbQs8rkiTrdYzf/xZDPyoybGuCHtyfVtapn3qORGUz2t7ixx3G0nRDwbPCASlcyqRZM+3sBjZmA==",
      "khash": null,
      "viewCount": null,
      "duration": "18:0",
      "size": 17281929
    },
    {
      "id": "e3909733-33cf-4da8-9974-33eeea49285a",
      "pid": "0ae6d36e-d130-4cc0-85da-b7f0d17a51d7",
      "dblevel": 5,
      "location": "/VGMA/HocTheoChuDe/KhamPhaKinhThanh(NgheBandichTruyenThongHieuDinhtrong1nam)/Thang01/Thang01Ngay04",
      "isVideo": false,
      "url": "hoc-theo-chu-de.kham-pha-kinh-thanh--nghe-ban-dich-truyen-thong-hieu-dinh-trong-1-nam-.thang-01.thang-01-ngay-04",
      "name": "Tháng 01 Ngày 04",
      "count": 0,
      "isLeaf": null,
      "keyword": null,
      "hash": "U2FsdGVkX18KVytQZkYUGaca3xZPk95DoIezub4GWc4g8tRtVoo0DWZ+ZWqWpwnP/jgotiJmf7U4S2g8cen+CA==",
      "khash": null,
      "viewCount": null,
      "duration": "20:36",
      "size": 19781325
    },
    {
      "id": "52c17f2c-3bfb-43dc-a38e-7a9055152c04",
      "pid": "0ae6d36e-d130-4cc0-85da-b7f0d17a51d7",
      "dblevel": 5,
      "location": "/VGMA/HocTheoChuDe/KhamPhaKinhThanh(NgheBandichTruyenThongHieuDinhtrong1nam)/Thang01/Thang01Ngay05",
      "isVideo": false,
      "url": "hoc-theo-chu-de.kham-pha-kinh-thanh--nghe-ban-dich-truyen-thong-hieu-dinh-trong-1-nam-.thang-01.thang-01-ngay-05",
      "name": "Tháng 01 Ngày 05",
      "count": 0,
      "isLeaf": null,
      "keyword": null,
      "hash": "U2FsdGVkX1/BqRZjnwEfGHtEuczmDe1VCz8jcTg33csYsjiS81wuAqtJGWpDd2lcRxj8cMruW1krrEX9H3KoFg==",
      "khash": "U2FsdGVkX1+5U1twGHn7WZZ7si5voqpZWHigq3tQ5I05ASuK5705AKIUt8eFUw+/1XsSgoAE6aMDza02hq7pxg==",
      "viewCount": null,
      "duration": "22:52",
      "size": 21954713
    },
    {
      "id": "e348cafd-b01b-42c1-9686-c051a18cc9f2",
      "pid": "0ae6d36e-d130-4cc0-85da-b7f0d17a51d7",
      "dblevel": 5,
      "location": "/VGMA/HocTheoChuDe/KhamPhaKinhThanh(NgheBandichTruyenThongHieuDinhtrong1nam)/Thang01/Thang01Ngay06",
      "isVideo": false,
      "url": "hoc-theo-chu-de.kham-pha-kinh-thanh--nghe-ban-dich-truyen-thong-hieu-dinh-trong-1-nam-.thang-01.thang-01-ngay-06",
      "name": "Tháng 01 Ngày 06",
      "count": 0,
      "isLeaf": null,
      "keyword": null,
      "hash": "U2FsdGVkX1/rEPTehCRtvfX5D42xOGMI4vWsnqzXi5wpI9jN7V2+gNod7F3doBPwPuedda7Z7YmG+AATaQnXOw==",
      "khash": null,
      "viewCount": null,
      "duration": "20:23",
      "size": 19571928
    },
    {
      "id": "194a1925-c7e0-4fe5-b2b0-c319586a8395",
      "pid": "0ae6d36e-d130-4cc0-85da-b7f0d17a51d7",
      "dblevel": 5,
      "location": "/VGMA/HocTheoChuDe/KhamPhaKinhThanh(NgheBandichTruyenThongHieuDinhtrong1nam)/Thang01/Thang01Ngay07",
      "isVideo": false,
      "url": "hoc-theo-chu-de.kham-pha-kinh-thanh--nghe-ban-dich-truyen-thong-hieu-dinh-trong-1-nam-.thang-01.thang-01-ngay-07",
      "name": "Tháng 01 Ngày 07",
      "count": 0,
      "isLeaf": null,
      "keyword": null,
      "hash": "U2FsdGVkX1/C/MfzQcB82pmJ0A3c0USKOu+rhRpnjhHYBC2yzRs2T8EU976y2td2O3IKfYaVNQAQli7Fpluk1g==",
      "khash": "U2FsdGVkX18NR06VbfSn/kFCsM8dce+YcLThYvdunlg13slJ1Y7vXHf7MCx2XRW3yviKHmmLdgiNqsSyHY2S6Q==",
      "viewCount": null,
      "duration": "23:30",
      "size": 22562008
    },
    {
      "id": "540447a7-f00f-4633-a30a-c55c0b878bcf",
      "pid": "0ae6d36e-d130-4cc0-85da-b7f0d17a51d7",
      "dblevel": 5,
      "location": "/VGMA/HocTheoChuDe/KhamPhaKinhThanh(NgheBandichTruyenThongHieuDinhtrong1nam)/Thang01/Thang01Ngay08",
      "isVideo": false,
      "url": "hoc-theo-chu-de.kham-pha-kinh-thanh--nghe-ban-dich-truyen-thong-hieu-dinh-trong-1-nam-.thang-01.thang-01-ngay-08",
      "name": "Tháng 01 Ngày 08",
      "count": 0,
      "isLeaf": null,
      "keyword": null,
      "hash": "U2FsdGVkX19VPsfciKEzRsi9CisLU6gVgmKGCUsSS3H0VogVIUjylEvcDAHLuTeXx2ig7mtxeLY4gw05dReDJw==",
      "khash": "U2FsdGVkX19Loz5dr0k//G+HVEg6AoKwclvSl8mC2VRIcBJ+JkOGc33T1K/axExrZm5fbdbLzwGGUXHRRQch0g==",
      "viewCount": null,
      "duration": "18:32",
      "size": 17802706
    },
    {
      "id": "7059d4db-7276-415f-868f-99a4e64cd3c5",
      "pid": "0ae6d36e-d130-4cc0-85da-b7f0d17a51d7",
      "dblevel": 5,
      "location": "/VGMA/HocTheoChuDe/KhamPhaKinhThanh(NgheBandichTruyenThongHieuDinhtrong1nam)/Thang01/Thang01Ngay09",
      "isVideo": false,
      "url": "hoc-theo-chu-de.kham-pha-kinh-thanh--nghe-ban-dich-truyen-thong-hieu-dinh-trong-1-nam-.thang-01.thang-01-ngay-09",
      "name": "Tháng 01 Ngày 09",
      "count": 0,
      "isLeaf": null,
      "keyword": null,
      "hash": "U2FsdGVkX19YgLvdWTAaC27VMMKtcEexkEpxxU7G9cLSyuvaJ9MnU4CyirUR1k3ZMimMpv6UaDEP3qjigRCwfw==",
      "khash": null,
      "viewCount": null,
      "duration": "26:49",
      "size": 25746021
    },
    {
      "id": "eb4ee0c8-0ebd-4160-816c-a823782cc076",
      "pid": "0ae6d36e-d130-4cc0-85da-b7f0d17a51d7",
      "dblevel": 5,
      "location": "/VGMA/HocTheoChuDe/KhamPhaKinhThanh(NgheBandichTruyenThongHieuDinhtrong1nam)/Thang01/Thang01Ngay10",
      "isVideo": false,
      "url": "hoc-theo-chu-de.kham-pha-kinh-thanh--nghe-ban-dich-truyen-thong-hieu-dinh-trong-1-nam-.thang-01.thang-01-ngay-10",
      "name": "Tháng 01 Ngày 10",
      "count": 0,
      "isLeaf": null,
      "keyword": null,
      "hash": "U2FsdGVkX18eervhCCDgexmwWln0nTC/gYLRe8Fm88askXhlu0RX9qk4m2oLo33tYmalkaWgGGmmGdLsrQr7UQ==",
      "khash": null,
      "viewCount": null,
      "duration": "23:27",
      "size": 22518958
    },
    {
      "id": "3a5af5e2-50a7-440a-972a-7c7b02a9bf83",
      "pid": "0ae6d36e-d130-4cc0-85da-b7f0d17a51d7",
      "dblevel": 5,
      "location": "/VGMA/HocTheoChuDe/KhamPhaKinhThanh(NgheBandichTruyenThongHieuDinhtrong1nam)/Thang01/Thang01Ngay11",
      "isVideo": false,
      "url": "hoc-theo-chu-de.kham-pha-kinh-thanh--nghe-ban-dich-truyen-thong-hieu-dinh-trong-1-nam-.thang-01.thang-01-ngay-11",
      "name": "Tháng 01 Ngày 11",
      "count": 0,
      "isLeaf": null,
      "keyword": null,
      "hash": "U2FsdGVkX18IcdKSUvVy+sL4m7rfGP8zHPo6ivTCLMzayuZ85NU4nDws0mKKVYyoZ+ipxPCq7EDk434TyM43sQ==",
      "khash": "U2FsdGVkX18bCXess67DI2DadoQ+fuF+y2dwzsB2yswxiktfLfE9TkZ10M5ihahjWUWYXRUfJs8VzrqAO3bqQA==",
      "viewCount": null,
      "duration": "23:15",
      "size": 22329622
    },
    {
      "id": "0f3a6bad-d093-4ae2-9b6f-fb214b4ba459",
      "pid": "0ae6d36e-d130-4cc0-85da-b7f0d17a51d7",
      "dblevel": 5,
      "location": "/VGMA/HocTheoChuDe/KhamPhaKinhThanh(NgheBandichTruyenThongHieuDinhtrong1nam)/Thang01/Thang01Ngay12",
      "isVideo": false,
      "url": "hoc-theo-chu-de.kham-pha-kinh-thanh--nghe-ban-dich-truyen-thong-hieu-dinh-trong-1-nam-.thang-01.thang-01-ngay-12",
      "name": "Tháng 01 Ngày 12",
      "count": 0,
      "isLeaf": null,
      "keyword": null,
      "hash": "U2FsdGVkX187xnjVpS24rlLuO6q9dr2OfSIx7I2V33jNtamfFD4sTxgq+JAmViEwc8Xfi8SCYzHJhLlmkJQ/rg==",
      "khash": null,
      "viewCount": null,
      "duration": "28:40",
      "size": 27531960
    },
    {
      "id": "54e2787e-3f0c-4903-87e0-94535f4b196e",
      "pid": "0ae6d36e-d130-4cc0-85da-b7f0d17a51d7",
      "dblevel": 5,
      "location": "/VGMA/HocTheoChuDe/KhamPhaKinhThanh(NgheBandichTruyenThongHieuDinhtrong1nam)/Thang01/Thang01Ngay13",
      "isVideo": false,
      "url": "hoc-theo-chu-de.kham-pha-kinh-thanh--nghe-ban-dich-truyen-thong-hieu-dinh-trong-1-nam-.thang-01.thang-01-ngay-13",
      "name": "Tháng 01 Ngày 13",
      "count": 0,
      "isLeaf": null,
      "keyword": null,
      "hash": "U2FsdGVkX18n7WtqPHSWJPvY4aQc4+cdTlf+nhevm+Vf5JdpCOiwZkvCYctgioEHyrVA/BlG3KBGkmJNLlN92w==",
      "khash": "U2FsdGVkX1/njqZ5MFA2tP+voxPHEHiJlccNLpx/UcnApbYVPPa1d8kJ12Jeibo14F70fOlf/JKCa9gD2DNIfA==",
      "viewCount": null,
      "duration": "26:53",
      "size": 25809551
    },
    {
      "id": "87ac677c-750b-4d95-a82e-2c9501efca8d",
      "pid": "0ae6d36e-d130-4cc0-85da-b7f0d17a51d7",
      "dblevel": 5,
      "location": "/VGMA/HocTheoChuDe/KhamPhaKinhThanh(NgheBandichTruyenThongHieuDinhtrong1nam)/Thang01/Thang01Ngay14",
      "isVideo": false,
      "url": "hoc-theo-chu-de.kham-pha-kinh-thanh--nghe-ban-dich-truyen-thong-hieu-dinh-trong-1-nam-.thang-01.thang-01-ngay-14",
      "name": "Tháng 01 Ngày 14",
      "count": 0,
      "isLeaf": null,
      "keyword": null,
      "hash": "U2FsdGVkX18IlVEX1/fQd2TP0WlUcre9NQZ+JIRcF2g2JWK0+sd+3tO89OS6XHSXyZCiqmxxC6HpTkXGs6RwRA==",
      "khash": null,
      "viewCount": null,
      "duration": "24:42",
      "size": 23718501
    },
    {
      "id": "1249d7e8-05b0-4f6a-9102-2e1293db6bce",
      "pid": "0ae6d36e-d130-4cc0-85da-b7f0d17a51d7",
      "dblevel": 5,
      "location": "/VGMA/HocTheoChuDe/KhamPhaKinhThanh(NgheBandichTruyenThongHieuDinhtrong1nam)/Thang01/Thang01Ngay15",
      "isVideo": false,
      "url": "hoc-theo-chu-de.kham-pha-kinh-thanh--nghe-ban-dich-truyen-thong-hieu-dinh-trong-1-nam-.thang-01.thang-01-ngay-15",
      "name": "Tháng 01 Ngày 15",
      "count": 0,
      "isLeaf": null,
      "keyword": null,
      "hash": "U2FsdGVkX1+NBgj/QiCgLnbrdWo9/xDo8RsBoGX9bOzUyYon2PJKZXM6yNQ8RJfYN5aIw4a82OXSIaOJG+CLdQ==",
      "khash": "U2FsdGVkX1/xN+uoLtoUnhYcWgRKT8HGhFjEQz/31asf7pziHtPhOiI7mgqPdcutAOcnA6jdagHOiFGytPFd5g==",
      "viewCount": null,
      "duration": "28:26",
      "size": 27298739
    },
    {
      "id": "fcd967d6-1748-4172-bdcd-f88b28c6631c",
      "pid": "0ae6d36e-d130-4cc0-85da-b7f0d17a51d7",
      "dblevel": 5,
      "location": "/VGMA/HocTheoChuDe/KhamPhaKinhThanh(NgheBandichTruyenThongHieuDinhtrong1nam)/Thang01/Thang01Ngay16",
      "isVideo": false,
      "url": "hoc-theo-chu-de.kham-pha-kinh-thanh--nghe-ban-dich-truyen-thong-hieu-dinh-trong-1-nam-.thang-01.thang-01-ngay-16",
      "name": "Tháng 01 Ngày 16",
      "count": 0,
      "isLeaf": null,
      "keyword": null,
      "hash": "U2FsdGVkX18unOBpCkBBeHvjQEiB6MTwpuCJP3qgITlTW8c5FSQQilafTHD2w9gksqfxfOyCl40Nnq+iIlqf7A==",
      "khash": "U2FsdGVkX1+VYUm/HJIroCoYHDopqnZZriNn7DP4dJcBEGuNSqoEWH3vE5ezT2nj3pY2Am2GsK6gTPcGGZj+8A==",
      "viewCount": null,
      "duration": "32:11",
      "size": 30903219
    },
    {
      "id": "78f19f68-647e-43b5-a1df-196b6f226757",
      "pid": "0ae6d36e-d130-4cc0-85da-b7f0d17a51d7",
      "dblevel": 5,
      "location": "/VGMA/HocTheoChuDe/KhamPhaKinhThanh(NgheBandichTruyenThongHieuDinhtrong1nam)/Thang01/Thang01Ngay17",
      "isVideo": false,
      "url": "hoc-theo-chu-de.kham-pha-kinh-thanh--nghe-ban-dich-truyen-thong-hieu-dinh-trong-1-nam-.thang-01.thang-01-ngay-17",
      "name": "Tháng 01 Ngày 17",
      "count": 0,
      "isLeaf": null,
      "keyword": null,
      "hash": "U2FsdGVkX18sbmiNEdjzeV9IF4B+uiQnv/IenWLo2hTQeHzIsPHtjg2dl0vDXh5io9nwJa09r0zZ2gioq1lMBw==",
      "khash": null,
      "viewCount": null,
      "duration": "27:8",
      "size": 26056146
    },
    {
      "id": "59b19e42-aceb-48c3-bb0f-a9827acb9cf8",
      "pid": "0ae6d36e-d130-4cc0-85da-b7f0d17a51d7",
      "dblevel": 5,
      "location": "/VGMA/HocTheoChuDe/KhamPhaKinhThanh(NgheBandichTruyenThongHieuDinhtrong1nam)/Thang01/Thang01Ngay18",
      "isVideo": false,
      "url": "hoc-theo-chu-de.kham-pha-kinh-thanh--nghe-ban-dich-truyen-thong-hieu-dinh-trong-1-nam-.thang-01.thang-01-ngay-18",
      "name": "Tháng 01 Ngày 18",
      "count": 0,
      "isLeaf": null,
      "keyword": null,
      "hash": "U2FsdGVkX1/dnXlRGmjHAPvuF91VWPqFH4OvRJHhVgdj7zzzLSx6j5MnTi8I11D4CUVct9jkiIKSAuH/H1RKig==",
      "khash": null,
      "viewCount": null,
      "duration": "31:49",
      "size": 30557567
    },
    {
      "id": "005b465d-b62c-4da5-b60c-a477b07481fe",
      "pid": "0ae6d36e-d130-4cc0-85da-b7f0d17a51d7",
      "dblevel": 5,
      "location": "/VGMA/HocTheoChuDe/KhamPhaKinhThanh(NgheBandichTruyenThongHieuDinhtrong1nam)/Thang01/Thang01Ngay19",
      "isVideo": false,
      "url": "hoc-theo-chu-de.kham-pha-kinh-thanh--nghe-ban-dich-truyen-thong-hieu-dinh-trong-1-nam-.thang-01.thang-01-ngay-19",
      "name": "Tháng 01 Ngày 19",
      "count": 0,
      "isLeaf": null,
      "keyword": null,
      "hash": "U2FsdGVkX1/sbmUsrHCdoIsH3TVr7AvBgXVflUQRsHFwqK78hhc0Okd4Xc6mWImcaEYZOXpwpirPd2Zi1Ud7Dg==",
      "khash": "U2FsdGVkX18QVpxbEgNoTOVCmIPT3HIVfJCxNshWoWsl8BZSh92ppUy426jrPcL+IWy6kRvzVe9f/omZn7lg4A==",
      "viewCount": null,
      "duration": "29:40",
      "size": 28481564
    },
    {
      "id": "4f95e9be-d81c-4e90-a4d5-4655a4d1184c",
      "pid": "0ae6d36e-d130-4cc0-85da-b7f0d17a51d7",
      "dblevel": 5,
      "location": "/VGMA/HocTheoChuDe/KhamPhaKinhThanh(NgheBandichTruyenThongHieuDinhtrong1nam)/Thang01/Thang01Ngay20",
      "isVideo": false,
      "url": "hoc-theo-chu-de.kham-pha-kinh-thanh--nghe-ban-dich-truyen-thong-hieu-dinh-trong-1-nam-.thang-01.thang-01-ngay-20",
      "name": "Tháng 01 Ngày 20",
      "count": 0,
      "isLeaf": null,
      "keyword": null,
      "hash": "U2FsdGVkX18+9T+3r+d5viXffxbtGK7BGRkfv2UCnnhAMvSyJ/BtJwB6pHAVJ/7OFVGwQ0W5kvMYDKXPSHrS2Q==",
      "khash": null,
      "viewCount": null,
      "duration": "19:48",
      "size": 19016460
    },
    {
      "id": "5897d598-982c-4c54-bd16-6c6f11570e06",
      "pid": "0ae6d36e-d130-4cc0-85da-b7f0d17a51d7",
      "dblevel": 5,
      "location": "/VGMA/HocTheoChuDe/KhamPhaKinhThanh(NgheBandichTruyenThongHieuDinhtrong1nam)/Thang01/Thang01Ngay21",
      "isVideo": false,
      "url": "hoc-theo-chu-de.kham-pha-kinh-thanh--nghe-ban-dich-truyen-thong-hieu-dinh-trong-1-nam-.thang-01.thang-01-ngay-21",
      "name": "Tháng 01 Ngày 21",
      "count": 0,
      "isLeaf": null,
      "keyword": null,
      "hash": "U2FsdGVkX18oLQP263Xl7Pw3Xwq2ucHB4AkhyyTunkAL/jQcWH7su0pAdQCwz469sWRrYn41gaqgPbgOYxkuWw==",
      "khash": "U2FsdGVkX18DwfCKYs20Ux/rt9R6PXrdlLWVLc5WoGU2QHHXyGrjYTVMm8DOeN7FvIpQlQXYflOEBM//SVxszA==",
      "viewCount": null,
      "duration": "36:24",
      "size": 34946138
    },
    {
      "id": "a7fba9a0-626d-4e5e-8731-7a57ad022bb2",
      "pid": "0ae6d36e-d130-4cc0-85da-b7f0d17a51d7",
      "dblevel": 5,
      "location": "/VGMA/HocTheoChuDe/KhamPhaKinhThanh(NgheBandichTruyenThongHieuDinhtrong1nam)/Thang01/Thang01Ngay22",
      "isVideo": false,
      "url": "hoc-theo-chu-de.kham-pha-kinh-thanh--nghe-ban-dich-truyen-thong-hieu-dinh-trong-1-nam-.thang-01.thang-01-ngay-22",
      "name": "Tháng 01 Ngày 22",
      "count": 0,
      "isLeaf": null,
      "keyword": null,
      "hash": "U2FsdGVkX1+arLsbwJnfqVYdxClNcZElrqpf8Van+hxHxS/XPxcrUXEwh1QnRO6qwc7vFPaphrAd1lbCzRP+fg==",
      "khash": "U2FsdGVkX18WvLvlIYSdftRWSvLDTuWt48i4N48ai8jwGMtqBDPm/wCH83kg6lYs8tgYbpN0drEVe9gCWuPZUA==",
      "viewCount": null,
      "duration": "28:46",
      "size": 27619314
    },
    {
      "id": "f31ddc98-460a-4c20-917e-edcbcc001d9d",
      "pid": "0ae6d36e-d130-4cc0-85da-b7f0d17a51d7",
      "dblevel": 5,
      "location": "/VGMA/HocTheoChuDe/KhamPhaKinhThanh(NgheBandichTruyenThongHieuDinhtrong1nam)/Thang01/Thang01Ngay23",
      "isVideo": false,
      "url": "hoc-theo-chu-de.kham-pha-kinh-thanh--nghe-ban-dich-truyen-thong-hieu-dinh-trong-1-nam-.thang-01.thang-01-ngay-23",
      "name": "Tháng 01 Ngày 23",
      "count": 0,
      "isLeaf": null,
      "keyword": null,
      "hash": "U2FsdGVkX19ve/O8XqjnX/JMr/iIXQ7Q4htA6PUgn68z6/30l10/8CUOWT+C/jUVUTc4PVHXYbs2A4T+HbF0TQ==",
      "khash": "U2FsdGVkX18GtoTdEhvRaqPcZSUh3Nzh0ncBDcLnO7LjfFhEV2RJtot98pdOBU3uQc/YEqEX2KaSxqyz/5+fQQ==",
      "viewCount": null,
      "duration": "27:0",
      "size": 25920310
    },
    {
      "id": "cfd73bf2-0f9b-4f44-bcca-c6847315bd8c",
      "pid": "0ae6d36e-d130-4cc0-85da-b7f0d17a51d7",
      "dblevel": 5,
      "location": "/VGMA/HocTheoChuDe/KhamPhaKinhThanh(NgheBandichTruyenThongHieuDinhtrong1nam)/Thang01/Thang01Ngay24",
      "isVideo": false,
      "url": "hoc-theo-chu-de.kham-pha-kinh-thanh--nghe-ban-dich-truyen-thong-hieu-dinh-trong-1-nam-.thang-01.thang-01-ngay-24",
      "name": "Tháng 01 Ngày 24",
      "count": 0,
      "isLeaf": null,
      "keyword": null,
      "hash": "U2FsdGVkX1+1304moXl+EZJbWRLpUGOS4G5WWsGuIal1UcPkSFsPZuJmCLFpwvio9oYZlQJrNPRW9ktYAUWx4A==",
      "khash": null,
      "viewCount": null,
      "duration": "25:32",
      "size": 24520436
    },
    {
      "id": "ba4b4252-8591-43b0-bf86-4d548280507f",
      "pid": "0ae6d36e-d130-4cc0-85da-b7f0d17a51d7",
      "dblevel": 5,
      "location": "/VGMA/HocTheoChuDe/KhamPhaKinhThanh(NgheBandichTruyenThongHieuDinhtrong1nam)/Thang01/Thang01Ngay25",
      "isVideo": false,
      "url": "hoc-theo-chu-de.kham-pha-kinh-thanh--nghe-ban-dich-truyen-thong-hieu-dinh-trong-1-nam-.thang-01.thang-01-ngay-25",
      "name": "Tháng 01 Ngày 25",
      "count": 0,
      "isLeaf": null,
      "keyword": null,
      "hash": "U2FsdGVkX188WPW0btX8dcOrN02pQRb/9TikCeJ6/nXfX1XJPrSWKqmAjvZyDY1VQaf+7Kc5KHj28tvxDXDhRw==",
      "khash": null,
      "viewCount": null,
      "duration": "27:42",
      "size": 26604927
    },
    {
      "id": "7d87e8df-cda5-43a1-aae6-8cd179197b99",
      "pid": "0ae6d36e-d130-4cc0-85da-b7f0d17a51d7",
      "dblevel": 5,
      "location": "/VGMA/HocTheoChuDe/KhamPhaKinhThanh(NgheBandichTruyenThongHieuDinhtrong1nam)/Thang01/Thang01Ngay26",
      "isVideo": false,
      "url": "hoc-theo-chu-de.kham-pha-kinh-thanh--nghe-ban-dich-truyen-thong-hieu-dinh-trong-1-nam-.thang-01.thang-01-ngay-26",
      "name": "Tháng 01 Ngày 26",
      "count": 0,
      "isLeaf": null,
      "keyword": null,
      "hash": "U2FsdGVkX1+Ujq0m2syLxSwHGjUsOBasJFeZ6kgRimRa5gjtwRQnBEYxXclv+IMhVZsMI3fHzpwouO8ONEFnqA==",
      "khash": null,
      "viewCount": null,
      "duration": "20:1",
      "size": 19220006
    },
    {
      "id": "dd60e58e-f646-4de8-be82-35b22bd93f2c",
      "pid": "0ae6d36e-d130-4cc0-85da-b7f0d17a51d7",
      "dblevel": 5,
      "location": "/VGMA/HocTheoChuDe/KhamPhaKinhThanh(NgheBandichTruyenThongHieuDinhtrong1nam)/Thang01/Thang01Ngay27",
      "isVideo": false,
      "url": "hoc-theo-chu-de.kham-pha-kinh-thanh--nghe-ban-dich-truyen-thong-hieu-dinh-trong-1-nam-.thang-01.thang-01-ngay-27",
      "name": "Tháng 01 Ngày 27",
      "count": 0,
      "isLeaf": null,
      "keyword": null,
      "hash": "U2FsdGVkX19F1pds0CxlwFBGkOMb5XBIeZ4YmC14hJSSF1ACceY7wAw83w3ShB+RXXtwIQ7oCde3DuXf3/1VvA==",
      "khash": null,
      "viewCount": null,
      "duration": "26:23",
      "size": 25331405
    },
    {
      "id": "86cabf25-71eb-4df1-b4ae-29f9f3383690",
      "pid": "0ae6d36e-d130-4cc0-85da-b7f0d17a51d7",
      "dblevel": 5,
      "location": "/VGMA/HocTheoChuDe/KhamPhaKinhThanh(NgheBandichTruyenThongHieuDinhtrong1nam)/Thang01/Thang01Ngay28",
      "isVideo": false,
      "url": "hoc-theo-chu-de.kham-pha-kinh-thanh--nghe-ban-dich-truyen-thong-hieu-dinh-trong-1-nam-.thang-01.thang-01-ngay-28",
      "name": "Tháng 01 Ngày 28",
      "count": 0,
      "isLeaf": null,
      "keyword": null,
      "hash": "U2FsdGVkX1/R7sy5bSE9C/vLgu2MDqJ+jXixvwU96NMA+WFVf7I+AtkpQ7Zu0U4bww1kbHrkE7wip++vDu2wIA==",
      "khash": "U2FsdGVkX19smxQvobuwaFgRBKBm6IslOLdA5kUyiMCCR5TOn4qFDunoB+nxmyHd5XC2bpo3NAXHmMvk2HhkZQ==",
      "viewCount": null,
      "duration": "21:6",
      "size": 20271591
    },
    {
      "id": "7d863dec-172a-4ce2-af73-470893940bde",
      "pid": "0ae6d36e-d130-4cc0-85da-b7f0d17a51d7",
      "dblevel": 5,
      "location": "/VGMA/HocTheoChuDe/KhamPhaKinhThanh(NgheBandichTruyenThongHieuDinhtrong1nam)/Thang01/Thang01Ngay29",
      "isVideo": false,
      "url": "hoc-theo-chu-de.kham-pha-kinh-thanh--nghe-ban-dich-truyen-thong-hieu-dinh-trong-1-nam-.thang-01.thang-01-ngay-29",
      "name": "Tháng 01 Ngày 29",
      "count": 0,
      "isLeaf": null,
      "keyword": null,
      "hash": "U2FsdGVkX1/3wq8GNajTycDTXPmrSsEPnVVukU8laGmR9r1j1Tj3yvTX90hdtDKn/Kuf8Gm8zOL265uVAOsiaQ==",
      "khash": null,
      "viewCount": null,
      "duration": "28:26",
      "size": 27309606
    },
    {
      "id": "4f8d2aa5-f856-4e35-a5f8-9f2ffca70bd7",
      "pid": "0ae6d36e-d130-4cc0-85da-b7f0d17a51d7",
      "dblevel": 5,
      "location": "/VGMA/HocTheoChuDe/KhamPhaKinhThanh(NgheBandichTruyenThongHieuDinhtrong1nam)/Thang01/Thang01Ngay30",
      "isVideo": false,
      "url": "hoc-theo-chu-de.kham-pha-kinh-thanh--nghe-ban-dich-truyen-thong-hieu-dinh-trong-1-nam-.thang-01.thang-01-ngay-30",
      "name": "Tháng 01 Ngày 30",
      "count": 0,
      "isLeaf": null,
      "keyword": null,
      "hash": "U2FsdGVkX1+brFO5jva2HnrbzjN1hEikB/0AkC4O+r3arDnJV6g7idcU/+dtY3QSb3BbLnCshqpNVIX3FdsD7g==",
      "khash": null,
      "viewCount": null,
      "duration": "26:12",
      "size": 25165475
    },
    {
      "id": "7a420655-3ba3-4db0-8da3-e2120f277a42",
      "pid": "0ae6d36e-d130-4cc0-85da-b7f0d17a51d7",
      "dblevel": 5,
      "location": "/VGMA/HocTheoChuDe/KhamPhaKinhThanh(NgheBandichTruyenThongHieuDinhtrong1nam)/Thang01/Thang01Ngay31",
      "isVideo": false,
      "url": "hoc-theo-chu-de.kham-pha-kinh-thanh--nghe-ban-dich-truyen-thong-hieu-dinh-trong-1-nam-.thang-01.thang-01-ngay-31",
      "name": "Tháng 01 Ngày 31",
      "count": 0,
      "isLeaf": null,
      "keyword": null,
      "hash": "U2FsdGVkX1/KMoV/SyAPqVJ2XkWfmsQDPq2zXaw6G/2R1kmIRh303UmJKN1E+Qzq3Z5jVNdmjJidjuh5h8VeqA==",
      "khash": null,
      "viewCount": null,
      "duration": "25:58",
      "size": 24942703
    }
  ]
}