{
  "id": "221c7816-69a0-4691-9291-c2db3f275ba5",
  "pid": "d45d630a-2836-4e61-a069-b442f2b63989",
  "dblevel": 3,
  "location": "/VGMA/HocKinhThanhTheoSach/24.Gie-re-miTHTK",
  "isVideo": false,
  "url": "hoc-kinh-thanh-theo-sach.24--gie-re-mi-thtk",
  "name": "24. Giê-rê-mi THTK",
  "count": 24,
  "isLeaf": true,
  "keyword": null,
  "hash": null,
  "khash": null,
  "viewCount": null,
  "duration": null,
  "size": null,
  "children": [
    {
      "id": "5a2ca337-fc75-4149-98a4-695fd91cbf51",
      "pid": "221c7816-69a0-4691-9291-c2db3f275ba5",
      "dblevel": 4,
      "location": "/VGMA/HocKinhThanhTheoSach/24.Gie-re-miTHTK/01_Gie-re-mi00",
      "isVideo": false,
      "url": "hoc-kinh-thanh-theo-sach.24--gie-re-mi-thtk.01-gie-re-mi00",
      "name": "01_Giê-rê-mi00",
      "count": 0,
      "isLeaf": null,
      "keyword": null,
      "hash": "U2FsdGVkX19KMfWN87M/Dy37eY63rX/HwGtt/j0PcvkTHx4DHxXHf1Pc+WTBH7oDH0O3AuvhHT571S8aq2EQdA==",
      "khash": null,
      "viewCount": null,
      "duration": "27:5",
      "size": 26015272
    },
    {
      "id": "7c9959a7-dc60-4790-a667-17c60b4c8863",
      "pid": "221c7816-69a0-4691-9291-c2db3f275ba5",
      "dblevel": 4,
      "location": "/VGMA/HocKinhThanhTheoSach/24.Gie-re-miTHTK/02_Gie-re-mi01",
      "isVideo": false,
      "url": "hoc-kinh-thanh-theo-sach.24--gie-re-mi-thtk.02-gie-re-mi01",
      "name": "02_Giê-rê-mi01",
      "count": 0,
      "isLeaf": null,
      "keyword": null,
      "hash": "U2FsdGVkX180PC+WtQZi2OwbDfdx5LC/3272xppUK57Y0BPVGkvvvYouXnIUo1RUxfZbDUiBQO440DsBGpYYfw==",
      "khash": null,
      "viewCount": null,
      "duration": "24:55",
      "size": 23935090
    },
    {
      "id": "5f37131f-53e2-4aa6-b132-5ec729e16fda",
      "pid": "221c7816-69a0-4691-9291-c2db3f275ba5",
      "dblevel": 4,
      "location": "/VGMA/HocKinhThanhTheoSach/24.Gie-re-miTHTK/03_Gie-re-mi02",
      "isVideo": false,
      "url": "hoc-kinh-thanh-theo-sach.24--gie-re-mi-thtk.03-gie-re-mi02",
      "name": "03_Giê-rê-mi02",
      "count": 0,
      "isLeaf": null,
      "keyword": null,
      "hash": "U2FsdGVkX1/fn2XiZ80mkFLnYmJX6L81shA9U2XReriLvaeaCiUuVuJPxn/1nG7EfDV7zgv1bnbd7LGJIPh0dQ==",
      "khash": null,
      "viewCount": null,
      "duration": "28:35",
      "size": 27442185
    },
    {
      "id": "1e7dc8ea-bd64-4460-9862-8e8b0c29073f",
      "pid": "221c7816-69a0-4691-9291-c2db3f275ba5",
      "dblevel": 4,
      "location": "/VGMA/HocKinhThanhTheoSach/24.Gie-re-miTHTK/04_Gie-re-mi03",
      "isVideo": false,
      "url": "hoc-kinh-thanh-theo-sach.24--gie-re-mi-thtk.04-gie-re-mi03",
      "name": "04_Giê-rê-mi03",
      "count": 0,
      "isLeaf": null,
      "keyword": null,
      "hash": "U2FsdGVkX19ZEXjfn/47Da9acTuut7O/1iN3AT5TYYqVda7hl109h0vQlEHg08q22pDpbH2H3j29swNEu7DPXQ==",
      "khash": null,
      "viewCount": null,
      "duration": "26:30",
      "size": 25453117
    },
    {
      "id": "4bce1352-c006-4dd7-892f-a24e883ce6ba",
      "pid": "221c7816-69a0-4691-9291-c2db3f275ba5",
      "dblevel": 4,
      "location": "/VGMA/HocKinhThanhTheoSach/24.Gie-re-miTHTK/05_Gie-re-mi04-06",
      "isVideo": false,
      "url": "hoc-kinh-thanh-theo-sach.24--gie-re-mi-thtk.05-gie-re-mi04-06",
      "name": "05_Giê-rê-mi04-06",
      "count": 0,
      "isLeaf": null,
      "keyword": null,
      "hash": "U2FsdGVkX1/BWIBpaX4OdxjckbFqfH9PekM6C1Yap73ZGZQOL1lbG5Z7LwN11g2Ni4R1f6tryvb6xSJK8sCeHQ==",
      "khash": null,
      "viewCount": null,
      "duration": "28:26",
      "size": 27305515
    },
    {
      "id": "eae2c274-f356-4acd-8e83-fb959ae7ceb9",
      "pid": "221c7816-69a0-4691-9291-c2db3f275ba5",
      "dblevel": 4,
      "location": "/VGMA/HocKinhThanhTheoSach/24.Gie-re-miTHTK/06_Gie-re-mi07-08",
      "isVideo": false,
      "url": "hoc-kinh-thanh-theo-sach.24--gie-re-mi-thtk.06-gie-re-mi07-08",
      "name": "06_Giê-rê-mi07-08",
      "count": 0,
      "isLeaf": null,
      "keyword": null,
      "hash": "U2FsdGVkX1/LCHI28bFT9VW6Z51nTupTYiwBmyWx6hF5DHQ7SEyxB/tO8N6eL2P436UCWCt/xUsSI1EWv4dIqQ==",
      "khash": "U2FsdGVkX1+J96BzfM4qfy3uK7i2Xi21pP/HFmxbKSEzaR8ODkx7+GH4MyR3ogZUr48KtwZgojKMIWtZwBCVQw==",
      "viewCount": null,
      "duration": "31:3",
      "size": 29812435
    },
    {
      "id": "01f02a85-33f1-49f2-84bc-1a92e60a3235",
      "pid": "221c7816-69a0-4691-9291-c2db3f275ba5",
      "dblevel": 4,
      "location": "/VGMA/HocKinhThanhTheoSach/24.Gie-re-miTHTK/07_Gie-re-mi09-10",
      "isVideo": false,
      "url": "hoc-kinh-thanh-theo-sach.24--gie-re-mi-thtk.07-gie-re-mi09-10",
      "name": "07_Giê-rê-mi09-10",
      "count": 0,
      "isLeaf": null,
      "keyword": null,
      "hash": "U2FsdGVkX19ZCWGckfFDNysyg4qXlovqiDwb7ryblrN5V19iTAdDX+7YUkUsMNQZ6jIeVDNJJhyp99imwkpR7g==",
      "khash": null,
      "viewCount": null,
      "duration": "26:16",
      "size": 25225751
    },
    {
      "id": "299065bd-bb5f-4213-9218-8123caaeeb77",
      "pid": "221c7816-69a0-4691-9291-c2db3f275ba5",
      "dblevel": 4,
      "location": "/VGMA/HocKinhThanhTheoSach/24.Gie-re-miTHTK/08_Gie-re-mi11-12",
      "isVideo": false,
      "url": "hoc-kinh-thanh-theo-sach.24--gie-re-mi-thtk.08-gie-re-mi11-12",
      "name": "08_Giê-rê-mi11-12",
      "count": 0,
      "isLeaf": null,
      "keyword": null,
      "hash": "U2FsdGVkX19UecrjBeWX5Li4ByfFP0EMcZANb+xuEIzwVKshIyzHBjfGQydT/mxk90mSTCsn4bG/lgPvgbdAEg==",
      "khash": null,
      "viewCount": null,
      "duration": "30:7",
      "size": 28918420
    },
    {
      "id": "5df28641-b60a-4996-a2ec-55b6cdb566b8",
      "pid": "221c7816-69a0-4691-9291-c2db3f275ba5",
      "dblevel": 4,
      "location": "/VGMA/HocKinhThanhTheoSach/24.Gie-re-miTHTK/09_Gie-re-mi13-15a",
      "isVideo": false,
      "url": "hoc-kinh-thanh-theo-sach.24--gie-re-mi-thtk.09-gie-re-mi13-15a",
      "name": "09_Giê-rê-mi13-15a",
      "count": 0,
      "isLeaf": null,
      "keyword": null,
      "hash": "U2FsdGVkX184weuGEL04WVUN4R8XrcGlYFiNgXrvw5PSDws9qy5gRRsxeWNpiDSjl43NeY63lU/E5+CFUGKIag==",
      "khash": null,
      "viewCount": null,
      "duration": "29:36",
      "size": 28430245
    },
    {
      "id": "ff2fe4fe-c536-488b-a4b2-7745622a3d70",
      "pid": "221c7816-69a0-4691-9291-c2db3f275ba5",
      "dblevel": 4,
      "location": "/VGMA/HocKinhThanhTheoSach/24.Gie-re-miTHTK/10_Gie-re-mi15b-17",
      "isVideo": false,
      "url": "hoc-kinh-thanh-theo-sach.24--gie-re-mi-thtk.10-gie-re-mi15b-17",
      "name": "10_Giê-rê-mi15b-17",
      "count": 0,
      "isLeaf": null,
      "keyword": null,
      "hash": "U2FsdGVkX1+yq7yxsHO+LIsBCqMFGLbOTxii8MdUQyDPhiH1qXvs8JeAu9+F7FK8Hk4c1JOQfRGx9nwSZcc6Mg==",
      "khash": null,
      "viewCount": null,
      "duration": "26:56",
      "size": 25864811
    },
    {
      "id": "17ef9192-bd5d-4506-a69f-039e614b21e0",
      "pid": "221c7816-69a0-4691-9291-c2db3f275ba5",
      "dblevel": 4,
      "location": "/VGMA/HocKinhThanhTheoSach/24.Gie-re-miTHTK/11_Gie-re-mi18",
      "isVideo": false,
      "url": "hoc-kinh-thanh-theo-sach.24--gie-re-mi-thtk.11-gie-re-mi18",
      "name": "11_Giê-rê-mi18",
      "count": 0,
      "isLeaf": null,
      "keyword": null,
      "hash": "U2FsdGVkX1+B8IXyyUlYAz7SRP+3hPKlYRSYHSRN7GCvw1w2V0zO18LYSimHMQGTgl5RqWYkYIxw6YzOEQd8Rg==",
      "khash": null,
      "viewCount": null,
      "duration": "27:15",
      "size": 26163648
    },
    {
      "id": "477ae78c-59d0-4ef1-b369-944cf7a5cc1e",
      "pid": "221c7816-69a0-4691-9291-c2db3f275ba5",
      "dblevel": 4,
      "location": "/VGMA/HocKinhThanhTheoSach/24.Gie-re-miTHTK/12_Gie-re-mi19",
      "isVideo": false,
      "url": "hoc-kinh-thanh-theo-sach.24--gie-re-mi-thtk.12-gie-re-mi19",
      "name": "12_Giê-rê-mi19",
      "count": 0,
      "isLeaf": null,
      "keyword": null,
      "hash": "U2FsdGVkX19YJkv7gLMpxgHKVnKpEdBfO0GWvPKs+j/3jXJSJl8IuNNAFxmy5XTc7t/qboviSyrizsmsXl6YCw==",
      "khash": null,
      "viewCount": null,
      "duration": "24:48",
      "size": 23809284
    },
    {
      "id": "4beb7d94-0193-4421-9366-63e43fa2b8e5",
      "pid": "221c7816-69a0-4691-9291-c2db3f275ba5",
      "dblevel": 4,
      "location": "/VGMA/HocKinhThanhTheoSach/24.Gie-re-miTHTK/13_Gie-re-mi20-22a",
      "isVideo": false,
      "url": "hoc-kinh-thanh-theo-sach.24--gie-re-mi-thtk.13-gie-re-mi20-22a",
      "name": "13_Giê-rê-mi20-22a",
      "count": 0,
      "isLeaf": null,
      "keyword": null,
      "hash": "U2FsdGVkX1++abTUlSLZDz6iuH7KRJpO0z0jEsuJp7+K/qoLmnpyHqNnMJKC3aOhYOll1s5B8EiBXfUqQ9sQ3g==",
      "khash": null,
      "viewCount": null,
      "duration": "26:44",
      "size": 25677983
    },
    {
      "id": "b061e6b6-1b55-4690-b412-a8936fc0a80a",
      "pid": "221c7816-69a0-4691-9291-c2db3f275ba5",
      "dblevel": 4,
      "location": "/VGMA/HocKinhThanhTheoSach/24.Gie-re-miTHTK/14_Gie-re-mi22b-24",
      "isVideo": false,
      "url": "hoc-kinh-thanh-theo-sach.24--gie-re-mi-thtk.14-gie-re-mi22b-24",
      "name": "14_Giê-rê-mi22b-24",
      "count": 0,
      "isLeaf": null,
      "keyword": null,
      "hash": "U2FsdGVkX1+TJ10CZ+C5SuO56inHDkoN78q+kk0bIPsYjp8EXalEE7VKgROVxOX0gQecIZ5JPhib3NJa/3Nb9Q==",
      "khash": null,
      "viewCount": null,
      "duration": "28:42",
      "size": 27562561
    },
    {
      "id": "a879ccaf-ec3f-42bc-8bc7-2de135b761b7",
      "pid": "221c7816-69a0-4691-9291-c2db3f275ba5",
      "dblevel": 4,
      "location": "/VGMA/HocKinhThanhTheoSach/24.Gie-re-miTHTK/15_Gie-re-mi25",
      "isVideo": false,
      "url": "hoc-kinh-thanh-theo-sach.24--gie-re-mi-thtk.15-gie-re-mi25",
      "name": "15_Giê-rê-mi25",
      "count": 0,
      "isLeaf": null,
      "keyword": null,
      "hash": "U2FsdGVkX1880gOZ5zU56T6R2zK0KlPzlGenAYJWsMYXg97qMNgC5UV2543atqyrVkJWFKibIJXZVGEC9FCvuQ==",
      "khash": "U2FsdGVkX19yTL6sPyMoz9hASqa97E1tnHBbOdZuesdeRqrAya4IJfWFZnl3DpnbZydA8tct8+HAEI5JrgjCmA==",
      "viewCount": null,
      "duration": "24:54",
      "size": 23915863
    },
    {
      "id": "60f0379b-b92d-42ba-b0d7-318448005d1c",
      "pid": "221c7816-69a0-4691-9291-c2db3f275ba5",
      "dblevel": 4,
      "location": "/VGMA/HocKinhThanhTheoSach/24.Gie-re-miTHTK/16_Gie-re-mi26-28",
      "isVideo": false,
      "url": "hoc-kinh-thanh-theo-sach.24--gie-re-mi-thtk.16-gie-re-mi26-28",
      "name": "16_Giê-rê-mi26-28",
      "count": 0,
      "isLeaf": null,
      "keyword": null,
      "hash": "U2FsdGVkX1/RONKI4OqB4XK2D8hzQrvUtUCz47HywsixjWu8xKG7JElyKcJPIrGYIIlNuQTw6+AdxDVpTMSUSg==",
      "khash": "U2FsdGVkX1+XWiyTlZLaBs34hCSfDrSzkUk8pgSkSBOSP1zMpBGYX+gu88moNlpuo1DVPMAAHYrO0Gl91w3LIQ==",
      "viewCount": null,
      "duration": "23:56",
      "size": 22990087
    },
    {
      "id": "c2e0124a-76f3-4c82-a204-acb522f8402d",
      "pid": "221c7816-69a0-4691-9291-c2db3f275ba5",
      "dblevel": 4,
      "location": "/VGMA/HocKinhThanhTheoSach/24.Gie-re-miTHTK/17_Gie-re-mi29-30",
      "isVideo": false,
      "url": "hoc-kinh-thanh-theo-sach.24--gie-re-mi-thtk.17-gie-re-mi29-30",
      "name": "17_Giê-rê-mi29-30",
      "count": 0,
      "isLeaf": null,
      "keyword": null,
      "hash": "U2FsdGVkX1/WPS58vv03er16kiEI4G3Tl+6Z3PcP1NdIqJLeAvuYvZEaYUB74Wqsdl0OCJW3SytCQCyUetBIXg==",
      "khash": null,
      "viewCount": null,
      "duration": "29:41",
      "size": 28508402
    },
    {
      "id": "edb975f5-2f41-4aac-a5a5-f42cd95b8c3b",
      "pid": "221c7816-69a0-4691-9291-c2db3f275ba5",
      "dblevel": 4,
      "location": "/VGMA/HocKinhThanhTheoSach/24.Gie-re-miTHTK/18_Gie-re-mi31",
      "isVideo": false,
      "url": "hoc-kinh-thanh-theo-sach.24--gie-re-mi-thtk.18-gie-re-mi31",
      "name": "18_Giê-rê-mi31",
      "count": 0,
      "isLeaf": null,
      "keyword": null,
      "hash": "U2FsdGVkX199imeiWVcWN2Xc//SAKj6j+msSHTc5BQGzR+FD/lAEla6KMjtLLhUmsKTDBUx1PZEC+nDb6+zN5A==",
      "khash": "U2FsdGVkX19NVAGY+jYR+CfIOlOZBsNF0LMfgj4qn5aqbVWmYvqh0f6xuQk+VekobHbmIu6wKZvWm/v+vSc+gw==",
      "viewCount": null,
      "duration": "28:1",
      "size": 26906361
    },
    {
      "id": "30622707-1f3e-420b-933d-0410b1fa149e",
      "pid": "221c7816-69a0-4691-9291-c2db3f275ba5",
      "dblevel": 4,
      "location": "/VGMA/HocKinhThanhTheoSach/24.Gie-re-miTHTK/19_Gie-re-mi32-33",
      "isVideo": false,
      "url": "hoc-kinh-thanh-theo-sach.24--gie-re-mi-thtk.19-gie-re-mi32-33",
      "name": "19_Giê-rê-mi32-33",
      "count": 0,
      "isLeaf": null,
      "keyword": null,
      "hash": "U2FsdGVkX1/b9hXiAfif95YnNC40FsrNQ4cZlaI9+nPNcUSAIqjb4Wtwy74yO/+BT5SpV2cIFVJR5xsui0IbeQ==",
      "khash": null,
      "viewCount": null,
      "duration": "27:40",
      "size": 26561966
    },
    {
      "id": "fad9e9c2-fa0e-47c3-ab4f-3667f228a8e3",
      "pid": "221c7816-69a0-4691-9291-c2db3f275ba5",
      "dblevel": 4,
      "location": "/VGMA/HocKinhThanhTheoSach/24.Gie-re-miTHTK/20_Gie-re-mi34-36",
      "isVideo": false,
      "url": "hoc-kinh-thanh-theo-sach.24--gie-re-mi-thtk.20-gie-re-mi34-36",
      "name": "20_Giê-rê-mi34-36",
      "count": 0,
      "isLeaf": null,
      "keyword": null,
      "hash": "U2FsdGVkX1/qUE3CaZXE6AifRlWniAi6fdbAJcRtF1YqGxrQ3rVU8t4HzaFFMDikY23HpyJpuAULSNeVFGhlMg==",
      "khash": "U2FsdGVkX19DQrkNieGxBMYih3woD44ExqY364GiIvI6VeI1GsBlkWq4JJPZG9BV+gFeJjr+W0ocOvJW0ozCKQ==",
      "viewCount": null,
      "duration": "28:30",
      "size": 27364448
    },
    {
      "id": "c4bce940-9801-4cc5-8e51-12996975498c",
      "pid": "221c7816-69a0-4691-9291-c2db3f275ba5",
      "dblevel": 4,
      "location": "/VGMA/HocKinhThanhTheoSach/24.Gie-re-miTHTK/21_Gie-re-mi37-39",
      "isVideo": false,
      "url": "hoc-kinh-thanh-theo-sach.24--gie-re-mi-thtk.21-gie-re-mi37-39",
      "name": "21_Giê-rê-mi37-39",
      "count": 0,
      "isLeaf": null,
      "keyword": null,
      "hash": "U2FsdGVkX1+hoFrWDVOSbxnBpYLor9BI3V0hmlWlil/29vqEHdAGtygXfNrojHae9+kVGayuX5xQpz+tBfKjQQ==",
      "khash": "U2FsdGVkX19cBgIRA6YpN2B63TFhUUVs1mi2YZC5DWlgB+WLGuK+R5fOyW0EXjxlj2H36+BTXfszgm7G8j2QZw==",
      "viewCount": null,
      "duration": "30:24",
      "size": 29186332
    },
    {
      "id": "1235e296-cadc-4913-8d29-41ea87adea91",
      "pid": "221c7816-69a0-4691-9291-c2db3f275ba5",
      "dblevel": 4,
      "location": "/VGMA/HocKinhThanhTheoSach/24.Gie-re-miTHTK/22_Gie-re-mi40-44",
      "isVideo": false,
      "url": "hoc-kinh-thanh-theo-sach.24--gie-re-mi-thtk.22-gie-re-mi40-44",
      "name": "22_Giê-rê-mi40-44",
      "count": 0,
      "isLeaf": null,
      "keyword": null,
      "hash": "U2FsdGVkX194RcjRsJTGi2YeIxO2eJNtqdu3KB7UxKVXSJNOHy95qGEKgynEyY3KTkbNSnNQ+ujpdz5ZsGJr/w==",
      "khash": "U2FsdGVkX18Nb8ssRfQoavHViocDDKS66BG74fMCCp0RkH1vFwgFf0CfD8BUtruBndtw38kb2F8PAoZ9AVnbOw==",
      "viewCount": null,
      "duration": "27:42",
      "size": 26602090
    },
    {
      "id": "8aae4711-2314-43a5-9bfb-efb8cccb9918",
      "pid": "221c7816-69a0-4691-9291-c2db3f275ba5",
      "dblevel": 4,
      "location": "/VGMA/HocKinhThanhTheoSach/24.Gie-re-miTHTK/23_Gie-re-mi45-49",
      "isVideo": false,
      "url": "hoc-kinh-thanh-theo-sach.24--gie-re-mi-thtk.23-gie-re-mi45-49",
      "name": "23_Giê-rê-mi45-49",
      "count": 0,
      "isLeaf": null,
      "keyword": null,
      "hash": "U2FsdGVkX18zWga8agUYeRKFjILdFMZ4OhVup55QKxRDVMUSq1NyRizq0btzb9jkXWvgq6SjJNdqkbYh91jXtA==",
      "khash": "U2FsdGVkX1+Vko8KIYq+QqUPgKBYMJfauHfwfYBju1p4s5rkIxAJ9h5WjpTA4obUwz/xemjtbykUtsCWrmbttQ==",
      "viewCount": null,
      "duration": "31:22",
      "size": 30120053
    },
    {
      "id": "c6af9214-5e21-4943-85d5-c45481c63ba3",
      "pid": "221c7816-69a0-4691-9291-c2db3f275ba5",
      "dblevel": 4,
      "location": "/VGMA/HocKinhThanhTheoSach/24.Gie-re-miTHTK/24_Gie-re-mi50-52",
      "isVideo": false,
      "url": "hoc-kinh-thanh-theo-sach.24--gie-re-mi-thtk.24-gie-re-mi50-52",
      "name": "24_Giê-rê-mi50-52",
      "count": 0,
      "isLeaf": null,
      "keyword": null,
      "hash": "U2FsdGVkX1/5Wygr5+N52+2JOy6FoQTUrrLa8lTCSQcGQJH1bxuucH/1zBHP78m52cHS7rWMLI8svIoii0cOCQ==",
      "khash": "U2FsdGVkX18th3UOGXHuWtZYdE0fyXMqhLY8rkn0wKGp3D+sK8UWClQvn7nw9R5WGYjSHwo72lRGPL51OIoVJg==",
      "viewCount": null,
      "duration": "30:0",
      "size": 28803899
    }
  ]
}