{
  "id": "90b6a582-9701-45aa-9245-5f52ec1564a9",
  "pid": "60405969-a104-4a68-a701-d28f2e747463",
  "dblevel": 4,
  "location": "/VGMA/HocTheoChuDe/KhamPhaKinhThanh(NgheBandichTruyenThongHieuDinhtrong1nam)/Thang09",
  "isVideo": false,
  "url": "hoc-theo-chu-de.kham-pha-kinh-thanh--nghe-ban-dich-truyen-thong-hieu-dinh-trong-1-nam-.thang-09",
  "name": "Tháng 09",
  "count": 30,
  "isLeaf": true,
  "keyword": null,
  "hash": null,
  "khash": null,
  "viewCount": null,
  "duration": null,
  "size": null,
  "children": [
    {
      "id": "26b42313-2803-4bca-b785-f168d31d1494",
      "pid": "90b6a582-9701-45aa-9245-5f52ec1564a9",
      "dblevel": 5,
      "location": "/VGMA/HocTheoChuDe/KhamPhaKinhThanh(NgheBandichTruyenThongHieuDinhtrong1nam)/Thang09/Thang09Ngay01",
      "isVideo": false,
      "url": "hoc-theo-chu-de.kham-pha-kinh-thanh--nghe-ban-dich-truyen-thong-hieu-dinh-trong-1-nam-.thang-09.thang-09-ngay-01",
      "name": "Tháng 09 Ngày 01",
      "count": 0,
      "isLeaf": null,
      "keyword": null,
      "hash": "U2FsdGVkX1/b8H8Rt+A9HZeVZlOyrl/mjeArCpy8sWe77kS5Bjoflwlppx0akOLHEa5S6huU7sMPJvs/B36hvQ==",
      "khash": null,
      "viewCount": null,
      "duration": "20:8",
      "size": 19341744
    },
    {
      "id": "74ffe5f3-1095-4317-90fd-14736bd1a1d6",
      "pid": "90b6a582-9701-45aa-9245-5f52ec1564a9",
      "dblevel": 5,
      "location": "/VGMA/HocTheoChuDe/KhamPhaKinhThanh(NgheBandichTruyenThongHieuDinhtrong1nam)/Thang09/Thang09Ngay02",
      "isVideo": false,
      "url": "hoc-theo-chu-de.kham-pha-kinh-thanh--nghe-ban-dich-truyen-thong-hieu-dinh-trong-1-nam-.thang-09.thang-09-ngay-02",
      "name": "Tháng 09 Ngày 02",
      "count": 0,
      "isLeaf": null,
      "keyword": null,
      "hash": "U2FsdGVkX18ct/5AHTQOaL5EX1xlYCgQrgeaeXG8svTNyX6o015zxnRgUQImCFCy/NgDonRZW2itObP5fLqZYA==",
      "khash": null,
      "viewCount": null,
      "duration": "14:36",
      "size": 14024994
    },
    {
      "id": "f1a5eca9-7bac-48e6-bfab-b5cdff19f4f3",
      "pid": "90b6a582-9701-45aa-9245-5f52ec1564a9",
      "dblevel": 5,
      "location": "/VGMA/HocTheoChuDe/KhamPhaKinhThanh(NgheBandichTruyenThongHieuDinhtrong1nam)/Thang09/Thang09Ngay03",
      "isVideo": false,
      "url": "hoc-theo-chu-de.kham-pha-kinh-thanh--nghe-ban-dich-truyen-thong-hieu-dinh-trong-1-nam-.thang-09.thang-09-ngay-03",
      "name": "Tháng 09 Ngày 03",
      "count": 0,
      "isLeaf": null,
      "keyword": null,
      "hash": "U2FsdGVkX1/3MapZaS3m7q+oBx9COgPEISO3XGxW3IRErdJkBkO03S/lRyJj/6KWFlCBMwB4Hj9e/uA5jBPHsg==",
      "khash": null,
      "viewCount": null,
      "duration": "16:39",
      "size": 16003718
    },
    {
      "id": "d047bd8b-e8e4-41f0-9ece-9fb76f2118ee",
      "pid": "90b6a582-9701-45aa-9245-5f52ec1564a9",
      "dblevel": 5,
      "location": "/VGMA/HocTheoChuDe/KhamPhaKinhThanh(NgheBandichTruyenThongHieuDinhtrong1nam)/Thang09/Thang09Ngay04",
      "isVideo": false,
      "url": "hoc-theo-chu-de.kham-pha-kinh-thanh--nghe-ban-dich-truyen-thong-hieu-dinh-trong-1-nam-.thang-09.thang-09-ngay-04",
      "name": "Tháng 09 Ngày 04",
      "count": 0,
      "isLeaf": null,
      "keyword": null,
      "hash": "U2FsdGVkX1+bHS/c17dm5ISMrvpqkh/lEBtT5Jyvgor4LyJAoo1AmNFxNBnYhm/8aNP2bGBEj4+3yV4SkDphIA==",
      "khash": "U2FsdGVkX1+aXihZ9WuZspICS2hFYFWn6IHjKUerhobQ8lSlu+NsQ4TuoOVe5Ls9aITD9ThwQtEgcPxq41Tfaw==",
      "viewCount": null,
      "duration": "17:23",
      "size": 16708906
    },
    {
      "id": "416ac554-9cfd-493a-a149-a510f5f5f05d",
      "pid": "90b6a582-9701-45aa-9245-5f52ec1564a9",
      "dblevel": 5,
      "location": "/VGMA/HocTheoChuDe/KhamPhaKinhThanh(NgheBandichTruyenThongHieuDinhtrong1nam)/Thang09/Thang09Ngay05",
      "isVideo": false,
      "url": "hoc-theo-chu-de.kham-pha-kinh-thanh--nghe-ban-dich-truyen-thong-hieu-dinh-trong-1-nam-.thang-09.thang-09-ngay-05",
      "name": "Tháng 09 Ngày 05",
      "count": 0,
      "isLeaf": null,
      "keyword": null,
      "hash": "U2FsdGVkX19RNGpAcF4Qhzc8+ldxu+hcUz1tvonkGZ9NseZm3nOw8+59EPhxNx9OrCZIFNyMskLtejw5GtDp4g==",
      "khash": "U2FsdGVkX1/5QGXdLNQFWNRmZKjY1xFCD8fMOtBHW0ft7xlvpF/3EkRRaj2EcQnlGymQSmLeYl19IkEWIf8Iaw==",
      "viewCount": null,
      "duration": "16:57",
      "size": 16292817
    },
    {
      "id": "3a9ca3eb-6028-423c-a52d-c0152ed6716f",
      "pid": "90b6a582-9701-45aa-9245-5f52ec1564a9",
      "dblevel": 5,
      "location": "/VGMA/HocTheoChuDe/KhamPhaKinhThanh(NgheBandichTruyenThongHieuDinhtrong1nam)/Thang09/Thang09Ngay06",
      "isVideo": false,
      "url": "hoc-theo-chu-de.kham-pha-kinh-thanh--nghe-ban-dich-truyen-thong-hieu-dinh-trong-1-nam-.thang-09.thang-09-ngay-06",
      "name": "Tháng 09 Ngày 06",
      "count": 0,
      "isLeaf": null,
      "keyword": null,
      "hash": "U2FsdGVkX188E1tKuMydUh9DEisA2AAwHBrBpCqacnMseUEMwmMTx5lOk1a3JVUJgxaCvtvUNkSYSyIeZnhN8g==",
      "khash": "U2FsdGVkX1+qDmuaLxxd/d2rHPwhENSu0LMOQasjpH4fxlrcUaCxkcJX7Gws1Ujf45tx2sby6kuCtvLcnHpPaw==",
      "viewCount": null,
      "duration": "16:35",
      "size": 15933422
    },
    {
      "id": "6753e01b-52a0-46ea-bb8d-2cbd9bfe5830",
      "pid": "90b6a582-9701-45aa-9245-5f52ec1564a9",
      "dblevel": 5,
      "location": "/VGMA/HocTheoChuDe/KhamPhaKinhThanh(NgheBandichTruyenThongHieuDinhtrong1nam)/Thang09/Thang09Ngay07",
      "isVideo": false,
      "url": "hoc-theo-chu-de.kham-pha-kinh-thanh--nghe-ban-dich-truyen-thong-hieu-dinh-trong-1-nam-.thang-09.thang-09-ngay-07",
      "name": "Tháng 09 Ngày 07",
      "count": 0,
      "isLeaf": null,
      "keyword": null,
      "hash": "U2FsdGVkX1+IvGNW3UHM2tXOrngNWTu8/8CA5UnVLBsNJtDkvaDjlZFfDx3Rqwc61RSnIuDyS5sVTzob9jV5Ow==",
      "khash": "U2FsdGVkX19VUb5dWA6hmEequolhoi2ptWJjtdN85vh6oc0DN/kfIwHQ+uqIN741zE6Vrz2yzxyBN7C7F3eQKQ==",
      "viewCount": null,
      "duration": "21:8",
      "size": 20308704
    },
    {
      "id": "81f956ff-c25f-4185-8356-20e7234f4aab",
      "pid": "90b6a582-9701-45aa-9245-5f52ec1564a9",
      "dblevel": 5,
      "location": "/VGMA/HocTheoChuDe/KhamPhaKinhThanh(NgheBandichTruyenThongHieuDinhtrong1nam)/Thang09/Thang09Ngay08",
      "isVideo": false,
      "url": "hoc-theo-chu-de.kham-pha-kinh-thanh--nghe-ban-dich-truyen-thong-hieu-dinh-trong-1-nam-.thang-09.thang-09-ngay-08",
      "name": "Tháng 09 Ngày 08",
      "count": 0,
      "isLeaf": null,
      "keyword": null,
      "hash": "U2FsdGVkX18FmdavqVgy/LnLS5M6TkMVwwO558wQo6I0Tz9aF6EcVGFY/X4nkZMRNW0WJ1PYcgIOiqyKwVS2aA==",
      "khash": "U2FsdGVkX183PtXaZjAP73yR3f8ofv3PiCzrzuqsSblr+uuA6z0WoRGoLSyHsEPPbETsLYJe8ZZcQpRulRPmSQ==",
      "viewCount": null,
      "duration": "15:14",
      "size": 14640006
    },
    {
      "id": "4dba255f-425f-489a-bcc1-199b33e60146",
      "pid": "90b6a582-9701-45aa-9245-5f52ec1564a9",
      "dblevel": 5,
      "location": "/VGMA/HocTheoChuDe/KhamPhaKinhThanh(NgheBandichTruyenThongHieuDinhtrong1nam)/Thang09/Thang09Ngay09",
      "isVideo": false,
      "url": "hoc-theo-chu-de.kham-pha-kinh-thanh--nghe-ban-dich-truyen-thong-hieu-dinh-trong-1-nam-.thang-09.thang-09-ngay-09",
      "name": "Tháng 09 Ngày 09",
      "count": 0,
      "isLeaf": null,
      "keyword": null,
      "hash": "U2FsdGVkX19HI2lgAom+RYrFdwVKmahiC+zlNgoi7CuvEzau6ZyCjo7M1N8ajsxCYBK5f6GP9os1Uqbvfovbeg==",
      "khash": "U2FsdGVkX1+QpdwtDEekLArUfMIofyYi/qcFmGQLvEQmt3IHv0wNSREVVEUImvlOuPfwzDhW35dSMgoGSIMMTQ==",
      "viewCount": null,
      "duration": "19:28",
      "size": 18705044
    },
    {
      "id": "b94efccf-7a9e-4ab4-8256-c2d73f02d0bf",
      "pid": "90b6a582-9701-45aa-9245-5f52ec1564a9",
      "dblevel": 5,
      "location": "/VGMA/HocTheoChuDe/KhamPhaKinhThanh(NgheBandichTruyenThongHieuDinhtrong1nam)/Thang09/Thang09Ngay10",
      "isVideo": false,
      "url": "hoc-theo-chu-de.kham-pha-kinh-thanh--nghe-ban-dich-truyen-thong-hieu-dinh-trong-1-nam-.thang-09.thang-09-ngay-10",
      "name": "Tháng 09 Ngày 10",
      "count": 0,
      "isLeaf": null,
      "keyword": null,
      "hash": "U2FsdGVkX19LeOvVoi6lH6PD9VjtuCg00KTO+LG0+CeyJilnLHaQJH0577t8eZyAcRDBmOmRZnuOeVPQgTr0nA==",
      "khash": "U2FsdGVkX1+QosdfWQGXaEKojlP30KjhPJL3mfv/W3KmcX9PIrqlh7r1nq87MBgowHWLs7escOb85WjTeLZ0FQ==",
      "viewCount": null,
      "duration": "18:57",
      "size": 18212567
    },
    {
      "id": "1fc161d3-d5d9-4e8f-8d81-059a10fc6f92",
      "pid": "90b6a582-9701-45aa-9245-5f52ec1564a9",
      "dblevel": 5,
      "location": "/VGMA/HocTheoChuDe/KhamPhaKinhThanh(NgheBandichTruyenThongHieuDinhtrong1nam)/Thang09/Thang09Ngay11",
      "isVideo": false,
      "url": "hoc-theo-chu-de.kham-pha-kinh-thanh--nghe-ban-dich-truyen-thong-hieu-dinh-trong-1-nam-.thang-09.thang-09-ngay-11",
      "name": "Tháng 09 Ngày 11",
      "count": 0,
      "isLeaf": null,
      "keyword": null,
      "hash": "U2FsdGVkX19PAofXt7CDYpV1GLI51jz0lXl4lX8alxIqhYWwuV9zksbdYMjtRk9EO+DICLhC2K4DpT8S46WzGQ==",
      "khash": "U2FsdGVkX19hMNwMHfvQkGBoed1tEbgn4FQ9BJ89ZuLCXfE5nev1Uo9rmr6OUCBLdDv3MCBKdv7x2Ce9Hj8IKw==",
      "viewCount": null,
      "duration": "18:4",
      "size": 17355750
    },
    {
      "id": "27f74c9c-802b-4334-9599-8c3c54d00c42",
      "pid": "90b6a582-9701-45aa-9245-5f52ec1564a9",
      "dblevel": 5,
      "location": "/VGMA/HocTheoChuDe/KhamPhaKinhThanh(NgheBandichTruyenThongHieuDinhtrong1nam)/Thang09/Thang09Ngay12",
      "isVideo": false,
      "url": "hoc-theo-chu-de.kham-pha-kinh-thanh--nghe-ban-dich-truyen-thong-hieu-dinh-trong-1-nam-.thang-09.thang-09-ngay-12",
      "name": "Tháng 09 Ngày 12",
      "count": 0,
      "isLeaf": null,
      "keyword": null,
      "hash": "U2FsdGVkX1/zhd2v2N2I799bpTXoB9bX+mO4XHaG4XZlukVQaj3D/veXxbaA4WHzRjhJ4V2TsJW8jlxtZTOZ/Q==",
      "khash": "U2FsdGVkX184/nxfGiMzLxooUCWC2Y5AzOPN5GWQHUSsEI+5q2EUpjlP2N71lv6S2rvvoZm6bcXW3vg+XStLJA==",
      "viewCount": null,
      "duration": "16:41",
      "size": 16030048
    },
    {
      "id": "d1969e84-ebdc-46c4-943d-ab7781b5d36c",
      "pid": "90b6a582-9701-45aa-9245-5f52ec1564a9",
      "dblevel": 5,
      "location": "/VGMA/HocTheoChuDe/KhamPhaKinhThanh(NgheBandichTruyenThongHieuDinhtrong1nam)/Thang09/Thang09Ngay13",
      "isVideo": false,
      "url": "hoc-theo-chu-de.kham-pha-kinh-thanh--nghe-ban-dich-truyen-thong-hieu-dinh-trong-1-nam-.thang-09.thang-09-ngay-13",
      "name": "Tháng 09 Ngày 13",
      "count": 0,
      "isLeaf": null,
      "keyword": null,
      "hash": "U2FsdGVkX1/N2KtJhbwEung8F2nLNFIw8MD7+BQodadBNq7SVsRbDRaeWh2bjEE3jg4/X/x3bEMMP7IpiuHxWw==",
      "khash": "U2FsdGVkX1+eh5zLnD5TVUBbDNmKwQNy8UHCtsfmHuWF18m70T0N/scrTyTgStFRnbzovQanE8XDTj0jscGFuA==",
      "viewCount": null,
      "duration": "18:8",
      "size": 17421636
    },
    {
      "id": "e19a55df-06a1-4f4d-bcde-642b9e7c0d41",
      "pid": "90b6a582-9701-45aa-9245-5f52ec1564a9",
      "dblevel": 5,
      "location": "/VGMA/HocTheoChuDe/KhamPhaKinhThanh(NgheBandichTruyenThongHieuDinhtrong1nam)/Thang09/Thang09Ngay14",
      "isVideo": false,
      "url": "hoc-theo-chu-de.kham-pha-kinh-thanh--nghe-ban-dich-truyen-thong-hieu-dinh-trong-1-nam-.thang-09.thang-09-ngay-14",
      "name": "Tháng 09 Ngày 14",
      "count": 0,
      "isLeaf": null,
      "keyword": null,
      "hash": "U2FsdGVkX18BGy8aDCR/YFLQt1qIqb1KvGXMZ/6EqHn4lvWE4iiY2Mcvz+thEaibXbHfQjAqdIHjQ/7tUhSn/w==",
      "khash": "U2FsdGVkX1874mAlxxOOljne/2Lcjy7UIzHzyImq42nFutYQtIuk8+y1LCujqxHlUKa8ROaZGgWumjhnMnoF3w==",
      "viewCount": null,
      "duration": "18:43",
      "size": 17982501
    },
    {
      "id": "0fa667e5-18f1-4c45-b0af-be12a09fc626",
      "pid": "90b6a582-9701-45aa-9245-5f52ec1564a9",
      "dblevel": 5,
      "location": "/VGMA/HocTheoChuDe/KhamPhaKinhThanh(NgheBandichTruyenThongHieuDinhtrong1nam)/Thang09/Thang09Ngay15",
      "isVideo": false,
      "url": "hoc-theo-chu-de.kham-pha-kinh-thanh--nghe-ban-dich-truyen-thong-hieu-dinh-trong-1-nam-.thang-09.thang-09-ngay-15",
      "name": "Tháng 09 Ngày 15",
      "count": 0,
      "isLeaf": null,
      "keyword": null,
      "hash": "U2FsdGVkX1+DZmzdEjlq2IXF11hPOkztU+2P6CW8GcGsD1DhOJAfHBpfaL3DxOsZF80qTAilijURpvJhgo/+9Q==",
      "khash": "U2FsdGVkX19yCwFvTs89tFU9ERtkVM13nE4+WlpfU2lGMICf2/rgmXkjXmxoFI3fYZPFimJMrsa0aATKzp46PA==",
      "viewCount": null,
      "duration": "16:8",
      "size": 15508200
    },
    {
      "id": "c46adb7c-d724-4313-aafb-4ca9b1ba62c7",
      "pid": "90b6a582-9701-45aa-9245-5f52ec1564a9",
      "dblevel": 5,
      "location": "/VGMA/HocTheoChuDe/KhamPhaKinhThanh(NgheBandichTruyenThongHieuDinhtrong1nam)/Thang09/Thang09Ngay16",
      "isVideo": false,
      "url": "hoc-theo-chu-de.kham-pha-kinh-thanh--nghe-ban-dich-truyen-thong-hieu-dinh-trong-1-nam-.thang-09.thang-09-ngay-16",
      "name": "Tháng 09 Ngày 16",
      "count": 0,
      "isLeaf": null,
      "keyword": null,
      "hash": "U2FsdGVkX185vaz2qFtkhXKH0nfojTx+/u9fVzHHAzx7KI9pLl62za6djB0oUUKwWEdgv9uxtOYe914UZ+4omQ==",
      "khash": "U2FsdGVkX18qoKCTJKIxH1pFMXvIbcF0hsTwwqtq4miDHwOODiX7dMtORos47cKprR2zX8Nz3+8g7Pc/94D7ig==",
      "viewCount": null,
      "duration": "13:50",
      "size": 13296432
    },
    {
      "id": "cce8bdc4-26e5-461f-a2d5-319268771241",
      "pid": "90b6a582-9701-45aa-9245-5f52ec1564a9",
      "dblevel": 5,
      "location": "/VGMA/HocTheoChuDe/KhamPhaKinhThanh(NgheBandichTruyenThongHieuDinhtrong1nam)/Thang09/Thang09Ngay17",
      "isVideo": false,
      "url": "hoc-theo-chu-de.kham-pha-kinh-thanh--nghe-ban-dich-truyen-thong-hieu-dinh-trong-1-nam-.thang-09.thang-09-ngay-17",
      "name": "Tháng 09 Ngày 17",
      "count": 0,
      "isLeaf": null,
      "keyword": null,
      "hash": "U2FsdGVkX18d/NTW/AQT0780raLwbAEZfIcsNuaYQwXa8SgdJixo38M3sLNoyER18CIJ1NySeQLPrjup6EU/Tg==",
      "khash": null,
      "viewCount": null,
      "duration": "19:43",
      "size": 18944398
    },
    {
      "id": "4aac26e9-04bc-4156-bcd1-341caf7522a6",
      "pid": "90b6a582-9701-45aa-9245-5f52ec1564a9",
      "dblevel": 5,
      "location": "/VGMA/HocTheoChuDe/KhamPhaKinhThanh(NgheBandichTruyenThongHieuDinhtrong1nam)/Thang09/Thang09Ngay18",
      "isVideo": false,
      "url": "hoc-theo-chu-de.kham-pha-kinh-thanh--nghe-ban-dich-truyen-thong-hieu-dinh-trong-1-nam-.thang-09.thang-09-ngay-18",
      "name": "Tháng 09 Ngày 18",
      "count": 0,
      "isLeaf": null,
      "keyword": null,
      "hash": "U2FsdGVkX19dyRe8Lz3OH+jVCuPA9aq0X9AygbcZBh6HKN1d5Ir2sR5wk4VsrEgYEmQ7adR/FU4vvFmoadmCDw==",
      "khash": "U2FsdGVkX1/jlnPhvAUD9Ks3/yH2i+JmPJRyw8Wrnu8pPXl9KRQcEqc56kegDSs6ZUMHIOefrK+fH8p7uWLF7A==",
      "viewCount": null,
      "duration": "18:13",
      "size": 17512424
    },
    {
      "id": "c29a289a-892b-4d81-9b31-09db1e37cf91",
      "pid": "90b6a582-9701-45aa-9245-5f52ec1564a9",
      "dblevel": 5,
      "location": "/VGMA/HocTheoChuDe/KhamPhaKinhThanh(NgheBandichTruyenThongHieuDinhtrong1nam)/Thang09/Thang09Ngay19",
      "isVideo": false,
      "url": "hoc-theo-chu-de.kham-pha-kinh-thanh--nghe-ban-dich-truyen-thong-hieu-dinh-trong-1-nam-.thang-09.thang-09-ngay-19",
      "name": "Tháng 09 Ngày 19",
      "count": 0,
      "isLeaf": null,
      "keyword": null,
      "hash": "U2FsdGVkX19MSPmJf1gz4UIEPnxipIHsKFvH25Q5hsmUgleYGMq1D82Xalz/ihBf+fmSh6MFsfhWEUeIBgV5Eg==",
      "khash": null,
      "viewCount": null,
      "duration": "15:51",
      "size": 15231076
    },
    {
      "id": "882dd87a-023c-4986-a54e-c2381636815a",
      "pid": "90b6a582-9701-45aa-9245-5f52ec1564a9",
      "dblevel": 5,
      "location": "/VGMA/HocTheoChuDe/KhamPhaKinhThanh(NgheBandichTruyenThongHieuDinhtrong1nam)/Thang09/Thang09Ngay20",
      "isVideo": false,
      "url": "hoc-theo-chu-de.kham-pha-kinh-thanh--nghe-ban-dich-truyen-thong-hieu-dinh-trong-1-nam-.thang-09.thang-09-ngay-20",
      "name": "Tháng 09 Ngày 20",
      "count": 0,
      "isLeaf": null,
      "keyword": null,
      "hash": "U2FsdGVkX1/4Ycuw0FQC2/QLBazKnQpDwMgmZ85KoJDL9WohUPF8TZ79mw+AZ8q/HDx4fpulueuNLYbeYBPnIA==",
      "khash": null,
      "viewCount": null,
      "duration": "15:11",
      "size": 14588479
    },
    {
      "id": "47a8a3eb-26ee-4411-b120-5c9e7a97acef",
      "pid": "90b6a582-9701-45aa-9245-5f52ec1564a9",
      "dblevel": 5,
      "location": "/VGMA/HocTheoChuDe/KhamPhaKinhThanh(NgheBandichTruyenThongHieuDinhtrong1nam)/Thang09/Thang09Ngay21",
      "isVideo": false,
      "url": "hoc-theo-chu-de.kham-pha-kinh-thanh--nghe-ban-dich-truyen-thong-hieu-dinh-trong-1-nam-.thang-09.thang-09-ngay-21",
      "name": "Tháng 09 Ngày 21",
      "count": 0,
      "isLeaf": null,
      "keyword": null,
      "hash": "U2FsdGVkX18UD19Js24b0/wn96yfvLDDTpLehRmH/0CUNoQy5ekLVJdRMXs45Y3lAOQGW7kIMLCXT1hmTvpemg==",
      "khash": null,
      "viewCount": null,
      "duration": "12:52",
      "size": 12362592
    },
    {
      "id": "343a23d3-2a98-4673-a8c4-2d3f65e40b0f",
      "pid": "90b6a582-9701-45aa-9245-5f52ec1564a9",
      "dblevel": 5,
      "location": "/VGMA/HocTheoChuDe/KhamPhaKinhThanh(NgheBandichTruyenThongHieuDinhtrong1nam)/Thang09/Thang09Ngay22",
      "isVideo": false,
      "url": "hoc-theo-chu-de.kham-pha-kinh-thanh--nghe-ban-dich-truyen-thong-hieu-dinh-trong-1-nam-.thang-09.thang-09-ngay-22",
      "name": "Tháng 09 Ngày 22",
      "count": 0,
      "isLeaf": null,
      "keyword": null,
      "hash": "U2FsdGVkX19LX/S1eBP8FW0Nao/ZtOosgW+Ng5LfPh8BiVjMH6rCOVonrGYFc05hm69fZey/aY4iPxpw8fLutQ==",
      "khash": "U2FsdGVkX1/n5o5RvzHOunF7lTanElzPsP1fJrl/HDSp086+GAT07dh3+zL9e66lzcZUKsXZW1sP8+4g9vypgw==",
      "viewCount": null,
      "duration": "18:11",
      "size": 17481326
    },
    {
      "id": "1f767bbe-9f6f-4ad9-849d-7f33f279634a",
      "pid": "90b6a582-9701-45aa-9245-5f52ec1564a9",
      "dblevel": 5,
      "location": "/VGMA/HocTheoChuDe/KhamPhaKinhThanh(NgheBandichTruyenThongHieuDinhtrong1nam)/Thang09/Thang09Ngay23",
      "isVideo": false,
      "url": "hoc-theo-chu-de.kham-pha-kinh-thanh--nghe-ban-dich-truyen-thong-hieu-dinh-trong-1-nam-.thang-09.thang-09-ngay-23",
      "name": "Tháng 09 Ngày 23",
      "count": 0,
      "isLeaf": null,
      "keyword": null,
      "hash": "U2FsdGVkX1+U3ZbnBaWMp+vvilFmz1RHmx4YbkOmMJy2sQXRvDBlNpzv+QQsHuQZVCIZrbyrn7peILwrFZ/bgQ==",
      "khash": "U2FsdGVkX1+zC1xnpI/cNuB2Dc38x2kT3DKyZATyTiE0JF8U1xwrkysXUVHEWtwmHhuuW/gFRPY13PR1tkM6Cg==",
      "viewCount": null,
      "duration": "17:0",
      "size": 16334218
    },
    {
      "id": "e5b5a4ea-cccb-4aa1-892b-bf2053ef5c1e",
      "pid": "90b6a582-9701-45aa-9245-5f52ec1564a9",
      "dblevel": 5,
      "location": "/VGMA/HocTheoChuDe/KhamPhaKinhThanh(NgheBandichTruyenThongHieuDinhtrong1nam)/Thang09/Thang09Ngay24",
      "isVideo": false,
      "url": "hoc-theo-chu-de.kham-pha-kinh-thanh--nghe-ban-dich-truyen-thong-hieu-dinh-trong-1-nam-.thang-09.thang-09-ngay-24",
      "name": "Tháng 09 Ngày 24",
      "count": 0,
      "isLeaf": null,
      "keyword": null,
      "hash": "U2FsdGVkX19OxIQ1opNMRrr0lonb6Jjwpr2VpM3QE9vRPPCNDQo4HuElS45UI0Jo1d2eoJRXzHApnAdbzZCRJw==",
      "khash": null,
      "viewCount": null,
      "duration": "16:11",
      "size": 15557406
    },
    {
      "id": "8dc161f8-f0db-43a3-8de2-c78a8ab2249c",
      "pid": "90b6a582-9701-45aa-9245-5f52ec1564a9",
      "dblevel": 5,
      "location": "/VGMA/HocTheoChuDe/KhamPhaKinhThanh(NgheBandichTruyenThongHieuDinhtrong1nam)/Thang09/Thang09Ngay25",
      "isVideo": false,
      "url": "hoc-theo-chu-de.kham-pha-kinh-thanh--nghe-ban-dich-truyen-thong-hieu-dinh-trong-1-nam-.thang-09.thang-09-ngay-25",
      "name": "Tháng 09 Ngày 25",
      "count": 0,
      "isLeaf": null,
      "keyword": null,
      "hash": "U2FsdGVkX1/ofatdIPljMK21rxtdRTky3FfYv0ZsuJvlRv3I81j38qKjZUblJBTZ+QVFRIe4AfDMuh2DyaULVg==",
      "khash": "U2FsdGVkX1/uxd6cF0MQrOlv7Q75uMA0kpb2ABA7NImF8X+NbsoL48hQnVHD6gsqiSjJzgLalYFfAyPN0HEGFQ==",
      "viewCount": null,
      "duration": "15:59",
      "size": 15361475
    },
    {
      "id": "caaeefa2-345e-4294-b669-68d41966fe9b",
      "pid": "90b6a582-9701-45aa-9245-5f52ec1564a9",
      "dblevel": 5,
      "location": "/VGMA/HocTheoChuDe/KhamPhaKinhThanh(NgheBandichTruyenThongHieuDinhtrong1nam)/Thang09/Thang09Ngay26",
      "isVideo": false,
      "url": "hoc-theo-chu-de.kham-pha-kinh-thanh--nghe-ban-dich-truyen-thong-hieu-dinh-trong-1-nam-.thang-09.thang-09-ngay-26",
      "name": "Tháng 09 Ngày 26",
      "count": 0,
      "isLeaf": null,
      "keyword": null,
      "hash": "U2FsdGVkX1/j+IjUs9Q6090GPWneQuR2z7l87S4yKLSCmBnu80nnc4BJuzmwkLQZd/r2y/p+HG64ZlGgf962Hg==",
      "khash": null,
      "viewCount": null,
      "duration": "16:1",
      "size": 15388639
    },
    {
      "id": "78640f75-3844-441e-adb5-15505e272763",
      "pid": "90b6a582-9701-45aa-9245-5f52ec1564a9",
      "dblevel": 5,
      "location": "/VGMA/HocTheoChuDe/KhamPhaKinhThanh(NgheBandichTruyenThongHieuDinhtrong1nam)/Thang09/Thang09Ngay27",
      "isVideo": false,
      "url": "hoc-theo-chu-de.kham-pha-kinh-thanh--nghe-ban-dich-truyen-thong-hieu-dinh-trong-1-nam-.thang-09.thang-09-ngay-27",
      "name": "Tháng 09 Ngày 27",
      "count": 0,
      "isLeaf": null,
      "keyword": null,
      "hash": "U2FsdGVkX18O6uMzvqmSPAJ6jF00KqFXmmmtRO1djnNpDQ/QLvkDIFhmL/1tRY4SyBCXbjbUceZNN9Ay24FBcA==",
      "khash": null,
      "viewCount": null,
      "duration": "21:2",
      "size": 20210886
    },
    {
      "id": "21661624-890f-469a-a61c-4142fa6b7e60",
      "pid": "90b6a582-9701-45aa-9245-5f52ec1564a9",
      "dblevel": 5,
      "location": "/VGMA/HocTheoChuDe/KhamPhaKinhThanh(NgheBandichTruyenThongHieuDinhtrong1nam)/Thang09/Thang09Ngay28",
      "isVideo": false,
      "url": "hoc-theo-chu-de.kham-pha-kinh-thanh--nghe-ban-dich-truyen-thong-hieu-dinh-trong-1-nam-.thang-09.thang-09-ngay-28",
      "name": "Tháng 09 Ngày 28",
      "count": 0,
      "isLeaf": null,
      "keyword": null,
      "hash": "U2FsdGVkX180e0S6TQ47mMUhwTx3rMWK6ZkNPOlWD42AXO7IaFPO/zDLTOZxLiNOhDk+dehF89yTUgt9tqklKA==",
      "khash": "U2FsdGVkX1+VfxTC25wI4QboQZJxCC3SAnfuvkhtKitktdlxxufdg0tDkPuZ+i5cSvr77eCg9TPZZVtUn2mQEA==",
      "viewCount": null,
      "duration": "22:2",
      "size": 21174876
    },
    {
      "id": "d5561a97-5e7c-4567-880d-a24f6324c97d",
      "pid": "90b6a582-9701-45aa-9245-5f52ec1564a9",
      "dblevel": 5,
      "location": "/VGMA/HocTheoChuDe/KhamPhaKinhThanh(NgheBandichTruyenThongHieuDinhtrong1nam)/Thang09/Thang09Ngay29",
      "isVideo": false,
      "url": "hoc-theo-chu-de.kham-pha-kinh-thanh--nghe-ban-dich-truyen-thong-hieu-dinh-trong-1-nam-.thang-09.thang-09-ngay-29",
      "name": "Tháng 09 Ngày 29",
      "count": 0,
      "isLeaf": null,
      "keyword": null,
      "hash": "U2FsdGVkX1+eruG9CAl6p7EycCWR9EVlJbw4dA0yyGKla9TRamFqSvg+tEzzFUyYdyK4SunoQM7XdMSNWLzRSw==",
      "khash": null,
      "viewCount": null,
      "duration": "27:2",
      "size": 25962095
    },
    {
      "id": "c3214373-589a-4b7a-911c-2ea8013ea3fc",
      "pid": "90b6a582-9701-45aa-9245-5f52ec1564a9",
      "dblevel": 5,
      "location": "/VGMA/HocTheoChuDe/KhamPhaKinhThanh(NgheBandichTruyenThongHieuDinhtrong1nam)/Thang09/Thang09Ngay30",
      "isVideo": false,
      "url": "hoc-theo-chu-de.kham-pha-kinh-thanh--nghe-ban-dich-truyen-thong-hieu-dinh-trong-1-nam-.thang-09.thang-09-ngay-30",
      "name": "Tháng 09 Ngày 30",
      "count": 0,
      "isLeaf": null,
      "keyword": null,
      "hash": "U2FsdGVkX198QF9xyDzoMGBkQ6jZThC4YIc/In09bMtsqFfBUz1cVHG50WepqyppcZG6gqp3R6Y7Wvn3xZ+J/Q==",
      "khash": "U2FsdGVkX197D7sAN3Y05ytbaKBkmYFHHugcOfEbTPxuXGwHxRphBjQOnDdw4QUaeNR2+AjhofGnUKZ2NtZlFA==",
      "viewCount": null,
      "duration": "16:24",
      "size": 15765670
    }
  ]
}