{
  "id": "8345dac9-94ed-4def-b0b2-de3b55f4c5b2",
  "pid": "d45d630a-2836-4e61-a069-b442f2b63989",
  "dblevel": 3,
  "location": "/VGMA/HocKinhThanhTheoSach/50_Phi-lipJM",
  "isVideo": false,
  "url": "hoc-kinh-thanh-theo-sach.50-phi-lip-jm",
  "name": "50_Phi-líp JM",
  "count": 88,
  "isLeaf": true,
  "keyword": null,
  "hash": null,
  "khash": null,
  "viewCount": null,
  "duration": null,
  "size": null,
  "children": [
    {
      "id": "f2624275-6a69-4b09-9329-87c913135f22",
      "pid": "8345dac9-94ed-4def-b0b2-de3b55f4c5b2",
      "dblevel": 4,
      "location": "/VGMA/HocKinhThanhTheoSach/50_Phi-lipJM/01-Phi010102-ThuTinCuaSuVuiMung-P1",
      "isVideo": false,
      "url": "hoc-kinh-thanh-theo-sach.50-phi-lip-jm.01-phi010102-thu-tin-cua-su-vui-mung-p1",
      "name": "01-Phi010102-Thư Tín Của Sự Vui Mừng-P1",
      "count": 0,
      "isLeaf": null,
      "keyword": null,
      "hash": "U2FsdGVkX1/qqqHagbVlvwFH4l+gBotLGhVeSjfbfmWQa4BCFwk69I1+H8t0j7DC6Buje1gZ9TTzIQjTrOM7zw==",
      "khash": null,
      "viewCount": null,
      "duration": "37:12",
      "size": 35715183
    },
    {
      "id": "e2893a95-eb12-46d9-9ed9-f99088ec6738",
      "pid": "8345dac9-94ed-4def-b0b2-de3b55f4c5b2",
      "dblevel": 4,
      "location": "/VGMA/HocKinhThanhTheoSach/50_Phi-lipJM/02-Phi010102-ThuTinCuaSuVuiMung-P2",
      "isVideo": false,
      "url": "hoc-kinh-thanh-theo-sach.50-phi-lip-jm.02-phi010102-thu-tin-cua-su-vui-mung-p2",
      "name": "02-Phi010102-Thư Tín Của Sự Vui Mừng-P2",
      "count": 0,
      "isLeaf": null,
      "keyword": null,
      "hash": "U2FsdGVkX1+0ETZBNU4I9WLO4D9Qzvqss1SRlBP9EoqKS0A1ymmJDUQeNc5GWUzhbQCA+hgih7cz3FgrlaZk+g==",
      "khash": "U2FsdGVkX18qtuDa7jxxdaFrDoHFUH0afWQid6t1XYVRJMGFTQJIYg5hH4NwQNvBhpUhHuH+mQDuos5eYO4b6Q==",
      "viewCount": null,
      "duration": "35:25",
      "size": 34008238
    },
    {
      "id": "9e0625ed-8b10-4334-a924-0b0773f6f6ae",
      "pid": "8345dac9-94ed-4def-b0b2-de3b55f4c5b2",
      "dblevel": 4,
      "location": "/VGMA/HocKinhThanhTheoSach/50_Phi-lipJM/03-Phi010308-NhungYeuToCuaSuVuiMung-P1",
      "isVideo": false,
      "url": "hoc-kinh-thanh-theo-sach.50-phi-lip-jm.03-phi010308-nhung-yeu-to-cua-su-vui-mung-p1",
      "name": "03-Phi010308-Những Yếu Tố Của Sự Vui Mừng-P1",
      "count": 0,
      "isLeaf": null,
      "keyword": null,
      "hash": "U2FsdGVkX1/ejFtgWptehGXPPBQBY345wEOBNvt5diNEHLIV1SEblFuOxFbCQRk5Hyod00tI/LKoSUYDVu1IMw==",
      "khash": null,
      "viewCount": null,
      "duration": "28:39",
      "size": 27512316
    },
    {
      "id": "0ff39f82-2919-4839-8fa4-a7e01fbcc2cb",
      "pid": "8345dac9-94ed-4def-b0b2-de3b55f4c5b2",
      "dblevel": 4,
      "location": "/VGMA/HocKinhThanhTheoSach/50_Phi-lipJM/04-Phi010308-NhungYeuToCuaSuVuiMung-P2",
      "isVideo": false,
      "url": "hoc-kinh-thanh-theo-sach.50-phi-lip-jm.04-phi010308-nhung-yeu-to-cua-su-vui-mung-p2",
      "name": "04-Phi010308-Những Yếu Tố Của Sự Vui Mừng-P2",
      "count": 0,
      "isLeaf": null,
      "keyword": null,
      "hash": "U2FsdGVkX1+vbAixtB9dqH4FhVM4lHux/ddhsomwDeW503FSpUL2XYrvvFnZ90x4F5PZu8i2xyJ6ZBNXb6aNAg==",
      "khash": null,
      "viewCount": null,
      "duration": "26:2",
      "size": 24998292
    },
    {
      "id": "68184ff8-fce9-4eeb-b7b2-09bf81679295",
      "pid": "8345dac9-94ed-4def-b0b2-de3b55f4c5b2",
      "dblevel": 4,
      "location": "/VGMA/HocKinhThanhTheoSach/50_Phi-lipJM/05-Phi010308-NhungYeuToCuaSuVuiMung-P3",
      "isVideo": false,
      "url": "hoc-kinh-thanh-theo-sach.50-phi-lip-jm.05-phi010308-nhung-yeu-to-cua-su-vui-mung-p3",
      "name": "05-Phi010308-Những Yếu Tố Của Sự Vui Mừng-P3",
      "count": 0,
      "isLeaf": null,
      "keyword": null,
      "hash": "U2FsdGVkX19zhXqO6PcbbUo5asV/IFCNOw93juwIHw0g5zwwVRoIsx70UWCak0TI7fl91SX3pCm/a7zYDQ8mkA==",
      "khash": null,
      "viewCount": null,
      "duration": "25:50",
      "size": 24801851
    },
    {
      "id": "1d7af587-8a4b-434f-95df-f87bc29f8ab7",
      "pid": "8345dac9-94ed-4def-b0b2-de3b55f4c5b2",
      "dblevel": 4,
      "location": "/VGMA/HocKinhThanhTheoSach/50_Phi-lipJM/06-Phi010308-NhungYeuToCuaSuVuiMung-P4",
      "isVideo": false,
      "url": "hoc-kinh-thanh-theo-sach.50-phi-lip-jm.06-phi010308-nhung-yeu-to-cua-su-vui-mung-p4",
      "name": "06-Phi010308-Những Yếu Tố Của Sự Vui Mừng-P4",
      "count": 0,
      "isLeaf": null,
      "keyword": null,
      "hash": "U2FsdGVkX18242FnNFkPST+oS6Qlv5A4JxKSSahTDHudHV9BBcZ5G+0CaChBvt7bQ6QQRMFmYtXd8FLaO0z1vQ==",
      "khash": "U2FsdGVkX1+4HIa6j0rw1DebYo6vMvZg9bsfOpaOgmPWWKIAp2PP/eZQ853CjceiYJbHXUHlRPFmBwM4X3H3fw==",
      "viewCount": null,
      "duration": "34:10",
      "size": 32802008
    },
    {
      "id": "60b13981-21c2-4b9e-aeff-93783c83c462",
      "pid": "8345dac9-94ed-4def-b0b2-de3b55f4c5b2",
      "dblevel": 4,
      "location": "/VGMA/HocKinhThanhTheoSach/50_Phi-lipJM/07-Phi010308-NhungYeuToCuaSuVuiMung-P5",
      "isVideo": false,
      "url": "hoc-kinh-thanh-theo-sach.50-phi-lip-jm.07-phi010308-nhung-yeu-to-cua-suvui-mung-p5",
      "name": "07-Phi010308-Những Yếu Tố Của SựVui Mừng-P5",
      "count": 0,
      "isLeaf": null,
      "keyword": null,
      "hash": "U2FsdGVkX19gbyHMkuCcM+m+8oh+1+seHmGQbLrPwn+sMUMKB8XkWyzmuD0KTI+cTqQko8oPqAHVNtLNVK9BkA==",
      "khash": "U2FsdGVkX18ti10fuiBLyfIBnlofSyqFw837vXhEbQRVcBykY987WpUDoOwzt7yf8AsM4EjCiac7+HHHOFTTdg==",
      "viewCount": null,
      "duration": "30:13",
      "size": 29009028
    },
    {
      "id": "51d0e90f-0d59-481a-9987-00d977bba25a",
      "pid": "8345dac9-94ed-4def-b0b2-de3b55f4c5b2",
      "dblevel": 4,
      "location": "/VGMA/HocKinhThanhTheoSach/50_Phi-lipJM/08-Phi010308-NhungYeuToCuaSuVuiMung-P6",
      "isVideo": false,
      "url": "hoc-kinh-thanh-theo-sach.50-phi-lip-jm.08-phi010308-nhung-yeu-to-cua-su-vui-mung-p6",
      "name": "08-Phi010308-Những Yếu Tố Của Sự Vui Mừng-P6",
      "count": 0,
      "isLeaf": null,
      "keyword": null,
      "hash": "U2FsdGVkX191OMfMq+RitVXYjFuYT0EXmi7qEZ/cxZElueAjYv/pBtqoki5Iwo1AQo8yvI5UOUgMCBIwMEyQSg==",
      "khash": "U2FsdGVkX19XU7INFDfFpK3B4o9SlNBv4nr4K9WmAhXd1LIzVlpLge6jfZctrLsE36Nn4w1SPb2D2zhfg6WNEw==",
      "viewCount": null,
      "duration": "32:41",
      "size": 31386798
    },
    {
      "id": "8baedb83-3400-4df9-a1de-279fbcdc8e32",
      "pid": "8345dac9-94ed-4def-b0b2-de3b55f4c5b2",
      "dblevel": 4,
      "location": "/VGMA/HocKinhThanhTheoSach/50_Phi-lipJM/09-Phi010911-NhanToCotLoiCuaDoiSongTinKinh-P1",
      "isVideo": false,
      "url": "hoc-kinh-thanh-theo-sach.50-phi-lip-jm.09-phi010911-nhan-to-cot-loi-cua-doi-song-tin-kinh-p1",
      "name": "09-Phi010911-Nhân Tố Cốt Lõi Của Đời Sống Tin Kính-P1",
      "count": 0,
      "isLeaf": null,
      "keyword": null,
      "hash": "U2FsdGVkX19Gs2TybJwKO7U4mX1dBVOBY0730zE0TrgdCHQNE4NI/JS+X2FADTuLlKR99Yi7RRyOwhVhLp8pwA==",
      "khash": "U2FsdGVkX19+Tok6r2xNHPbQISezQDaKvslUuNHiK/AAy5J5WcH+x/q9Wkziq8SzwhH+Z6Z7VPHHHNoR+5gV+A==",
      "viewCount": null,
      "duration": "29:0",
      "size": 27847520
    },
    {
      "id": "01c78536-54dd-4a59-a943-d1d29c8f0ff1",
      "pid": "8345dac9-94ed-4def-b0b2-de3b55f4c5b2",
      "dblevel": 4,
      "location": "/VGMA/HocKinhThanhTheoSach/50_Phi-lipJM/10-Phi010911-NhanToCotLoiCuaDoiSongTinKinh-P2",
      "isVideo": false,
      "url": "hoc-kinh-thanh-theo-sach.50-phi-lip-jm.10-phi010911-nhan-to-cot-loi-cua-doi-song-tin-kinh-p2",
      "name": "10-Phi010911-Nhân Tố Cốt Lõi Của Đời Sống Tin Kính-P2",
      "count": 0,
      "isLeaf": null,
      "keyword": null,
      "hash": "U2FsdGVkX1+/6nRdA7AJ2fsfDC1fqp25MqcKWieumplVaNLkm1jbP9L2yW1E7Myg20480EBPuCNMZWkArJhChA==",
      "khash": "U2FsdGVkX18VQgzlIIOFvDJQVhKpiE76X4G8tpMF0PSrAzKospjtPXKAIicsmnvKUnV2Zlp5f/v2xY+YlAO5JQ==",
      "viewCount": null,
      "duration": "28:24",
      "size": 27276041
    },
    {
      "id": "5b6a4462-5224-4cb0-b44e-af6c8509c35a",
      "pid": "8345dac9-94ed-4def-b0b2-de3b55f4c5b2",
      "dblevel": 4,
      "location": "/VGMA/HocKinhThanhTheoSach/50_Phi-lipJM/11-Phi010911-NhanToCotLoiCuaDoiSongTinKinh-P3",
      "isVideo": false,
      "url": "hoc-kinh-thanh-theo-sach.50-phi-lip-jm.11-phi010911-nhan-to-cot-loi-cua-doi-song-tin-kinh-p3",
      "name": "11-Phi010911-Nhân Tố Cốt Lõi Của Đời Sống Tin Kính-P3",
      "count": 0,
      "isLeaf": null,
      "keyword": null,
      "hash": "U2FsdGVkX18GwHOKIdskPXByyr1LAz4UUqInv+bWTlxySGtJOzgKs2n9e3pvXZG0QmrpsnTL6jLgpIu/piZgig==",
      "khash": "U2FsdGVkX18AJ4om6Bf+B13sVXFc4vZZr48kJNJweM3HxVM6zVBLJ6wQGaYf2rN/orafR2viyc0Bbmawa4i5yg==",
      "viewCount": null,
      "duration": "29:20",
      "size": 28170134
    },
    {
      "id": "d660c75d-3213-4ca0-ba19-35ef2e86bbc9",
      "pid": "8345dac9-94ed-4def-b0b2-de3b55f4c5b2",
      "dblevel": 4,
      "location": "/VGMA/HocKinhThanhTheoSach/50_Phi-lipJM/12-Phi010911-NhanToCotLoiCuaDoiSongTinKinh-P4",
      "isVideo": false,
      "url": "hoc-kinh-thanh-theo-sach.50-phi-lip-jm.12-phi010911-nhan-to-cot-loi-cua-doi-song-tin-kinh-p4",
      "name": "12-Phi010911-Nhân Tố Cốt Lõi Của Đời Sống Tin Kính-P4",
      "count": 0,
      "isLeaf": null,
      "keyword": null,
      "hash": "U2FsdGVkX185ls1fv8m42wYOfcxAryYnO7BUWgXXncN5KTv0hGLgao+wBKj+FhMHUSHlccuQS+H/Zd8kzXgtEA==",
      "khash": "U2FsdGVkX1+n7UBbnZdC6Iiss84LI9NiW8ZcPtEUqyy58a/SXk8p5RkSPstt0wy4RRCBSi/f/z7/q82UKpgaTA==",
      "viewCount": null,
      "duration": "26:31",
      "size": 25462644
    },
    {
      "id": "468e655a-61b8-4bee-a724-fc09f4531cd4",
      "pid": "8345dac9-94ed-4def-b0b2-de3b55f4c5b2",
      "dblevel": 4,
      "location": "/VGMA/HocKinhThanhTheoSach/50_Phi-lipJM/13-Phi011214-VuiMungMacChoKhonKho-P1",
      "isVideo": false,
      "url": "hoc-kinh-thanh-theo-sach.50-phi-lip-jm.13-phi011214-vui-mung-mac-cho-khon-kho-p1",
      "name": "13-Phi011214-Vui Mừng Mặc Cho Khốn Khó-P1",
      "count": 0,
      "isLeaf": null,
      "keyword": null,
      "hash": "U2FsdGVkX1/V6g5hdxcNf7pjFRs6dlUpWxTfxVlPejAOP6xy/UJQUik4wF1G5QzqRFTdP1CQq09jBsBdxP0lGg==",
      "khash": "U2FsdGVkX1/j93if4mAj0YNi+ROTKun3equwnhy8NNTTOcMKqiGIP7Q1Eb47a8U6vdRTqz9IH6GPGFTtChtf5g==",
      "viewCount": null,
      "duration": "30:54",
      "size": 29674837
    },
    {
      "id": "1e2f5b62-2c5c-4958-982d-147c101fe791",
      "pid": "8345dac9-94ed-4def-b0b2-de3b55f4c5b2",
      "dblevel": 4,
      "location": "/VGMA/HocKinhThanhTheoSach/50_Phi-lipJM/14-Phi011214-VuiMungMacChoKhonKho-P2",
      "isVideo": false,
      "url": "hoc-kinh-thanh-theo-sach.50-phi-lip-jm.14-phi011214-vui-mung-mac-cho-khon-kho-p2",
      "name": "14-Phi011214-Vui Mừng Mặc Cho Khốn Khó-P2",
      "count": 0,
      "isLeaf": null,
      "keyword": null,
      "hash": "U2FsdGVkX187kljNPx1GkdLHMHjwa6WhOoGvOIMnwt6a7htRYOY+5afff9DsApmQiFL0OI2jV+HnY8iEPKHK6A==",
      "khash": "U2FsdGVkX18hAqnokGtk6xNO2F2u3h++0GC6yNXy34U7P7JpkVDjLCDHVWZYQCMGhaBlHqpBnfXoxVsJeHDloQ==",
      "viewCount": null,
      "duration": "31:50",
      "size": 30560911
    },
    {
      "id": "abcd210f-ec6b-40ed-9019-f9a836cbf93b",
      "pid": "8345dac9-94ed-4def-b0b2-de3b55f4c5b2",
      "dblevel": 4,
      "location": "/VGMA/HocKinhThanhTheoSach/50_Phi-lipJM/15-Phi011518-VuiMungMacChoNguoiGiemPha-P1",
      "isVideo": false,
      "url": "hoc-kinh-thanh-theo-sach.50-phi-lip-jm.15-phi011518-vui-mung-mac-cho-nguoi-giem-pha-p1",
      "name": "15-Phi011518-Vui Mừng Mặc Cho Người Gièm Pha-P1",
      "count": 0,
      "isLeaf": null,
      "keyword": null,
      "hash": "U2FsdGVkX18MLK0xorOkFHVj9fFe7yfDxDN+EnNhA7TQWfjxay/5oCctcqE2mWF40AuseAMBCLE+yR5R0oLgig==",
      "khash": "U2FsdGVkX18UAND6cqd1dicS1DOIloApsS5HAtHp1BSpj+66t5N4Ou2xPBYMDvUPyfvZFNtq9T2eHP6opw1CrQ==",
      "viewCount": null,
      "duration": "29:13",
      "size": 28055245
    },
    {
      "id": "c7cfbc74-6e21-43f9-8f69-91e34f97f21e",
      "pid": "8345dac9-94ed-4def-b0b2-de3b55f4c5b2",
      "dblevel": 4,
      "location": "/VGMA/HocKinhThanhTheoSach/50_Phi-lipJM/16-Phi011518-VuiMungMacChoNguoiGiemPha-P2",
      "isVideo": false,
      "url": "hoc-kinh-thanh-theo-sach.50-phi-lip-jm.16-phi011518-vui-mung-mac-cho-nguoi-giem-pha-p2",
      "name": "16-Phi011518-Vui Mừng Mặc Cho Người Gièm Pha-P2",
      "count": 0,
      "isLeaf": null,
      "keyword": null,
      "hash": "U2FsdGVkX1/3lAQp6GXT2zv0jeaGMFy5gXEbyXYmqyXOKq4tExZIiA+m0YNluslM8VqL6H6jIr8Gs70bXQYE6Q==",
      "khash": "U2FsdGVkX1/N7qMmksBWZtxyHENkW83xLiWr6nvK+TbIfa4cdoSIMpspCSPva8SzDMR1uxnzBQqdr01EZ4tq1w==",
      "viewCount": null,
      "duration": "30:11",
      "size": 28988130
    },
    {
      "id": "a1e239d3-5638-4571-b388-a1981de081f1",
      "pid": "8345dac9-94ed-4def-b0b2-de3b55f4c5b2",
      "dblevel": 4,
      "location": "/VGMA/HocKinhThanhTheoSach/50_Phi-lipJM/17-Phi011921-VuiMungMacChoSuChet-P1",
      "isVideo": false,
      "url": "hoc-kinh-thanh-theo-sach.50-phi-lip-jm.17-phi011921-vui-mung-mac-cho-su-chet-p1",
      "name": "17-Phi011921-Vui Mừng Mặc Cho Sự Chết-P1",
      "count": 0,
      "isLeaf": null,
      "keyword": null,
      "hash": "U2FsdGVkX18A1FARRl1umyACQFdWqdOdhbKibwZgdr0ZMVkC5EK1vPXZgqKHPGXi5TEMTMALpw69raTFqbXNMA==",
      "khash": null,
      "viewCount": null,
      "duration": "25:25",
      "size": 24405626
    },
    {
      "id": "c8ffb929-0a5d-4af5-9b69-adacf3dc26c0",
      "pid": "8345dac9-94ed-4def-b0b2-de3b55f4c5b2",
      "dblevel": 4,
      "location": "/VGMA/HocKinhThanhTheoSach/50_Phi-lipJM/18-Phi011921-VuiMungMacChoSuChet-P2",
      "isVideo": false,
      "url": "hoc-kinh-thanh-theo-sach.50-phi-lip-jm.18-phi011921-vui-mung-mac-cho-su-chet-p2",
      "name": "18-Phi011921-Vui Mừng Mặc Cho Sự Chết-P2",
      "count": 0,
      "isLeaf": null,
      "keyword": null,
      "hash": "U2FsdGVkX1/N1FX3sd56VX/dmsHpU/LBURf1BGLdTnCgrkz3Rao1qqAXhyGWktesuNLv52ayejlS8UWeJj4KaA==",
      "khash": "U2FsdGVkX1/JaFFUEY22kHiXfSc7d+J4RMDykue9IHe9QLD0+xMM3tYgdd+NWdeu0lwQ3j/my3rthlvZq3kNNQ==",
      "viewCount": null,
      "duration": "29:18",
      "size": 28141763
    },
    {
      "id": "bad01ed0-4707-4970-95c0-daa0cf434a0d",
      "pid": "8345dac9-94ed-4def-b0b2-de3b55f4c5b2",
      "dblevel": 4,
      "location": "/VGMA/HocKinhThanhTheoSach/50_Phi-lipJM/19-Phi012226-VuiMungMacChoOTrongXacThit-P1",
      "isVideo": false,
      "url": "hoc-kinh-thanh-theo-sach.50-phi-lip-jm.19-phi012226-vui-mung-mac-cho-o-trong-xac-thit-p1",
      "name": "19-Phi012226-Vui Mừng Mặc Cho Ở Trong Xác Thịt-P1",
      "count": 0,
      "isLeaf": null,
      "keyword": null,
      "hash": "U2FsdGVkX1/MI4RVp/TVwfhqCAaQVd2YODydR/Sl4rfhwGOFEGpY02g/AVcAjilSx+AU7yNrOV8FT5K8IpdsMg==",
      "khash": null,
      "viewCount": null,
      "duration": "31:37",
      "size": 30366560
    },
    {
      "id": "05d18125-d94f-44a6-b97f-b329d87a82e5",
      "pid": "8345dac9-94ed-4def-b0b2-de3b55f4c5b2",
      "dblevel": 4,
      "location": "/VGMA/HocKinhThanhTheoSach/50_Phi-lipJM/20-Phi012226-VuiMungMacChoOTrongXacThit-P2",
      "isVideo": false,
      "url": "hoc-kinh-thanh-theo-sach.50-phi-lip-jm.20-phi012226-vui-mung-mac-cho-o-trong-xac-thit-p2",
      "name": "20-Phi012226-Vui Mừng Mặc Cho Ở Trong Xác Thịt-P2",
      "count": 0,
      "isLeaf": null,
      "keyword": null,
      "hash": "U2FsdGVkX19nR4tO4mPlvgqlvNwFPkWGLb0pn++/xyWW6bOFRTkokczX5B/oOAKrdr08Pi3MQkECC0pXPBWkFA==",
      "khash": "U2FsdGVkX1/YHoAyzEmYY54WGEoYXS790E+EWN7AG4Il32I8BNOOG1CZ42Wy16dE63eJao1jcfxDZgg4v6nxxw==",
      "viewCount": null,
      "duration": "30:33",
      "size": 29338798
    },
    {
      "id": "13fd793d-8903-4219-b278-cba13bd6c11e",
      "pid": "8345dac9-94ed-4def-b0b2-de3b55f4c5b2",
      "dblevel": 4,
      "location": "/VGMA/HocKinhThanhTheoSach/50_Phi-lipJM/21-Phi012730-AnOXungDangVoiTinLanh-P1",
      "isVideo": false,
      "url": "hoc-kinh-thanh-theo-sach.50-phi-lip-jm.21-phi012730-an-o-xung-dang-voi-tin-lanh-p1",
      "name": "21-Phi012730-Ăn Ở Xứng Đáng Với Tin Lành-P1",
      "count": 0,
      "isLeaf": null,
      "keyword": null,
      "hash": "U2FsdGVkX1/2m9dPfc5AUBi5H4CP0DhGMg8bLQDx2BCpqbfwIaIk1pfwZgLHujp6SoZIV0Tef7H6NwAlXqWMyg==",
      "khash": null,
      "viewCount": null,
      "duration": "38:17",
      "size": 36766351
    },
    {
      "id": "a96dbd3d-78a7-4c68-b3f0-b806575b1bc2",
      "pid": "8345dac9-94ed-4def-b0b2-de3b55f4c5b2",
      "dblevel": 4,
      "location": "/VGMA/HocKinhThanhTheoSach/50_Phi-lipJM/22-Phi012730-AnOXungDangVoiTinLanh-P2",
      "isVideo": false,
      "url": "hoc-kinh-thanh-theo-sach.50-phi-lip-jm.22-phi012730-an-o-xung-dang-voi-tin-lanh-p2",
      "name": "22-Phi012730-Ăn Ở Xứng Đáng Với Tin Lành-P2",
      "count": 0,
      "isLeaf": null,
      "keyword": null,
      "hash": "U2FsdGVkX1/CmLsTeOU5UBYeyR3NjorT9dTgkQoeliCvB6tEl5Y6SVG/GxG0kJDzvGZFClf6AjbRBVD6ROi9sg==",
      "khash": "U2FsdGVkX18votvIhZElMMQPjx+/6xduOZKXRu6XIURLEcKE4gOJ7uYepqA7fTkjEPkW6cIJDjE5q/4d3onySw==",
      "viewCount": null,
      "duration": "29:25",
      "size": 28254612
    },
    {
      "id": "fc7827bd-86a1-4603-9a90-07c0f9d4aaee",
      "pid": "8345dac9-94ed-4def-b0b2-de3b55f4c5b2",
      "dblevel": 4,
      "location": "/VGMA/HocKinhThanhTheoSach/50_Phi-lipJM/23-Phi020102-NhungDongCoHiepMotThuocLinh",
      "isVideo": false,
      "url": "hoc-kinh-thanh-theo-sach.50-phi-lip-jm.23-phi020102-nhung-dong-co-hiep-mot-thuoc-linh",
      "name": "23-Phi020102-Những Động Cơ Hiệp Một Thuộc Linh",
      "count": 0,
      "isLeaf": null,
      "keyword": null,
      "hash": "U2FsdGVkX1+hCpaLa4fv8OFrTQNWtp6CBQ0PPOhBMHRrs53jan2pHM8MzVOF/ycpWXBZWu7KqJVrXHvAnYBz5Q==",
      "khash": null,
      "viewCount": null,
      "duration": "28:11",
      "size": 27062174
    },
    {
      "id": "f2c90d1e-6b60-43b5-a742-acb5cd0ba167",
      "pid": "8345dac9-94ed-4def-b0b2-de3b55f4c5b2",
      "dblevel": 4,
      "location": "/VGMA/HocKinhThanhTheoSach/50_Phi-lipJM/24-Phi020102-NhungDongCoHiepMotThuocLinh",
      "isVideo": false,
      "url": "hoc-kinh-thanh-theo-sach.50-phi-lip-jm.24-phi020102-nhung-dong-co-hiep-mot-thuoc-linh",
      "name": "24-Phi020102-Những Động Cơ Hiệp Một Thuộc Linh",
      "count": 0,
      "isLeaf": null,
      "keyword": null,
      "hash": "U2FsdGVkX1+pOvF9yShnrSXrp2kEuY04sRs9izAwmAWU9Zjw7+sMVPtfXktM3dkNwmX3TKJycT6tCdJFd2uINg==",
      "khash": "U2FsdGVkX19P4tXrM3E49qYXG8PsOvq6XyLgptu8XjVpna1IfIrV3mV+7eXQHvYQdOUpD27v090yzZhu0NKM3A==",
      "viewCount": null,
      "duration": "29:9",
      "size": 27988681
    },
    {
      "id": "a4111ba7-f8d5-4563-a5b5-0bc5042b11f4",
      "pid": "8345dac9-94ed-4def-b0b2-de3b55f4c5b2",
      "dblevel": 4,
      "location": "/VGMA/HocKinhThanhTheoSach/50_Phi-lipJM/25-Phi020202-DauHieuCuaHiepMotThuocLinh",
      "isVideo": false,
      "url": "hoc-kinh-thanh-theo-sach.50-phi-lip-jm.25-phi020202-dau-hieu-cua-hiep-mot-thuoc-linh",
      "name": "25-Phi020202-Dấu Hiệu Của Hiệp Một Thuộc Linh",
      "count": 0,
      "isLeaf": null,
      "keyword": null,
      "hash": "U2FsdGVkX1+suoJP4ZL+m2Qjt6bTIgYtwHog83S3DjTGt0Zo2gZwX0cwMwSBR53pVp/zxiqTKDInM4yaEO7Lqg==",
      "khash": null,
      "viewCount": null,
      "duration": "24:47",
      "size": 23805745
    },
    {
      "id": "4b555181-af75-4d3c-994d-da2f0f0d1b24",
      "pid": "8345dac9-94ed-4def-b0b2-de3b55f4c5b2",
      "dblevel": 4,
      "location": "/VGMA/HocKinhThanhTheoSach/50_Phi-lipJM/26-Phi020202-DauHieuCuaHiepMotThuocLinh",
      "isVideo": false,
      "url": "hoc-kinh-thanh-theo-sach.50-phi-lip-jm.26-phi020202-dau-hieu-cua-hiep-mot-thuoc-linh",
      "name": "26-Phi020202-Dấu Hiệu Của Hiệp Một Thuộc Linh",
      "count": 0,
      "isLeaf": null,
      "keyword": null,
      "hash": "U2FsdGVkX18Pxe9wi8EjGqRhuzywqSmXJurwRpoKuYprUEtpQ0mrZ3vL5dzzS1WWGU1bCzLePhjfvgqUS04cpQ==",
      "khash": "U2FsdGVkX1/Ni4DuFF6L0g0Tlw6cfsXl0x37M0AJGcPQ0HDub80ugDHanPXmF3SOl8iiLz2LHLJuwYPwlBL2bg==",
      "viewCount": null,
      "duration": "26:36",
      "size": 25545291
    },
    {
      "id": "52e808c0-2fd8-404e-b9b8-26f2366857d5",
      "pid": "8345dac9-94ed-4def-b0b2-de3b55f4c5b2",
      "dblevel": 4,
      "location": "/VGMA/HocKinhThanhTheoSach/50_Phi-lipJM/27-Phi020304-PhuongTienHiepMotThuocLinh",
      "isVideo": false,
      "url": "hoc-kinh-thanh-theo-sach.50-phi-lip-jm.27-phi020304-phuong-tien-hiep-mot-thuoc-linh",
      "name": "27-Phi020304-Phương Tiện Hiệp Một Thuộc Linh",
      "count": 0,
      "isLeaf": null,
      "keyword": null,
      "hash": "U2FsdGVkX1+RO0ZXQTmwecD4owYGLm+RlkDwXSTqi6m9AXa9Zhz07fN9VnaHVEMonUnOfmwGTTzq4MB2ykuNpg==",
      "khash": null,
      "viewCount": null,
      "duration": "33:22",
      "size": 32037451
    },
    {
      "id": "1e26e199-9f2b-4691-b0c6-ca847f1abc3e",
      "pid": "8345dac9-94ed-4def-b0b2-de3b55f4c5b2",
      "dblevel": 4,
      "location": "/VGMA/HocKinhThanhTheoSach/50_Phi-lipJM/28-Phi020508-GuongMauCuaHiepMotThuocLinh",
      "isVideo": false,
      "url": "hoc-kinh-thanh-theo-sach.50-phi-lip-jm.28-phi020508-guong-mau-cua-hiep-mot-thuoc-linh",
      "name": "28-Phi020508-Gương Mẫu Của Hiệp Một Thuộc Linh",
      "count": 0,
      "isLeaf": null,
      "keyword": null,
      "hash": "U2FsdGVkX18kkWkUouAybPKYA/zM6uOjV5hl7INLNXbVsuN8NYZRW6W2VSNz/S1FDjZTGK7P2tu2V+T0yy67pA==",
      "khash": "U2FsdGVkX18qKq+Lw9ajq8vBEMFdKGI9lHLs83XuMTeueFo23PlxSsZno8TZPBbwdRZraF5vCN9wG2TFnoW5dQ==",
      "viewCount": null,
      "duration": "35:15",
      "size": 33856828
    },
    {
      "id": "907ac703-9e52-4c3d-9996-b06fecb21f82",
      "pid": "8345dac9-94ed-4def-b0b2-de3b55f4c5b2",
      "dblevel": 4,
      "location": "/VGMA/HocKinhThanhTheoSach/50_Phi-lipJM/29-Phi020508-SuKhiemNhuongCuaDangChrist",
      "isVideo": false,
      "url": "hoc-kinh-thanh-theo-sach.50-phi-lip-jm.29-phi020508-su-khiem-nhuong-cua-dang-christ",
      "name": "29-Phi020508-Sự Khiêm Nhường Của Đấng Christ",
      "count": 0,
      "isLeaf": null,
      "keyword": null,
      "hash": "U2FsdGVkX1+lychdFIYL3QdKZwKItlTSOb3VqsxvTnFdu0It+uPUrglaZ+cJmQO9vBFO70A97Vp/DBmnRt3lIw==",
      "khash": "U2FsdGVkX18ukTQY3uskxtIhdnKijSOMofmzFf0R8ukSWGldSazyienWNvJDobqgcgYWNYVjfha2F734HnnmNg==",
      "viewCount": null,
      "duration": "25:37",
      "size": 24603629
    },
    {
      "id": "daeeab91-80ce-48c5-899d-83978b3f2fb9",
      "pid": "8345dac9-94ed-4def-b0b2-de3b55f4c5b2",
      "dblevel": 4,
      "location": "/VGMA/HocKinhThanhTheoSach/50_Phi-lipJM/30-Phi020508-SuKhiemNhuongCuaDangChrist",
      "isVideo": false,
      "url": "hoc-kinh-thanh-theo-sach.50-phi-lip-jm.30-phi020508-su-khiem-nhuong-cua-dang-christ",
      "name": "30-Phi020508-Sự Khiêm Nhường Của Đấng Christ",
      "count": 0,
      "isLeaf": null,
      "keyword": null,
      "hash": "U2FsdGVkX1/UBU3VEXM7Bmn0y3naluJmz5m2GF6j26HK7vtY0ABOeUAvtA673H+jyBHNaEnfMSkIwoQBbdSDqQ==",
      "khash": null,
      "viewCount": null,
      "duration": "26:31",
      "size": 25470895
    },
    {
      "id": "cfd67412-1641-468b-8779-3d2e0809b74a",
      "pid": "8345dac9-94ed-4def-b0b2-de3b55f4c5b2",
      "dblevel": 4,
      "location": "/VGMA/HocKinhThanhTheoSach/50_Phi-lipJM/31-Phi020909-SuCaoTrongCuaDangChrist",
      "isVideo": false,
      "url": "hoc-kinh-thanh-theo-sach.50-phi-lip-jm.31-phi020909-su-cao-trong-cua-dang-christ",
      "name": "31-Phi020909-Sự Cao Trọng Của Đấng Christ",
      "count": 0,
      "isLeaf": null,
      "keyword": null,
      "hash": "U2FsdGVkX1/V2q02aIKcyre2qppOumDZkXv9HyThnQ1jnuvb4aa+bpr0PYcMakUCbjOP5tk4I6OP/ktW27EmVA==",
      "khash": "U2FsdGVkX18Una/o/99gbpgcsHlniuhuSAU2Scvoz6WZuzP2Ko6LMrVshJylnlqe+KdoZ5d6IEvLHfNMrZz/Fg==",
      "viewCount": null,
      "duration": "25:39",
      "size": 24643753
    },
    {
      "id": "a844687a-06f9-4042-bfda-245b0d99519f",
      "pid": "8345dac9-94ed-4def-b0b2-de3b55f4c5b2",
      "dblevel": 4,
      "location": "/VGMA/HocKinhThanhTheoSach/50_Phi-lipJM/32-Phi020909-SuCaoTrongCuaDangChrist",
      "isVideo": false,
      "url": "hoc-kinh-thanh-theo-sach.50-phi-lip-jm.32-phi020909-su-cao-trong-cua-dang-christ",
      "name": "32-Phi020909-Sự Cao Trọng Của Đấng Christ",
      "count": 0,
      "isLeaf": null,
      "keyword": null,
      "hash": "U2FsdGVkX19VLGkC5bWnod/WSlAMeEpCrFZ0aQ15Umju0AxWveX5x0LLazwFY24qZO93r3QhP5OkJbI0x1NPCg==",
      "khash": "U2FsdGVkX19Zmm/DklDDXhisQPuulROkcjmwkIKKlYkJ0xyltu/gxq0XOEVMCE4jnAkU/hS1lVo57mJMBhn1RQ==",
      "viewCount": null,
      "duration": "26:6",
      "size": 25068818
    },
    {
      "id": "208ac4f0-15da-4202-9e89-e3de92684633",
      "pid": "8345dac9-94ed-4def-b0b2-de3b55f4c5b2",
      "dblevel": 4,
      "location": "/VGMA/HocKinhThanhTheoSach/50_Phi-lipJM/33-Phi021011-SuCaoTrongCuaDangChrist",
      "isVideo": false,
      "url": "hoc-kinh-thanh-theo-sach.50-phi-lip-jm.33-phi021011-su-cao-trong-cua-dang-christ",
      "name": "33-Phi021011-Sự Cao Trọng Của Đấng Christ",
      "count": 0,
      "isLeaf": null,
      "keyword": null,
      "hash": "U2FsdGVkX19sa4CDcI7yzeFN8wlb4miQVjqsA9wJwdK9QsLJnQqU5FXuuE+4Qbi0/mXjBV4DQZK+KmfGbaajow==",
      "khash": null,
      "viewCount": null,
      "duration": "25:49",
      "size": 24790039
    },
    {
      "id": "20fc6792-8109-4e86-8ea5-6f09ed21e004",
      "pid": "8345dac9-94ed-4def-b0b2-de3b55f4c5b2",
      "dblevel": 4,
      "location": "/VGMA/HocKinhThanhTheoSach/50_Phi-lipJM/34-Phi021011-SuCaoTrongCuaDangChrist",
      "isVideo": false,
      "url": "hoc-kinh-thanh-theo-sach.50-phi-lip-jm.34-phi021011-su-cao-trong-cua-dang-christ",
      "name": "34-Phi021011-Sự Cao Trọng Của Đấng Christ",
      "count": 0,
      "isLeaf": null,
      "keyword": null,
      "hash": "U2FsdGVkX1+gmanBQmBMiUZ3YUSOtG2ZhmGpF4FK1FGeO/9WruA/nr//plQ+GK+d1az8DdJPk1DA/J5RjQTp6w==",
      "khash": null,
      "viewCount": null,
      "duration": "28:14",
      "size": 27120997
    },
    {
      "id": "1e0b2b6c-fa43-4108-945f-1787f36d3589",
      "pid": "8345dac9-94ed-4def-b0b2-de3b55f4c5b2",
      "dblevel": 4,
      "location": "/VGMA/HocKinhThanhTheoSach/50_Phi-lipJM/35-Phi021213-DucChuaTroiLamViecTrongAnhEm",
      "isVideo": false,
      "url": "hoc-kinh-thanh-theo-sach.50-phi-lip-jm.35-phi021213-duc-chua-troi-lamviec-trong-anh-em",
      "name": "35-Phi021213-Đức Chúa Trời LàmViệc Trong Anh Em",
      "count": 0,
      "isLeaf": null,
      "keyword": null,
      "hash": "U2FsdGVkX1/wCjXoc6PVBYD9snXoqh4Z7mnrGh/POkQe+5efiAD42CBmKEY/PJfExrSJ7mFOv6MOz9pEZW8ACQ==",
      "khash": "U2FsdGVkX1+RCLfguqSaUpP+b/8r+XJLaMAC50YYKwYbhsmpFirAXcnTOXa22/vdePy+oGAjiQUrmPw9N11dwQ==",
      "viewCount": null,
      "duration": "26:34",
      "size": 25511437
    },
    {
      "id": "c1908cdb-04bf-4fdd-b0bf-4844e83109be",
      "pid": "8345dac9-94ed-4def-b0b2-de3b55f4c5b2",
      "dblevel": 4,
      "location": "/VGMA/HocKinhThanhTheoSach/50_Phi-lipJM/36-Phi021213-DucChuaTroiLamViecTrongAnhEm",
      "isVideo": false,
      "url": "hoc-kinh-thanh-theo-sach.50-phi-lip-jm.36-phi021213-duc-chua-troi-lamviec-trong-anh-em",
      "name": "36-Phi021213-Đức Chúa Trời LàmViệc Trong Anh Em",
      "count": 0,
      "isLeaf": null,
      "keyword": null,
      "hash": "U2FsdGVkX18Y3AT5TsczRrZ8oZkSGEYQGC1L/xFbnxJP+32zvA3uTFo4NF42KNW22XkuErF6/aNEYHPYFe9ypQ==",
      "khash": "U2FsdGVkX19/c8J4LSBMjQ+r07rPLrSL1qM0/8dQVltHWQCix7ima6TDfm9o+TMm/Ss5RZpxJxqEoHIlLzJqyw==",
      "viewCount": null,
      "duration": "28:58",
      "size": 27815228
    },
    {
      "id": "c8e11517-4c2a-464c-a594-141f2ce64b17",
      "pid": "8345dac9-94ed-4def-b0b2-de3b55f4c5b2",
      "dblevel": 4,
      "location": "/VGMA/HocKinhThanhTheoSach/50_Phi-lipJM/37-Phi021213-DucChuaTroiLamViecTrongAnhEm",
      "isVideo": false,
      "url": "hoc-kinh-thanh-theo-sach.50-phi-lip-jm.37-phi021213-duc-chua-troi-lamviec-trong-anh-em",
      "name": "37-Phi021213-Đức Chúa Trời LàmViệc Trong Anh Em",
      "count": 0,
      "isLeaf": null,
      "keyword": null,
      "hash": "U2FsdGVkX1+uuDFYxdwQaEPC5yBOjk3bj7iYawEc0Blj41VXIKo3hYikOiR8helPucfy+zbg9FhpvIA7r65q9A==",
      "khash": null,
      "viewCount": null,
      "duration": "30:1",
      "size": 28822509
    },
    {
      "id": "49c3c4ee-605e-49e9-b938-45bf5c2ae4ae",
      "pid": "8345dac9-94ed-4def-b0b2-de3b55f4c5b2",
      "dblevel": 4,
      "location": "/VGMA/HocKinhThanhTheoSach/50_Phi-lipJM/38-Phi021213-DucChuaTroiLamViecTrongAnhEm",
      "isVideo": false,
      "url": "hoc-kinh-thanh-theo-sach.50-phi-lip-jm.38-phi021213-duc-chua-troi-lamviec-trong-anh-em",
      "name": "38-Phi021213-Đức Chúa Trời LàmViệc Trong Anh Em",
      "count": 0,
      "isLeaf": null,
      "keyword": null,
      "hash": "U2FsdGVkX18d6xhCCtjoFlC9RY+558bpHAuq7oUiMM72BtsrWCNbdVWfGft9SosB70Wo3ks0hbahWdu9iJXyhQ==",
      "khash": "U2FsdGVkX1/5B68zIzgX0jJWz3IygncMnwxDnWI8NQpKeNUJb6uHur+BOtVEKkgbvGKbyMdU0sojKMEBDxfKcg==",
      "viewCount": null,
      "duration": "27:36",
      "size": 26510777
    },
    {
      "id": "744eee55-0e0a-4b9e-92a1-93c0f488f14f",
      "pid": "8345dac9-94ed-4def-b0b2-de3b55f4c5b2",
      "dblevel": 4,
      "location": "/VGMA/HocKinhThanhTheoSach/50_Phi-lipJM/39-Phi021213-DucChuaTroiLamViecTrongAnhEm",
      "isVideo": false,
      "url": "hoc-kinh-thanh-theo-sach.50-phi-lip-jm.39-phi021213-duc-chua-troi-lamviec-trong-anh-em",
      "name": "39-Phi021213-Đức Chúa Trời LàmViệc Trong Anh Em",
      "count": 0,
      "isLeaf": null,
      "keyword": null,
      "hash": "U2FsdGVkX181RD8LW72C/MEydQXiceju9zy+MtWmMKHpmGRZzdh7Xez7K5INzpINOxVHNRKZk/08z2DF0Y/O9g==",
      "khash": null,
      "viewCount": null,
      "duration": "30:14",
      "size": 29028145
    },
    {
      "id": "2dd682b3-f84e-4a24-a688-2d9a6a85757d",
      "pid": "8345dac9-94ed-4def-b0b2-de3b55f4c5b2",
      "dblevel": 4,
      "location": "/VGMA/HocKinhThanhTheoSach/50_Phi-lipJM/40-Phi021213-DucChuaTroiLamViecTrongAnhEm",
      "isVideo": false,
      "url": "hoc-kinh-thanh-theo-sach.50-phi-lip-jm.40-phi021213-duc-chua-troi-lamviec-trong-anh-em",
      "name": "40-Phi021213-Đức Chúa Trời LàmViệc Trong Anh Em",
      "count": 0,
      "isLeaf": null,
      "keyword": null,
      "hash": "U2FsdGVkX19Y8/R1LzGZ20dO6u+luJD1L2BlCiWIMPSt3JUE+8r8ZiSeshv8rmmZX29P7+BK7nkd0lM+gUQofA==",
      "khash": null,
      "viewCount": null,
      "duration": "34:21",
      "size": 32984965
    },
    {
      "id": "454f9776-55b8-4c88-8b4c-6e9e26487d8f",
      "pid": "8345dac9-94ed-4def-b0b2-de3b55f4c5b2",
      "dblevel": 4,
      "location": "/VGMA/HocKinhThanhTheoSach/50_Phi-lipJM/41-Phi021416-HayThoiThanVan-1",
      "isVideo": false,
      "url": "hoc-kinh-thanh-theo-sach.50-phi-lip-jm.41-phi021416-hay-thoi-than-van-1",
      "name": "41-Phi021416-Hãy Thôi Than Vãn-1",
      "count": 0,
      "isLeaf": null,
      "keyword": null,
      "hash": "U2FsdGVkX1+smxXreVmIKbzMYUPXXtVO5QZGb2R2HWs17andrawCHAadFmhQrHXstTnP8sXw5/9wO2XGmH8eEg==",
      "khash": null,
      "viewCount": null,
      "duration": "36:59",
      "size": 35504532
    },
    {
      "id": "bb894150-8398-4134-9e89-bb1f9ffc737f",
      "pid": "8345dac9-94ed-4def-b0b2-de3b55f4c5b2",
      "dblevel": 4,
      "location": "/VGMA/HocKinhThanhTheoSach/50_Phi-lipJM/42-Phi021416-HayThoiThanVan-2",
      "isVideo": false,
      "url": "hoc-kinh-thanh-theo-sach.50-phi-lip-jm.42-phi021416-hay-thoi-than-van-2",
      "name": "42-Phi021416-Hãy Thôi Than Vãn-2",
      "count": 0,
      "isLeaf": null,
      "keyword": null,
      "hash": "U2FsdGVkX1/Sdm+gp03m2sFuVoUoqj/FDGWYAtNe5pR6yKea1IZPkS9xfUGCE15qrrFsADaw6NTuuj0vvOKFTQ==",
      "khash": "U2FsdGVkX18EyQyV3uclCYEkY36ReIqHBjLZD2VSf4C4pqKzJFoMR1Du+vQV6Hhbt9+eoSvFbcW/ggDp+wOPRg==",
      "viewCount": null,
      "duration": "29:20",
      "size": 28172274
    },
    {
      "id": "e43c75f7-77b5-4123-a8aa-904cdd1df8e3",
      "pid": "8345dac9-94ed-4def-b0b2-de3b55f4c5b2",
      "dblevel": 4,
      "location": "/VGMA/HocKinhThanhTheoSach/50_Phi-lipJM/43-Phi021416-HayThoiThanVan-3",
      "isVideo": false,
      "url": "hoc-kinh-thanh-theo-sach.50-phi-lip-jm.43-phi021416-hay-thoi-than-van-3",
      "name": "43-Phi021416-Hãy Thôi Than Vãn-3",
      "count": 0,
      "isLeaf": null,
      "keyword": null,
      "hash": "U2FsdGVkX19iyF53H/fQd5ar3aQRhiVJZYGeITYKnammj5VuxIsLP4PzbCbD3WiW0hCGZSYhh9b7r5fCWOcUUQ==",
      "khash": "U2FsdGVkX1+5sEqUo+TLX8OiIQ7SJ7xYBv/k9FlQQsFTj/1k2E81wWXMoqf2fAA07POhaMpwSYejxLUJdgc+mQ==",
      "viewCount": null,
      "duration": "25:37",
      "size": 24602902
    },
    {
      "id": "9324d8b5-c84f-4a55-8bb2-132eb4a3227b",
      "pid": "8345dac9-94ed-4def-b0b2-de3b55f4c5b2",
      "dblevel": 4,
      "location": "/VGMA/HocKinhThanhTheoSach/50_Phi-lipJM/44-Phi021718-Phao-lo-DayToThuocLinh-1",
      "isVideo": false,
      "url": "hoc-kinh-thanh-theo-sach.50-phi-lip-jm.44-phi021718-phao-lo-day-to-thuoc-linh-1",
      "name": "44-Phi021718-Phao-lô - Đầy Tớ Thuộc Linh-1",
      "count": 0,
      "isLeaf": null,
      "keyword": null,
      "hash": "U2FsdGVkX19FVrgfCohc36NDyQs4IUvtqLJB+eu25IdHagdA3yShadcJGZ5M8Qpl7YaszQjA246nccjNgjJ3HA==",
      "khash": "U2FsdGVkX1+S5TI/wxSzuEqeRrZM1vr8vpI4VadIjOXsVxncdX6DB+tW98T98HiRrORHzGkyO2aNcMt9rcI4yQ==",
      "viewCount": null,
      "duration": "32:56",
      "size": 31619601
    },
    {
      "id": "18704c02-932f-4c0c-aca6-22b87d6ca109",
      "pid": "8345dac9-94ed-4def-b0b2-de3b55f4c5b2",
      "dblevel": 4,
      "location": "/VGMA/HocKinhThanhTheoSach/50_Phi-lipJM/45-Phi021718-Phao-lo-DayToThuocLinh-2",
      "isVideo": false,
      "url": "hoc-kinh-thanh-theo-sach.50-phi-lip-jm.45-phi021718-phao-lo-day-to-thuoc-linh-2",
      "name": "45-Phi021718-Phao-lô - Đầy Tớ Thuộc Linh-2",
      "count": 0,
      "isLeaf": null,
      "keyword": null,
      "hash": "U2FsdGVkX18GuASHDuUspf3o5wX54BOGAz8V5+J2Ya9L1+GpwoQhD9L6SO6kyC5tvkJ979clxZv0/PRKZMmSeQ==",
      "khash": "U2FsdGVkX1+gt/x4R5nVFiM8ErDbFyRl8UnwPiUM/ppbv4c5SYbs+nSNhYMOZCY1ERpsUqeA+Y4yeUF4qCsgtA==",
      "viewCount": null,
      "duration": "33:16",
      "size": 31946863
    },
    {
      "id": "f6d25497-52d6-49a3-86e1-9bdb3d88c747",
      "pid": "8345dac9-94ed-4def-b0b2-de3b55f4c5b2",
      "dblevel": 4,
      "location": "/VGMA/HocKinhThanhTheoSach/50_Phi-lipJM/46-Phi021924-Timothe-DayToThuocLinh-1",
      "isVideo": false,
      "url": "hoc-kinh-thanh-theo-sach.50-phi-lip-jm.46-phi021924-timothe-day-to-thuoc-linh-1",
      "name": "46-Phi021924-Timothe - Đầy Tớ Thuộc Linh-1",
      "count": 0,
      "isLeaf": null,
      "keyword": null,
      "hash": "U2FsdGVkX18u9oW34BGrZCrXN8qV752dM7pCqt8kyuGbYYOb9rnzyBVPfVV10kr9ioEw/RTxH3vPx4rJeQ4CGA==",
      "khash": null,
      "viewCount": null,
      "duration": "34:10",
      "size": 32806187
    },
    {
      "id": "3a5b92a3-81e1-418d-8098-f80fe955792d",
      "pid": "8345dac9-94ed-4def-b0b2-de3b55f4c5b2",
      "dblevel": 4,
      "location": "/VGMA/HocKinhThanhTheoSach/50_Phi-lipJM/47-Phi021924-Timothe-DayToThuocLinh-2",
      "isVideo": false,
      "url": "hoc-kinh-thanh-theo-sach.50-phi-lip-jm.47-phi021924-timothe-day-to-thuoc-linh-2",
      "name": "47-Phi021924-Timothe - Đầy Tớ Thuộc Linh-2",
      "count": 0,
      "isLeaf": null,
      "keyword": null,
      "hash": "U2FsdGVkX1+s9VSfBHSyhIS/wpD7MJuUmDZy42U6vsSeDxiEkH9fXPuNN2TdmQ0eGeNOXobh/IHF013930GA3w==",
      "khash": "U2FsdGVkX1+ZTz8/cFW7bvCxCy2AGXx1FWjNgaMczmvTnDAloRlxeaxNS4qcsizF+gJSPPMRR2dkdc2LTnBBwA==",
      "viewCount": null,
      "duration": "32:25",
      "size": 31121812
    },
    {
      "id": "f365c321-d066-413b-8e87-030f69294855",
      "pid": "8345dac9-94ed-4def-b0b2-de3b55f4c5b2",
      "dblevel": 4,
      "location": "/VGMA/HocKinhThanhTheoSach/50_Phi-lipJM/48-Phi022530-Ep-ba-pho-dich-DayToThuocLinh-1",
      "isVideo": false,
      "url": "hoc-kinh-thanh-theo-sach.50-phi-lip-jm.48-phi022530-ep-ba-pho-dich-day-to-thuoc-linh-1",
      "name": "48-Phi022530-Ép-ba-phô-đích - Đầy Tớ Thuộc Linh-1",
      "count": 0,
      "isLeaf": null,
      "keyword": null,
      "hash": "U2FsdGVkX1+aVuj8RyJ5Cl0V3cfHGid0RQxbmkD4KqPv6DdrX6fIV8yaLeNeEGgQQRyt06eNOWgTR2weEeBZYg==",
      "khash": null,
      "viewCount": null,
      "duration": "32:24",
      "size": 31107183
    },
    {
      "id": "9615299e-de0a-430c-8ce2-2123bc857486",
      "pid": "8345dac9-94ed-4def-b0b2-de3b55f4c5b2",
      "dblevel": 4,
      "location": "/VGMA/HocKinhThanhTheoSach/50_Phi-lipJM/49-Phi022530-Ep-ba-pho-dich-DayToThuocLinh-2",
      "isVideo": false,
      "url": "hoc-kinh-thanh-theo-sach.50-phi-lip-jm.49-phi022530-ep-ba-pho-dich-day-to-thuoc-linh-2",
      "name": "49-Phi022530-Ép-ba-phô-đích - Đầy Tớ Thuộc Linh-2",
      "count": 0,
      "isLeaf": null,
      "keyword": null,
      "hash": "U2FsdGVkX1/9VJFx2E436SbqFzhXeboDjVG3scHd9U59LlRyQtNld6Cr5hXikAyB2O12ftIgQGdf3g4gXIO0tg==",
      "khash": "U2FsdGVkX18w8/7Ow3Dm5cS5DubNr59H35uDRblhJA3r5HflZ4JAqyb7W969yIGzKDj9bnUZt4Z1cTf2XCIIFA==",
      "viewCount": null,
      "duration": "29:39",
      "size": 28465263
    },
    {
      "id": "31e52f72-24ac-47cd-938b-6511111ab545",
      "pid": "8345dac9-94ed-4def-b0b2-de3b55f4c5b2",
      "dblevel": 4,
      "location": "/VGMA/HocKinhThanhTheoSach/50_Phi-lipJM/50-Phi030103-PhamHanhDacTrungCoDocNhan-1",
      "isVideo": false,
      "url": "hoc-kinh-thanh-theo-sach.50-phi-lip-jm.50-phi030103-pham-hanh-dac-trung-co-doc-nhan-1",
      "name": "50-Phi030103-Phẩm Hạnh Đặc Trưng Cơ Đốc Nhân-1",
      "count": 0,
      "isLeaf": null,
      "keyword": null,
      "hash": "U2FsdGVkX1+8igXtIMYnBdTuSZB6FlqmJMGYCntlWMWc2MRA6Bw3tXlim17wMvuTVG7Y92xg0c0+kVypv01+Ig==",
      "khash": "U2FsdGVkX18rJBJRvuivpAu9RnijdgfI/JY57Tl8Zt5kQkUAdxSvKlFnHc8lF8a5KjEo5WvaTUaHz7jhN61QXA==",
      "viewCount": null,
      "duration": "40:16",
      "size": 38664721
    },
    {
      "id": "3cb5abca-9dd0-46b5-9dcf-014fbc88970a",
      "pid": "8345dac9-94ed-4def-b0b2-de3b55f4c5b2",
      "dblevel": 4,
      "location": "/VGMA/HocKinhThanhTheoSach/50_Phi-lipJM/51-Phi030103-PhamHanhDacTrungCoDocNhan-2",
      "isVideo": false,
      "url": "hoc-kinh-thanh-theo-sach.50-phi-lip-jm.51-phi030103-pham-hanh-dac-trung-co-doc-nhan-2",
      "name": "51-Phi030103-Phẩm Hạnh Đặc Trưng Cơ Đốc Nhân-2",
      "count": 0,
      "isLeaf": null,
      "keyword": null,
      "hash": "U2FsdGVkX1+EASmLbihRbwvc6Fhq80beQFctwgqxpBdmNqRMBeEzrGvI53Nj20LcrWWfOz5UfHJ2JQ9DKWe1zA==",
      "khash": "U2FsdGVkX1++wkZW8JaGoqHwDBoWoeyN8fPOlpgtmor4CnFkfhbqdOnJJEGQmMchqsFtfBubzri+P2EhqBuu0g==",
      "viewCount": null,
      "duration": "27:3",
      "size": 25968375
    },
    {
      "id": "1d9df314-5229-4efb-a303-4e777a697923",
      "pid": "8345dac9-94ed-4def-b0b2-de3b55f4c5b2",
      "dblevel": 4,
      "location": "/VGMA/HocKinhThanhTheoSach/50_Phi-lipJM/52-Phi030103-PhamHanhDacTrungCoDocNhan-3",
      "isVideo": false,
      "url": "hoc-kinh-thanh-theo-sach.50-phi-lip-jm.52-phi030103-pham-hanh-dac-trung-co-doc-nhan-3",
      "name": "52-Phi030103-Phẩm Hạnh Đặc Trưng Cơ Đốc Nhân-3",
      "count": 0,
      "isLeaf": null,
      "keyword": null,
      "hash": "U2FsdGVkX18b89eNBDfPbMClDtiGinkTbbwIfxRhMRAUjKQ/tkiO56CFuzlgNRACKqM7rsW2fWLJKeVpCagNyg==",
      "khash": null,
      "viewCount": null,
      "duration": "26:55",
      "size": 25841315
    },
    {
      "id": "16a49f3d-c106-4832-be64-95ede23d4c5d",
      "pid": "8345dac9-94ed-4def-b0b2-de3b55f4c5b2",
      "dblevel": 4,
      "location": "/VGMA/HocKinhThanhTheoSach/50_Phi-lipJM/53-Phi030103-PhamHanhDacTrungCoDocNhan-4",
      "isVideo": false,
      "url": "hoc-kinh-thanh-theo-sach.50-phi-lip-jm.53-phi030103-pham-hanh-dac-trung-co-doc-nhan-4",
      "name": "53-Phi030103-Phẩm Hạnh Đặc Trưng Cơ Đốc Nhân-4",
      "count": 0,
      "isLeaf": null,
      "keyword": null,
      "hash": "U2FsdGVkX1+nxk/EJTRikLUYJHExspCnd73BoihdjvvH+h5OopoOlCFHvwxXBDbWxTf1MyldJzyMkg41fBEExg==",
      "khash": "U2FsdGVkX1/8UMOTKr7f8HtH+EUL4QPyQozojmC7Vq99HkOzgMH7SeEAlW0DVPMqD9SwrotT/nh/d0xjzE4CxQ==",
      "viewCount": null,
      "duration": "33:27",
      "size": 32116555
    },
    {
      "id": "8d7566ce-6372-47bd-a00e-3aa618c27bb4",
      "pid": "8345dac9-94ed-4def-b0b2-de3b55f4c5b2",
      "dblevel": 4,
      "location": "/VGMA/HocKinhThanhTheoSach/50_Phi-lipJM/54-Phi030103-PhamHanhDacTrungCoDocNhan-5",
      "isVideo": false,
      "url": "hoc-kinh-thanh-theo-sach.50-phi-lip-jm.54-phi030103-pham-hanh-dac-trung-co-doc-nhan-5",
      "name": "54-Phi030103-Phẩm Hạnh Đặc Trưng Cơ Đốc Nhân-5",
      "count": 0,
      "isLeaf": null,
      "keyword": null,
      "hash": "U2FsdGVkX1//2+O/n+QwNiswfhBVisr4tNO5Cpr++w74Yc+3AhcmGf6n7KgBWg0tQ6Si+kBLl1FQOHWMeY2laA==",
      "khash": null,
      "viewCount": null,
      "duration": "26:42",
      "size": 25637351
    },
    {
      "id": "a23c7dcd-8773-4246-8fb8-4ff2fc1bf05c",
      "pid": "8345dac9-94ed-4def-b0b2-de3b55f4c5b2",
      "dblevel": 4,
      "location": "/VGMA/HocKinhThanhTheoSach/50_Phi-lipJM/55-Phi030103-PhamHanhDacTrungCoDocNhan-6",
      "isVideo": false,
      "url": "hoc-kinh-thanh-theo-sach.50-phi-lip-jm.55-phi030103-pham-hanh-dac-trung-co-doc-nhan-6",
      "name": "55-Phi030103-Phẩm Hạnh Đặc Trưng Cơ Đốc Nhân-6",
      "count": 0,
      "isLeaf": null,
      "keyword": null,
      "hash": "U2FsdGVkX1+x2FfOK5RBPBgTnv3sUX5wa32sKdrn0od1GbHuSaHnvnIf3sIG21ipqTzR5hWhB+NkqUt5IlGjhQ==",
      "khash": null,
      "viewCount": null,
      "duration": "28:55",
      "size": 27774377
    },
    {
      "id": "2ce2e22b-ac33-482a-b437-b60ea7eaa3c2",
      "pid": "8345dac9-94ed-4def-b0b2-de3b55f4c5b2",
      "dblevel": 4,
      "location": "/VGMA/HocKinhThanhTheoSach/50_Phi-lipJM/56-Phi030103-PhamHanhDacTrungCoDocNhan-7",
      "isVideo": false,
      "url": "hoc-kinh-thanh-theo-sach.50-phi-lip-jm.56-phi030103-pham-hanh-dac-trung-co-doc-nhan-7",
      "name": "56-Phi030103-Phẩm Hạnh Đặc Trưng Cơ Đốc Nhân-7",
      "count": 0,
      "isLeaf": null,
      "keyword": null,
      "hash": "U2FsdGVkX1+E4XeOkdr5ondbvgFC6No5L/I+n8jAv4rhEZWm/U9vj/CVMPN1vt4ysCi5/WK2iZKOkaMIiR5g+Q==",
      "khash": null,
      "viewCount": null,
      "duration": "25:23",
      "size": 24371771
    },
    {
      "id": "49bd6d9d-b860-42de-a757-82370bf55738",
      "pid": "8345dac9-94ed-4def-b0b2-de3b55f4c5b2",
      "dblevel": 4,
      "location": "/VGMA/HocKinhThanhTheoSach/50_Phi-lipJM/57-Phi030408-NhungDieuVoNghiaTruocMatDucChuaTroi-1",
      "isVideo": false,
      "url": "hoc-kinh-thanh-theo-sach.50-phi-lip-jm.57-phi030408-nhung-dieu-vo-nghia-truoc-mat-duc-chua-troi-1",
      "name": "57-Phi030408-Những Điều Vô Nghĩa Trước Mặt Đức Chúa Trời-1",
      "count": 0,
      "isLeaf": null,
      "keyword": null,
      "hash": "U2FsdGVkX1//e1H/oKFyJyZxNhrYYray+6gfwZh4stoU+9X5NZW+lBXPgbU6zWxQuIVHXHGeWSTRHCfUZgiaxQ==",
      "khash": null,
      "viewCount": null,
      "duration": "33:35",
      "size": 32252809
    },
    {
      "id": "d7228c0f-3c2f-480d-a9e9-842f5b69c608",
      "pid": "8345dac9-94ed-4def-b0b2-de3b55f4c5b2",
      "dblevel": 4,
      "location": "/VGMA/HocKinhThanhTheoSach/50_Phi-lipJM/58-Phi030408-NhungDieuVoNghiaTruocMatDucChuaTroi-2",
      "isVideo": false,
      "url": "hoc-kinh-thanh-theo-sach.50-phi-lip-jm.58-phi030408-nhung-dieu-vo-nghia-truoc-mat-duc-chua-troi-2",
      "name": "58-Phi030408-Những Điều Vô Nghĩa Trước Mặt Đức Chúa Trời-2",
      "count": 0,
      "isLeaf": null,
      "keyword": null,
      "hash": "U2FsdGVkX18geVoDwuoIG45+7bRfst1KO1sqRfgxH9DYrf3h4YBCvjZGj+hyRak0xGwCP08gPuywKlMKVddNQQ==",
      "khash": "U2FsdGVkX18oUsn3m1g6zksQt+R1y2EUjP4Qf2e+P22cCgrI/bbTGXnhATIWRykkv0gEiNlloYkxwobEoyAV2w==",
      "viewCount": null,
      "duration": "25:26",
      "size": 24421090
    },
    {
      "id": "8f39b687-c761-4657-a6a3-2a1e94b9b99a",
      "pid": "8345dac9-94ed-4def-b0b2-de3b55f4c5b2",
      "dblevel": 4,
      "location": "/VGMA/HocKinhThanhTheoSach/50_Phi-lipJM/59-Phi030811-DangChristLaQuyNhat-1",
      "isVideo": false,
      "url": "hoc-kinh-thanh-theo-sach.50-phi-lip-jm.59-phi030811-dang-christ-la-quy-nhat-1",
      "name": "59-Phi030811-Đấng Christ Là Quý Nhất-1",
      "count": 0,
      "isLeaf": null,
      "keyword": null,
      "hash": "U2FsdGVkX188qspubmPlxh18+I81s5gmP868rBTOTq7qYUEp5fkrQs42shZHKM3pRKHWGxQMFyz//ixKsAhUPQ==",
      "khash": "U2FsdGVkX18RB+EAJ+cEeRAjYEpP8GCC2fdOTomckM62LaOnd7AUNItezFYBcQkqXhERDkUlXvfhi1xOZ4N7Ug==",
      "viewCount": null,
      "duration": "29:18",
      "size": 28134240
    },
    {
      "id": "52b15b3a-c255-4114-998d-9a80468aada3",
      "pid": "8345dac9-94ed-4def-b0b2-de3b55f4c5b2",
      "dblevel": 4,
      "location": "/VGMA/HocKinhThanhTheoSach/50_Phi-lipJM/60-Phi030811-DangChristLaQuyNhat-2",
      "isVideo": false,
      "url": "hoc-kinh-thanh-theo-sach.50-phi-lip-jm.60-phi030811-dang-christ-la-quy-nhat-2",
      "name": "60-Phi030811-Đấng Christ Là Quý Nhất-2",
      "count": 0,
      "isLeaf": null,
      "keyword": null,
      "hash": "U2FsdGVkX18fc5uI5P5wjSnL6IM4PVHITkHY8vuq0P0Q2tP84StMc2DMLI0wJO9dtLdv+gkJE9wskw+lgyew+g==",
      "khash": null,
      "viewCount": null,
      "duration": "34:43",
      "size": 33331562
    },
    {
      "id": "c6efa94d-e733-403d-a4fc-ace66b3b326d",
      "pid": "8345dac9-94ed-4def-b0b2-de3b55f4c5b2",
      "dblevel": 4,
      "location": "/VGMA/HocKinhThanhTheoSach/50_Phi-lipJM/61-Phi031216-NhamMucDichMaChayDeGiutGiai-1",
      "isVideo": false,
      "url": "hoc-kinh-thanh-theo-sach.50-phi-lip-jm.61-phi031216-nham-muc-dich-ma-chay-de-giut-giai-1",
      "name": "61-Phi031216-Nhắm Mục Đích Mà Chạy Để Giựt Giải-1",
      "count": 0,
      "isLeaf": null,
      "keyword": null,
      "hash": "U2FsdGVkX19LsxbEwDkwur16cW2uP4iO2hrtktWlISeED1C/CUwMtpCCYi8YZ0YNKFiaBeUuLl6fec6IcQbo6g==",
      "khash": null,
      "viewCount": null,
      "duration": "34:46",
      "size": 33387569
    },
    {
      "id": "85fbf120-cea0-4921-95b5-ea1c643ab481",
      "pid": "8345dac9-94ed-4def-b0b2-de3b55f4c5b2",
      "dblevel": 4,
      "location": "/VGMA/HocKinhThanhTheoSach/50_Phi-lipJM/62-Phi031216-NhamMucDichMaChayDeGiutGiai-2",
      "isVideo": false,
      "url": "hoc-kinh-thanh-theo-sach.50-phi-lip-jm.62-phi031216-nham-muc-dich-ma-chay-de-giut-giai-2",
      "name": "62-Phi031216-Nhắm Mục Đích Mà Chạy Để Giựt Giải-2",
      "count": 0,
      "isLeaf": null,
      "keyword": null,
      "hash": "U2FsdGVkX1+36ttV6hlnkTXOI8wWesQLMUl/68gr8Q0AC8Mj4Ww31vMjU3UAlEBi9d/OERlBoXMz4/NxvCWYOw==",
      "khash": "U2FsdGVkX196rT+y5iqcNaGFVFEf7wl98WXlFg+uc3TlkvnwR1SwZ8gf0kNOABPJGqZRadB/GEjE+JhMdDu7vg==",
      "viewCount": null,
      "duration": "36:47",
      "size": 35318540
    },
    {
      "id": "f89459ec-eed2-4697-bfa5-7fb04ca09743",
      "pid": "8345dac9-94ed-4def-b0b2-de3b55f4c5b2",
      "dblevel": 4,
      "location": "/VGMA/HocKinhThanhTheoSach/50_Phi-lipJM/63-Phi031717-AnOTheoMauMuc-1",
      "isVideo": false,
      "url": "hoc-kinh-thanh-theo-sach.50-phi-lip-jm.63-phi031717-an-o-theo-mau-muc-1",
      "name": "63-Phi031717-Ăn Ở Theo Mẫu Mực-1",
      "count": 0,
      "isLeaf": null,
      "keyword": null,
      "hash": "U2FsdGVkX1+F81oQNYuEtrbQYG/5bATIzNqwI9VeyCV1XLpbhZWaQMWqyfbO2EpQhcnZwibTcG93nqCDqlzUnQ==",
      "khash": "U2FsdGVkX19JqoPX0Z0L2CJn8MrYALXEQ3c+tE0VBHEp3q1EXxcMoin0zL4BriR/ShrREfOixsSzuAOKEk3RvA==",
      "viewCount": null,
      "duration": "26:59",
      "size": 25916966
    },
    {
      "id": "757d5cfa-feb2-47f6-8496-8a0b99065f87",
      "pid": "8345dac9-94ed-4def-b0b2-de3b55f4c5b2",
      "dblevel": 4,
      "location": "/VGMA/HocKinhThanhTheoSach/50_Phi-lipJM/64-Phi031717-AnOTheoMauMuc-2",
      "isVideo": false,
      "url": "hoc-kinh-thanh-theo-sach.50-phi-lip-jm.64-phi031717-an-o-theo-mau-muc-2",
      "name": "64-Phi031717-Ăn Ở Theo Mẫu Mực-2",
      "count": 0,
      "isLeaf": null,
      "keyword": null,
      "hash": "U2FsdGVkX18/KADtNiXyMgYTSnqS9HJGY6sI3Jf/G65ylz3RNcbbgaxtH2AQeBkYYtczCXupmqbw2k4G2gSpmQ==",
      "khash": "U2FsdGVkX1/sMcD49n5Y5anTFJQ5r3VMkGbZfUz/7xZMlxtHqOtjnMF23nCWLmNqtWs32OwdYnXFXmccHZSWjw==",
      "viewCount": null,
      "duration": "25:17",
      "size": 24284417
    },
    {
      "id": "94948b50-99b6-4331-b02d-9638c3f86fc2",
      "pid": "8345dac9-94ed-4def-b0b2-de3b55f4c5b2",
      "dblevel": 4,
      "location": "/VGMA/HocKinhThanhTheoSach/50_Phi-lipJM/65-Phi031819-LanhXaKeThuNghich-1",
      "isVideo": false,
      "url": "hoc-kinh-thanh-theo-sach.50-phi-lip-jm.65-phi031819-lanh-xa-ke-thu-nghich-1",
      "name": "65-Phi031819-Lánh Xa Kẻ Thù Nghịch-1",
      "count": 0,
      "isLeaf": null,
      "keyword": null,
      "hash": "U2FsdGVkX1+sJI7RXCIvxuMUjNIU9WzmwtSKa8GLJJD9TYXCWFsVFYlsoFTbUgR2/xMCy3DwptTEVxw7KLSxXQ==",
      "khash": "U2FsdGVkX1/iTAcMv5xS6lKz1vMRzrJpqK2GX/Jw+3GvNoCdaZ9RukH+h2ORM7jUsRzX8fAG4+bLF1N/7gB9mw==",
      "viewCount": null,
      "duration": "31:8",
      "size": 29899699
    },
    {
      "id": "965233a0-23fc-4852-b1f0-02b7271b01ac",
      "pid": "8345dac9-94ed-4def-b0b2-de3b55f4c5b2",
      "dblevel": 4,
      "location": "/VGMA/HocKinhThanhTheoSach/50_Phi-lipJM/66-Phi031819-LanhXaKeThuNghich-2",
      "isVideo": false,
      "url": "hoc-kinh-thanh-theo-sach.50-phi-lip-jm.66-phi031819-lanh-xa-ke-thu-nghich-2",
      "name": "66-Phi031819-Lánh Xa Kẻ Thù Nghịch-2",
      "count": 0,
      "isLeaf": null,
      "keyword": null,
      "hash": "U2FsdGVkX1+tAVLvowtkLaTeeqUCEVLFzWaPeA25d3DiVB0cULWCmwaaXnM3tJgjYQDSQZt5tIpY/EGjtFqgag==",
      "khash": "U2FsdGVkX188xQgXQq2ZKJXDjmMAcYMgO4idPDr3gQpoTCkifrC1PP2U2x+FyfSiVmeysxQ8ufA2mjHSJOwJ+A==",
      "viewCount": null,
      "duration": "28:9",
      "size": 27036261
    },
    {
      "id": "f599ef7c-e54f-4425-ad3f-7461178212ce",
      "pid": "8345dac9-94ed-4def-b0b2-de3b55f4c5b2",
      "dblevel": 4,
      "location": "/VGMA/HocKinhThanhTheoSach/50_Phi-lipJM/67-Phi032021-TapChuVaoCoiDoiDoi-1",
      "isVideo": false,
      "url": "hoc-kinh-thanh-theo-sach.50-phi-lip-jm.67-phi032021-tap-chu-vao-coi-doi-doi-1",
      "name": "67-Phi032021-Tập Chú Vào Cõi Đời Đời-1",
      "count": 0,
      "isLeaf": null,
      "keyword": null,
      "hash": "U2FsdGVkX1+ism53iMVO0RPIey1ZagTwwy+mWxsa1BGe47+SFLjOybLkLZwymZXg7e3nhbJ1tGGTldEbuCpdIQ==",
      "khash": null,
      "viewCount": null,
      "duration": "36:39",
      "size": 35196496
    },
    {
      "id": "5414ae57-df17-40e2-aa5c-5a1691667b7f",
      "pid": "8345dac9-94ed-4def-b0b2-de3b55f4c5b2",
      "dblevel": 4,
      "location": "/VGMA/HocKinhThanhTheoSach/50_Phi-lipJM/68-Phi032021-TapChuVaoCoiDoiDoi-2",
      "isVideo": false,
      "url": "hoc-kinh-thanh-theo-sach.50-phi-lip-jm.68-phi032021-tap-chu-vao-coi-doi-doi-2",
      "name": "68-Phi032021-Tập Chú Vào Cõi Đời Đời-2",
      "count": 0,
      "isLeaf": null,
      "keyword": null,
      "hash": "U2FsdGVkX1+1Hoqun0d1TCuN/PLhLoIjQb+cCNCEfQd2VUAX5XQSx6Pye4VKF/l6006x8perrXHl+Y2nGx3nfw==",
      "khash": "U2FsdGVkX19z+8lzniUYBfZgXq6fwB450DHDs6l2jZ5Gd2p7/XB3xlussf9etPAqYxzGujorGvq0MAdeHmRyAQ==",
      "viewCount": null,
      "duration": "30:19",
      "size": 29113100
    },
    {
      "id": "16f50269-f88c-4ed4-a14b-b775f1b284ee",
      "pid": "8345dac9-94ed-4def-b0b2-de3b55f4c5b2",
      "dblevel": 4,
      "location": "/VGMA/HocKinhThanhTheoSach/50_Phi-lipJM/69-Phi040109-SuVungVangThuocLinh-1",
      "isVideo": false,
      "url": "hoc-kinh-thanh-theo-sach.50-phi-lip-jm.69-phi040109-su-vung-vang-thuoc-linh-1",
      "name": "69-Phi040109-Sự Vững Vàng Thuộc Linh-1",
      "count": 0,
      "isLeaf": null,
      "keyword": null,
      "hash": "U2FsdGVkX19OKXSVr3t9Q59gratho9IngZ3rYANj/dEvnArqW1RPC4cVEbcp+nIB8MHHaP0NFomiy0P+oXZe3g==",
      "khash": null,
      "viewCount": null,
      "duration": "25:29",
      "size": 24465812
    },
    {
      "id": "7b05899d-06cc-40f2-8232-83a565984af4",
      "pid": "8345dac9-94ed-4def-b0b2-de3b55f4c5b2",
      "dblevel": 4,
      "location": "/VGMA/HocKinhThanhTheoSach/50_Phi-lipJM/70-Phi040109-SuVungVangThuocLinh-2",
      "isVideo": false,
      "url": "hoc-kinh-thanh-theo-sach.50-phi-lip-jm.70-phi040109-su-vung-vang-thuoc-linh-2",
      "name": "70-Phi040109-Sự Vững Vàng Thuộc Linh-2",
      "count": 0,
      "isLeaf": null,
      "keyword": null,
      "hash": "U2FsdGVkX1+mdKmz1LG2rhCvNqtQiYtOWnuU1fDBvX9AOGAx9tzBhNPYyw0yXN5cI3R+GSDq6aRqehIdsGUoqA==",
      "khash": "U2FsdGVkX1+l3Foo7t+ue4AqWt6IuC41J6abN6Q4pb3z5NfOQ5SvtW025k/12QWLG/7gFZBRLxYyywS9911t3g==",
      "viewCount": null,
      "duration": "24:48",
      "size": 23811288
    },
    {
      "id": "0f4d9169-aa80-40d7-b56a-cfcdfd96b636",
      "pid": "8345dac9-94ed-4def-b0b2-de3b55f4c5b2",
      "dblevel": 4,
      "location": "/VGMA/HocKinhThanhTheoSach/50_Phi-lipJM/71-Phi040109-SuVungVangThuocLinh-3",
      "isVideo": false,
      "url": "hoc-kinh-thanh-theo-sach.50-phi-lip-jm.71-phi040109-su-vung-vang-thuoc-linh-3",
      "name": "71-Phi040109-Sự Vững Vàng Thuộc Linh-3",
      "count": 0,
      "isLeaf": null,
      "keyword": null,
      "hash": "U2FsdGVkX1/4HeXltKQwuCT86H0dXOuo3JOFNEhaOOCA2GzujOdsAOpOBZOI5oVJKrj/gE7QPeM41bNTFyk5ZQ==",
      "khash": "U2FsdGVkX191zJxnE6smesvLTsDjPZBAbsoRCEsb+SoYDQoCliOxwV53R/nTLYgRctcM8J4KFUYdDj0q833WRw==",
      "viewCount": null,
      "duration": "32:38",
      "size": 31335389
    },
    {
      "id": "fdabc423-c33b-4f96-be18-f56fdd9a8ee5",
      "pid": "8345dac9-94ed-4def-b0b2-de3b55f4c5b2",
      "dblevel": 4,
      "location": "/VGMA/HocKinhThanhTheoSach/50_Phi-lipJM/72-Phi040109-SuVungVangThuocLinh-4",
      "isVideo": false,
      "url": "hoc-kinh-thanh-theo-sach.50-phi-lip-jm.72-phi040109-su-vung-vang-thuoc-linh-4",
      "name": "72-Phi040109-Sự Vững Vàng Thuộc Linh-4",
      "count": 0,
      "isLeaf": null,
      "keyword": null,
      "hash": "U2FsdGVkX19SM9akWIi4K3Dr/JZI4YYjBx6cyj55+T9j25bNA9EALKQTsDSijtLHovpe4YccMqQEQd0POEQzzg==",
      "khash": null,
      "viewCount": null,
      "duration": "27:58",
      "size": 26849433
    },
    {
      "id": "d58753e7-3eab-4168-b4e1-cb3499ac4668",
      "pid": "8345dac9-94ed-4def-b0b2-de3b55f4c5b2",
      "dblevel": 4,
      "location": "/VGMA/HocKinhThanhTheoSach/50_Phi-lipJM/73-Phi040109-SuVungVangThuocLinh-5",
      "isVideo": false,
      "url": "hoc-kinh-thanh-theo-sach.50-phi-lip-jm.73-phi040109-su-vung-vang-thuoc-linh-5",
      "name": "73-Phi040109-Sự Vững Vàng Thuộc Linh-5",
      "count": 0,
      "isLeaf": null,
      "keyword": null,
      "hash": "U2FsdGVkX1/poR5G9BEDUYI/QoUO8LELy8C6wYlsrn3HoZD2NQodpOzEAq1udQERXP+dE7AN55ICxe1IXivYmA==",
      "khash": "U2FsdGVkX19lGM+z9DuX7vtYmT2T+wrb0FNQHk2qp/bmnUr5D8GBkR38fAa905Y9FiFIIipl7V911xxvVGgXSA==",
      "viewCount": null,
      "duration": "36:2",
      "size": 34597978
    },
    {
      "id": "4b7c4474-b572-44a4-a9c8-faeb02a35bee",
      "pid": "8345dac9-94ed-4def-b0b2-de3b55f4c5b2",
      "dblevel": 4,
      "location": "/VGMA/HocKinhThanhTheoSach/50_Phi-lipJM/74-Phi040109-SuVungVangThuocLinh-6",
      "isVideo": false,
      "url": "hoc-kinh-thanh-theo-sach.50-phi-lip-jm.74-phi040109-su-vung-vang-thuoc-linh-6",
      "name": "74-Phi040109-Sự Vững Vàng Thuộc Linh-6",
      "count": 0,
      "isLeaf": null,
      "keyword": null,
      "hash": "U2FsdGVkX18bNwzgwVlOIniifA7YMY6Nqa9fKWgWI+zJnOhx2VCMF3+XdwjR54zRgiWLA0zkEFcmYSfdqa8cng==",
      "khash": "U2FsdGVkX1+VMRx9iqb1t3TI8NWHElOtqUybS6JZOo0U5NJ7w2BfKCM2//8Ecnu7ocmo68s7x1CZtWJhLKHmUg==",
      "viewCount": null,
      "duration": "31:14",
      "size": 29994158
    },
    {
      "id": "b035daf4-7a8e-44df-82fb-7b773931fc25",
      "pid": "8345dac9-94ed-4def-b0b2-de3b55f4c5b2",
      "dblevel": 4,
      "location": "/VGMA/HocKinhThanhTheoSach/50_Phi-lipJM/75-Phi040109-SuVungVangThuocLinh-7",
      "isVideo": false,
      "url": "hoc-kinh-thanh-theo-sach.50-phi-lip-jm.75-phi040109-su-vung-vang-thuoc-linh-7",
      "name": "75-Phi040109-Sự Vững Vàng Thuộc Linh-7",
      "count": 0,
      "isLeaf": null,
      "keyword": null,
      "hash": "U2FsdGVkX194igQoPyjdrterwtUNRX9lpq3oE2feVO+eu08Y/jj41cPbjDVCx+Zm17BRoBx3U35Kf9FjszcxNA==",
      "khash": null,
      "viewCount": null,
      "duration": "26:28",
      "size": 25419595
    },
    {
      "id": "1d56741a-60b8-4494-8e35-9848bb7da670",
      "pid": "8345dac9-94ed-4def-b0b2-de3b55f4c5b2",
      "dblevel": 4,
      "location": "/VGMA/HocKinhThanhTheoSach/50_Phi-lipJM/76-Phi040109-SuVungVangThuocLinh-8",
      "isVideo": false,
      "url": "hoc-kinh-thanh-theo-sach.50-phi-lip-jm.76-phi040109-su-vung-vang-thuoc-linh-8",
      "name": "76-Phi040109-Sự Vững Vàng Thuộc Linh-8",
      "count": 0,
      "isLeaf": null,
      "keyword": null,
      "hash": "U2FsdGVkX1+KRRMsLW9e4+3187kPPrqUBp86RdYPcvN1uEhioJtrdA4XgX6tbTSWOkiH0o1vrIca7lzy/BnTkQ==",
      "khash": "U2FsdGVkX19WyjwWT6BLX6VzU995Pn7TFP3mzNhsIID3NxJ9R7Mu6YAdepkAoOFQ7myePDtkSzsoTRb3LuB9zA==",
      "viewCount": null,
      "duration": "22:55",
      "size": 22014899
    },
    {
      "id": "2cb243d5-69d2-42c9-9187-4e7d61b132ce",
      "pid": "8345dac9-94ed-4def-b0b2-de3b55f4c5b2",
      "dblevel": 4,
      "location": "/VGMA/HocKinhThanhTheoSach/50_Phi-lipJM/77-Phi040109-SuVungVangThuocLinh-9",
      "isVideo": false,
      "url": "hoc-kinh-thanh-theo-sach.50-phi-lip-jm.77-phi040109-su-vung-vang-thuoc-linh-9",
      "name": "77-Phi040109-Sự Vững Vàng Thuộc Linh-9",
      "count": 0,
      "isLeaf": null,
      "keyword": null,
      "hash": "U2FsdGVkX19F6xZ7o6oSAC92OWVONymhKDMPuqdhbC1gLE01ElfrUhfRi9SlkOUaDG8SyoD1xS40kTqLWsHoYQ==",
      "khash": "U2FsdGVkX1+m+63usxpg0hNg/a9Q0uQNJ2tTUGr3mzZZgjgSQEZ++gvIWATBrO6NgW8woHNXD6GOnxySYI2Urg==",
      "viewCount": null,
      "duration": "32:28",
      "size": 31176982
    },
    {
      "id": "c184458d-648d-406e-8e3c-a32b4523f5fc",
      "pid": "8345dac9-94ed-4def-b0b2-de3b55f4c5b2",
      "dblevel": 4,
      "location": "/VGMA/HocKinhThanhTheoSach/50_Phi-lipJM/78-Phi040109-SuVungVangThuocLinh-10",
      "isVideo": false,
      "url": "hoc-kinh-thanh-theo-sach.50-phi-lip-jm.78-phi040109-su-vung-vang-thuoc-linh-10",
      "name": "78-Phi040109-Sự Vững Vàng Thuộc Linh-10",
      "count": 0,
      "isLeaf": null,
      "keyword": null,
      "hash": "U2FsdGVkX185Tjcjsn+E8X7WEtSM0whLDtjTZgpy4/nwTn7F3qRlLeiCnbMYr8Yzz5COg7hjCP/znReBaoZLSw==",
      "khash": "U2FsdGVkX19+xlq9AUUYZ5q9YfVdJIYjxADziQ8cKzfiLmYB8KcTjcaVzlE21b/6mQNN+ueoI8oGypR4SS7ZWg==",
      "viewCount": null,
      "duration": "32:43",
      "size": 31411875
    },
    {
      "id": "13025491-b4e2-4209-b79a-b0ad356dd2e9",
      "pid": "8345dac9-94ed-4def-b0b2-de3b55f4c5b2",
      "dblevel": 4,
      "location": "/VGMA/HocKinhThanhTheoSach/50_Phi-lipJM/79-Phi040109-SuVungVangThuocLinh-11",
      "isVideo": false,
      "url": "hoc-kinh-thanh-theo-sach.50-phi-lip-jm.79-phi040109-su-vung-vang-thuoc-linh-11",
      "name": "79-Phi040109-Sự Vững Vàng Thuộc Linh-11",
      "count": 0,
      "isLeaf": null,
      "keyword": null,
      "hash": "U2FsdGVkX1+GcfjMwhbkcejP3mAf2fwsKAo7pc9pK8Ow67n+89Xabup4D4BSFhQQRd6tqzbf1UZEJ0wKzfg9fQ==",
      "khash": null,
      "viewCount": null,
      "duration": "27:7",
      "size": 26047787
    },
    {
      "id": "2019273d-bdcd-4979-bfc4-d45368271f78",
      "pid": "8345dac9-94ed-4def-b0b2-de3b55f4c5b2",
      "dblevel": 4,
      "location": "/VGMA/HocKinhThanhTheoSach/50_Phi-lipJM/80-Phi040109-SuVungVangThuocLinh-12",
      "isVideo": false,
      "url": "hoc-kinh-thanh-theo-sach.50-phi-lip-jm.80-phi040109-su-vung-vang-thuoc-linh-12",
      "name": "80-Phi040109-Sự Vững Vàng Thuộc Linh-12",
      "count": 0,
      "isLeaf": null,
      "keyword": null,
      "hash": "U2FsdGVkX1+A4LmyUiJlLW0Ru9+B9cx1Yh31ROZo9f/yWCcgYe5YVbFdpif+/D5wfN1ZgsCrJEhSiwPW/r8Rpw==",
      "khash": "U2FsdGVkX1+vutTUztw1UDWXb7M/IgVtwdBq6Otnhh6gLk6RGBavJq1IPn/MNybKO67Yn58FXFdGoFv6lKCmYQ==",
      "viewCount": null,
      "duration": "26:54",
      "size": 25826269
    },
    {
      "id": "304a1d57-2790-4a65-8613-be4f494251c3",
      "pid": "8345dac9-94ed-4def-b0b2-de3b55f4c5b2",
      "dblevel": 4,
      "location": "/VGMA/HocKinhThanhTheoSach/50_Phi-lipJM/81-Phi041019-BiQuyetSongThoaLong-1",
      "isVideo": false,
      "url": "hoc-kinh-thanh-theo-sach.50-phi-lip-jm.81-phi041019-bi-quyet-song-thoa-long-1",
      "name": "81-Phi041019-Bí Quyết Sống Thoả Lòng-1",
      "count": 0,
      "isLeaf": null,
      "keyword": null,
      "hash": "U2FsdGVkX18cz16k2h8d7BTfLZJX0OOfq+5IPogWw48+YbvfKu1KDDN8CiQ2egApFc2uY5XPdVSZZdEAWwBY+w==",
      "khash": null,
      "viewCount": null,
      "duration": "27:22",
      "size": 26281426
    },
    {
      "id": "1c2424d0-aec9-4ffe-a34b-8338fe71e7ef",
      "pid": "8345dac9-94ed-4def-b0b2-de3b55f4c5b2",
      "dblevel": 4,
      "location": "/VGMA/HocKinhThanhTheoSach/50_Phi-lipJM/82-Phi041019-BiQuyetSongThoaLong-2",
      "isVideo": false,
      "url": "hoc-kinh-thanh-theo-sach.50-phi-lip-jm.82-phi041019-bi-quyet-song-thoa-long-2",
      "name": "82-Phi041019-Bí Quyết Sống Thoả Lòng-2",
      "count": 0,
      "isLeaf": null,
      "keyword": null,
      "hash": "U2FsdGVkX18I77zasZFAZn7rbosKohse4XiBATuTyM1V89Raqz8BPDKVQtn6WSxJ8ZRv3ljyttyj/cGqDVDSVw==",
      "khash": "U2FsdGVkX18/KU1mw5COg9CwRICWSyeQTxEQreZtteqo6x8IfWOX9tF6sjJQJAM88dYNJt+Knd3NG+ZDgN750g==",
      "viewCount": null,
      "duration": "30:52",
      "size": 29634713
    },
    {
      "id": "da256e9f-48f7-4832-879e-e0ce241d3a1d",
      "pid": "8345dac9-94ed-4def-b0b2-de3b55f4c5b2",
      "dblevel": 4,
      "location": "/VGMA/HocKinhThanhTheoSach/50_Phi-lipJM/83-Phi041019-BiQuyetSongThoaLong-3",
      "isVideo": false,
      "url": "hoc-kinh-thanh-theo-sach.50-phi-lip-jm.83-phi041019-bi-quyet-song-thoa-long-3",
      "name": "83-Phi041019-Bí Quyết Sống Thoả Lòng-3",
      "count": 0,
      "isLeaf": null,
      "keyword": null,
      "hash": "U2FsdGVkX19Z4CoWubVbtc3Rr9MTERS+gZ0DOLwX0mkWk6NMj0VLfgRet5n0dr5caG0rkM+rt/lgRZ333ds4Iw==",
      "khash": "U2FsdGVkX1/XKyxAfAxKHtqif1P30marzDNP20GYQJqPkFY83ZGpU0NFd2Aj7s7eIFHXV6mRJaSIs5MumJMtBA==",
      "viewCount": null,
      "duration": "27:5",
      "size": 26011843
    },
    {
      "id": "7c50d4a2-9269-491f-8663-dfd9385ecbef",
      "pid": "8345dac9-94ed-4def-b0b2-de3b55f4c5b2",
      "dblevel": 4,
      "location": "/VGMA/HocKinhThanhTheoSach/50_Phi-lipJM/84-Phi041019-BiQuyetSongThoaLong-4",
      "isVideo": false,
      "url": "hoc-kinh-thanh-theo-sach.50-phi-lip-jm.84-phi041019-bi-quyet-song-thoa-long-4",
      "name": "84-Phi041019-Bí Quyết Sống Thoả Lòng-4",
      "count": 0,
      "isLeaf": null,
      "keyword": null,
      "hash": "U2FsdGVkX1/Mr9a6FH0pbr6G+mwlYW5zkg3mpRC/26A7qmbU+Gwc+XrG7UJRSTRIS8ABcuL2u6wo2K2kH7flmQ==",
      "khash": "U2FsdGVkX18q7Y6YCVMJNn1Wi0AP1RVoTubtoBpxKVLX+/tNQdRfTq3BmEj4X4PxWu4/zVdb6PXgk3YbUyU81A==",
      "viewCount": null,
      "duration": "25:18",
      "size": 24303644
    },
    {
      "id": "66cbf2aa-4405-4c85-99a7-e11d83eaed24",
      "pid": "8345dac9-94ed-4def-b0b2-de3b55f4c5b2",
      "dblevel": 4,
      "location": "/VGMA/HocKinhThanhTheoSach/50_Phi-lipJM/85-Phi041019-BiQuyetSongThoaLong-5",
      "isVideo": false,
      "url": "hoc-kinh-thanh-theo-sach.50-phi-lip-jm.85-phi041019-bi-quyet-song-thoa-long-5",
      "name": "85-Phi041019-Bí Quyết Sống Thoả Lòng-5",
      "count": 0,
      "isLeaf": null,
      "keyword": null,
      "hash": "U2FsdGVkX19/V0SCiXTN4AFvRmX/bJJPe2l4cKcbOD/Pvk11/exzmnjuNnWqUxeFuXUqqGMbNrSThwWDwqpxhA==",
      "khash": "U2FsdGVkX183DttGJ0GlT4+WL3zUc36QvpBQwUI6gLgwpYm7ZQykSDpEgUtvKBDOk8vEDZTACtAK7T/dWSdO7Q==",
      "viewCount": null,
      "duration": "27:36",
      "size": 26503781
    },
    {
      "id": "96a77864-c613-4db8-b046-787074aa8b9e",
      "pid": "8345dac9-94ed-4def-b0b2-de3b55f4c5b2",
      "dblevel": 4,
      "location": "/VGMA/HocKinhThanhTheoSach/50_Phi-lipJM/86-Phi041019-BiQuyetSongThoaLong-6",
      "isVideo": false,
      "url": "hoc-kinh-thanh-theo-sach.50-phi-lip-jm.86-phi041019-bi-quyet-song-thoa-long-6",
      "name": "86-Phi041019-Bí Quyết Sống Thoả Lòng-6",
      "count": 0,
      "isLeaf": null,
      "keyword": null,
      "hash": "U2FsdGVkX184rbuI7wrfcgIFrwAjJVB2fov+KQ40Bw91bvOXG/hCVim2SUUzWoUr3KMk+Mg4XiwRQUX8MI5Pvw==",
      "khash": "U2FsdGVkX19KIfsWe+hhLlzMaziTg5kNjtOXauQyHpACv8qV4RQP0Q0YdlfcLoTIYJbuUMz7HMvEMh/to74TQw==",
      "viewCount": null,
      "duration": "24:41",
      "size": 23698857
    },
    {
      "id": "c0cc3192-bfa0-4d12-a509-a2624882d283",
      "pid": "8345dac9-94ed-4def-b0b2-de3b55f4c5b2",
      "dblevel": 4,
      "location": "/VGMA/HocKinhThanhTheoSach/50_Phi-lipJM/87-Phi042023-ThanhDoTrongDangChrist-1",
      "isVideo": false,
      "url": "hoc-kinh-thanh-theo-sach.50-phi-lip-jm.87-phi042023-thanh-do-trong-dang-christ-1",
      "name": "87-Phi042023-Thánh Đồ Trong Đấng Christ-1",
      "count": 0,
      "isLeaf": null,
      "keyword": null,
      "hash": "U2FsdGVkX1+yeVUmqwFS3jXd23YQojg6+y3rbxh9kakknKf7jMoQNQz8eDdGq7eg/UvBzQqmiiCLoHwcyLyLGw==",
      "khash": "U2FsdGVkX19cIKtMsOk4uNn+bufFGmoEBQ2OtkcDzA/rsQUQt9Shr3y0C9vDIW3y/hJ7DOMCkUrJibZUnKKmAQ==",
      "viewCount": null,
      "duration": "35:11",
      "size": 33785466
    },
    {
      "id": "6387afa8-9d30-4db9-b47b-103e23c450e5",
      "pid": "8345dac9-94ed-4def-b0b2-de3b55f4c5b2",
      "dblevel": 4,
      "location": "/VGMA/HocKinhThanhTheoSach/50_Phi-lipJM/88-Phi042023-ThanhDoTrongDangChrist-2",
      "isVideo": false,
      "url": "hoc-kinh-thanh-theo-sach.50-phi-lip-jm.88-phi042023-thanh-do-trong-dang-christ-2",
      "name": "88-Phi042023-Thánh Đồ Trong Đấng Christ-2",
      "count": 0,
      "isLeaf": null,
      "keyword": null,
      "hash": "U2FsdGVkX18npVWwxFgMnclTLnSm0Hp8AF5e2rvv4z0j90j4r6bUOAqLpr9elr8hO3cetzE2aHqRecg2cOALMw==",
      "khash": "U2FsdGVkX18BW5LLTiA5lCtC8sqR2atbScsVFL3WUWNWsC7gNVx2MThS4ZxY0m1k4TuCph44fZEbP7S/49xE8Q==",
      "viewCount": null,
      "duration": "35:27",
      "size": 34035823
    }
  ]
}