{
  "id": "f2032591-525b-4c50-94d8-6da96733a64a",
  "pid": "e6ba0e06-964b-4f38-abe3-49308863b5fc",
  "dblevel": 3,
  "location": "/VGMA/HocTheoChuDe/PhanBienDucTin",
  "isVideo": false,
  "url": "hoc-theo-chu-de.phan-bien-duc-tin",
  "name": "Phân Biện Đức Tin",
  "count": 52,
  "isLeaf": true,
  "keyword": null,
  "hash": null,
  "khash": null,
  "viewCount": null,
  "duration": null,
  "size": null,
  "children": [
    {
      "id": "ceae4b82-e82a-49d9-acc0-12ac8564ab8b",
      "pid": "f2032591-525b-4c50-94d8-6da96733a64a",
      "dblevel": 4,
      "location": "/VGMA/HocTheoChuDe/PhanBienDucTin/01-LeThatCanBan01-TieuChuanPhanBien",
      "isVideo": false,
      "url": "hoc-theo-chu-de.phan-bien-duc-tin.01-le-that-can-ban-01-tieu-chuan-phan-bien",
      "name": "01-Lẽ Thật Căn Bản 01-Tiêu Chuẩn Phân Biện",
      "count": 0,
      "isLeaf": null,
      "keyword": null,
      "hash": "U2FsdGVkX1+zkqq7MRG2KnjoVMzuhgg3VmIIuu7V/0eAQqRwfvTrwUcTzy5mi7Z8Lar8+C3xnUAzLTDTux7NWQ==",
      "khash": "U2FsdGVkX18PkbkOYbasAKBc7LAIueThXMImNtY+cWR0P3lgmFAg09pBxvg9ah23kiUpltGUkqXdOs3UWsgTRg==",
      "viewCount": null,
      "duration": "27:23",
      "size": 26290907
    },
    {
      "id": "681110a2-b8b2-491d-80d0-8643dca8e1c2",
      "pid": "f2032591-525b-4c50-94d8-6da96733a64a",
      "dblevel": 4,
      "location": "/VGMA/HocTheoChuDe/PhanBienDucTin/02-LeThatCanBan02-TaGiaoLaChuyenNoiBo",
      "isVideo": false,
      "url": "hoc-theo-chu-de.phan-bien-duc-tin.02-le-that-can-ban-02-ta-giao-la-chuyen-noi-bo",
      "name": "02-Lẽ Thật Căn Bản 02-Tà Giáo Là Chuyện Nội Bộ",
      "count": 0,
      "isLeaf": null,
      "keyword": null,
      "hash": "U2FsdGVkX1/FIjwhYWNKv8PKYWokGw8N6xDyT7B2AP9elFJt9CSjugN8HktpNFNLIByG8okeMHdXvhqqIuHmTQ==",
      "khash": "U2FsdGVkX1/DUpIq9S4ly5NEecuzq915qjqrzoj9g3N56/1F9w8xQtdhHLTfbdrHTjBM3L/uiT5CKdW4JmLv0A==",
      "viewCount": null,
      "duration": "28:11",
      "size": 27069573
    },
    {
      "id": "5b94a27d-f494-4dee-ace2-0995f8ca8ee5",
      "pid": "f2032591-525b-4c50-94d8-6da96733a64a",
      "dblevel": 4,
      "location": "/VGMA/HocTheoChuDe/PhanBienDucTin/03-LeThatCanBan03-VanDeNghiemTrong",
      "isVideo": false,
      "url": "hoc-theo-chu-de.phan-bien-duc-tin.03-le-that-can-ban-03-van-de-nghiem-trong",
      "name": "03-Lẽ Thật Căn Bản 03-Vấn Đề Nghiêm Trọng",
      "count": 0,
      "isLeaf": null,
      "keyword": null,
      "hash": "U2FsdGVkX1+v5TPwr9tpJAkgWwfa8SAxQEdvKgNE9YlGEv+uWJ6VNDEAx7H2YSLapCYXBJ8hT3qZWscg2RgFHQ==",
      "khash": null,
      "viewCount": null,
      "duration": "28:54",
      "size": 27760031
    },
    {
      "id": "8220b404-79d8-4f0d-b2d8-d02213b70cf4",
      "pid": "f2032591-525b-4c50-94d8-6da96733a64a",
      "dblevel": 4,
      "location": "/VGMA/HocTheoChuDe/PhanBienDucTin/04-LeThatCanBan04-HaiCauHoi",
      "isVideo": false,
      "url": "hoc-theo-chu-de.phan-bien-duc-tin.04-le-that-can-ban-04-hai-cau-hoi",
      "name": "04-Lẽ Thật Căn Bản 04-Hai Câu Hỏi",
      "count": 0,
      "isLeaf": null,
      "keyword": null,
      "hash": "U2FsdGVkX19QZsTKYKgzhaY230HY9WtwpR2BbRt8/CRn8wAE7uwcMAzr+mGRomsB0Zch17UT+02z7XXq6lhKqQ==",
      "khash": "U2FsdGVkX19lhds7DkpjcosFCHjrUMeWZsuFWEqNHW40NpwkZgq/DV+TQ2u2HzGp3dGnmV2LlgillngChSA77A==",
      "viewCount": null,
      "duration": "29:46",
      "size": 28587992
    },
    {
      "id": "d2f0c8e1-9ceb-4c51-8d0c-5fad5250563e",
      "pid": "f2032591-525b-4c50-94d8-6da96733a64a",
      "dblevel": 4,
      "location": "/VGMA/HocTheoChuDe/PhanBienDucTin/05-NenTangKinhThanh01-KhongTheoYRieng",
      "isVideo": false,
      "url": "hoc-theo-chu-de.phan-bien-duc-tin.05-nen-tang-kinh-thanh-01-khong-theo-y-rieng",
      "name": "05-Nền Tảng Kinh Thánh 01-Không Theo Ý Riêng",
      "count": 0,
      "isLeaf": null,
      "keyword": null,
      "hash": "U2FsdGVkX19gvYPfp95O9NshoxV6By3qeqVfqH7tgq6ahlaX8cYT2dmR3valORm5PYRK2MZHKQ6AkrE+4Ae97g==",
      "khash": "U2FsdGVkX19M4LWB+SziBmmvzHFYKF/YZw9qd8AHAS++/dcsxkJ1Agm7khYd5QRGfrXAoMslOhaIXasLj5ZeTg==",
      "viewCount": null,
      "duration": "29:57",
      "size": 28759378
    },
    {
      "id": "54e57274-c708-4584-9c94-b1c25e97e831",
      "pid": "f2032591-525b-4c50-94d8-6da96733a64a",
      "dblevel": 4,
      "location": "/VGMA/HocTheoChuDe/PhanBienDucTin/06-NenTangKinhThanh02-KhongTranhCai",
      "isVideo": false,
      "url": "hoc-theo-chu-de.phan-bien-duc-tin.06-nen-tang-kinh-thanh-02-khong-tranh-cai",
      "name": "06-Nền Tảng Kinh Thánh 02-Không Tranh Cãi",
      "count": 0,
      "isLeaf": null,
      "keyword": null,
      "hash": "U2FsdGVkX1/eNoRWxt8A0JCXwwy6DIy78eJT34mgBqK2Esakt0XFNBFfR0Tph3kRGnWurC2giH4WsuHHczyKGw==",
      "khash": "U2FsdGVkX1/GGEdkzc5MIs/5e3JFRt4tSU4vfbHbVy9TSdwlc+LHo3tleLHl9On4c+AnLTyigkS5AhUOgk1U3g==",
      "viewCount": null,
      "duration": "25:18",
      "size": 24292224
    },
    {
      "id": "1d3d7af1-6d26-4678-8b25-e7cdcee6fc0e",
      "pid": "f2032591-525b-4c50-94d8-6da96733a64a",
      "dblevel": 4,
      "location": "/VGMA/HocTheoChuDe/PhanBienDucTin/07-NenTangKinhThanh03-GiangDayChinhXac",
      "isVideo": false,
      "url": "hoc-theo-chu-de.phan-bien-duc-tin.07-nen-tang-kinh-thanh-03-giang-day-chinh-xac",
      "name": "07-Nền Tảng Kinh Thánh 03-Giảng Dạy Chính Xác",
      "count": 0,
      "isLeaf": null,
      "keyword": null,
      "hash": "U2FsdGVkX1+l2bw38N8fnztvp8Q3VvyeU3DD4y6jjeHa9CTUS1ZJdEJmfDZYXPHJAVNQL5dwKxfMg9fYS3vzKg==",
      "khash": null,
      "viewCount": null,
      "duration": "24:50",
      "size": 23849195
    },
    {
      "id": "bc30cc79-f2d7-402c-b607-5d1cea55f28c",
      "pid": "f2032591-525b-4c50-94d8-6da96733a64a",
      "dblevel": 4,
      "location": "/VGMA/HocTheoChuDe/PhanBienDucTin/08-NenTangKinhThanh04-CoDocPhucLam-DungHaySai",
      "isVideo": false,
      "url": "hoc-theo-chu-de.phan-bien-duc-tin.08-nen-tang-kinh-thanh-04-co-doc-phuc-lam-dung-hay-sai",
      "name": "08-Nền Tảng Kinh Thánh 04-Cơ Đốc Phục Lâm-Đúng Hay Sai",
      "count": 0,
      "isLeaf": null,
      "keyword": null,
      "hash": "U2FsdGVkX18ifJ47uvt0qZA4XA3uT55TPfJFX3q54x4DfUHq+VBQKSODjAGTWMuiZ6Hld0c3o8OE8huSe9y1cg==",
      "khash": null,
      "viewCount": null,
      "duration": "25:35",
      "size": 24572282
    },
    {
      "id": "e7e5a458-7891-4973-a68c-f833706fb1a0",
      "pid": "f2032591-525b-4c50-94d8-6da96733a64a",
      "dblevel": 4,
      "location": "/VGMA/HocTheoChuDe/PhanBienDucTin/09-ChuaCoConMacKhai01-ChungNhanGie-Ho-Va",
      "isVideo": false,
      "url": "hoc-theo-chu-de.phan-bien-duc-tin.09-chua-co-con-mac-khai-01-chung-nhan-gie-ho-va",
      "name": "09-Chúa Có Còn Mạc Khải 01-Chứng Nhân Giê-Hô-Va",
      "count": 0,
      "isLeaf": null,
      "keyword": null,
      "hash": "U2FsdGVkX1+UaLEl+IQwatFnfuB5374Zr5QaeVGoy7VTibSE3/OCusBmCc1CFTGZMrQ/JcOkYOC+y0HWJSUI+g==",
      "khash": null,
      "viewCount": null,
      "duration": "26:6",
      "size": 25067132
    },
    {
      "id": "0cb0d0e6-d21f-40a7-b049-30fa0d90f5d0",
      "pid": "f2032591-525b-4c50-94d8-6da96733a64a",
      "dblevel": 4,
      "location": "/VGMA/HocTheoChuDe/PhanBienDucTin/10-ChuaCoConMacKhai02-GiaoHoiMormon",
      "isVideo": false,
      "url": "hoc-theo-chu-de.phan-bien-duc-tin.10-chua-co-con-mac-khai-02-giao-hoi-mormon",
      "name": "10-Chúa Có Còn Mạc Khải 02-Giáo Hội Mormon",
      "count": 0,
      "isLeaf": null,
      "keyword": null,
      "hash": "U2FsdGVkX19qfoEMR0/g+rFBnvjDvmmZj3MNwW9Zbov63XMcnUSDeb2CWf/MdO3iRXDnKIeT76mY2yDDlvEc5Q==",
      "khash": "U2FsdGVkX1/LIwTOCxPQNhlZ7MDNzCSf+vJQPcAHPLEA4IIKv2JTt3F6bI5zjHHNSO/bSOohp9rrWz879S/4vQ==",
      "viewCount": null,
      "duration": "26:3",
      "size": 25015295
    },
    {
      "id": "c4d73af2-a339-44ad-81c3-c0ae887d5069",
      "pid": "f2032591-525b-4c50-94d8-6da96733a64a",
      "dblevel": 4,
      "location": "/VGMA/HocTheoChuDe/PhanBienDucTin/11-ChuaCoConMacKhai03-GiaoHoangVoNgo",
      "isVideo": false,
      "url": "hoc-theo-chu-de.phan-bien-duc-tin.11-chua-co-con-mac-khai-03-giao-hoang-vo-ngo",
      "name": "11-Chúa Có Còn Mạc Khải 03-Giáo Hoàng Vô Ngộ",
      "count": 0,
      "isLeaf": null,
      "keyword": null,
      "hash": "U2FsdGVkX1/EnxG2kEia0sFJ0akNAjnLqK0p8CkR5qM9wwF9dlW91nfHFRrK4jJEXUC0LQ3aGHeos+ZHpkFn1Q==",
      "khash": "U2FsdGVkX19Pkm2ElMUPnQkXlNEeYiXWVV+t0lEBspK1IN/T/CWuYjJOx0NAtfeQeA5VhsLDyDkfmFVvwpBCdg==",
      "viewCount": null,
      "duration": "27:58",
      "size": 26852668
    },
    {
      "id": "c18498a8-5ef6-42b6-a71a-24a25b288304",
      "pid": "f2032591-525b-4c50-94d8-6da96733a64a",
      "dblevel": 4,
      "location": "/VGMA/HocTheoChuDe/PhanBienDucTin/12-ChuaCoConMacKhai04-HoiDongTrent",
      "isVideo": false,
      "url": "hoc-theo-chu-de.phan-bien-duc-tin.12-chua-co-con-mac-khai-04-hoi-dong-trent",
      "name": "12-Chúa Có Còn Mạc Khải 04-Hội Đồng Trent",
      "count": 0,
      "isLeaf": null,
      "keyword": null,
      "hash": "U2FsdGVkX1/3AJS41Gqsi12LQShE3qXRMfRQbktSwPxC4Xf6seigMcfL+8j9PzwJf4lB5MbUyus7od04SfaJIA==",
      "khash": "U2FsdGVkX18zU2j1c9gZDQlWD6hy6dWcC+x51I1rLps14gdS7+wvCTJDM7pD8jogfi3Ao50kGzg6xyE+eHE4Pw==",
      "viewCount": null,
      "duration": "30:34",
      "size": 29353848
    },
    {
      "id": "939e3bf0-5026-4f17-9948-b54c35608dcd",
      "pid": "f2032591-525b-4c50-94d8-6da96733a64a",
      "dblevel": 4,
      "location": "/VGMA/HocTheoChuDe/PhanBienDucTin/13-ChuaCoConMacKhai05-ThoPhuongThuBay",
      "isVideo": false,
      "url": "hoc-theo-chu-de.phan-bien-duc-tin.13-chua-co-con-mac-khai-05-tho-phuong-thu-bay",
      "name": "13-Chúa Có Còn Mạc Khải 05-Thờ Phượng Thứ Bảy",
      "count": 0,
      "isLeaf": null,
      "keyword": null,
      "hash": "U2FsdGVkX18qI+TF7bhKCMB7d4BtDMPevzaGJ7dR6mueXaTHDb1MZia3qvdeRyVOb7Y667NC9Y4SRX3gc4qSvw==",
      "khash": "U2FsdGVkX18uuwNP/Qz/KPsDX4XSsQYhbKGv/GGD+q+UA+PIXg3ClgU8xjwk6E0VO6lVs/JIex4aualWqrhrLw==",
      "viewCount": null,
      "duration": "30:51",
      "size": 29631488
    },
    {
      "id": "b4bed60b-72ab-498d-b211-42173f346468",
      "pid": "f2032591-525b-4c50-94d8-6da96733a64a",
      "dblevel": 4,
      "location": "/VGMA/HocTheoChuDe/PhanBienDucTin/14-ChuaCoConMacKhai06-SoSanhLeThat",
      "isVideo": false,
      "url": "hoc-theo-chu-de.phan-bien-duc-tin.14-chua-co-con-mac-khai-06-so-sanh-le-that",
      "name": "14-Chúa Có Còn Mạc Khải 06-So Sánh Lẽ Thật",
      "count": 0,
      "isLeaf": null,
      "keyword": null,
      "hash": "U2FsdGVkX19K8XAcYXsf/GKUavyP33UJe3xOcb8RDaNVi9NwBbu1xlNp8/wnF66c23BmEvsUonWIom/+I3lGLQ==",
      "khash": "U2FsdGVkX1/aPypJfVHE5hOTrggD1oxUHUq0+dGFI+ix4QxS0Hp3LpkypUzcR55waJd1QacezcTZOg/cLCJHRA==",
      "viewCount": null,
      "duration": "29:7",
      "size": 13988949
    },
    {
      "id": "21f239c2-d2df-42dc-8cee-9e5a124f55b2",
      "pid": "f2032591-525b-4c50-94d8-6da96733a64a",
      "dblevel": 4,
      "location": "/VGMA/HocTheoChuDe/PhanBienDucTin/15-ChuaCoConMacKhai07-CacSachKinhThanh",
      "isVideo": false,
      "url": "hoc-theo-chu-de.phan-bien-duc-tin.15-chua-co-con-mac-khai-07-cac-sach-kinh-thanh",
      "name": "15-Chúa Có Còn Mạc Khải 07-Các Sách Kinh Thánh",
      "count": 0,
      "isLeaf": null,
      "keyword": null,
      "hash": "U2FsdGVkX1+N/MEWJzdywBqdmtnqNqj8JH7G5k8Kdwdhrhukwg4LDKxLiEsEIU7N8ad2vDL1oSkYurbX8AkH5w==",
      "khash": null,
      "viewCount": null,
      "duration": "26:6",
      "size": 25065730
    },
    {
      "id": "ce786e62-e2b1-45ff-98c2-7ef7969f9c45",
      "pid": "f2032591-525b-4c50-94d8-6da96733a64a",
      "dblevel": 4,
      "location": "/VGMA/HocTheoChuDe/PhanBienDucTin/16-ChuaCoConLamPhepLa01-TinChuyenNgoNgan",
      "isVideo": false,
      "url": "hoc-theo-chu-de.phan-bien-duc-tin.16-chua-co-con-lam-phep-la-01-tin-chuyen-ngo-ngan-",
      "name": "16-Chúa Có Còn Làm Phép Lạ 01-Tin Chuyện Ngớ Ngẩn ",
      "count": 0,
      "isLeaf": null,
      "keyword": null,
      "hash": "U2FsdGVkX1+mgtjjOe3a9gQqCvcjdfsjOmqYHzJL/ouExVMoCDlkow15nkq701OnpuV094alQA6BDiWaTgtLxA==",
      "khash": "U2FsdGVkX1+TJfiYkxyDwkk4+lbEw7kaKuY0l3p1wN58u+CNdOwhFSRGxnDzuw9+e6Yip6rnG83HUQwVaO929w==",
      "viewCount": null,
      "duration": "28:41",
      "size": 27551754
    },
    {
      "id": "edd4654f-aada-4eb9-8f9c-c6a39e1ed003",
      "pid": "f2032591-525b-4c50-94d8-6da96733a64a",
      "dblevel": 4,
      "location": "/VGMA/HocTheoChuDe/PhanBienDucTin/17-ChuaCoConLamPhepLa02-DucTinDenTuKinhThanh",
      "isVideo": false,
      "url": "hoc-theo-chu-de.phan-bien-duc-tin.17-chua-co-con-lam-phep-la-02-duc-tin-den-tu-kinh-thanh",
      "name": "17-Chúa Có Còn Làm Phép Lạ 02-Đức Tin Đến Từ Kinh Thánh",
      "count": 0,
      "isLeaf": null,
      "keyword": null,
      "hash": "U2FsdGVkX19KuvoAq20yvPKR9Ycf1SWy7jXKaER4mwOZaCMp1qVW8Z9l8+plOqLdY4uL9KrCW0tEnEEvAajnnw==",
      "khash": "U2FsdGVkX18Bq3ARouSjwGuYxP2ZpU+AcP6PgNnRQJUbNsz54gTep3XPiTJQhBn4T3mFQm4FK/3J2TlejiieBg==",
      "viewCount": null,
      "duration": "25:51",
      "size": 24829204
    },
    {
      "id": "602d7ebb-635f-40fe-a5de-85682d508fb3",
      "pid": "f2032591-525b-4c50-94d8-6da96733a64a",
      "dblevel": 4,
      "location": "/VGMA/HocTheoChuDe/PhanBienDucTin/18-ChuaCoConLamPhepLa03-KhongTuPhepLa",
      "isVideo": false,
      "url": "hoc-theo-chu-de.phan-bien-duc-tin.18-chua-co-con-lam-phep-la-03-khong-tu-phep-la",
      "name": "18-Chúa Có Còn Làm Phép Lạ 03-Không Từ Phép Lạ",
      "count": 0,
      "isLeaf": null,
      "keyword": null,
      "hash": "U2FsdGVkX19sw3Mrru0hi9NZ/hRnDp9MnOevTbuvwxbqv18YM3Z+tVEBOChicaK6A1pEgNM+lJYq9/5o/zjC1w==",
      "khash": "U2FsdGVkX18oguP2sXOwtJ1HF9ObDBDZd9YWyA0Io9um9puXgKc+wkhTFFKmHGbUAkf+On8pHA2jPkR4FDxKmQ==",
      "viewCount": null,
      "duration": "26:11",
      "size": 25150978
    },
    {
      "id": "c9538abc-1fd4-47a9-ba2a-3e40132b1435",
      "pid": "f2032591-525b-4c50-94d8-6da96733a64a",
      "dblevel": 4,
      "location": "/VGMA/HocTheoChuDe/PhanBienDucTin/19-ChuaCoConLamPhepLa04-ChetDiSongLai",
      "isVideo": false,
      "url": "hoc-theo-chu-de.phan-bien-duc-tin.19-chua-co-con-lam-phep-la-04-chet-di-song-lai",
      "name": "19-Chúa Có Còn Làm Phép Lạ 04-Chết Đi Sống Lại",
      "count": 0,
      "isLeaf": null,
      "keyword": null,
      "hash": "U2FsdGVkX18g8JA2RwLcSpA/L4nANgaLtOEw4cP2+RIebYgF5P89Bmzz+WSx8YzBosJ0jXFRt8OyxB8qF7ZIzw==",
      "khash": "U2FsdGVkX1/GAYd+DHKn8MjDe9I173vk2WRZbsdvKcNgp/BADmbek3qcydy4dhPXo8FlTxsdlSg+1cTDKlbNvA==",
      "viewCount": null,
      "duration": "28:46",
      "size": 13817301
    },
    {
      "id": "380428e4-053f-41df-922b-071dc56614c0",
      "pid": "f2032591-525b-4c50-94d8-6da96733a64a",
      "dblevel": 4,
      "location": "/VGMA/HocTheoChuDe/PhanBienDucTin/20-ChuaCoConLamPhepLa05-KinhThanhDoDai",
      "isVideo": false,
      "url": "hoc-theo-chu-de.phan-bien-duc-tin.20-chua-co-con-lam-phep-la-05-kinh-thanh-do-dai",
      "name": "20-Chúa Có Còn Làm Phép Lạ 05-Kinh Thánh Dồ Dại",
      "count": 0,
      "isLeaf": null,
      "keyword": null,
      "hash": "U2FsdGVkX195IF1G0AbgFxOWI4lcT/wGuQNAoU5P2TAKB9WKQfyr3+YbzaiCcU5DSmW6ZlEe+v4jxRCyM4y0Xw==",
      "khash": "U2FsdGVkX1/U3ZSNWt0kjmsMJre0X4ghZjo4I21o32bfCM4DtqeJrQ4kykXLPnhguMWukSYt1+rJii36GCMceg==",
      "viewCount": null,
      "duration": "27:49",
      "size": 26706564
    },
    {
      "id": "d358d89e-cac7-4c06-aea9-bc1d44b96aa8",
      "pid": "f2032591-525b-4c50-94d8-6da96733a64a",
      "dblevel": 4,
      "location": "/VGMA/HocTheoChuDe/PhanBienDucTin/21-ChuaCoConLamPhepLa06-SongBoiDucTin",
      "isVideo": false,
      "url": "hoc-theo-chu-de.phan-bien-duc-tin.21-chua-co-con-lam-phep-la-06-song-boi-duc-tin",
      "name": "21-Chúa Có Còn Làm Phép Lạ 06-Sống Bởi Đức Tin",
      "count": 0,
      "isLeaf": null,
      "keyword": null,
      "hash": "U2FsdGVkX1/yPTVUvWZH28q+UYHqslFI3u0qw8Cor4C3Cyl9YHbxDhwReAl98CTRZfUPHBDuAKX7cT6opglbcg==",
      "khash": null,
      "viewCount": null,
      "duration": "25:55",
      "size": 24888322
    },
    {
      "id": "fbb4e786-a3fe-4860-b56a-65ad5e0c1cf9",
      "pid": "f2032591-525b-4c50-94d8-6da96733a64a",
      "dblevel": 4,
      "location": "/VGMA/HocTheoChuDe/PhanBienDucTin/22-ChuaCoConChuaBenhDuoiQui01-DinhNghiaChuaBenh",
      "isVideo": false,
      "url": "hoc-theo-chu-de.phan-bien-duc-tin.22-chua-co-con-chua-benh-duoi-qui-01-dinh-nghia-chua-benh",
      "name": "22-Chúa Có Còn Chữa Bệnh Đuổi Quỉ 01-Định Nghĩa Chữa Bệnh",
      "count": 0,
      "isLeaf": null,
      "keyword": null,
      "hash": "U2FsdGVkX19gIu6vxwB3Su3ZjSUohg60xfnJFd/ZyDoU79qY9BigdwfiRos4VuITDjF1v9a0PG/lsr5djMOvkw==",
      "khash": "U2FsdGVkX19+NRWjG4R1Uxqae4ZmeKw7wTdBt+b/y+nIhMN+ufNmUqaDDqoSQqBFi9pgKf1ndAEoy5m2eBhb5A==",
      "viewCount": null,
      "duration": "25:59",
      "size": 24954008
    },
    {
      "id": "7f6b38b0-2b74-456b-a461-49743a3fcdc0",
      "pid": "f2032591-525b-4c50-94d8-6da96733a64a",
      "dblevel": 4,
      "location": "/VGMA/HocTheoChuDe/PhanBienDucTin/23-ChuaCoConChuaBenhDuoiQui02-BacSiVaThuocThang",
      "isVideo": false,
      "url": "hoc-theo-chu-de.phan-bien-duc-tin.23-chua-co-con-chua-benh-duoi-qui-02-bac-si-va-thuoc-thang",
      "name": "23-Chúa Có Còn Chữa Bệnh Đuổi Quỉ 02-Bác Sĩ Và Thuốc Thang",
      "count": 0,
      "isLeaf": null,
      "keyword": null,
      "hash": "U2FsdGVkX1/15VMItyVaeB5QdjTp3f25GVYw6LgFV6XbTgpWnd/mljTEOfnkLzITGb5ZC/rVOYw1UMYu41m9MA==",
      "khash": null,
      "viewCount": null,
      "duration": "26:7",
      "size": 25076890
    },
    {
      "id": "39019306-07b0-46f0-9f80-0e0f35004106",
      "pid": "f2032591-525b-4c50-94d8-6da96733a64a",
      "dblevel": 4,
      "location": "/VGMA/HocTheoChuDe/PhanBienDucTin/24-ChuaCoConChuaBenhDuoiQui03-KhiBacSiBoTay",
      "isVideo": false,
      "url": "hoc-theo-chu-de.phan-bien-duc-tin.24-chua-co-con-chua-benh-duoi-qui-03-khi-bac-si-bo-tay",
      "name": "24-Chúa Có Còn Chữa Bệnh Đuổi Quỉ 03-Khi Bác Sĩ Bó Tay",
      "count": 0,
      "isLeaf": null,
      "keyword": null,
      "hash": "U2FsdGVkX1/RkKHbCN4L2oU9DTpPydcKqqE++FfyM8B/plrQihAUQUb80/ZNfZPJwvaH6YqIMtuIHfW8q6CTmQ==",
      "khash": null,
      "viewCount": null,
      "duration": "29:17",
      "size": 28122428
    },
    {
      "id": "e22843b0-79c7-4576-9489-ad45c16d71ea",
      "pid": "f2032591-525b-4c50-94d8-6da96733a64a",
      "dblevel": 4,
      "location": "/VGMA/HocTheoChuDe/PhanBienDucTin/25-ChuaCoConChuaBenhDuoiQui04-SuGiaHayGiaoSuGia",
      "isVideo": false,
      "url": "hoc-theo-chu-de.phan-bien-duc-tin.25-chua-co-con-chua-benh-duoi-qui-04-su-gia-hay-giao-su-gia",
      "name": "25-Chúa Có Còn Chữa Bệnh Đuổi Quỉ 04-Sứ Giả Hay Giáo Sư Giả",
      "count": 0,
      "isLeaf": null,
      "keyword": null,
      "hash": "U2FsdGVkX19dQjLLJWATTArz7Dt4PBfSf45ntdQqwpCcHI9iyxdYdBw84HyXMJjp0Wm4qSu4vdDncajJdN69ww==",
      "khash": "U2FsdGVkX18YhKiFKKb3hWE8Ebxb+dWvV4zrP32P1jwdkRKrQ7HKJUOeQmZ5jbHAtQtZvNNfWzTbL6FTjXSi+A==",
      "viewCount": null,
      "duration": "31:2",
      "size": 29794716
    },
    {
      "id": "8eb74700-527d-41c0-a6cc-91d7c8c1d13f",
      "pid": "f2032591-525b-4c50-94d8-6da96733a64a",
      "dblevel": 4,
      "location": "/VGMA/HocTheoChuDe/PhanBienDucTin/26-ChuaCoConChuaBenhDuoiQui05-DucTinTrenDucTin",
      "isVideo": false,
      "url": "hoc-theo-chu-de.phan-bien-duc-tin.26-chua-co-con-chua-benh-duoi-qui-05-duc-tin-tren-duc-tin",
      "name": "26-Chúa Có Còn Chữa Bệnh Đuổi Quỉ 05-Đức Tin Trên Đức Tin",
      "count": 0,
      "isLeaf": null,
      "keyword": null,
      "hash": "U2FsdGVkX18kBp8JgAB7KL9iTP4y3b7XgnEOKQouOJsHOUWX/N53+GYFotFjIm8vbqD3GglQwTK7kbnwx67uXA==",
      "khash": "U2FsdGVkX18rSzAv2N8Iuj4/psoXurtujAk9DHmML73B0JjKTILbzbpaXY3cb4+A12KaT+10rhtzWTtL0pohkw==",
      "viewCount": null,
      "duration": "25:42",
      "size": 24684056
    },
    {
      "id": "66ac3987-0c2a-4e8d-a1e8-efae60751c72",
      "pid": "f2032591-525b-4c50-94d8-6da96733a64a",
      "dblevel": 4,
      "location": "/VGMA/HocTheoChuDe/PhanBienDucTin/27-ChuaCoConDuoiQui01-NguoiLaAi",
      "isVideo": false,
      "url": "hoc-theo-chu-de.phan-bien-duc-tin.27-chua-co-con-duoi-qui-01-nguoi-la-ai",
      "name": "27-Chúa Có Còn Đuổi Quỉ 01-Ngươi Là Ai",
      "count": 0,
      "isLeaf": null,
      "keyword": null,
      "hash": "U2FsdGVkX1+YRScX6ituaw/rrJthipKbtOT+u1JntsDtn/7i9Y8JEPFElEDTWEWOo4EvZzy2iAWxADS8UcHI5A==",
      "khash": "U2FsdGVkX18T+6imYPBjl1l9o/hMItoVoo5rHBc3o2IMh86mRiAzLE3T50pxDa3hV0xUGyC5b9ZsjOxn3yIt4w==",
      "viewCount": null,
      "duration": "26:9",
      "size": 25109490
    },
    {
      "id": "fd134ac4-bcc4-4082-88dd-07751d33f1a4",
      "pid": "f2032591-525b-4c50-94d8-6da96733a64a",
      "dblevel": 4,
      "location": "/VGMA/HocTheoChuDe/PhanBienDucTin/28-ChuaCoConDuoiQui02-MauDoiLong",
      "isVideo": false,
      "url": "hoc-theo-chu-de.phan-bien-duc-tin.28-chua-co-con-duoi-qui-02-mau-doi-long",
      "name": "28-Chúa Có Còn Đuổi Quỉ 02-Mau Đổi Lòng",
      "count": 0,
      "isLeaf": null,
      "keyword": null,
      "hash": "U2FsdGVkX18jpY/OgjhVHwKGa9kJE6mklbrtt45vjRjbk/K7HOIp2CH+ly2dKxk+mej2gRpf66DGyCig4LmCjA==",
      "khash": "U2FsdGVkX18CEKl7O4TC+LkzGC4kclM3Yix3XVjMa1YydFJM1LCkbmhd38wqipqfFfa/wx6q2D1vmF4o5rmsZQ==",
      "viewCount": null,
      "duration": "29:38",
      "size": 28452596
    },
    {
      "id": "a086f454-6eb1-48e1-9029-44567163361b",
      "pid": "f2032591-525b-4c50-94d8-6da96733a64a",
      "dblevel": 4,
      "location": "/VGMA/HocTheoChuDe/PhanBienDucTin/29-ChuaCoConDuoiQui03-KeLamGianAc",
      "isVideo": false,
      "url": "hoc-theo-chu-de.phan-bien-duc-tin.29-chua-co-con-duoi-qui-03-ke-lam-gian-ac",
      "name": "29-Chúa Có Còn Đuổi Quỉ 03-Kẻ Làm Gian Ác",
      "count": 0,
      "isLeaf": null,
      "keyword": null,
      "hash": "U2FsdGVkX1+fkzeeZAXdlPD5UG66MwM0dmeFukXJxlkCgadxJLt9eoDKtekXSJfxRElgthQnAmxqH/yhw7XiCw==",
      "khash": null,
      "viewCount": null,
      "duration": "26:16",
      "size": 25226616
    },
    {
      "id": "7a70a412-5752-456b-8164-09d28c39dff3",
      "pid": "f2032591-525b-4c50-94d8-6da96733a64a",
      "dblevel": 4,
      "location": "/VGMA/HocTheoChuDe/PhanBienDucTin/30-ChuaCoConDuoiQui04-PhoChoSatan",
      "isVideo": false,
      "url": "hoc-theo-chu-de.phan-bien-duc-tin.30-chua-co-con-duoi-qui-04-pho-cho-satan",
      "name": "30-Chúa Có Còn Đuổi Quỉ 04-Phó Cho Satan",
      "count": 0,
      "isLeaf": null,
      "keyword": null,
      "hash": "U2FsdGVkX18Xxmjdc8VambIX8s7he6FKlMOgYmvQqCl54w5WnId7OZacOiApPvcSUJmNGc+1CAL4G5Z5BtcwOQ==",
      "khash": null,
      "viewCount": null,
      "duration": "27:37",
      "size": 26513398
    },
    {
      "id": "51f4cf71-4c38-400b-accc-5bc6650362ba",
      "pid": "f2032591-525b-4c50-94d8-6da96733a64a",
      "dblevel": 4,
      "location": "/VGMA/HocTheoChuDe/PhanBienDucTin/31-ChuaCoConDuoiQui05-PhoChoSatan",
      "isVideo": false,
      "url": "hoc-theo-chu-de.phan-bien-duc-tin.31-chua-co-con-duoi-qui-05-pho-cho-satan",
      "name": "31-Chúa Có Còn Đuổi Quỉ 05-Phó Cho Satan",
      "count": 0,
      "isLeaf": null,
      "keyword": null,
      "hash": "U2FsdGVkX1+PE/rupM7tZYzbSc5vit2ovGnv3snTXo+cePFk64dcMVJc8/slQU60fRSHcEB/7MhkP6MH5rXb/A==",
      "khash": null,
      "viewCount": null,
      "duration": "27:40",
      "size": 26562166
    },
    {
      "id": "049a9133-1ce7-45a7-90a4-589f43b58e79",
      "pid": "f2032591-525b-4c50-94d8-6da96733a64a",
      "dblevel": 4,
      "location": "/VGMA/HocTheoChuDe/PhanBienDucTin/32-ChuaCoConDuoiQui06-TrachNhiemCaNhan",
      "isVideo": false,
      "url": "hoc-theo-chu-de.phan-bien-duc-tin.32-chua-co-con-duoi-qui-06-trach-nhiem-ca-nhan",
      "name": "32-Chúa Có Còn Đuổi Quỉ 06-Trách Nhiệm Cá Nhân",
      "count": 0,
      "isLeaf": null,
      "keyword": null,
      "hash": "U2FsdGVkX18eVCbYdU3sk0EsoFOSGa7oXZBBvdjtdzFpYSb0fHPnyYBred2g76o8mOSNPdDXAnwm7CSKaRyMYA==",
      "khash": "U2FsdGVkX1/D315m4Q4oR/DvRBhtJ7cBMc44/1O+Z5I7xnGGkqXPdWXHyY7yqtH1GNSbOgFZwOqS8nw7QgRPsA==",
      "viewCount": null,
      "duration": "29:28",
      "size": 28298242
    },
    {
      "id": "810f9318-8969-49f1-aba8-bf8049e4d3ec",
      "pid": "f2032591-525b-4c50-94d8-6da96733a64a",
      "dblevel": 4,
      "location": "/VGMA/HocTheoChuDe/PhanBienDucTin/33-ChuaCoConDuoiQui07-DuoiQuiHayThemQui",
      "isVideo": false,
      "url": "hoc-theo-chu-de.phan-bien-duc-tin.33-chua-co-con-duoi-qui-07-duoi-qui-hay-them-qui",
      "name": "33-Chúa Có Còn Đuổi Quỉ 07-Đuổi Quỉ Hay Thêm Quỉ",
      "count": 0,
      "isLeaf": null,
      "keyword": null,
      "hash": "U2FsdGVkX19X10JHYsSaHHybRlawb5bxxK/ABm569648Hf52WHbi5HTNRZZ8fJBd/LmwyHeT7UowJDZAOTp3dw==",
      "khash": "U2FsdGVkX1815+XH/SbWMnpM+krsfOw+1u0msP6ojsT9BtClZR1aXiPRUz4uNHd2i21AqGoD8ju7Ee1NrHt+dg==",
      "viewCount": null,
      "duration": "31:7",
      "size": 29875334
    },
    {
      "id": "f7a625f9-83ef-4b7b-96b8-7f372cfa6723",
      "pid": "f2032591-525b-4c50-94d8-6da96733a64a",
      "dblevel": 4,
      "location": "/VGMA/HocTheoChuDe/PhanBienDucTin/34-ChuaCoConBanOnTiengLa01-ThuNghiemMoiDieu",
      "isVideo": false,
      "url": "hoc-theo-chu-de.phan-bien-duc-tin.34-chua-co-con-ban-on-tieng-la-01-thu-nghiem-moi-dieu",
      "name": "34-Chúa Có Còn Ban Ơn Tiếng Lạ 01-Thử Nghiệm Mọi Điều",
      "count": 0,
      "isLeaf": null,
      "keyword": null,
      "hash": "U2FsdGVkX1/0SN+dv1ypkr6EQI6woOXY5LaNfOoQO2UDgkNXT0Xxmqc1ZstPJ9BN67oJx9Jq1sjImSVKUx8z5A==",
      "khash": null,
      "viewCount": null,
      "duration": "28:55",
      "size": 27774480
    },
    {
      "id": "8f0be310-74cd-4dc6-b67f-85a2fd6d15ea",
      "pid": "f2032591-525b-4c50-94d8-6da96733a64a",
      "dblevel": 4,
      "location": "/VGMA/HocTheoChuDe/PhanBienDucTin/35-ChuaCoConBanOnTiengLa02-TiengLaTuTao",
      "isVideo": false,
      "url": "hoc-theo-chu-de.phan-bien-duc-tin.35-chua-co-con-ban-on-tieng-la-02-tieng-la-tu-tao",
      "name": "35-Chúa Có Còn Ban Ơn Tiếng Lạ 02-Tiếng Lạ Tự Tạo",
      "count": 0,
      "isLeaf": null,
      "keyword": null,
      "hash": "U2FsdGVkX1/J51EWJDIHnNKVq91bDXNRZnfjMBSJgFbkfDPmplj2UD4YL/LuTBDzAEgsfT7lHGfdRsFZitlggw==",
      "khash": null,
      "viewCount": null,
      "duration": "28:25",
      "size": 27282184
    },
    {
      "id": "2337fe14-6ecc-4c1a-9acf-54e850ac54d0",
      "pid": "f2032591-525b-4c50-94d8-6da96733a64a",
      "dblevel": 4,
      "location": "/VGMA/HocTheoChuDe/PhanBienDucTin/36-ChuaCoConBanOnTiengLa03-NgonNguCauNguyen",
      "isVideo": false,
      "url": "hoc-theo-chu-de.phan-bien-duc-tin.36-chua-co-con-ban-on-tieng-la-03-ngon-ngu-cau-nguyen",
      "name": "36-Chúa Có Còn Ban Ơn Tiếng Lạ 03-Ngôn Ngữ Cầu Nguyện",
      "count": 0,
      "isLeaf": null,
      "keyword": null,
      "hash": "U2FsdGVkX19XNC3jxxOqRhGqZtf3NJLdvglhl2jUGQZpbuUVVSSw7/3Afr4PLxdM8SQ6Bhk2LG0cmnzewckYmA==",
      "khash": null,
      "viewCount": null,
      "duration": "29:43",
      "size": 28535952
    },
    {
      "id": "6f35e1b7-f795-403f-8917-b0b79eafc1dc",
      "pid": "f2032591-525b-4c50-94d8-6da96733a64a",
      "dblevel": 4,
      "location": "/VGMA/HocTheoChuDe/PhanBienDucTin/37-ChuaCoConBanOnTiengLa04-SaiMotLyDiMotDam",
      "isVideo": false,
      "url": "hoc-theo-chu-de.phan-bien-duc-tin.37-chua-co-con-ban-on-tieng-la-04-sai-mot-ly-di-mot-dam",
      "name": "37-Chúa Có Còn Ban Ơn Tiếng Lạ 04-Sai Một Ly Đi Một Dặm",
      "count": 0,
      "isLeaf": null,
      "keyword": null,
      "hash": "U2FsdGVkX1+2crwzpkmu3pHrUH3KZCcVnjrFVInTuSgqQalwHwMYGEDhTEBqghMhbow9TGkJ0yW/XQic+6L1Cg==",
      "khash": "U2FsdGVkX1/weoE2D3tNiy2NPu7VP3UGnCWTWcHuyFY1Ja+MFzBSPfah5LE2pzezjOEQJyPBLG4bKU8LpUbnlg==",
      "viewCount": null,
      "duration": "28:12",
      "size": 27084820
    },
    {
      "id": "f884174b-d8ec-47c3-8f48-93cacd174b35",
      "pid": "f2032591-525b-4c50-94d8-6da96733a64a",
      "dblevel": 4,
      "location": "/VGMA/HocTheoChuDe/PhanBienDucTin/38-ChuaCoConBanOnTiengLa05-TuTuongCaoQuaLe",
      "isVideo": false,
      "url": "hoc-theo-chu-de.phan-bien-duc-tin.38-chua-co-con-ban-on-tieng-la-05-tu-tuong-cao-qua-le",
      "name": "38-Chúa Có Còn Ban Ơn Tiếng Lạ 05-Tư Tưởng Cao Quá Lẽ",
      "count": 0,
      "isLeaf": null,
      "keyword": null,
      "hash": "U2FsdGVkX1+vg8k3Zd46uBZdwUbLT3TDNrTYunffSk9P/D6RUiZk/FJWjOs48eO9YhVIiGf1dHlL8fW8b58Kyg==",
      "khash": "U2FsdGVkX19/La9gGnvPwJDttGN4kG6M6TRw2ye655wc/jtHx57S+Hp7eo1Izriuu2hmNd0Xfpinzsl7xV8iwA==",
      "viewCount": null,
      "duration": "28:10",
      "size": 27043344
    },
    {
      "id": "5a80f313-5a5a-4955-b9b5-b40b3d1c6e20",
      "pid": "f2032591-525b-4c50-94d8-6da96733a64a",
      "dblevel": 4,
      "location": "/VGMA/HocTheoChuDe/PhanBienDucTin/39-ChuaCoConBanOnTiengLa06-KhongChiMotOnBan",
      "isVideo": false,
      "url": "hoc-theo-chu-de.phan-bien-duc-tin.39-chua-co-con-ban-on-tieng-la-06-khong-chi-mot-on-ban",
      "name": "39-Chúa Có Còn Ban Ơn Tiếng Lạ 06-Không Chỉ Một Ơn Ban",
      "count": 0,
      "isLeaf": null,
      "keyword": null,
      "hash": "U2FsdGVkX1/BYQC1dG8wYzPOCG2ljblyUoXPQP3XGBSCcQFQuFIHgUJremWyY4QA3BaRBG2B9YoI5NUcXLVS/g==",
      "khash": "U2FsdGVkX19iUEYmLLDM3f6lCU88n7+Srikf41Af2e5MKOtuIAr6Ksv9VI2eUas+Rnhp5tkoHZ4l/97MzSRgfw==",
      "viewCount": null,
      "duration": "29:35",
      "size": 28411922
    },
    {
      "id": "bbddbde7-61b7-4351-9541-c1eca0303a1f",
      "pid": "f2032591-525b-4c50-94d8-6da96733a64a",
      "dblevel": 4,
      "location": "/VGMA/HocTheoChuDe/PhanBienDucTin/40-ChuaCoConBanOnTiengLa07-CoSuDungLyTriKhong",
      "isVideo": false,
      "url": "hoc-theo-chu-de.phan-bien-duc-tin.40-chua-co-con-ban-on-tieng-la-07-co-su-dung-ly-tri-khong",
      "name": "40-Chúa Có Còn Ban Ơn Tiếng Lạ 07-Có Sử Dụng Lý Trí Không",
      "count": 0,
      "isLeaf": null,
      "keyword": null,
      "hash": "U2FsdGVkX1+S/wInvbkfLBj01oqNYWKyHhFFh3ww4fqyixS7RtOmyiWBUamppRK+amw8OZg/kd6o5BI2TSQtCg==",
      "khash": null,
      "viewCount": null,
      "duration": "30:20",
      "size": 29130392
    },
    {
      "id": "e29c3f8b-2fc5-4878-b3f6-231942b3116e",
      "pid": "f2032591-525b-4c50-94d8-6da96733a64a",
      "dblevel": 4,
      "location": "/VGMA/HocTheoChuDe/PhanBienDucTin/41-ChuaCoConBanOnTiengLa08-QuanLyAnTu",
      "isVideo": false,
      "url": "hoc-theo-chu-de.phan-bien-duc-tin.41-chua-co-con-ban-on-tieng-la-08-quan-ly-an-tu",
      "name": "41-Chúa Có Còn Ban Ơn Tiếng Lạ 08-Quản Lý Ân Tứ",
      "count": 0,
      "isLeaf": null,
      "keyword": null,
      "hash": "U2FsdGVkX1/9bgWEKEd0hcFcmRZNmf6R5GeGrcr1LL6yzJD9vrXmn6pVu5x/b0PdCRvIYHahmdIWEW7yF5unBw==",
      "khash": "U2FsdGVkX1+AOhyIL6Vq0XAWgJeWDjk0/xyYFy4JDelplcjXPqwzKQuafTMxxoTgdvTmgKXpyQqDTPEylKdgMQ==",
      "viewCount": null,
      "duration": "30:17",
      "size": 29078916
    },
    {
      "id": "868e1708-7d18-4764-b477-10856b9bdb24",
      "pid": "f2032591-525b-4c50-94d8-6da96733a64a",
      "dblevel": 4,
      "location": "/VGMA/HocTheoChuDe/PhanBienDucTin/42-ChuaCoConBanOnTiengLa09-PhaiTruongThanh",
      "isVideo": false,
      "url": "hoc-theo-chu-de.phan-bien-duc-tin.42-chua-co-con-ban-on-tieng-la-09-phai-truong-thanh",
      "name": "42-Chúa Có Còn Ban Ơn Tiếng Lạ 09-Phải Trưởng Thành",
      "count": 0,
      "isLeaf": null,
      "keyword": null,
      "hash": "U2FsdGVkX1/MZ5NDb1B8Wmsw3r10NOu7jjZ/HCUdVEwBOaJ7YHA1h9XMNaW9hUAYLk7CeSww0Tn2OJc3UQxgGA==",
      "khash": "U2FsdGVkX1/lcGZSEpm64cd5+Dok0Qg1fZ0B2YtTvZ3BjLjdkK1pRtmE3fUKc9lj10Rus3rE0+0FpQ0VwLqI9g==",
      "viewCount": null,
      "duration": "26:52",
      "size": 25794572
    },
    {
      "id": "1fdbffdd-5f19-49e7-a18a-a08b167644a6",
      "pid": "f2032591-525b-4c50-94d8-6da96733a64a",
      "dblevel": 4,
      "location": "/VGMA/HocTheoChuDe/PhanBienDucTin/43-ChuaCoConBanOnTiengLa10-DauChoNguoiChuaTin",
      "isVideo": false,
      "url": "hoc-theo-chu-de.phan-bien-duc-tin.43-chua-co-con-ban-on-tieng-la-10-dau-cho-nguoi-chua-tin",
      "name": "43-Chúa Có Còn Ban Ơn Tiếng Lạ 10-Dấu Cho Người Chưa Tin",
      "count": 0,
      "isLeaf": null,
      "keyword": null,
      "hash": "U2FsdGVkX1+ncH7qFu1N8G8jNm7hDmATAgRybkXFAeTVPfhz91j4+AwAUCZABt/tqHLQWnzzNFU50jGkUaYDrg==",
      "khash": "U2FsdGVkX18hP0MIOdVpVr+YJJuHuMj/Pn1NBYD+1NUpRB3hsjnoC3W0akYzQOhCbCaFiBCr8Lg8n6onUm3UJQ==",
      "viewCount": null,
      "duration": "26:49",
      "size": 25747734
    },
    {
      "id": "190b23c3-41be-46c0-867e-23e151843c2b",
      "pid": "f2032591-525b-4c50-94d8-6da96733a64a",
      "dblevel": 4,
      "location": "/VGMA/HocTheoChuDe/PhanBienDucTin/44-ChuaCoConBanOnTiengLa11-TrongTratTuTheoKhuonKho",
      "isVideo": false,
      "url": "hoc-theo-chu-de.phan-bien-duc-tin.44-chua-co-con-ban-on-tieng-la-11-trong-trat-tu-theo-khuon-kho",
      "name": "44-Chúa Có Còn Ban Ơn Tiếng Lạ 11-Trong Trật Tự Theo Khuôn Khổ",
      "count": 0,
      "isLeaf": null,
      "keyword": null,
      "hash": "U2FsdGVkX1+iifSME9QIgcieLhqiPFGhzKhEcnLkCTpNyKnyfGlo/f0kCPgSCIXDhPDlmOq3eNnNah+mVIdwwQ==",
      "khash": "U2FsdGVkX19GR671mciDHyKxNPB4B/X//iggEIQrp6XIEwiEbJ5yij5MdbSIGommVpmbQxk5jr7CuAOXTlTzVA==",
      "viewCount": null,
      "duration": "27:14",
      "size": 26146722
    },
    {
      "id": "e09ec597-17fb-43a5-82bd-c5a1f0599b0d",
      "pid": "f2032591-525b-4c50-94d8-6da96733a64a",
      "dblevel": 4,
      "location": "/VGMA/HocTheoChuDe/PhanBienDucTin/45-TraLoiGiaiDap-1-OnLaiKhacBiettaGiao",
      "isVideo": false,
      "url": "hoc-theo-chu-de.phan-bien-duc-tin.45-tra-loi-giai-dap-1-on-lai-khac-biet-ta-giao",
      "name": "45-Trả Lời Giải Đáp-1-Ôn Lại Khác Biệt tà Giáo",
      "count": 0,
      "isLeaf": null,
      "keyword": null,
      "hash": "U2FsdGVkX19cG1ArUH7VQHp4Nb/XBLjQFIRXKcjRJbli7jcHdvO4PLFo2uvgAbnyBWr7UJCuea2re05flHQd+Q==",
      "khash": null,
      "viewCount": null,
      "duration": "25:43",
      "size": 24690562
    },
    {
      "id": "8546d7fd-f172-4c4f-8668-2eea35085e7f",
      "pid": "f2032591-525b-4c50-94d8-6da96733a64a",
      "dblevel": 4,
      "location": "/VGMA/HocTheoChuDe/PhanBienDucTin/46-TraLoiGiaiDap-2-OnLaiKhacBiettaGiao",
      "isVideo": false,
      "url": "hoc-theo-chu-de.phan-bien-duc-tin.46-tra-loi-giai-dap-2-on-lai-khac-biet-ta-giao",
      "name": "46-Trả Lời Giải Đáp-2-Ôn Lại Khác Biệt tà Giáo",
      "count": 0,
      "isLeaf": null,
      "keyword": null,
      "hash": "U2FsdGVkX194ELYyk+8767j6oog1CZ15XcJ9kKR9a900QUL0UpHjMPA3hudst6M5O/329qDlJ1H0c/V9X/34sQ==",
      "khash": "U2FsdGVkX18hwefdDyeBxIgcwA8Zf1qbiJ/QDbNv/V53bYQYZaSIFH0L3ydv3/qp5O6qv4GuX66llxiVKH9ZJQ==",
      "viewCount": null,
      "duration": "27:32",
      "size": 26444290
    },
    {
      "id": "57d0703d-0b93-44d5-a88a-668a85aae619",
      "pid": "f2032591-525b-4c50-94d8-6da96733a64a",
      "dblevel": 4,
      "location": "/VGMA/HocTheoChuDe/PhanBienDucTin/47-TraLoiGiaiDap-3-ChuaBenhVaCauNguyen",
      "isVideo": false,
      "url": "hoc-theo-chu-de.phan-bien-duc-tin.47-tra-loi-giai-dap-3-chua-benh-va-cau-nguyen",
      "name": "47-Trả Lời Giải Đáp-3-Chữa Bệnh Và Cầu Nguyện",
      "count": 0,
      "isLeaf": null,
      "keyword": null,
      "hash": "U2FsdGVkX1/UVuMfdPEuaETQIOo/7gYHA1EcfRdBstvp4vwxD0n7KfX9YOAkZjf302UeuiCvJGKTUBUYUIYdiA==",
      "khash": "U2FsdGVkX1+K7Q0Epe9+p6ImMt8DPl66ct1YdjLtKBydt+iT343Af/r/9Dz4txHZbZW7fzcShVOpU0+J+J/IoQ==",
      "viewCount": null,
      "duration": "27:23",
      "size": 26303360
    },
    {
      "id": "858614cc-3838-4ecc-8888-c0bd815ea795",
      "pid": "f2032591-525b-4c50-94d8-6da96733a64a",
      "dblevel": 4,
      "location": "/VGMA/HocTheoChuDe/PhanBienDucTin/48-TraLoiGiaiDap-4-GiaoUocVaGiaoSuGia",
      "isVideo": false,
      "url": "hoc-theo-chu-de.phan-bien-duc-tin.48-tra-loi-giai-dap-4-giao-uoc-va-giao-su-gia",
      "name": "48-Trả Lời Giải Đáp-4-Giao Ước Và Giáo Sư Giả",
      "count": 0,
      "isLeaf": null,
      "keyword": null,
      "hash": "U2FsdGVkX18CkF3OyRQb3h4TlS69/wus0v/+1hA8wOqmLFERnJ3CNRzxVgXRb3tWKueoZzwLemX5nrvY7yycGQ==",
      "khash": "U2FsdGVkX1/g6He7JkXi63G8MVXofGpMDhgTP31PSydzEDSsGonBkabRvfFXBNLBgeV94fwQsQrAcl0nwMG+Yg==",
      "viewCount": null,
      "duration": "27:19",
      "size": 26231168
    },
    {
      "id": "819819b6-62fb-4585-a184-f92ba8aab434",
      "pid": "f2032591-525b-4c50-94d8-6da96733a64a",
      "dblevel": 4,
      "location": "/VGMA/HocTheoChuDe/PhanBienDucTin/49-TraLoiGiaiDap-5-GiaoSuGiaVaCongBo",
      "isVideo": false,
      "url": "hoc-theo-chu-de.phan-bien-duc-tin.49-tra-loi-giai-dap-5-giao-su-gia-va-cong-bo",
      "name": "49-Trả Lời Giải Đáp-5-Giáo Sư Giả Và Công Bố",
      "count": 0,
      "isLeaf": null,
      "keyword": null,
      "hash": "U2FsdGVkX1++fmYVCvYDtOrQxjaUqnrw+mDkD2nvNZtiIDb5E0HCh5igRM8YWcBJ3AUaLoecuNnQqWuijnMsSg==",
      "khash": "U2FsdGVkX1/aKPP6MO2FEiZnrQr785MtttMIaMrUOXmKvmkHC38ZWdEMPak7OGo8+kT1sYI/LtAlOHNzVUZC2g==",
      "viewCount": null,
      "duration": "26:44",
      "size": 25666302
    },
    {
      "id": "a9c2c3bf-7533-4c28-af34-43a9f2103b54",
      "pid": "f2032591-525b-4c50-94d8-6da96733a64a",
      "dblevel": 4,
      "location": "/VGMA/HocTheoChuDe/PhanBienDucTin/50-TraLoiGiaiDap-6-TiengLaVaThanhLinh",
      "isVideo": false,
      "url": "hoc-theo-chu-de.phan-bien-duc-tin.50-tra-loi-giai-dap-6-tieng-la-va-thanh-linh",
      "name": "50-Trả Lời Giải Đáp-6-Tiếng Lạ Và Thánh Linh",
      "count": 0,
      "isLeaf": null,
      "keyword": null,
      "hash": "U2FsdGVkX1/ivC7RbG+aAxf9giRykvFcRfj2J5AzACcULM/flSgK6PdePaz7UCKlVuyDv5DCCeCZTAUVHjGZ/w==",
      "khash": "U2FsdGVkX1/Gb3iZhycBEQidwjeBFj2/I1paLncSNOu6Rbh5Mz890c7gLomfOa+5rT3deOSdWYdGND18/bEvvg==",
      "viewCount": null,
      "duration": "26:28",
      "size": 25409853
    },
    {
      "id": "097c853f-7f82-42dd-a89c-e73d80ccaac8",
      "pid": "f2032591-525b-4c50-94d8-6da96733a64a",
      "dblevel": 4,
      "location": "/VGMA/HocTheoChuDe/PhanBienDucTin/51-TraLoiGiaiDap-7-ThanhLinhVaPhepLa",
      "isVideo": false,
      "url": "hoc-theo-chu-de.phan-bien-duc-tin.51-tra-loi-giai-dap-7-thanh-linh-va-phep-la",
      "name": "51- Trả Lời Giải Đáp-7-Thánh Linh Và Phép Lạ",
      "count": 0,
      "isLeaf": null,
      "keyword": null,
      "hash": "U2FsdGVkX1/y6/BFLS8+26wVS5CA5CSGXIXA/BCVYv9Tal84klfjbq5Wl7KM8+WqIcORv0F7jSgAQI40bDgLvQ==",
      "khash": "U2FsdGVkX19NfZ/vbpuD43+9OaFOYKPLZVCG7pQYn6Kwb9Z0lU8Pxoc5gi1GmUFxC4qijvmjD2S3uA3hSgEdwQ==",
      "viewCount": null,
      "duration": "26:15",
      "size": 25213412
    },
    {
      "id": "8cb7d0dc-7e24-4a55-9a6e-e31c8b51939c",
      "pid": "f2032591-525b-4c50-94d8-6da96733a64a",
      "dblevel": 4,
      "location": "/VGMA/HocTheoChuDe/PhanBienDucTin/52-TraLoiGiaiDap-8-HuyetChua",
      "isVideo": false,
      "url": "hoc-theo-chu-de.phan-bien-duc-tin.52-tra-loi-giai-dap-8-huyet-chua",
      "name": "52-Trả Lời Giải Đáp-8-Huyết Chúa",
      "count": 0,
      "isLeaf": null,
      "keyword": null,
      "hash": "U2FsdGVkX197EZfqYv8aCHfSxDbsB1XNN5+j4mMphfnPhrPU/s5FQRoASdtAHSdRoeuTy95WgoEiP+5KlKLllA==",
      "khash": "U2FsdGVkX1+JFeBQL2S+c9BfABZk1vZk+z7MU7EIlb5EpRqRAJE4hR8vXp71iXADaR2jWjHC67+EbimTQL5few==",
      "viewCount": null,
      "duration": "26:31",
      "size": 25458312
    }
  ]
}