{
  "id": "64b18409-af17-4ab2-bc4b-dd43d13731c1",
  "pid": "e6ba0e06-964b-4f38-abe3-49308863b5fc",
  "dblevel": 3,
  "location": "/VGMA/HocTheoChuDe/SuThanhKhietCuaDucChuaTroi",
  "isVideo": false,
  "url": "hoc-theo-chu-de.su-thanh-khiet-cua-duc-chua-troi",
  "name": "Sự Thánh Khiết Của Đức Chúa Trời",
  "count": 6,
  "isLeaf": true,
  "keyword": null,
  "hash": null,
  "khash": null,
  "viewCount": null,
  "duration": null,
  "size": null,
  "children": [
    {
      "id": "9558415d-2cd7-48da-9b51-0fbdd0cc39d2",
      "pid": "64b18409-af17-4ab2-bc4b-dd43d13731c1",
      "dblevel": 4,
      "location": "/VGMA/HocTheoChuDe/SuThanhKhietCuaDucChuaTroi/01_TamQuanTrongCuaSuThanhKhiet",
      "isVideo": false,
      "url": "hoc-theo-chu-de.su-thanh-khiet-cua-duc-chua-troi.01-tam-quan-trong-cua-su-thanh-khiet",
      "name": "01_Tầm Quan Trọng Của Sự Thánh Khiết",
      "count": 0,
      "isLeaf": null,
      "keyword": null,
      "hash": "U2FsdGVkX19W+EhlMz3VJct6Fqvg9lG2A7MB2GoyXBINVT+mtJnMKMqbbGhPeTv9qBoQclFsqiHxopqZHqVkaw==",
      "khash": "U2FsdGVkX1+wZTipGPMXKbiywmspY46iHRfNirYbbC2BE92PV4ei5NjYfI0mP5G5t0tmKWzlrGYDMDzEQv6aog==",
      "viewCount": null,
      "duration": "24:28",
      "size": 23509104
    },
    {
      "id": "e0b979b2-6a03-4163-946a-690dca2a192e",
      "pid": "64b18409-af17-4ab2-bc4b-dd43d13731c1",
      "dblevel": 4,
      "location": "/VGMA/HocTheoChuDe/SuThanhKhietCuaDucChuaTroi/02_TinhGayTonThuongCuaSuThanhKhiet.",
      "isVideo": false,
      "url": "hoc-theo-chu-de.su-thanh-khiet-cua-duc-chua-troi.02-tinh-gay-ton-thuong-cua-su-thanh-khiet-",
      "name": "02_Tính Gây Tổn Thương Của Sự Thánh Khiết.",
      "count": 0,
      "isLeaf": null,
      "keyword": null,
      "hash": "U2FsdGVkX1+hDELA6pi1r9GKrmDy37DNLMUDPptM4T9tA1dJjajO2J0tC/z94mBjX5n7Hqh90nQAgfsMZnS3MA==",
      "khash": "U2FsdGVkX19cCt+yv7vhOHAVueQFBEWJK2V7tX+1eyxGHivJ2WZwhd9aBYACDTBrDv9/O+DPj2ETHJPJ3L1Jhg==",
      "viewCount": null,
      "duration": "25:32",
      "size": 24527370
    },
    {
      "id": "fe67d6e8-7a9a-490a-821a-f9cdee31fb41",
      "pid": "64b18409-af17-4ab2-bc4b-dd43d13731c1",
      "dblevel": 4,
      "location": "/VGMA/HocTheoChuDe/SuThanhKhietCuaDucChuaTroi/03_ThanhKhietVaCongChinh",
      "isVideo": false,
      "url": "hoc-theo-chu-de.su-thanh-khiet-cua-duc-chua-troi.03-thanh-khiet-va-cong-chinh",
      "name": "03_Thánh Khiết Và Công Chính",
      "count": 0,
      "isLeaf": null,
      "keyword": null,
      "hash": "U2FsdGVkX18XEGpiAl5ylfsR5yMqR61lymviga6M7thETPi+4f4FBVMjRmqss2YKo+Y7YYPxwq8DvAf3DQLbwA==",
      "khash": null,
      "viewCount": null,
      "duration": "26:32",
      "size": 25488624
    },
    {
      "id": "3edefdde-2271-40c5-9b8a-b2001e00e5c4",
      "pid": "64b18409-af17-4ab2-bc4b-dd43d13731c1",
      "dblevel": 4,
      "location": "/VGMA/HocTheoChuDe/SuThanhKhietCuaDucChuaTroi/04_SuDienRoCuaLuther",
      "isVideo": false,
      "url": "hoc-theo-chu-de.su-thanh-khiet-cua-duc-chua-troi.04-su-dien-ro-cua-luther",
      "name": "04_Sự Điên Rồ Của Luther",
      "count": 0,
      "isLeaf": null,
      "keyword": null,
      "hash": "U2FsdGVkX19T0bGpi+eA0O+Cp9L3lG4XkhLmH3fN+19fwAV+f9rOp9hWKli0wF/3ImPfrU5xL/ecRmIvRvSbQg==",
      "khash": null,
      "viewCount": null,
      "duration": "27:40",
      "size": 26583024
    },
    {
      "id": "d7002bd0-0639-4215-9e02-3552fb794bbe",
      "pid": "64b18409-af17-4ab2-bc4b-dd43d13731c1",
      "dblevel": 4,
      "location": "/VGMA/HocTheoChuDe/SuThanhKhietCuaDucChuaTroi/05_YNghiaCuaSuThanhKhiet",
      "isVideo": false,
      "url": "hoc-theo-chu-de.su-thanh-khiet-cua-duc-chua-troi.05-y-nghia-cua-su-thanh-khiet",
      "name": "05_Ý Nghĩa Của Sự Thánh Khiết",
      "count": 0,
      "isLeaf": null,
      "keyword": null,
      "hash": "U2FsdGVkX1+FB7UDt8UQSlRrknVY62uPzTVlIZyth8MDudk5VCvXIBY+FSsrXtASXq3wI/2+fSg/6m/m4uV9PQ==",
      "khash": "U2FsdGVkX1+p35bg/fg+3D7aK49SHubgJOoblJjm9DMiibHvVsJOja9kA4RHVwlNl0iXfcqlQjKK4+vrLhStfg==",
      "viewCount": null,
      "duration": "23:43",
      "size": 22786698
    },
    {
      "id": "ec203a8c-ba88-46d0-a732-f7bffa212016",
      "pid": "64b18409-af17-4ab2-bc4b-dd43d13731c1",
      "dblevel": 4,
      "location": "/VGMA/HocTheoChuDe/SuThanhKhietCuaDucChuaTroi/06_SuThanhKhietCuaDangChrist",
      "isVideo": false,
      "url": "hoc-theo-chu-de.su-thanh-khiet-cua-duc-chua-troi.06-su-thanh-khiet-cua-dang-christ",
      "name": "06_Sự Thánh Khiết Của Đấng Christ",
      "count": 0,
      "isLeaf": null,
      "keyword": null,
      "hash": "U2FsdGVkX1/SwAavMX5d4FG9ZktsWdgMr2xltBrLin2ZPoJsIx4DbJOz97L3jvZltlk3hdRaupoy2Kyre9l23g==",
      "khash": null,
      "viewCount": null,
      "duration": "27:38",
      "size": 26548464
    }
  ]
}