{
  "id": "3a7edcc2-d0ad-4d5f-a5c7-c6fc6b758ddb",
  "pid": "d45d630a-2836-4e61-a069-b442f2b63989",
  "dblevel": 3,
  "location": "/VGMA/HocKinhThanhTheoSach/27.Da-ni-enTHTK",
  "isVideo": false,
  "url": "hoc-kinh-thanh-theo-sach.27--da-ni-en-thtk",
  "name": "27. Đa-ni-ên THTK",
  "count": 26,
  "isLeaf": true,
  "keyword": null,
  "hash": null,
  "khash": null,
  "viewCount": null,
  "duration": null,
  "size": null,
  "children": [
    {
      "id": "bf233ada-fbd9-42e1-a456-4c0dc15e5b69",
      "pid": "3a7edcc2-d0ad-4d5f-a5c7-c6fc6b758ddb",
      "dblevel": 4,
      "location": "/VGMA/HocKinhThanhTheoSach/27.Da-ni-enTHTK/01_Da-ni-en01_01-02",
      "isVideo": false,
      "url": "hoc-kinh-thanh-theo-sach.27--da-ni-en-thtk.01-da-ni-en01-01-02",
      "name": "01_Đa-ni-ên01_01-02",
      "count": 0,
      "isLeaf": null,
      "keyword": null,
      "hash": "U2FsdGVkX1+PYHYjg+FD/hX1kJnmID/kyR00cQqv795pOGLfRtDRsOimDdjPyVfymzNQcNE0SZqqZlZH8q1oVQ==",
      "khash": null,
      "viewCount": null,
      "duration": "26:53",
      "size": 25809642
    },
    {
      "id": "06a79352-56ea-48e2-a603-763733ce2a37",
      "pid": "3a7edcc2-d0ad-4d5f-a5c7-c6fc6b758ddb",
      "dblevel": 4,
      "location": "/VGMA/HocKinhThanhTheoSach/27.Da-ni-enTHTK/02_Da-ni-en01_03-21",
      "isVideo": false,
      "url": "hoc-kinh-thanh-theo-sach.27--da-ni-en-thtk.02-da-ni-en01-03-21",
      "name": "02_Đa-ni-ên01_03-21",
      "count": 0,
      "isLeaf": null,
      "keyword": null,
      "hash": "U2FsdGVkX1/euthcBjSX1ihCv2AiDwsW54rWBgvNgAZ+PpxRmnnJ194PYkod4Yx/DjlFRCFyxDqqxQLo0fg3oQ==",
      "khash": null,
      "viewCount": null,
      "duration": "30:19",
      "size": 29113191
    },
    {
      "id": "24d0d5da-42b6-4f8e-a3b0-1778d842f5d4",
      "pid": "3a7edcc2-d0ad-4d5f-a5c7-c6fc6b758ddb",
      "dblevel": 4,
      "location": "/VGMA/HocKinhThanhTheoSach/27.Da-ni-enTHTK/03_Da-ni-en02_01-13",
      "isVideo": false,
      "url": "hoc-kinh-thanh-theo-sach.27--da-ni-en-thtk.03-da-ni-en02-01-13",
      "name": "03_Đa-ni-ên02_01-13",
      "count": 0,
      "isLeaf": null,
      "keyword": null,
      "hash": "U2FsdGVkX18VONPuBFoWjEnD8FYhxeR9zrxJKltjePSsy8H1W3MeTDUtPAeBWK+nkB+/AOEWq/keY/d1+FCPwA==",
      "khash": null,
      "viewCount": null,
      "duration": "27:48",
      "size": 26694461
    },
    {
      "id": "8352082a-bc45-4a76-ae78-2398ab8f42bd",
      "pid": "3a7edcc2-d0ad-4d5f-a5c7-c6fc6b758ddb",
      "dblevel": 4,
      "location": "/VGMA/HocKinhThanhTheoSach/27.Da-ni-enTHTK/04_Da-ni-en02_14-35",
      "isVideo": false,
      "url": "hoc-kinh-thanh-theo-sach.27--da-ni-en-thtk.04-da-ni-en02-14-35",
      "name": "04_Đa-ni-ên02_14-35",
      "count": 0,
      "isLeaf": null,
      "keyword": null,
      "hash": "U2FsdGVkX19stZx7nhq70dUt9G2thwdhgFzJC+ZBOQJVWcMCYwKLgM2cYfNDrG0nsE3wS/qoEfzSfMO++jckxg==",
      "khash": null,
      "viewCount": null,
      "duration": "26:18",
      "size": 25248322
    },
    {
      "id": "28bb7cbd-b160-4cef-950e-f9f079597660",
      "pid": "3a7edcc2-d0ad-4d5f-a5c7-c6fc6b758ddb",
      "dblevel": 4,
      "location": "/VGMA/HocKinhThanhTheoSach/27.Da-ni-enTHTK/05_Da-ni-en02_36-49",
      "isVideo": false,
      "url": "hoc-kinh-thanh-theo-sach.27--da-ni-en-thtk.05-da-ni-en02-36-49",
      "name": "05_Đa-ni-ên02_36-49",
      "count": 0,
      "isLeaf": null,
      "keyword": null,
      "hash": "U2FsdGVkX19xp5V9N4PZDbAGtaPVYGOYDLVXDS61dRFkYuYjgt/gYv/JXEaFZP4SFhnXqoYAeWG2d7GGbYT7lQ==",
      "khash": null,
      "viewCount": null,
      "duration": "29:27",
      "size": 28279362
    },
    {
      "id": "1e28cb8e-eaf7-4f69-9589-1bf41c43915c",
      "pid": "3a7edcc2-d0ad-4d5f-a5c7-c6fc6b758ddb",
      "dblevel": 4,
      "location": "/VGMA/HocKinhThanhTheoSach/27.Da-ni-enTHTK/06_Da-ni-en03_01-12",
      "isVideo": false,
      "url": "hoc-kinh-thanh-theo-sach.27--da-ni-en-thtk.06-da-ni-en03-01-12",
      "name": "06_Đa-ni-ên03_01-12",
      "count": 0,
      "isLeaf": null,
      "keyword": null,
      "hash": "U2FsdGVkX18RllmcOFVWuLR1C61KnHHHgggwhslghsistmEK8evdhtvmCJp7JDJkMSAqjnDQ6uhoyo8E8MwA/w==",
      "khash": null,
      "viewCount": null,
      "duration": "25:11",
      "size": 24180437
    },
    {
      "id": "583717f6-704f-4eff-8a68-73d28fbdb01d",
      "pid": "3a7edcc2-d0ad-4d5f-a5c7-c6fc6b758ddb",
      "dblevel": 4,
      "location": "/VGMA/HocKinhThanhTheoSach/27.Da-ni-enTHTK/07_Da-ni-en03_13-30",
      "isVideo": false,
      "url": "hoc-kinh-thanh-theo-sach.27--da-ni-en-thtk.07-da-ni-en03-13-30",
      "name": "07_Đa-ni-ên03_13-30",
      "count": 0,
      "isLeaf": null,
      "keyword": null,
      "hash": "U2FsdGVkX1/bZIx7E8moS/ky16PjmO/EXH1aAc6nMNjeM2bx8U00NOfo82TexA9DSVlJm8+6zz9/DYIpwJXVAQ==",
      "khash": null,
      "viewCount": null,
      "duration": "28:27",
      "size": 27323908
    },
    {
      "id": "5ab40adc-9bd5-4129-bcfa-243ffe8df7be",
      "pid": "3a7edcc2-d0ad-4d5f-a5c7-c6fc6b758ddb",
      "dblevel": 4,
      "location": "/VGMA/HocKinhThanhTheoSach/27.Da-ni-enTHTK/08_Da-ni-en04_01-18",
      "isVideo": false,
      "url": "hoc-kinh-thanh-theo-sach.27--da-ni-en-thtk.08-da-ni-en04-01-18",
      "name": "08_Đa-ni-ên04_01-18",
      "count": 0,
      "isLeaf": null,
      "keyword": null,
      "hash": "U2FsdGVkX1+m8zHSRuPCuMQ5VqO7FuU7uwMuWI9xmFjXjheLLuOEIBT7xjW5ZubP+tQyGe4VlALaofOl61G3aw==",
      "khash": null,
      "viewCount": null,
      "duration": "28:35",
      "size": 27455565
    },
    {
      "id": "2786fbea-0e33-470d-b596-f4a77788149b",
      "pid": "3a7edcc2-d0ad-4d5f-a5c7-c6fc6b758ddb",
      "dblevel": 4,
      "location": "/VGMA/HocKinhThanhTheoSach/27.Da-ni-enTHTK/09_Da-ni-en04_19-37",
      "isVideo": false,
      "url": "hoc-kinh-thanh-theo-sach.27--da-ni-en-thtk.09-da-ni-en04-19-37",
      "name": "09_Đa-ni-ên04_19-37",
      "count": 0,
      "isLeaf": null,
      "keyword": null,
      "hash": "U2FsdGVkX1+JVJu+WELe7Y4J9NRvUbt9ehHVKf1rX1yfQRdk4vsR5FwIEhy7vj/osRB+3S2tn1l99e2dgfY+jw==",
      "khash": null,
      "viewCount": null,
      "duration": "28:10",
      "size": 27048055
    },
    {
      "id": "2cfc206a-476f-4303-bf0b-050224c87b86",
      "pid": "3a7edcc2-d0ad-4d5f-a5c7-c6fc6b758ddb",
      "dblevel": 4,
      "location": "/VGMA/HocKinhThanhTheoSach/27.Da-ni-enTHTK/10_Da-ni-en05_01-12",
      "isVideo": false,
      "url": "hoc-kinh-thanh-theo-sach.27--da-ni-en-thtk.10-da-ni-en05-01-12",
      "name": "10_Đa-ni-ên05_01-12",
      "count": 0,
      "isLeaf": null,
      "keyword": null,
      "hash": "U2FsdGVkX1+Gpj+jxE1rTl+wopKQ1x0+rOgfwOMJPQ2yGOpCIK0rS8P4ICHcFrwHPjY6FFfWR3YAEsKkx5pyAg==",
      "khash": null,
      "viewCount": null,
      "duration": "25:38",
      "size": 24609263
    },
    {
      "id": "2abe9ec8-6f8b-4847-b164-ccc866b16017",
      "pid": "3a7edcc2-d0ad-4d5f-a5c7-c6fc6b758ddb",
      "dblevel": 4,
      "location": "/VGMA/HocKinhThanhTheoSach/27.Da-ni-enTHTK/11_Da-ni-en05_13-31",
      "isVideo": false,
      "url": "hoc-kinh-thanh-theo-sach.27--da-ni-en-thtk.11-da-ni-en05-13-31",
      "name": "11_Đa-ni-ên05_13-31",
      "count": 0,
      "isLeaf": null,
      "keyword": null,
      "hash": "U2FsdGVkX18bLKilbxo0ZpSLt/Cf0wFJoM8QkM7Hpg7nK67TuKxPhW0zdsJN4nTSktYyQ1yfC6+KWb3qzzYlOg==",
      "khash": null,
      "viewCount": null,
      "duration": "28:35",
      "size": 27454729
    },
    {
      "id": "18e6ae60-34db-4576-8afe-f529394e6604",
      "pid": "3a7edcc2-d0ad-4d5f-a5c7-c6fc6b758ddb",
      "dblevel": 4,
      "location": "/VGMA/HocKinhThanhTheoSach/27.Da-ni-enTHTK/12_Da-ni-en06_01-15",
      "isVideo": false,
      "url": "hoc-kinh-thanh-theo-sach.27--da-ni-en-thtk.12-da-ni-en06-01-15",
      "name": "12_Đa-ni-ên06_01-15",
      "count": 0,
      "isLeaf": null,
      "keyword": null,
      "hash": "U2FsdGVkX1/Z6au0IhyGsVXDnB+fLyKfCcDkr5Vm9IMbOQBlVWPWTPbx5Im3yqGC0Dok37+8URmHnqZObMPlAw==",
      "khash": null,
      "viewCount": null,
      "duration": "24:4",
      "size": 23111297
    },
    {
      "id": "2f2ba815-c810-4dae-85f4-702878079478",
      "pid": "3a7edcc2-d0ad-4d5f-a5c7-c6fc6b758ddb",
      "dblevel": 4,
      "location": "/VGMA/HocKinhThanhTheoSach/27.Da-ni-enTHTK/13_Da-ni-en06_16-28",
      "isVideo": false,
      "url": "hoc-kinh-thanh-theo-sach.27--da-ni-en-thtk.13-da-ni-en06-16-28",
      "name": "13_Đa-ni-ên06_16-28",
      "count": 0,
      "isLeaf": null,
      "keyword": null,
      "hash": "U2FsdGVkX1+ygPw+7A+Wymh1UUkIvebPWGLA6MROTPmyRfPrYPXwG7ZvbVCGxXl8wdoGukXcoDQ5pvHttXbNrw==",
      "khash": null,
      "viewCount": null,
      "duration": "28:16",
      "size": 27147947
    },
    {
      "id": "e052f558-2cae-4bec-819b-279366d2a7cc",
      "pid": "3a7edcc2-d0ad-4d5f-a5c7-c6fc6b758ddb",
      "dblevel": 4,
      "location": "/VGMA/HocKinhThanhTheoSach/27.Da-ni-enTHTK/14_Da-ni-en07_01-05",
      "isVideo": false,
      "url": "hoc-kinh-thanh-theo-sach.27--da-ni-en-thtk.14-da-ni-en07-01-05",
      "name": "14_Đa-ni-ên07_01-05",
      "count": 0,
      "isLeaf": null,
      "keyword": null,
      "hash": "U2FsdGVkX18LVI9FGUUk+arKt1+IOFm9p0l+4kdPXx38qg1xVyl6k89Kt9wxkRoubn6U3rLxg+9behUunj3+vQ==",
      "khash": null,
      "viewCount": null,
      "duration": "27:3",
      "size": 25972646
    },
    {
      "id": "044d194b-10f9-42c7-ab1c-ad99d547f4fc",
      "pid": "3a7edcc2-d0ad-4d5f-a5c7-c6fc6b758ddb",
      "dblevel": 4,
      "location": "/VGMA/HocKinhThanhTheoSach/27.Da-ni-enTHTK/15_Da-ni-en07_06-14",
      "isVideo": false,
      "url": "hoc-kinh-thanh-theo-sach.27--da-ni-en-thtk.15-da-ni-en07-06-14",
      "name": "15_Đa-ni-ên07_06-14",
      "count": 0,
      "isLeaf": null,
      "keyword": null,
      "hash": "U2FsdGVkX187fk+pe57xhpgtR5szp8+ZcRWb/oGteTf/kK0A99/94rGobKSCrIM3dKrrGqgZPdAbTP93w+MuJA==",
      "khash": null,
      "viewCount": null,
      "duration": "28:9",
      "size": 27035516
    },
    {
      "id": "235dd124-e8a6-4136-8f7d-e67842719d52",
      "pid": "3a7edcc2-d0ad-4d5f-a5c7-c6fc6b758ddb",
      "dblevel": 4,
      "location": "/VGMA/HocKinhThanhTheoSach/27.Da-ni-enTHTK/16_Da-ni-en07_15-28",
      "isVideo": false,
      "url": "hoc-kinh-thanh-theo-sach.27--da-ni-en-thtk.16-da-ni-en07-15-28",
      "name": "16_Đa-ni-ên07_15-28",
      "count": 0,
      "isLeaf": null,
      "keyword": null,
      "hash": "U2FsdGVkX18Gm0hKek50jbbeQNtMi8rVwc6nyAUBO3FQDQvJ60ZPUoFrqffP6EL2px+cC67inN3dYBPv04rslg==",
      "khash": null,
      "viewCount": null,
      "duration": "28:3",
      "size": 26931444
    },
    {
      "id": "3aa41cad-576e-45a1-b186-67fe1126ea40",
      "pid": "3a7edcc2-d0ad-4d5f-a5c7-c6fc6b758ddb",
      "dblevel": 4,
      "location": "/VGMA/HocKinhThanhTheoSach/27.Da-ni-enTHTK/17_Da-ni-en08_01-14",
      "isVideo": false,
      "url": "hoc-kinh-thanh-theo-sach.27--da-ni-en-thtk.17-da-ni-en08-01-14",
      "name": "17_Đa-ni-ên08_01-14",
      "count": 0,
      "isLeaf": null,
      "keyword": null,
      "hash": "U2FsdGVkX18P9tqK0eYYj0s0Bt+lYCI3WtGBeDapTQ3fNlL4cwvytYxb9NYi/HJPcoXA1+XdSdPChZ8pCuMVAw==",
      "khash": null,
      "viewCount": null,
      "duration": "24:56",
      "size": 23939274
    },
    {
      "id": "691d1df9-9cb0-422f-aefa-ef327ab3e87e",
      "pid": "3a7edcc2-d0ad-4d5f-a5c7-c6fc6b758ddb",
      "dblevel": 4,
      "location": "/VGMA/HocKinhThanhTheoSach/27.Da-ni-enTHTK/18_Da-ni-en08_15-27",
      "isVideo": false,
      "url": "hoc-kinh-thanh-theo-sach.27--da-ni-en-thtk.18-da-ni-en08-15-27",
      "name": "18_Đa-ni-ên08_15-27",
      "count": 0,
      "isLeaf": null,
      "keyword": null,
      "hash": "U2FsdGVkX1/9ig3bluAOF/Sw+/UmzvRJyL4OKQBiOsH06/Gqcw+3/UOBcyvRtDubMlAUiudPVHyIYGu7TFQwOw==",
      "khash": null,
      "viewCount": null,
      "duration": "27:5",
      "size": 26011516
    },
    {
      "id": "1f9b3e74-2dc6-4a72-80a7-0fa8208f73ed",
      "pid": "3a7edcc2-d0ad-4d5f-a5c7-c6fc6b758ddb",
      "dblevel": 4,
      "location": "/VGMA/HocKinhThanhTheoSach/27.Da-ni-enTHTK/19_Da-ni-en09_01-19",
      "isVideo": false,
      "url": "hoc-kinh-thanh-theo-sach.27--da-ni-en-thtk.19-da-ni-en09-01-19",
      "name": "19_Đa-ni-ên09_01-19",
      "count": 0,
      "isLeaf": null,
      "keyword": null,
      "hash": "U2FsdGVkX1+WeLnYwY3SFd9s74c7zBYFxN+LrGOQ5woTH+abG/bytX9eIzONih7fvwl1R8pKYw0ZSDMo6yd5iQ==",
      "khash": null,
      "viewCount": null,
      "duration": "29:17",
      "size": 28120120
    },
    {
      "id": "a7937fa4-ea6d-4cbf-ba2f-9f14dd0b2bbc",
      "pid": "3a7edcc2-d0ad-4d5f-a5c7-c6fc6b758ddb",
      "dblevel": 4,
      "location": "/VGMA/HocKinhThanhTheoSach/27.Da-ni-enTHTK/20_Da-ni-en09_20-27",
      "isVideo": false,
      "url": "hoc-kinh-thanh-theo-sach.27--da-ni-en-thtk.20-da-ni-en09-20-27",
      "name": "20_Đa-ni-ên09_20-27",
      "count": 0,
      "isLeaf": null,
      "keyword": null,
      "hash": "U2FsdGVkX1/W/ZQZ5X1DgEnwsRzHh0d2yPIrxFBRvfOfQsNU/1j+AHvOmTmlZ+u1GBPbxeeOte+Vwp7oA9KcGQ==",
      "khash": null,
      "viewCount": null,
      "duration": "30:7",
      "size": 28914660
    },
    {
      "id": "8c49f70d-0aec-4777-9f4f-62e45740e6e1",
      "pid": "3a7edcc2-d0ad-4d5f-a5c7-c6fc6b758ddb",
      "dblevel": 4,
      "location": "/VGMA/HocKinhThanhTheoSach/27.Da-ni-enTHTK/21_Da-ni-en10_01-09",
      "isVideo": false,
      "url": "hoc-kinh-thanh-theo-sach.27--da-ni-en-thtk.21-da-ni-en10-01-09",
      "name": "21_Đa-ni-ên10_01-09",
      "count": 0,
      "isLeaf": null,
      "keyword": null,
      "hash": "U2FsdGVkX18rBXg19jaPfp19jf5NMVQ6KEZBKQ9EIC3BBxzmnrfwiU7cy6AweD0XFAimByvqAJ5sInmYXAgqNw==",
      "khash": null,
      "viewCount": null,
      "duration": "26:12",
      "size": 25161387
    },
    {
      "id": "a24c11ba-5e4e-4621-9794-6ed8c12f3987",
      "pid": "3a7edcc2-d0ad-4d5f-a5c7-c6fc6b758ddb",
      "dblevel": 4,
      "location": "/VGMA/HocKinhThanhTheoSach/27.Da-ni-enTHTK/22_Da-ni-en10_10-21",
      "isVideo": false,
      "url": "hoc-kinh-thanh-theo-sach.27--da-ni-en-thtk.22-da-ni-en10-10-21",
      "name": "22_Đa-ni-ên10_10-21",
      "count": 0,
      "isLeaf": null,
      "keyword": null,
      "hash": "U2FsdGVkX19vhuTex1VEi35dRA0r3Fc/4BCF1Mq5qgaoZI5B6U3RJfJaOel4wKoCP7QF89UEBO6Dvc8oqEyoBQ==",
      "khash": null,
      "viewCount": null,
      "duration": "26:27",
      "size": 25395026
    },
    {
      "id": "bf982dc2-a3a1-47ec-9663-edd2bf36b00f",
      "pid": "3a7edcc2-d0ad-4d5f-a5c7-c6fc6b758ddb",
      "dblevel": 4,
      "location": "/VGMA/HocKinhThanhTheoSach/27.Da-ni-enTHTK/23_Da-ni-en11_01-20",
      "isVideo": false,
      "url": "hoc-kinh-thanh-theo-sach.27--da-ni-en-thtk.23-da-ni-en11-01-20",
      "name": "23_Đa-ni-ên11_01-20",
      "count": 0,
      "isLeaf": null,
      "keyword": null,
      "hash": "U2FsdGVkX19ymPm02VWtwurTph9dVk/9/AYBy9BBYihI18K4c8gsGdORcafUdKTEM55aV5zl7kGwE/VM1xcgLg==",
      "khash": null,
      "viewCount": null,
      "duration": "25:20",
      "size": 24320453
    },
    {
      "id": "26169ec3-2208-41c3-8daf-8fb01c06bd27",
      "pid": "3a7edcc2-d0ad-4d5f-a5c7-c6fc6b758ddb",
      "dblevel": 4,
      "location": "/VGMA/HocKinhThanhTheoSach/27.Da-ni-enTHTK/24_Da-ni-en11_21-36",
      "isVideo": false,
      "url": "hoc-kinh-thanh-theo-sach.27--da-ni-en-thtk.24-da-ni-en11-21-36",
      "name": "24_Đa-ni-ên11_21-36",
      "count": 0,
      "isLeaf": null,
      "keyword": null,
      "hash": "U2FsdGVkX18h51ItYHisfvLqxR59fbw3ZgfmgS7n899Jat1YTDfBVhlAwvsYRNEoyLYE9wYu5ZTPwQI8HGmlpw==",
      "khash": null,
      "viewCount": null,
      "duration": "25:28",
      "size": 24455454
    },
    {
      "id": "2ae84dc1-8d86-41b5-ac01-6f1052c4c7ff",
      "pid": "3a7edcc2-d0ad-4d5f-a5c7-c6fc6b758ddb",
      "dblevel": 4,
      "location": "/VGMA/HocKinhThanhTheoSach/27.Da-ni-enTHTK/25_Da-ni-en11_37-45",
      "isVideo": false,
      "url": "hoc-kinh-thanh-theo-sach.27--da-ni-en-thtk.25-da-ni-en11-37-45",
      "name": "25_Đa-ni-ên11_37-45",
      "count": 0,
      "isLeaf": null,
      "keyword": null,
      "hash": "U2FsdGVkX1/2SW1GSBVjBUjXIQmKnwDlC0+3ASaONIOusyBLEmQPfiEKVoFniTzH1UJVKxEAUinxjFq6Kw8yNg==",
      "khash": null,
      "viewCount": null,
      "duration": "26:42",
      "size": 25632427
    },
    {
      "id": "393e0286-ebe7-4149-b16a-8406427e1859",
      "pid": "3a7edcc2-d0ad-4d5f-a5c7-c6fc6b758ddb",
      "dblevel": 4,
      "location": "/VGMA/HocKinhThanhTheoSach/27.Da-ni-enTHTK/26_Da-ni-en12_01-13",
      "isVideo": false,
      "url": "hoc-kinh-thanh-theo-sach.27--da-ni-en-thtk.26-da-ni-en12-01-13",
      "name": "26_Đa-ni-ên12_01-13",
      "count": 0,
      "isLeaf": null,
      "keyword": null,
      "hash": "U2FsdGVkX19YYREnn57D37L0AUl70Ipnrho107igfCBgZk29m2LEFyyolGDmwjcv45fmQn3P9h140xbrwnzOkw==",
      "khash": null,
      "viewCount": null,
      "duration": "26:49",
      "size": 25745276
    }
  ]
}