{
  "id": "fc5d0cd6-afed-42c2-9305-4b1da8820fca",
  "pid": "d45d630a-2836-4e61-a069-b442f2b63989",
  "dblevel": 3,
  "location": "/VGMA/HocKinhThanhTheoSach/54.ITi-mo-theTHTK",
  "isVideo": false,
  "url": "hoc-kinh-thanh-theo-sach.54--i-ti-mo-the-thtk",
  "name": "54. I Ti-mô-thê THTK",
  "count": 9,
  "isLeaf": true,
  "keyword": null,
  "hash": null,
  "khash": null,
  "viewCount": null,
  "duration": null,
  "size": null,
  "children": [
    {
      "id": "0676263e-31a0-4cf2-8f22-fc911eab35c7",
      "pid": "fc5d0cd6-afed-42c2-9305-4b1da8820fca",
      "dblevel": 4,
      "location": "/VGMA/HocKinhThanhTheoSach/54.ITi-mo-theTHTK/01_ITi-mo-the1_1-2",
      "isVideo": false,
      "url": "hoc-kinh-thanh-theo-sach.54--i-ti-mo-the-thtk.01-i-ti-mo-the1-1-2",
      "name": "01_I Ti-mô-thê1_1-2",
      "count": 0,
      "isLeaf": null,
      "keyword": null,
      "hash": "U2FsdGVkX18Xu0ckK1km7gvD+/71/23gNllrJHJcWh16hxOBTQHxTCMGjZgWcFbNFx2qc/GrqPd5ZHVG1Ho0/A==",
      "khash": null,
      "viewCount": null,
      "duration": "28:4",
      "size": 26955685
    },
    {
      "id": "bf1830f9-c3ed-422d-9313-10c7a148a2ef",
      "pid": "fc5d0cd6-afed-42c2-9305-4b1da8820fca",
      "dblevel": 4,
      "location": "/VGMA/HocKinhThanhTheoSach/54.ITi-mo-theTHTK/02_ITi-mo-the1_3-10",
      "isVideo": false,
      "url": "hoc-kinh-thanh-theo-sach.54--i-ti-mo-the-thtk.02-i-ti-mo-the1-3-10",
      "name": "02_I Ti-mô-thê1_3-10",
      "count": 0,
      "isLeaf": null,
      "keyword": null,
      "hash": "U2FsdGVkX18cIbsQZOUEloPDyCh6s2KDBajoey+7g+xfyjXe1Qvsj/UYE79PBXzI9qcJD9O7TdUkMVACC+MjSA==",
      "khash": null,
      "viewCount": null,
      "duration": "27:4",
      "size": 25997406
    },
    {
      "id": "43306a21-8ba5-429f-be23-9dff6a2f49bf",
      "pid": "fc5d0cd6-afed-42c2-9305-4b1da8820fca",
      "dblevel": 4,
      "location": "/VGMA/HocKinhThanhTheoSach/54.ITi-mo-theTHTK/03_ITi-mo-the1_11-20",
      "isVideo": false,
      "url": "hoc-kinh-thanh-theo-sach.54--i-ti-mo-the-thtk.03-i-ti-mo-the1-11-20",
      "name": "03_I Ti-mô-thê1_11-20",
      "count": 0,
      "isLeaf": null,
      "keyword": null,
      "hash": "U2FsdGVkX18YnEjoW84AH9+9A3OQ/d83mnTuG5slKVssos1SPHVZqTtC786jYExhjFFLQM22QntBCICLBYhikA==",
      "khash": null,
      "viewCount": null,
      "duration": "29:5",
      "size": 27935801
    },
    {
      "id": "6886c71e-ffd7-4f6a-af76-b493bc6e621b",
      "pid": "fc5d0cd6-afed-42c2-9305-4b1da8820fca",
      "dblevel": 4,
      "location": "/VGMA/HocKinhThanhTheoSach/54.ITi-mo-theTHTK/04_ITi-mo-the2_1-15",
      "isVideo": false,
      "url": "hoc-kinh-thanh-theo-sach.54--i-ti-mo-the-thtk.04-i-ti-mo-the2-1-15",
      "name": "04_I Ti-mô-thê2_1-15",
      "count": 0,
      "isLeaf": null,
      "keyword": null,
      "hash": "U2FsdGVkX1+5D16dWffZ55uQ/0FvHe6hSvi7nQSvRLHP2/kisPaTi0qc2AuOju8D2M9SFVbSWy66wgFwwtO//w==",
      "khash": null,
      "viewCount": null,
      "duration": "28:4",
      "size": 26952336
    },
    {
      "id": "7bda256a-6d46-4888-93b5-241e02c01a39",
      "pid": "fc5d0cd6-afed-42c2-9305-4b1da8820fca",
      "dblevel": 4,
      "location": "/VGMA/HocKinhThanhTheoSach/54.ITi-mo-theTHTK/05_ITi-mo-the3_1-13",
      "isVideo": false,
      "url": "hoc-kinh-thanh-theo-sach.54--i-ti-mo-the-thtk.05-i-ti-mo-the3-1-13",
      "name": "05_I Ti-mô-thê3_1-13",
      "count": 0,
      "isLeaf": null,
      "keyword": null,
      "hash": "U2FsdGVkX1+e6g2MSGtseZFAEriWqCctpx7XfY3mqBg1G5h17UQwoI17Yh3E4u98vJK0oPlFS/xfin1GcSuIuA==",
      "khash": null,
      "viewCount": null,
      "duration": "26:55",
      "size": 25846422
    },
    {
      "id": "5b8e9c72-ab23-410a-96d9-328f31a01f9f",
      "pid": "fc5d0cd6-afed-42c2-9305-4b1da8820fca",
      "dblevel": 4,
      "location": "/VGMA/HocKinhThanhTheoSach/54.ITi-mo-theTHTK/06_ITi-mo-the3_14-4_5",
      "isVideo": false,
      "url": "hoc-kinh-thanh-theo-sach.54--i-ti-mo-the-thtk.06-i-ti-mo-the3-14-4-5",
      "name": "06_I Ti-mô-thê3_14-4_5",
      "count": 0,
      "isLeaf": null,
      "keyword": null,
      "hash": "U2FsdGVkX1+GKb134nkxt//mKYtwQT8JeyBIN7/kUZYDU2vhbb3jeL4bP6mOgDY4ekHMApjCfTOhIO/7ADgpoQ==",
      "khash": null,
      "viewCount": null,
      "duration": "25:43",
      "size": 24694110
    },
    {
      "id": "7a30d67e-2817-4845-93f4-7317b53161fb",
      "pid": "fc5d0cd6-afed-42c2-9305-4b1da8820fca",
      "dblevel": 4,
      "location": "/VGMA/HocKinhThanhTheoSach/54.ITi-mo-theTHTK/07_ITi-mo-the4_6-16",
      "isVideo": false,
      "url": "hoc-kinh-thanh-theo-sach.54--i-ti-mo-the-thtk.07-i-ti-mo-the4-6-16",
      "name": "07_I Ti-mô-thê4_6-16",
      "count": 0,
      "isLeaf": null,
      "keyword": null,
      "hash": "U2FsdGVkX1/lhw9Za7DNwgY91kweFh6+FVhr/dajXbDfPkwStuqC0DGDH2/t9m+WnzaEUOfzQdRTwXztog+xVg==",
      "khash": "U2FsdGVkX1/+iB3cC0LYbuQz21CMRHbGXLdHVU23/qrobcpUGPY4tIswCFJDsIjZU8xEqTz1ZrjRbinqTvZH9A==",
      "viewCount": null,
      "duration": "26:34",
      "size": 25512852
    },
    {
      "id": "19cf4d18-8398-41d5-97b4-c6af1934f3ff",
      "pid": "fc5d0cd6-afed-42c2-9305-4b1da8820fca",
      "dblevel": 4,
      "location": "/VGMA/HocKinhThanhTheoSach/54.ITi-mo-theTHTK/08_ITi-mo-the5_1-20",
      "isVideo": false,
      "url": "hoc-kinh-thanh-theo-sach.54--i-ti-mo-the-thtk.08-i-ti-mo-the5-1-20",
      "name": "08_I Ti-mô-thê5_1-20",
      "count": 0,
      "isLeaf": null,
      "keyword": null,
      "hash": "U2FsdGVkX18OHL3mq3hXSiQoh1Qe45viahzs0emZkoD/AReKUYiMwGJvA4OyutSkZhBYTEzTTHH0oTyhzOkyug==",
      "khash": null,
      "viewCount": null,
      "duration": "24:50",
      "size": 23847771
    },
    {
      "id": "d7c44aca-d2be-44d4-8778-2b091f0e9040",
      "pid": "fc5d0cd6-afed-42c2-9305-4b1da8820fca",
      "dblevel": 4,
      "location": "/VGMA/HocKinhThanhTheoSach/54.ITi-mo-theTHTK/09_ITi-mo-the5_21-6_21",
      "isVideo": false,
      "url": "hoc-kinh-thanh-theo-sach.54--i-ti-mo-the-thtk.09-i-ti-mo-the5-21-6-21",
      "name": "09_I Ti-mô-thê5_21-6_21",
      "count": 0,
      "isLeaf": null,
      "keyword": null,
      "hash": "U2FsdGVkX1+jl9S77+8g5kwH0SatVYVLqxzVXXCJ3GlPX8E5MqdThDohKybsb8f9BIqJSaH9S//mnHeE+6zPKw==",
      "khash": null,
      "viewCount": null,
      "duration": "25:50",
      "size": 24803617
    }
  ]
}