{
  "id": "a8a33e36-2076-44c0-86eb-eb0525ace610",
  "pid": "e6ba0e06-964b-4f38-abe3-49308863b5fc",
  "dblevel": 3,
  "location": "/VGMA/HocTheoChuDe/MuoiDieuLuatChua",
  "isVideo": false,
  "url": "hoc-theo-chu-de.muoi-dieu-luat-chua",
  "name": "Mười Điều Luật Chúa",
  "count": 18,
  "isLeaf": true,
  "keyword": null,
  "hash": null,
  "khash": null,
  "viewCount": null,
  "duration": null,
  "size": null,
  "children": [
    {
      "id": "4ba2867d-fb42-4c63-b4da-bb0b4c970bf4",
      "pid": "a8a33e36-2076-44c0-86eb-eb0525ace610",
      "dblevel": 4,
      "location": "/VGMA/HocTheoChuDe/MuoiDieuLuatChua/01-TongQuatMuoiDieuLuatChuaVaGiaDinhChungTa",
      "isVideo": false,
      "url": "hoc-theo-chu-de.muoi-dieu-luat-chua.01-tong-quat-muoi-dieu-luat-chua-va-gia-dinh-chung-ta",
      "name": "01-Tổng Quát Mười Điều Luật Chúa Và Gia Đình Chúng Ta",
      "count": 0,
      "isLeaf": null,
      "keyword": null,
      "hash": "U2FsdGVkX1/l3RS4vf5R6Yr1dP2pUQ9dslWW45+MqqnEMPUQfYBjoWywUx1v5AZ2UmhFsQOOqwXbSA5bdzgVww==",
      "khash": null,
      "viewCount": null,
      "duration": "28:37",
      "size": 27472610
    },
    {
      "id": "6fecda47-fc80-477b-a7b5-18630227bfe3",
      "pid": "a8a33e36-2076-44c0-86eb-eb0525ace610",
      "dblevel": 4,
      "location": "/VGMA/HocTheoChuDe/MuoiDieuLuatChua/02-DieuRanITruocMatTaNguoiChoCoCacThanKhac",
      "isVideo": false,
      "url": "hoc-theo-chu-de.muoi-dieu-luat-chua.02-dieu-ran-i-truoc-mat-ta-nguoi-cho-co-cac-than-khac",
      "name": "02-Điều Răn I Trước Mặt Ta Ngươi Chớ Có Các Thần Khác",
      "count": 0,
      "isLeaf": null,
      "keyword": null,
      "hash": "U2FsdGVkX1/Jor97DVb6sLMr6HQQ5Unwf0nopWcww6bUFz8BACWSr+4WyeI+mVsz9HorDIwtzAVDCnly54fHFQ==",
      "khash": "U2FsdGVkX19CXGxsH0KMOfd7EFelWjVOxzW/qztwQStvu9FpBtQHzTM7ToyecD5GhagB7W4tOcpwnEjBXzKlLw==",
      "viewCount": null,
      "duration": "34:12",
      "size": 32836470
    },
    {
      "id": "b90106d2-45ae-4e14-bf3f-082e5b20adee",
      "pid": "a8a33e36-2076-44c0-86eb-eb0525ace610",
      "dblevel": 4,
      "location": "/VGMA/HocTheoChuDe/MuoiDieuLuatChua/03-DieuRanIINguoiChoThoHinhTuongCungDungQuyLay&HauViecHinhTuong",
      "isVideo": false,
      "url": "hoc-theo-chu-de.muoi-dieu-luat-chua.03-dieu-ran-ii-nguoi-cho-tho-hinh-tuong-cung-dung-quy-lay-hau-viec-hinh-tuong",
      "name": "03-Điều Răn II Ngươi Chớ Thờ Hình Tượng Cũng Đừng Quỳ Lạy & Hầu Việc Hình Tượng",
      "count": 0,
      "isLeaf": null,
      "keyword": null,
      "hash": "U2FsdGVkX18AfqTAwCQ208jPROoBgtBP6bpS1mB34MBHF63CrWHR/pIpJDNwRozXHPtIrL98Vqfzs6sicsqJdg==",
      "khash": null,
      "viewCount": null,
      "duration": "22:16",
      "size": 21384023
    },
    {
      "id": "a5f4a9bb-a673-4182-a2a5-60f7a27bb4c6",
      "pid": "a8a33e36-2076-44c0-86eb-eb0525ace610",
      "dblevel": 4,
      "location": "/VGMA/HocTheoChuDe/MuoiDieuLuatChua/04-DieuRanIIIChoGoiDenDanhChuaCachBatXung",
      "isVideo": false,
      "url": "hoc-theo-chu-de.muoi-dieu-luat-chua.04-dieu-ran-iii-cho-goi-den-danh-chua-cach-bat-xung",
      "name": "04-Điều Răn III Chớ Gọi Đến Danh Chúa Cách Bất Xứng",
      "count": 0,
      "isLeaf": null,
      "keyword": null,
      "hash": "U2FsdGVkX19R1ZfR82uDEI2D54Db3b/2hgs1kRwlA8BlaX9PxiqK+Ewo5maRN60DXaAQ//moAPGxusu/Vq+JMg==",
      "khash": "U2FsdGVkX1/mYM/p7QN2gN648PNQtKSSb+gaAlNkQ1aeO6EwlxHS855NDzG3JXnnoIiyMEN4rSbuX1zbh15pVQ==",
      "viewCount": null,
      "duration": "23:56",
      "size": 22986004
    },
    {
      "id": "76b50917-07b9-4c0e-a399-04b7ecedff4b",
      "pid": "a8a33e36-2076-44c0-86eb-eb0525ace610",
      "dblevel": 4,
      "location": "/VGMA/HocTheoChuDe/MuoiDieuLuatChua/05-DieuRanIVHayNhoNgayNghiDangLamNenNgayThanh",
      "isVideo": false,
      "url": "hoc-theo-chu-de.muoi-dieu-luat-chua.05-dieu-ran-iv-hay-nho-ngay-nghi-dang-lam-nen-ngay-thanh",
      "name": "05-Điều Răn IV Hãy Nhớ Ngày Nghỉ Đặng Làm Nên Ngày Thánh",
      "count": 0,
      "isLeaf": null,
      "keyword": null,
      "hash": "U2FsdGVkX1/vnK6oTUEsmFw4ouZwAvLDMz6Qs8BENKp4yb3HwRAcjMkvSQpWRYyZfM5vlFpUHG7MShcQz05LYA==",
      "khash": "U2FsdGVkX1/d2XuRuzF75amygG6IJXlDP0xVy2zAkvRpkP2+DhoT8v84+78GYujlbcpL//k2tDqXdCoXH4hZXg==",
      "viewCount": null,
      "duration": "35:20",
      "size": 33921080
    },
    {
      "id": "903c04bc-a5be-49d3-b604-30e734a6857d",
      "pid": "a8a33e36-2076-44c0-86eb-eb0525ace610",
      "dblevel": 4,
      "location": "/VGMA/HocTheoChuDe/MuoiDieuLuatChua/06-DieuRanVHayHieuKinhChaMe01",
      "isVideo": false,
      "url": "hoc-theo-chu-de.muoi-dieu-luat-chua.06-dieu-ran-v-hay-hieu-kinh-cha-me-01",
      "name": "06-Điều Răn V Hãy Hiếu Kính Cha Mẹ 01",
      "count": 0,
      "isLeaf": null,
      "keyword": null,
      "hash": "U2FsdGVkX1+kc1dFGSJychIHyojoxefWRtraU2xiEBvOm/0sas5BLJkJrRmt5QUFm1Y2inGWPD+e4DhZlPsFEg==",
      "khash": "U2FsdGVkX1+k4kxJivYr5mjiQ6uxwUZBEH37atCP0lu8dXh1KqNPeIvaq3UfjiYiURRhUGmOSIGoEaikzg+JJg==",
      "viewCount": null,
      "duration": "36:30",
      "size": 35043257
    },
    {
      "id": "edf5967f-0a14-4488-89ef-a3ee7b2a95f4",
      "pid": "a8a33e36-2076-44c0-86eb-eb0525ace610",
      "dblevel": 4,
      "location": "/VGMA/HocTheoChuDe/MuoiDieuLuatChua/07-DieuRanVHayHieuKinhChaMe02",
      "isVideo": false,
      "url": "hoc-theo-chu-de.muoi-dieu-luat-chua.07-dieu-ran-v-hay-hieu-kinh-cha-me-02",
      "name": "07-Điều Răn V Hãy Hiếu Kính Cha Mẹ 02",
      "count": 0,
      "isLeaf": null,
      "keyword": null,
      "hash": "U2FsdGVkX1/FdhgKz/Tbyig+OKIOhDUNrxp18eICyamp85hH09ebDxOYYxnMMmrVd/zldy2J1uVRhMUGKxGLOA==",
      "khash": "U2FsdGVkX1/6L5bPDM4OHlKrKlCKBRnWZkaZHhQrYiXBFpIwZZtaTZF4jWDVvgDFnYH15rvc7WGoGGeog5HP6w==",
      "viewCount": null,
      "duration": "44:7",
      "size": 42366320
    },
    {
      "id": "f68929a9-2de9-47b5-ac0e-27ca905e4b92",
      "pid": "a8a33e36-2076-44c0-86eb-eb0525ace610",
      "dblevel": 4,
      "location": "/VGMA/HocTheoChuDe/MuoiDieuLuatChua/08-DieuRanVIChoGietNguoi",
      "isVideo": false,
      "url": "hoc-theo-chu-de.muoi-dieu-luat-chua.08-dieu-ran-vi-cho-giet-nguoi",
      "name": "08-Điều Răn VI Chớ Giết Người",
      "count": 0,
      "isLeaf": null,
      "keyword": null,
      "hash": "U2FsdGVkX1+LWij/p245PWBRWsK7GPof+KMpAA8sb/LN5GFC0h5h8oYrigXLMKtiDyW4x+lusv41gOh3UOKztw==",
      "khash": "U2FsdGVkX19Razqnrehytdcwo1WzHgYkZo3g4tyUMF6pizPt6LZlhlrN7cZCvb/1ubGVIxeHHExJpvhAXSUd+A==",
      "viewCount": null,
      "duration": "42:45",
      "size": 41046813
    },
    {
      "id": "f253009b-07bc-45b3-a043-3ad3941c3c9f",
      "pid": "a8a33e36-2076-44c0-86eb-eb0525ace610",
      "dblevel": 4,
      "location": "/VGMA/HocTheoChuDe/MuoiDieuLuatChua/09-DieuRanVIIChoPhamToiNgoaiTinh01",
      "isVideo": false,
      "url": "hoc-theo-chu-de.muoi-dieu-luat-chua.09-dieu-ran-vii-cho-pham-toi-ngoai-tinh-01",
      "name": "09-Điều Răn VII Chớ Phạm Tội Ngoại Tình 01",
      "count": 0,
      "isLeaf": null,
      "keyword": null,
      "hash": "U2FsdGVkX1+l8m9eRnP9QG6qLdBrUAamHu0mlqu7hKNqjCiwqcG0Zjh0+x58Y7IaXMoBl9rEItnRsKdjEKBRYQ==",
      "khash": "U2FsdGVkX18DIkzC2klS4HvoT3F3hxaciSz4rbBr7rtqt6FSd0ZnhlYjemE0qAyZqTCU11IcN5L2MLbLcSekrQ==",
      "viewCount": null,
      "duration": "37:28",
      "size": 35979913
    },
    {
      "id": "eae4ef01-adb8-4fd2-85ad-347df68d691d",
      "pid": "a8a33e36-2076-44c0-86eb-eb0525ace610",
      "dblevel": 4,
      "location": "/VGMA/HocTheoChuDe/MuoiDieuLuatChua/10-DieuRanVIIChoPhamToiNgoaiTinh02",
      "isVideo": false,
      "url": "hoc-theo-chu-de.muoi-dieu-luat-chua.10-dieu-ran-vii-cho-pham-toi-ngoai-tinh-02",
      "name": "10-Điều Răn VII Chớ Phạm Tội Ngoại Tình 02",
      "count": 0,
      "isLeaf": null,
      "keyword": null,
      "hash": "U2FsdGVkX1/Jwqd075CRMzhjDhXCCzyMQkKH8lMlVjfC0n4L8ex7ynft0mwsrpOfYBYr3QwrzuJ2iGYk300wJw==",
      "khash": "U2FsdGVkX1/VpCR9vvrVZEWPl/8625/5IT7R4k8EhnfRuxroHCW2qpWz/VDv4d+Mh73UfIJYOcyglqAGF6XDtA==",
      "viewCount": null,
      "duration": "35:48",
      "size": 34383309
    },
    {
      "id": "d876a468-0603-4268-9efc-b796493e3dfb",
      "pid": "a8a33e36-2076-44c0-86eb-eb0525ace610",
      "dblevel": 4,
      "location": "/VGMA/HocTheoChuDe/MuoiDieuLuatChua/11-DieuRanVIIChoPhamToiNgoaiTinh03",
      "isVideo": false,
      "url": "hoc-theo-chu-de.muoi-dieu-luat-chua.11-dieu-ran-vii-cho-pham-toi-ngoai-tinh-03",
      "name": "11-Điều Răn VII Chớ Phạm Tội Ngoại Tình 03",
      "count": 0,
      "isLeaf": null,
      "keyword": null,
      "hash": "U2FsdGVkX18xSWoMH4RgyRnzMXCY3WGZya/TucY8d86k1nowGjFZTf4YTuvFU09j7BvhFEoHuRnWCcHGQh1Y0Q==",
      "khash": "U2FsdGVkX1+0Qxf/g7C3PWqeE01Qc7QrkTmEZM17umSuEwPi+meFR9cqHjDYbowT0D8qMIzWq/NTiovDPrcdlw==",
      "viewCount": null,
      "duration": "45:23",
      "size": 43580919
    },
    {
      "id": "cb43294d-b0bc-440e-ba81-2870d5829e4e",
      "pid": "a8a33e36-2076-44c0-86eb-eb0525ace610",
      "dblevel": 4,
      "location": "/VGMA/HocTheoChuDe/MuoiDieuLuatChua/12-DieuRanVIIIChoTromCuop01",
      "isVideo": false,
      "url": "hoc-theo-chu-de.muoi-dieu-luat-chua.12-dieu-ran-viii-cho-trom-cuop-01",
      "name": "12-Điều Răn VIII Chớ Trộm Cướp 01",
      "count": 0,
      "isLeaf": null,
      "keyword": null,
      "hash": "U2FsdGVkX1+N9/sJth5oeK0qvCokjV9buUoZuytrtkNiYB0svynjgnW7QjzYQVv3SeR8CgbU9Jz0arSu2BdFEw==",
      "khash": "U2FsdGVkX1/43cA4HPtq8lZgZ0jf0S/Q+bdJKiRSLVeoLL9V66FGeftBZtuPrcEsm9l3nGdHVnrXXx221F7MRQ==",
      "viewCount": null,
      "duration": "25:44",
      "size": 24715059
    },
    {
      "id": "925462b0-369c-4d92-ba79-f3cf511e53bd",
      "pid": "a8a33e36-2076-44c0-86eb-eb0525ace610",
      "dblevel": 4,
      "location": "/VGMA/HocTheoChuDe/MuoiDieuLuatChua/13-DieuRanVIIIChoTromCuop02",
      "isVideo": false,
      "url": "hoc-theo-chu-de.muoi-dieu-luat-chua.13-dieu-ran-viii-cho-trom-cuop-02",
      "name": "13-Điều Răn VIII Chớ Trộm Cướp 02",
      "count": 0,
      "isLeaf": null,
      "keyword": null,
      "hash": "U2FsdGVkX1/unEDBiP94kNtF7Wgtyj7LpA9OVETnElTnnRSiDJea+MYG+jfEx+E1tx0oR3wRZXLm5TjAlzabrw==",
      "khash": "U2FsdGVkX1+FVLTb78eBdhn+F0+sj4JpjJMiQsGw8Gk25VS60MXJkPCeR7HyM7xzxlpIaGkPgLfO6YZXiKU7BQ==",
      "viewCount": null,
      "duration": "25:4",
      "size": 24070984
    },
    {
      "id": "2d01951a-56e0-4c9c-92b4-2ff121dcd1a7",
      "pid": "a8a33e36-2076-44c0-86eb-eb0525ace610",
      "dblevel": 4,
      "location": "/VGMA/HocTheoChuDe/MuoiDieuLuatChua/14-DieuRanIXChoLamChungDoiChoNguoiLanCan01",
      "isVideo": false,
      "url": "hoc-theo-chu-de.muoi-dieu-luat-chua.14-dieu-ran-ix-cho-lam-chung-doi-cho-nguoi-lan-can-01",
      "name": "14-Điều Răn IX Chớ Làm Chứng Dối Cho Người Lân Cận 01",
      "count": 0,
      "isLeaf": null,
      "keyword": null,
      "hash": "U2FsdGVkX1/UJs57ISxuM5pk+tYPk2pQiLuhOfGUreM6rbhN3qFT8ZTyddmP6mF0F+DB1wZdhfHROX2t8/4dIw==",
      "khash": "U2FsdGVkX1+4Yp1XSZkxb1sLEM1E6HA18Kf1QADV6W4H6zJFVwJl73GAyt3zq7vHLvzNR+VxXIaeaxbFz1x8hg==",
      "viewCount": null,
      "duration": "34:38",
      "size": 33259439
    },
    {
      "id": "4d431956-cbf3-41d1-9aee-176989e88519",
      "pid": "a8a33e36-2076-44c0-86eb-eb0525ace610",
      "dblevel": 4,
      "location": "/VGMA/HocTheoChuDe/MuoiDieuLuatChua/15-DieuRanIXChoLamChungDoiChoNguoiLanCan02",
      "isVideo": false,
      "url": "hoc-theo-chu-de.muoi-dieu-luat-chua.15-dieu-ran-ix-cho-lam-chung-doi-cho-nguoi-lan-can-02",
      "name": "15-Điều Răn IX Chớ Làm Chứng Dối Cho Người Lân Cận 02",
      "count": 0,
      "isLeaf": null,
      "keyword": null,
      "hash": "U2FsdGVkX19P3hTCyl+Hqu3Q+vZnha9XGpEfF0sL1sQc3j8ME7RTtffkdxbeDO5D9XgA33BocD/piqZAUFxKaw==",
      "khash": null,
      "viewCount": null,
      "duration": "34:10",
      "size": 32811805
    },
    {
      "id": "9da1f09c-fb0c-4aa0-823f-e58235cefe17",
      "pid": "a8a33e36-2076-44c0-86eb-eb0525ace610",
      "dblevel": 4,
      "location": "/VGMA/HocTheoChuDe/MuoiDieuLuatChua/16-DieuRanIXChoLamChungDoiChoNguoiLanCan03",
      "isVideo": false,
      "url": "hoc-theo-chu-de.muoi-dieu-luat-chua.16-dieu-ran-ix-cho-lam-chung-doi-cho-nguoi-lan-can-03",
      "name": "16-Điều Răn IX Chớ Làm Chứng Dối Cho Người Lân Cận 03",
      "count": 0,
      "isLeaf": null,
      "keyword": null,
      "hash": "U2FsdGVkX1/yMzMveiUgjjpq2lPbRWPxr37Z8GJZkkiMQwoUdGpxlA3IsXiEM6r1gFTJTDWjyT6pe3NHjNUFpg==",
      "khash": "U2FsdGVkX1/O4dB2t0lX1QIerpB4cTlImKIE5X9oiAAdDgd523dFeZkXlumoaE0Bqw76Ex/Lf6LkeJwHFT1kWw==",
      "viewCount": null,
      "duration": "25:11",
      "size": 24188889
    },
    {
      "id": "14d0c118-4734-477a-af33-3537602102fc",
      "pid": "a8a33e36-2076-44c0-86eb-eb0525ace610",
      "dblevel": 4,
      "location": "/VGMA/HocTheoChuDe/MuoiDieuLuatChua/17-DieuRanXChoThamLam01",
      "isVideo": false,
      "url": "hoc-theo-chu-de.muoi-dieu-luat-chua.17-dieu-ran-x-cho-tham-lam-01",
      "name": "17-Điều Răn X Chớ Tham Lam 01",
      "count": 0,
      "isLeaf": null,
      "keyword": null,
      "hash": "U2FsdGVkX1+GMWaZmcwC3zsXO8UPpWREDOGWXd2/xNeKlCF2NoCMK5cdjOJDfBs3Fl+CAlFJ5J3tIE3fuy7KhQ==",
      "khash": "U2FsdGVkX1+0vXT/PYn6xrB3jq/zy7NXiyFX/eHyLIA6svFMosCePVAcJrY8AbxQe5nGty7y2tlrpX6JLU1eGA==",
      "viewCount": null,
      "duration": "40:10",
      "size": 38560367
    },
    {
      "id": "653b4532-891e-4a23-a676-195c748a5aaf",
      "pid": "a8a33e36-2076-44c0-86eb-eb0525ace610",
      "dblevel": 4,
      "location": "/VGMA/HocTheoChuDe/MuoiDieuLuatChua/18-DieuRanXChoThamLam02",
      "isVideo": false,
      "url": "hoc-theo-chu-de.muoi-dieu-luat-chua.18-dieu-ran-x-cho-tham-lam-02",
      "name": "18-Điều Răn X Chớ Tham Lam 02",
      "count": 0,
      "isLeaf": null,
      "keyword": null,
      "hash": "U2FsdGVkX19OZ1ZgdsKvA3Gx97vODjk4Lo6llWjPyBBgqGCmHPilJuWhDpNAUQ2x1MopIwXVgGHlOhW+ROpipA==",
      "khash": "U2FsdGVkX1+DR97XwXKr/N6YgKzgcGuz7D3GEpcKZROcCOWgRAYOYzGyOO0284M+FMXRIZq1+BOraRpDQxlAKA==",
      "viewCount": null,
      "duration": "27:14",
      "size": 26156175
    }
  ]
}