{
  "id": "cbd05fa3-1bc9-46d9-9097-54a12550986c",
  "pid": "60405969-a104-4a68-a701-d28f2e747463",
  "dblevel": 4,
  "location": "/VGMA/HocTheoChuDe/KhamPhaKinhThanh(NgheBandichTruyenThongHieuDinhtrong1nam)/Thang03",
  "isVideo": false,
  "url": "hoc-theo-chu-de.kham-pha-kinh-thanh--nghe-ban-dich-truyen-thong-hieu-dinh-trong-1-nam-.thang-03",
  "name": "Tháng 03",
  "count": 31,
  "isLeaf": true,
  "keyword": null,
  "hash": null,
  "khash": null,
  "viewCount": null,
  "duration": null,
  "size": null,
  "children": [
    {
      "id": "21fc4b5f-9bf0-4623-bf9f-7be8eb599c7c",
      "pid": "cbd05fa3-1bc9-46d9-9097-54a12550986c",
      "dblevel": 5,
      "location": "/VGMA/HocTheoChuDe/KhamPhaKinhThanh(NgheBandichTruyenThongHieuDinhtrong1nam)/Thang03/Thang03Ngay01",
      "isVideo": false,
      "url": "hoc-theo-chu-de.kham-pha-kinh-thanh--nghe-ban-dich-truyen-thong-hieu-dinh-trong-1-nam-.thang-03.thang-03-ngay-01",
      "name": "Tháng 03 Ngày 01",
      "count": 0,
      "isLeaf": null,
      "keyword": null,
      "hash": "U2FsdGVkX19xGwaWYqVo3ta8xJaipiVtoUzQd/UTaZWv+o3dAb+Zwl4g82wZS33YiscFjkswZ696fXGYhFJaPA==",
      "khash": "U2FsdGVkX1+ut8cyinjYvuUIzJzBWVRVLb2mlXvvJuTAcxbPl/PRYKNZEcBZCAhjUthR3yTj3tm0Xo0w34cN+w==",
      "viewCount": null,
      "duration": "35:47",
      "size": 34366738
    },
    {
      "id": "7eb0b8f9-9c85-4c50-8e21-9aba182b850d",
      "pid": "cbd05fa3-1bc9-46d9-9097-54a12550986c",
      "dblevel": 5,
      "location": "/VGMA/HocTheoChuDe/KhamPhaKinhThanh(NgheBandichTruyenThongHieuDinhtrong1nam)/Thang03/Thang03Ngay02",
      "isVideo": false,
      "url": "hoc-theo-chu-de.kham-pha-kinh-thanh--nghe-ban-dich-truyen-thong-hieu-dinh-trong-1-nam-.thang-03.thang-03-ngay-02",
      "name": "Tháng 03 Ngày 02",
      "count": 0,
      "isLeaf": null,
      "keyword": null,
      "hash": "U2FsdGVkX1/nlwscOYsZG5KfVzYeX/MkcvfDh7r2ApBGNSjP0H+qW8oJMHSVZh0BUhGOiynyckOZhc30IytwBQ==",
      "khash": "U2FsdGVkX183XyvvbRwP+yfDlJWt/MyN+kyN7a7khD8pGjWEUnALo5oqV6z2A0bM+FRCLMHeSZ06ZKqNugIKtw==",
      "viewCount": null,
      "duration": "20:52",
      "size": 20047456
    },
    {
      "id": "cc3032ce-d441-4e0f-b87e-ef1a05c3a4e9",
      "pid": "cbd05fa3-1bc9-46d9-9097-54a12550986c",
      "dblevel": 5,
      "location": "/VGMA/HocTheoChuDe/KhamPhaKinhThanh(NgheBandichTruyenThongHieuDinhtrong1nam)/Thang03/Thang03Ngay03",
      "isVideo": false,
      "url": "hoc-theo-chu-de.kham-pha-kinh-thanh--nghe-ban-dich-truyen-thong-hieu-dinh-trong-1-nam-.thang-03.thang-03-ngay-03",
      "name": "Tháng 03 Ngày 03",
      "count": 0,
      "isLeaf": null,
      "keyword": null,
      "hash": "U2FsdGVkX18aXJeHiZp5ruIfh7jqXezpJuSIgPl3NTsbetKh07pExXS+5q8pIZwhvIe3sOHHiFriLRby0f3vIg==",
      "khash": "U2FsdGVkX18hlRO26/1phPtV6B1N4tSvsKrab0rqWmJb9QlXa2RG8cHvASowtCM6YIONMBzGSYzBagLo2IqjOw==",
      "viewCount": null,
      "duration": "34:25",
      "size": 33045987
    },
    {
      "id": "2dfaa70c-a497-454e-b049-54b5e88a293e",
      "pid": "cbd05fa3-1bc9-46d9-9097-54a12550986c",
      "dblevel": 5,
      "location": "/VGMA/HocTheoChuDe/KhamPhaKinhThanh(NgheBandichTruyenThongHieuDinhtrong1nam)/Thang03/Thang03Ngay04",
      "isVideo": false,
      "url": "hoc-theo-chu-de.kham-pha-kinh-thanh--nghe-ban-dich-truyen-thong-hieu-dinh-trong-1-nam-.thang-03.thang-03-ngay-04",
      "name": "Tháng 03 Ngày 04",
      "count": 0,
      "isLeaf": null,
      "keyword": null,
      "hash": "U2FsdGVkX1/T+nMVZdexHKsY4B/PHYtZEj4PqVclwx7Kfi/wuuYHuPr9k5fCzlm18kD3ikZRnt2YC3jzH5sv/A==",
      "khash": null,
      "viewCount": null,
      "duration": "26:26",
      "size": 25388975
    },
    {
      "id": "85016407-80fe-4356-9af7-29fd5ba344df",
      "pid": "cbd05fa3-1bc9-46d9-9097-54a12550986c",
      "dblevel": 5,
      "location": "/VGMA/HocTheoChuDe/KhamPhaKinhThanh(NgheBandichTruyenThongHieuDinhtrong1nam)/Thang03/Thang03Ngay05",
      "isVideo": false,
      "url": "hoc-theo-chu-de.kham-pha-kinh-thanh--nghe-ban-dich-truyen-thong-hieu-dinh-trong-1-nam-.thang-03.thang-03-ngay-05",
      "name": "Tháng 03 Ngày 05",
      "count": 0,
      "isLeaf": null,
      "keyword": null,
      "hash": "U2FsdGVkX18iHRpj1Ln8G0th0wvAfgPl4BBcwe63YWXpzmyoaWe4hyfB+I8pmDY/0psvk1x63gpvUxFv4EkeTQ==",
      "khash": "U2FsdGVkX18yTmJFpgv+HJz//1jvlm0jYU5h0uD/GaVPbY2KTIFilbS5Wevtdhixjlj6H4DWTQWva5uoz/wclg==",
      "viewCount": null,
      "duration": "26:44",
      "size": 25676113
    },
    {
      "id": "7b83147a-1397-4cd6-869b-6ba2d1c9c03f",
      "pid": "cbd05fa3-1bc9-46d9-9097-54a12550986c",
      "dblevel": 5,
      "location": "/VGMA/HocTheoChuDe/KhamPhaKinhThanh(NgheBandichTruyenThongHieuDinhtrong1nam)/Thang03/Thang03Ngay06",
      "isVideo": false,
      "url": "hoc-theo-chu-de.kham-pha-kinh-thanh--nghe-ban-dich-truyen-thong-hieu-dinh-trong-1-nam-.thang-03.thang-03-ngay-06",
      "name": "Tháng 03 Ngày 06",
      "count": 0,
      "isLeaf": null,
      "keyword": null,
      "hash": "U2FsdGVkX19nlclEIgV6i/p36KtyH0H3DCW97bzcruPLScj546eHYYrXI0ABFNfo4zjceB/WKCr7kboZSdtNtQ==",
      "khash": null,
      "viewCount": null,
      "duration": "29:57",
      "size": 28761905
    },
    {
      "id": "1a337b4e-3c35-4cf2-aba0-0d5f51c66861",
      "pid": "cbd05fa3-1bc9-46d9-9097-54a12550986c",
      "dblevel": 5,
      "location": "/VGMA/HocTheoChuDe/KhamPhaKinhThanh(NgheBandichTruyenThongHieuDinhtrong1nam)/Thang03/Thang03Ngay07",
      "isVideo": false,
      "url": "hoc-theo-chu-de.kham-pha-kinh-thanh--nghe-ban-dich-truyen-thong-hieu-dinh-trong-1-nam-.thang-03.thang-03-ngay-07",
      "name": "Tháng 03 Ngày 07",
      "count": 0,
      "isLeaf": null,
      "keyword": null,
      "hash": "U2FsdGVkX1+GY9RLfVY5sOwf67+GJzi3epYCdIGgZAqGvr3/iUxu3bqjsExoiPaU8aTJEC/SxYuH6fkF7Uw3xg==",
      "khash": null,
      "viewCount": null,
      "duration": "31:7",
      "size": 29888723
    },
    {
      "id": "7ec8226a-b168-4b5d-824c-8e502092793d",
      "pid": "cbd05fa3-1bc9-46d9-9097-54a12550986c",
      "dblevel": 5,
      "location": "/VGMA/HocTheoChuDe/KhamPhaKinhThanh(NgheBandichTruyenThongHieuDinhtrong1nam)/Thang03/Thang03Ngay08",
      "isVideo": false,
      "url": "hoc-theo-chu-de.kham-pha-kinh-thanh--nghe-ban-dich-truyen-thong-hieu-dinh-trong-1-nam-.thang-03.thang-03-ngay-08",
      "name": "Tháng 03 Ngày 08",
      "count": 0,
      "isLeaf": null,
      "keyword": null,
      "hash": "U2FsdGVkX19qvwjdzeTpqNPUxHtbRuReG+hif8B7yPy7bBx/URhoaCdw1qbct/nBR5oWOpUWBxuebksLvABVsg==",
      "khash": null,
      "viewCount": null,
      "duration": "25:14",
      "size": 24238751
    },
    {
      "id": "d8590aab-ea1e-4e03-ab96-dbe2afc8ce97",
      "pid": "cbd05fa3-1bc9-46d9-9097-54a12550986c",
      "dblevel": 5,
      "location": "/VGMA/HocTheoChuDe/KhamPhaKinhThanh(NgheBandichTruyenThongHieuDinhtrong1nam)/Thang03/Thang03Ngay09",
      "isVideo": false,
      "url": "hoc-theo-chu-de.kham-pha-kinh-thanh--nghe-ban-dich-truyen-thong-hieu-dinh-trong-1-nam-.thang-03.thang-03-ngay-09",
      "name": "Tháng 03 Ngày 09",
      "count": 0,
      "isLeaf": null,
      "keyword": null,
      "hash": "U2FsdGVkX19x0TAxVPoGezUKQXiUH8RqZHNgmf8WEY90aGQO4XpzUG2seDJw4DheWb/LC1+CnT42rVjevuVKOQ==",
      "khash": "U2FsdGVkX1+17fJxHcaa1KdQPinC7FuvNcMqpFKtxt0djOsLU7OT8hzonbO39xg5BumrD9GGh01KoJuZEq1MqQ==",
      "viewCount": null,
      "duration": "27:23",
      "size": 26299708
    },
    {
      "id": "c0c02bf1-8fd1-46e2-b99b-1ad65a6f7957",
      "pid": "cbd05fa3-1bc9-46d9-9097-54a12550986c",
      "dblevel": 5,
      "location": "/VGMA/HocTheoChuDe/KhamPhaKinhThanh(NgheBandichTruyenThongHieuDinhtrong1nam)/Thang03/Thang03Ngay10",
      "isVideo": false,
      "url": "hoc-theo-chu-de.kham-pha-kinh-thanh--nghe-ban-dich-truyen-thong-hieu-dinh-trong-1-nam-.thang-03.thang-03-ngay-10",
      "name": "Tháng 03 Ngày 10",
      "count": 0,
      "isLeaf": null,
      "keyword": null,
      "hash": "U2FsdGVkX19WULe7mMQNBKdFe3zo6zKejBr1i6vrSYROLDV288B2hGPBQzpmArv6G8+wf6ALPR4k7qF/ym0Hzg==",
      "khash": "U2FsdGVkX1/EopGyFERBpV+nW/nKBFBwprh+oenkdPb/eOyMwwsmEiylLdpH0PlJNuENdLkMiNIA9fwBA+7Fwg==",
      "viewCount": null,
      "duration": "29:26",
      "size": 28272893
    },
    {
      "id": "060a7dd1-e13f-4b41-9f00-90034fa0c1e1",
      "pid": "cbd05fa3-1bc9-46d9-9097-54a12550986c",
      "dblevel": 5,
      "location": "/VGMA/HocTheoChuDe/KhamPhaKinhThanh(NgheBandichTruyenThongHieuDinhtrong1nam)/Thang03/Thang03Ngay11",
      "isVideo": false,
      "url": "hoc-theo-chu-de.kham-pha-kinh-thanh--nghe-ban-dich-truyen-thong-hieu-dinh-trong-1-nam-.thang-03.thang-03-ngay-11",
      "name": "Tháng 03 Ngày 11",
      "count": 0,
      "isLeaf": null,
      "keyword": null,
      "hash": "U2FsdGVkX18KuxtlsOKMn9UNoSr1fGfBj56Dnoisxyvgdn6Dms+mDws3ZFVxJWTlKPwGD/Waqv6HARBrPocZqQ==",
      "khash": null,
      "viewCount": null,
      "duration": "25:3",
      "size": 24051196
    },
    {
      "id": "e4852cd7-8648-4562-96a7-385432dacde9",
      "pid": "cbd05fa3-1bc9-46d9-9097-54a12550986c",
      "dblevel": 5,
      "location": "/VGMA/HocTheoChuDe/KhamPhaKinhThanh(NgheBandichTruyenThongHieuDinhtrong1nam)/Thang03/Thang03Ngay12",
      "isVideo": false,
      "url": "hoc-theo-chu-de.kham-pha-kinh-thanh--nghe-ban-dich-truyen-thong-hieu-dinh-trong-1-nam-.thang-03.thang-03-ngay-12",
      "name": "Tháng 03 Ngày 12",
      "count": 0,
      "isLeaf": null,
      "keyword": null,
      "hash": "U2FsdGVkX18oH7WJClDFB+jwnxKb80TXH6dsv1a4A2NgITxM8L4XuufYX2D7hahCN5wMp0qks2ZTI5X9J4TKpw==",
      "khash": null,
      "viewCount": null,
      "duration": "27:35",
      "size": 26485391
    },
    {
      "id": "84e2bf07-bc0e-4852-8df9-25ea37fad082",
      "pid": "cbd05fa3-1bc9-46d9-9097-54a12550986c",
      "dblevel": 5,
      "location": "/VGMA/HocTheoChuDe/KhamPhaKinhThanh(NgheBandichTruyenThongHieuDinhtrong1nam)/Thang03/Thang03Ngay13",
      "isVideo": false,
      "url": "hoc-theo-chu-de.kham-pha-kinh-thanh--nghe-ban-dich-truyen-thong-hieu-dinh-trong-1-nam-.thang-03.thang-03-ngay-13",
      "name": "Tháng 03 Ngày 13",
      "count": 0,
      "isLeaf": null,
      "keyword": null,
      "hash": "U2FsdGVkX1+ewsu7o3sphucwkf3O5bBbaL1Qs8zyK430w3/AfNGnlUjwlfpsr3KDWLuuWTLOQvOSnJFYWURNHw==",
      "khash": null,
      "viewCount": null,
      "duration": "24:43",
      "size": 23731875
    },
    {
      "id": "8bc1e24a-c553-481e-b179-8746d9884c53",
      "pid": "cbd05fa3-1bc9-46d9-9097-54a12550986c",
      "dblevel": 5,
      "location": "/VGMA/HocTheoChuDe/KhamPhaKinhThanh(NgheBandichTruyenThongHieuDinhtrong1nam)/Thang03/Thang03Ngay14",
      "isVideo": false,
      "url": "hoc-theo-chu-de.kham-pha-kinh-thanh--nghe-ban-dich-truyen-thong-hieu-dinh-trong-1-nam-.thang-03.thang-03-ngay-14",
      "name": "Tháng 03 Ngày 14",
      "count": 0,
      "isLeaf": null,
      "keyword": null,
      "hash": "U2FsdGVkX1+5PzkozVWldwoziOZFOxZPNsHDe9Ij/yCO2Xj1yfek3Ki8N7ndH8Wcv/yzVXDAEE9qtJay/TvdAw==",
      "khash": "U2FsdGVkX18eIWH8j01XwlNU2umK/mtshGc+u0Lr/q58ZYOsIM8v5NddFEqhZUy7TiKPa6ZKUY/KHR1sIPd9dw==",
      "viewCount": null,
      "duration": "23:28",
      "size": 22533586
    },
    {
      "id": "dc3b0dda-a875-408a-972d-d3362b787974",
      "pid": "cbd05fa3-1bc9-46d9-9097-54a12550986c",
      "dblevel": 5,
      "location": "/VGMA/HocTheoChuDe/KhamPhaKinhThanh(NgheBandichTruyenThongHieuDinhtrong1nam)/Thang03/Thang03Ngay15",
      "isVideo": false,
      "url": "hoc-theo-chu-de.kham-pha-kinh-thanh--nghe-ban-dich-truyen-thong-hieu-dinh-trong-1-nam-.thang-03.thang-03-ngay-15",
      "name": "Tháng 03 Ngày 15",
      "count": 0,
      "isLeaf": null,
      "keyword": null,
      "hash": "U2FsdGVkX1+Mm2UGSkRXz4tCZfkADImLUiRYAfh9Tk9c9ooYOJVgS1PIKyeE5dNyHhxlg3yd1sRcAh0y/oW3+g==",
      "khash": null,
      "viewCount": null,
      "duration": "32:0",
      "size": 30723079
    },
    {
      "id": "dbfc89d6-54e3-4a48-805f-b20ea41a0e6a",
      "pid": "cbd05fa3-1bc9-46d9-9097-54a12550986c",
      "dblevel": 5,
      "location": "/VGMA/HocTheoChuDe/KhamPhaKinhThanh(NgheBandichTruyenThongHieuDinhtrong1nam)/Thang03/Thang03Ngay16",
      "isVideo": false,
      "url": "hoc-theo-chu-de.kham-pha-kinh-thanh--nghe-ban-dich-truyen-thong-hieu-dinh-trong-1-nam-.thang-03.thang-03-ngay-16",
      "name": "Tháng 03 Ngày 16",
      "count": 0,
      "isLeaf": null,
      "keyword": null,
      "hash": "U2FsdGVkX18KdOWVj4KiF0qqO+TVfb7xa0AuWxf7vZ2siZNxNepnllkg/jKpLUOLKc5heWHD6fK1l2lfWFHH6Q==",
      "khash": "U2FsdGVkX19Ed1vMBg6iWxXLc+HtOWJY9IW6D0GIBvGMQeQOTwsOhuStqdGabbK9NDNZyEtIYGVWd/wKE3uADA==",
      "viewCount": null,
      "duration": "26:5",
      "size": 25041760
    },
    {
      "id": "50e29658-aba8-40c7-bf4f-bf2e63a33329",
      "pid": "cbd05fa3-1bc9-46d9-9097-54a12550986c",
      "dblevel": 5,
      "location": "/VGMA/HocTheoChuDe/KhamPhaKinhThanh(NgheBandichTruyenThongHieuDinhtrong1nam)/Thang03/Thang03Ngay17",
      "isVideo": false,
      "url": "hoc-theo-chu-de.kham-pha-kinh-thanh--nghe-ban-dich-truyen-thong-hieu-dinh-trong-1-nam-.thang-03.thang-03-ngay-17",
      "name": "Tháng 03 Ngày 17",
      "count": 0,
      "isLeaf": null,
      "keyword": null,
      "hash": "U2FsdGVkX1+Rx9/oB6t96GshPT1sGqm+4CYI5R3O38cEBriqPnBj0bc0Yup5OWuaimldA6QAfeZbmYJAXbAH/Q==",
      "khash": "U2FsdGVkX1+w1qztT16kgdVBbJX2/R9NMtVQnRy/nD7TOY2BbupZW4giETIlIsFYK9rohqnTrjK64JweEaJEoA==",
      "viewCount": null,
      "duration": "24:57",
      "size": 23955902
    },
    {
      "id": "a9bf4b33-94e3-4d90-a9a7-48c1c0070053",
      "pid": "cbd05fa3-1bc9-46d9-9097-54a12550986c",
      "dblevel": 5,
      "location": "/VGMA/HocTheoChuDe/KhamPhaKinhThanh(NgheBandichTruyenThongHieuDinhtrong1nam)/Thang03/Thang03Ngay18",
      "isVideo": false,
      "url": "hoc-theo-chu-de.kham-pha-kinh-thanh--nghe-ban-dich-truyen-thong-hieu-dinh-trong-1-nam-.thang-03.thang-03-ngay-18",
      "name": "Tháng 03 Ngày 18",
      "count": 0,
      "isLeaf": null,
      "keyword": null,
      "hash": "U2FsdGVkX1/gyj2xcqDc+iVBSJVBSesW97q5D2zdfiRO1BhcsEJeP7L8rr8fo/Ko5HCnrWvk8WgsQ4BDDvXMJg==",
      "khash": "U2FsdGVkX1/NwtN6A7m43lzf589Kwm1eO9IXEy3WXow9Xxq+LGBRhPVsWUSUAmsP3QeOGznWnm2DlXYsBDnNzw==",
      "viewCount": null,
      "duration": "28:32",
      "size": 27392780
    },
    {
      "id": "95c72564-9c82-4a4e-9fed-377ab2c69952",
      "pid": "cbd05fa3-1bc9-46d9-9097-54a12550986c",
      "dblevel": 5,
      "location": "/VGMA/HocTheoChuDe/KhamPhaKinhThanh(NgheBandichTruyenThongHieuDinhtrong1nam)/Thang03/Thang03Ngay19",
      "isVideo": false,
      "url": "hoc-theo-chu-de.kham-pha-kinh-thanh--nghe-ban-dich-truyen-thong-hieu-dinh-trong-1-nam-.thang-03.thang-03-ngay-19",
      "name": "Tháng 03 Ngày 19",
      "count": 0,
      "isLeaf": null,
      "keyword": null,
      "hash": "U2FsdGVkX1/sH6/hi3ANxzc/s1j8jO94nx6vraA+zLJVlkg5gaOW0uNXVE2zrbOD7rynHclSVa/k514TEchckg==",
      "khash": null,
      "viewCount": null,
      "duration": "32:55",
      "size": 31608316
    },
    {
      "id": "ee6075f2-77f7-44ed-887c-33c4ee99c1b0",
      "pid": "cbd05fa3-1bc9-46d9-9097-54a12550986c",
      "dblevel": 5,
      "location": "/VGMA/HocTheoChuDe/KhamPhaKinhThanh(NgheBandichTruyenThongHieuDinhtrong1nam)/Thang03/Thang03Ngay20",
      "isVideo": false,
      "url": "hoc-theo-chu-de.kham-pha-kinh-thanh--nghe-ban-dich-truyen-thong-hieu-dinh-trong-1-nam-.thang-03.thang-03-ngay-20",
      "name": "Tháng 03 Ngày 20",
      "count": 0,
      "isLeaf": null,
      "keyword": null,
      "hash": "U2FsdGVkX19kctGyUionWCyeqB1PG4xAS4+PTLJ2HC72klZhKyQlSVp4Ly91kdegtLB7nIQyqbY0WfRil+gR4A==",
      "khash": "U2FsdGVkX18TD9z92C860ivtpA7VkC/GX/SZAXy8DgGBSnUSMs1H2rE+0DTirXhHgzqIXE5/Srz6YKUSndQ8FA==",
      "viewCount": null,
      "duration": "28:55",
      "size": 27766435
    },
    {
      "id": "c605ee04-d65a-4574-9713-53406f1b1658",
      "pid": "cbd05fa3-1bc9-46d9-9097-54a12550986c",
      "dblevel": 5,
      "location": "/VGMA/HocTheoChuDe/KhamPhaKinhThanh(NgheBandichTruyenThongHieuDinhtrong1nam)/Thang03/Thang03Ngay21",
      "isVideo": false,
      "url": "hoc-theo-chu-de.kham-pha-kinh-thanh--nghe-ban-dich-truyen-thong-hieu-dinh-trong-1-nam-.thang-03.thang-03-ngay-21",
      "name": "Tháng 03 Ngày 21",
      "count": 0,
      "isLeaf": null,
      "keyword": null,
      "hash": "U2FsdGVkX19vxcpLeoDAPIIbl2E4Lp/pQO0vNjYDfJoEdaGXtg5IZzjKj2ZkBBlTg7kuG1ualpu5Hg1S0E9gZA==",
      "khash": "U2FsdGVkX18QMNihHuYyKjW0MUPB4WWyoUGUI4g8z4WlEXRJn27CzTGUTMYmeGZHLLnyihTVXVhMA4zSA5b8pw==",
      "viewCount": null,
      "duration": "27:15",
      "size": 26171921
    },
    {
      "id": "0453c205-8136-4547-afbb-628edaa1e51f",
      "pid": "cbd05fa3-1bc9-46d9-9097-54a12550986c",
      "dblevel": 5,
      "location": "/VGMA/HocTheoChuDe/KhamPhaKinhThanh(NgheBandichTruyenThongHieuDinhtrong1nam)/Thang03/Thang03Ngay22",
      "isVideo": false,
      "url": "hoc-theo-chu-de.kham-pha-kinh-thanh--nghe-ban-dich-truyen-thong-hieu-dinh-trong-1-nam-.thang-03.thang-03-ngay-22",
      "name": "Tháng 03 Ngày 22",
      "count": 0,
      "isLeaf": null,
      "keyword": null,
      "hash": "U2FsdGVkX19o85jGsTQD6FRjwyMc/g2QVllZJO20+TAYG9ldX4k1dfR0z9Et+pibdxi5hx8Gv6IPJauQ3e3pPQ==",
      "khash": "U2FsdGVkX1/K/MhjHTs7ITEblpHyTyhodMrwtsdRyF7mQRRWmR4BKvysyVk+Z4bC/uUTB3hM/zM52WjSwciTgA==",
      "viewCount": null,
      "duration": "24:39",
      "size": 23677123
    },
    {
      "id": "36a1ee6a-83dd-4f5b-923c-6b77d5f67b41",
      "pid": "cbd05fa3-1bc9-46d9-9097-54a12550986c",
      "dblevel": 5,
      "location": "/VGMA/HocTheoChuDe/KhamPhaKinhThanh(NgheBandichTruyenThongHieuDinhtrong1nam)/Thang03/Thang03Ngay23",
      "isVideo": false,
      "url": "hoc-theo-chu-de.kham-pha-kinh-thanh--nghe-ban-dich-truyen-thong-hieu-dinh-trong-1-nam-.thang-03.thang-03-ngay-23",
      "name": "Tháng 03 Ngày 23",
      "count": 0,
      "isLeaf": null,
      "keyword": null,
      "hash": "U2FsdGVkX19zxQPUGB0x8plvHt9y8CVWf0tLy0r1o/mQ1xcf2DTsUgNCy+i9sp2Oje7QoRoomca6lPOvM4m65A==",
      "khash": null,
      "viewCount": null,
      "duration": "25:37",
      "size": 24602484
    },
    {
      "id": "fd7bbd1d-6841-4ec9-8fec-bb95c56d4d2d",
      "pid": "cbd05fa3-1bc9-46d9-9097-54a12550986c",
      "dblevel": 5,
      "location": "/VGMA/HocTheoChuDe/KhamPhaKinhThanh(NgheBandichTruyenThongHieuDinhtrong1nam)/Thang03/Thang03Ngay24",
      "isVideo": false,
      "url": "hoc-theo-chu-de.kham-pha-kinh-thanh--nghe-ban-dich-truyen-thong-hieu-dinh-trong-1-nam-.thang-03.thang-03-ngay-24",
      "name": "Tháng 03 Ngày 24",
      "count": 0,
      "isLeaf": null,
      "keyword": null,
      "hash": "U2FsdGVkX1+LvNlZaIrO88eJCGWGHsV0+KosfdD6FNYs73F3DL07LClpaqfsTo20gvqxWCuplGwUpoG+LsmSjQ==",
      "khash": "U2FsdGVkX19mONOrvY82dRJq0+cJlihpDD9snJB5Ndh8gnCuYY6qJtWyezos/L7/gRb/Q9f5SlOJvyu2iC/BJg==",
      "viewCount": null,
      "duration": "24:15",
      "size": 23295944
    },
    {
      "id": "efba5ed7-74d1-433a-aab7-eb9ad91ef8c7",
      "pid": "cbd05fa3-1bc9-46d9-9097-54a12550986c",
      "dblevel": 5,
      "location": "/VGMA/HocTheoChuDe/KhamPhaKinhThanh(NgheBandichTruyenThongHieuDinhtrong1nam)/Thang03/Thang03Ngay25",
      "isVideo": false,
      "url": "hoc-theo-chu-de.kham-pha-kinh-thanh--nghe-ban-dich-truyen-thong-hieu-dinh-trong-1-nam-.thang-03.thang-03-ngay-25",
      "name": "Tháng 03 Ngày 25",
      "count": 0,
      "isLeaf": null,
      "keyword": null,
      "hash": "U2FsdGVkX1973+FId69bERkV3Z0RVpLg8r4z5tG5zrLe4XUVNni/IilmQoSCpDblsJvXpIFhKJYXcRcgMrC3xA==",
      "khash": null,
      "viewCount": null,
      "duration": "17:14",
      "size": 16559252
    },
    {
      "id": "3d22f836-37aa-4a98-b5b3-37f051d4d93f",
      "pid": "cbd05fa3-1bc9-46d9-9097-54a12550986c",
      "dblevel": 5,
      "location": "/VGMA/HocTheoChuDe/KhamPhaKinhThanh(NgheBandichTruyenThongHieuDinhtrong1nam)/Thang03/Thang03Ngay26",
      "isVideo": false,
      "url": "hoc-theo-chu-de.kham-pha-kinh-thanh--nghe-ban-dich-truyen-thong-hieu-dinh-trong-1-nam-.thang-03.thang-03-ngay-26",
      "name": "Tháng 03 Ngày 26",
      "count": 0,
      "isLeaf": null,
      "keyword": null,
      "hash": "U2FsdGVkX19uI1Dhdrt/s8lW1OA7HWzU+bgTzut/zvneaMk2GzvDueaESx2g/TOaZlqB34KQn+OvzTk/BGN38A==",
      "khash": "U2FsdGVkX1+lA8Udi5yLmwvGlm2aZnYhZRWi8gz1+/JyGByBh0wHFQx704MtdqdzvjwsZStVr8Hb7w76N1vZhw==",
      "viewCount": null,
      "duration": "22:8",
      "size": 21260483
    },
    {
      "id": "a7196335-6823-4dcb-a101-fedd59a7c9b3",
      "pid": "cbd05fa3-1bc9-46d9-9097-54a12550986c",
      "dblevel": 5,
      "location": "/VGMA/HocTheoChuDe/KhamPhaKinhThanh(NgheBandichTruyenThongHieuDinhtrong1nam)/Thang03/Thang03Ngay27",
      "isVideo": false,
      "url": "hoc-theo-chu-de.kham-pha-kinh-thanh--nghe-ban-dich-truyen-thong-hieu-dinh-trong-1-nam-.thang-03.thang-03-ngay-27",
      "name": "Tháng 03 Ngày 27",
      "count": 0,
      "isLeaf": null,
      "keyword": null,
      "hash": "U2FsdGVkX1/WlhNhBMergT6dgp6Ts2KNmtYIM3j0qfd6eNfdyhrvLeJh4z16/kukSA3verw4cLXoZQryDdcFow==",
      "khash": "U2FsdGVkX189zSOxnpK+YL9BU3Emsgi0MZ1HqInuGzlYSrSewwf/iOqU3K6pLPlaavFbHOeSKd7iOQISyXf9hQ==",
      "viewCount": null,
      "duration": "24:34",
      "size": 23585590
    },
    {
      "id": "62b51e8c-e5b9-42cc-99e2-7f2623c9e21a",
      "pid": "cbd05fa3-1bc9-46d9-9097-54a12550986c",
      "dblevel": 5,
      "location": "/VGMA/HocTheoChuDe/KhamPhaKinhThanh(NgheBandichTruyenThongHieuDinhtrong1nam)/Thang03/Thang03Ngay28",
      "isVideo": false,
      "url": "hoc-theo-chu-de.kham-pha-kinh-thanh--nghe-ban-dich-truyen-thong-hieu-dinh-trong-1-nam-.thang-03.thang-03-ngay-28",
      "name": "Tháng 03 Ngày 28",
      "count": 0,
      "isLeaf": null,
      "keyword": null,
      "hash": "U2FsdGVkX18P0sWaEHl2kyEW+yQl55h9f3eCwJCKjuX77L3V8nUnhjSHzjBjWj93R7pBfseNrvQ6LvTWDKy6wA==",
      "khash": null,
      "viewCount": null,
      "duration": "21:9",
      "size": 20319239
    },
    {
      "id": "63b91fc2-d1ba-4818-8294-73e7c520dbaf",
      "pid": "cbd05fa3-1bc9-46d9-9097-54a12550986c",
      "dblevel": 5,
      "location": "/VGMA/HocTheoChuDe/KhamPhaKinhThanh(NgheBandichTruyenThongHieuDinhtrong1nam)/Thang03/Thang03Ngay29",
      "isVideo": false,
      "url": "hoc-theo-chu-de.kham-pha-kinh-thanh--nghe-ban-dich-truyen-thong-hieu-dinh-trong-1-nam-.thang-03.thang-03-ngay-29",
      "name": "Tháng 03 Ngày 29",
      "count": 0,
      "isLeaf": null,
      "keyword": null,
      "hash": "U2FsdGVkX1/fTAgTYSbCNskMAtnBIEDjWT99hh13gXYFEjerg54TLXpV3pQwM6Yt+gRlSWH9FE5h8Q8p4bQO3w==",
      "khash": null,
      "viewCount": null,
      "duration": "27:9",
      "size": 26074119
    },
    {
      "id": "3d661a68-e3bc-48eb-8b7b-d4ccaa7d7d74",
      "pid": "cbd05fa3-1bc9-46d9-9097-54a12550986c",
      "dblevel": 5,
      "location": "/VGMA/HocTheoChuDe/KhamPhaKinhThanh(NgheBandichTruyenThongHieuDinhtrong1nam)/Thang03/Thang03Ngay30",
      "isVideo": false,
      "url": "hoc-theo-chu-de.kham-pha-kinh-thanh--nghe-ban-dich-truyen-thong-hieu-dinh-trong-1-nam-.thang-03.thang-03-ngay-30",
      "name": "Tháng 03 Ngày 30",
      "count": 0,
      "isLeaf": null,
      "keyword": null,
      "hash": "U2FsdGVkX19pmVR8eidDJyBfPsR9qSYPSmahTSTGCl+Vy9qIOzq9aQDY6of+bfAUbcUFlvpNVx7gAUoAMJeebQ==",
      "khash": "U2FsdGVkX18WNKsuqQ3+m3SRk5wdvtnySZ5eLJUVmS1mmTgmgQddPpv6mP36sU7FN1PToLUQv8yQEKMlu7R1Yw==",
      "viewCount": null,
      "duration": "20:11",
      "size": 19387608
    },
    {
      "id": "7845dd6c-45e4-4bda-b838-9f5e54386c91",
      "pid": "cbd05fa3-1bc9-46d9-9097-54a12550986c",
      "dblevel": 5,
      "location": "/VGMA/HocTheoChuDe/KhamPhaKinhThanh(NgheBandichTruyenThongHieuDinhtrong1nam)/Thang03/Thang03Ngay31",
      "isVideo": false,
      "url": "hoc-theo-chu-de.kham-pha-kinh-thanh--nghe-ban-dich-truyen-thong-hieu-dinh-trong-1-nam-.thang-03.thang-03-ngay-31",
      "name": "Tháng 03 Ngày 31",
      "count": 0,
      "isLeaf": null,
      "keyword": null,
      "hash": "U2FsdGVkX19TZfGrdttKw4Fa50KqohWKDdGuv2GgRQ/RQYiEFIiPnpu3zhwkLjvkPqrIHxyVF2y7S26zUUud6g==",
      "khash": "U2FsdGVkX1+JIGoFtlXBozA7yj+RXmfAithaoAga7sF1RppS2Lv4745V5gKU5k4o91topI/SfDLderSg4MTFIQ==",
      "viewCount": null,
      "duration": "33:0",
      "size": 31693034
    }
  ]
}