{
  "id": "6322ce18-f2e1-42dd-acd2-9bd41b531233",
  "pid": "e6ba0e06-964b-4f38-abe3-49308863b5fc",
  "dblevel": 3,
  "location": "/VGMA/HocTheoChuDe/GiaiPhapChoCacNanDe",
  "isVideo": false,
  "url": "hoc-theo-chu-de.giai-phap-cho-cac-nan-de",
  "name": "Giải Pháp Cho Các Nan Đề",
  "count": 22,
  "isLeaf": true,
  "keyword": null,
  "hash": null,
  "khash": null,
  "viewCount": null,
  "duration": null,
  "size": null,
  "children": [
    {
      "id": "1d3fe7b9-8426-4cd9-9090-1760a11035ea",
      "pid": "6322ce18-f2e1-42dd-acd2-9bd41b531233",
      "dblevel": 4,
      "location": "/VGMA/HocTheoChuDe/GiaiPhapChoCacNanDe/01-NanDe",
      "isVideo": false,
      "url": "hoc-theo-chu-de.giai-phap-cho-cac-nan-de.01-nan-de",
      "name": "01-Nan Đề",
      "count": 0,
      "isLeaf": null,
      "keyword": null,
      "hash": "U2FsdGVkX1/u1AzTjwVYCZvYCMnW+JWy0ax+oYSgSFjJJizsWrimfALe1tIdIxkjijFBnNzlS12qRs20XVxwVw==",
      "khash": "U2FsdGVkX1/Mxdu8stsG/yOlYavjtOfd1y4oWOlqnyiXEKPgOSPWOsd+Ny7YDxh8eqUCGMvycoHm5S3+zXEP+A==",
      "viewCount": null,
      "duration": "17:13",
      "size": 16529822
    },
    {
      "id": "0342e91c-f937-46a8-896f-caac02a68192",
      "pid": "6322ce18-f2e1-42dd-acd2-9bd41b531233",
      "dblevel": 4,
      "location": "/VGMA/HocTheoChuDe/GiaiPhapChoCacNanDe/02-NhungNganTroTrongMoiQuanHe",
      "isVideo": false,
      "url": "hoc-theo-chu-de.giai-phap-cho-cac-nan-de.02-nhung-ngan-tro-trong-moi-quan-he",
      "name": "02-Những Ngăn Trở Trong Mối Quan Hệ",
      "count": 0,
      "isLeaf": null,
      "keyword": null,
      "hash": "U2FsdGVkX18U9LYBvbGq6RN88dXeukOMyNXwPt79LebUb6FWD6J4owUcSa2S6hPmS5962n8s/l2J1uoKaJ7VNw==",
      "khash": "U2FsdGVkX1+JtCxy6kwqIpAXH7cx3sLG8XutMRV7IK7h4P93sWWedn487zNtlv4+UvaBVOos0CVQSxOVOPi4fg==",
      "viewCount": null,
      "duration": "30:28",
      "size": 29256313
    },
    {
      "id": "585355d9-45b4-42f8-933a-6ef14444ba91",
      "pid": "6322ce18-f2e1-42dd-acd2-9bd41b531233",
      "dblevel": 4,
      "location": "/VGMA/HocTheoChuDe/GiaiPhapChoCacNanDe/03-NongGian",
      "isVideo": false,
      "url": "hoc-theo-chu-de.giai-phap-cho-cac-nan-de.03-nong-gian",
      "name": "03-Nóng Giận",
      "count": 0,
      "isLeaf": null,
      "keyword": null,
      "hash": "U2FsdGVkX19OIPh+0O7m7ogC3LTj21QJYf9HEmU/a+GoijYXfkHuxyNoxR6Rp6JcRfRISuOx/JNjlzCvszRhmA==",
      "khash": "U2FsdGVkX1+BL3WMNcsgE/sFSSho0GZePkLcGPOuoXTYV2q3KN2TLlEr1NT7Zxb2EEWn5iDsu0iKWL055S74rA==",
      "viewCount": null,
      "duration": "28:18",
      "size": 27174412
    },
    {
      "id": "71aa3a04-60ec-4d10-af8a-3a7cbad0a85a",
      "pid": "6322ce18-f2e1-42dd-acd2-9bd41b531233",
      "dblevel": 4,
      "location": "/VGMA/HocTheoChuDe/GiaiPhapChoCacNanDe/04-ConGianCongChinh",
      "isVideo": false,
      "url": "hoc-theo-chu-de.giai-phap-cho-cac-nan-de.04-con-gian-cong-chinh",
      "name": "04-Cơn Giận Công Chính",
      "count": 0,
      "isLeaf": null,
      "keyword": null,
      "hash": "U2FsdGVkX18PHiVcHu/PsavxHWorqJ7fxjTOqkIN0g3ATai/0tELE1x/o4Z5Sw+ek3C3WRvuGz8cR/vr/dHVBA==",
      "khash": "U2FsdGVkX196X7JYR7gESpWA4NOCkskztvrurT83Fndz//HAd4UGdKvR/vlcYdFvfMA0aWqCWKBD6pZzMUriRQ==",
      "viewCount": null,
      "duration": "30:21",
      "size": 29152215
    },
    {
      "id": "86cd3391-226e-4285-aa79-a61b3f373802",
      "pid": "6322ce18-f2e1-42dd-acd2-9bd41b531233",
      "dblevel": 4,
      "location": "/VGMA/HocTheoChuDe/GiaiPhapChoCacNanDe/05-TruyenThong",
      "isVideo": false,
      "url": "hoc-theo-chu-de.giai-phap-cho-cac-nan-de.05-truyen-thong",
      "name": "05-Truyền Thông",
      "count": 0,
      "isLeaf": null,
      "keyword": null,
      "hash": "U2FsdGVkX1+apzaYcn66BaerSraEOWDCWrw0NNwdxM3HqbDmw4zIOeCusZbgUnxgRDiEY/JkUQnufOdn2OrZTQ==",
      "khash": "U2FsdGVkX1+tDJWhA8I/Nq3JWjIghSW+wd02htogmRiR11MUjERmaZDU4Vgwv7iyCrwzaFrq+Kdad2IH4ofR1w==",
      "viewCount": null,
      "duration": "28:18",
      "size": 27180688
    },
    {
      "id": "1ce8e821-ac0e-4a47-b645-eb0443384592",
      "pid": "6322ce18-f2e1-42dd-acd2-9bd41b531233",
      "dblevel": 4,
      "location": "/VGMA/HocTheoChuDe/GiaiPhapChoCacNanDe/06-KetHonVoiNguoiKhongTin",
      "isVideo": false,
      "url": "hoc-theo-chu-de.giai-phap-cho-cac-nan-de.06-ket-hon-voi-nguoi-khong-tin",
      "name": "06-Kết Hôn Với Người Không Tin",
      "count": 0,
      "isLeaf": null,
      "keyword": null,
      "hash": "U2FsdGVkX1/amb8C/bCIxYRwu0slDmbdc65HVwvhXf28y801bDY9Y6i9WZvuJmO+Av6dgDJ23k6Aaj9Pmp9YFg==",
      "khash": "U2FsdGVkX1/N+BUOJkfwUsPjbvFL5PXfJxo5TS7W23BoQdNgZ+4XQ5vOsabbvBZmIabQ+YtHfm30PmKEx6/yTw==",
      "viewCount": null,
      "duration": "28:4",
      "size": 26950840
    },
    {
      "id": "4c01ac24-d71a-4896-b036-032511d319b9",
      "pid": "6322ce18-f2e1-42dd-acd2-9bd41b531233",
      "dblevel": 4,
      "location": "/VGMA/HocTheoChuDe/GiaiPhapChoCacNanDe/07-NanDeToiLoi",
      "isVideo": false,
      "url": "hoc-theo-chu-de.giai-phap-cho-cac-nan-de.07-nan-de-toi-loi",
      "name": "07-Nan Đề Tội Lỗi",
      "count": 0,
      "isLeaf": null,
      "keyword": null,
      "hash": "U2FsdGVkX1+lakjxvTqBKk43JHxybsxL9NBYC7stIHJrhXCc3WzdkwHGAEt4cBRXHXWl5FDVwvY4bIthhiBp2Q==",
      "khash": "U2FsdGVkX18dD3AdbodI3M1csMGVdGiPQM142QkGQdl6zjy/gGMm9aVSzlgOEq2Rq1oZ15MFnJ1mXHLdqbKs+w==",
      "viewCount": null,
      "duration": "34:40",
      "size": 33292515
    },
    {
      "id": "18a8ec71-a9fc-4146-b453-04f9492b9bcf",
      "pid": "6322ce18-f2e1-42dd-acd2-9bd41b531233",
      "dblevel": 4,
      "location": "/VGMA/HocTheoChuDe/GiaiPhapChoCacNanDe/08-NanDeHonNhan",
      "isVideo": false,
      "url": "hoc-theo-chu-de.giai-phap-cho-cac-nan-de.08-nan-de-hon-nhan",
      "name": "08-Nan Đề Hôn Nhân",
      "count": 0,
      "isLeaf": null,
      "keyword": null,
      "hash": "U2FsdGVkX1/oa0ocQBP6lZHXreZJtaiQsRY1QO7tj/hlhNKSE81H8U80us3uB4/qaJucy3+nLgXCcJn4/KA19g==",
      "khash": "U2FsdGVkX18jJekof4cSczHjPAdUNT8Okqtwkdo96LYoa00TC1THCZ7AnrLC6PjHIwiPz1qIrj8/4OXSbQwU3Q==",
      "viewCount": null,
      "duration": "30:51",
      "size": 29624919
    },
    {
      "id": "a1ed6d6b-c924-4ed3-966a-20a221787d3e",
      "pid": "6322ce18-f2e1-42dd-acd2-9bd41b531233",
      "dblevel": 4,
      "location": "/VGMA/HocTheoChuDe/GiaiPhapChoCacNanDe/09-MacCamToiLoi",
      "isVideo": false,
      "url": "hoc-theo-chu-de.giai-phap-cho-cac-nan-de.09-mac-cam-toi-loi",
      "name": "09-Mặc Cảm Tội Lỗi",
      "count": 0,
      "isLeaf": null,
      "keyword": null,
      "hash": "U2FsdGVkX1/4r8OOqQg+fd6rbJ3eZ8hEPPHSFuTqt+Tn8InaoSd6HW1uElusqEj8xi3YZGFtSTGsMMSFYzxtOg==",
      "khash": "U2FsdGVkX193XVXoFajxd2mr3kLxV8UzC4S+P/Vh+hjme0NX7oSrzUUih38gU7qeARfdZIL/SE+Cgywa6uTr/Q==",
      "viewCount": null,
      "duration": "31:23",
      "size": 30136501
    },
    {
      "id": "008921f7-4eb5-4940-a2d6-3f13387aab24",
      "pid": "6322ce18-f2e1-42dd-acd2-9bd41b531233",
      "dblevel": 4,
      "location": "/VGMA/HocTheoChuDe/GiaiPhapChoCacNanDe/10-TramCam,BuonChan",
      "isVideo": false,
      "url": "hoc-theo-chu-de.giai-phap-cho-cac-nan-de.10-tram-cam-buon-chan",
      "name": "10-Trầm Cảm, Buồn Chán",
      "count": 0,
      "isLeaf": null,
      "keyword": null,
      "hash": "U2FsdGVkX19FFW8gtFHC4RhY7mlP9pVCfkqFBzENCEXB1bhzMs/CUJH97Rz3l5h+sKOq5qAJYpMIvipyw1mJeQ==",
      "khash": "U2FsdGVkX19hH/qTRs0VF4Efg0g2r142x7WxQDUbepbR7yW8Hqkdno+2icVl1qlqeTsDP7HccEOL3puwKBCJUg==",
      "viewCount": null,
      "duration": "26:8",
      "size": 25104913
    },
    {
      "id": "6cf82d09-7f9a-483c-a381-149f5c15863a",
      "pid": "6322ce18-f2e1-42dd-acd2-9bd41b531233",
      "dblevel": 4,
      "location": "/VGMA/HocTheoChuDe/GiaiPhapChoCacNanDe/11-VaiTroCuaNguoiChong,NguoiCha",
      "isVideo": false,
      "url": "hoc-theo-chu-de.giai-phap-cho-cac-nan-de.11-vai-tro-cua-nguoi-chong-nguoi-cha",
      "name": "11-Vai Trò Của Người Chồng, Người Cha",
      "count": 0,
      "isLeaf": null,
      "keyword": null,
      "hash": "U2FsdGVkX1/i3WrCS/pK+IRhoVdfw1KYQbTA008h04+OpDmEwS3jbsTT+Mh5Cmtk5T4iFftOzcTwcmEVTDiDNw==",
      "khash": "U2FsdGVkX1/OvddqtZ+KBo30slZZpf/KsSiPkX4sjlAnPkiXdYjIiCI+sxBJ7/NZnXdfr+PyyAND6/GGJuexfQ==",
      "viewCount": null,
      "duration": "29:48",
      "size": 28620183
    },
    {
      "id": "8bb7e1e8-6316-4e9b-9f73-1742eea64e77",
      "pid": "6322ce18-f2e1-42dd-acd2-9bd41b531233",
      "dblevel": 4,
      "location": "/VGMA/HocTheoChuDe/GiaiPhapChoCacNanDe/12-ChuaLanhVetThuongTamHon",
      "isVideo": false,
      "url": "hoc-theo-chu-de.giai-phap-cho-cac-nan-de.12-chua-lanh-vet-thuong-tam-hon",
      "name": "12-Chữa Lành Vết Thương Tâm Hồn",
      "count": 0,
      "isLeaf": null,
      "keyword": null,
      "hash": "U2FsdGVkX19d0ZQmu8h8smA6V8RGS7yACN8fq10ryfXReevZqTUxjdYIl4zWkRPG3CPzZ5jgpiXPd1TfgSwK2g==",
      "khash": "U2FsdGVkX19Q2lja5VrdkPetKkXGHk+WolqxKv+AZEd/MsCPLp3aB4s2e1W05lW/It+o147WXVHkSyyxqQptAg==",
      "viewCount": null,
      "duration": "26:19",
      "size": 25277752
    },
    {
      "id": "3327d30b-f77e-433a-88d9-5e0bb494c6b7",
      "pid": "6322ce18-f2e1-42dd-acd2-9bd41b531233",
      "dblevel": 4,
      "location": "/VGMA/HocTheoChuDe/GiaiPhapChoCacNanDe/13-GiaiPhapCuuRoiCuaDCT",
      "isVideo": false,
      "url": "hoc-theo-chu-de.giai-phap-cho-cac-nan-de.13-giai-phap-cuu-roi-cua-dct",
      "name": "13-Giải Pháp Cứu Rỗi Của ĐCT",
      "count": 0,
      "isLeaf": null,
      "keyword": null,
      "hash": "U2FsdGVkX192UoJHMhqL7qyGXLgQor40pGAw8fhnNtYSL7jr2hQQcg83WpILWg0ykiLm57bVvJUsQldsGpCM+g==",
      "khash": "U2FsdGVkX1/yEdYTmIBXU4qB7xH5H2OidC4ivIzs8yuXYTmpL8yZDjcHH1HAR8Q379Jx0su+TnzQgBsURaKJ4g==",
      "viewCount": null,
      "duration": "30:27",
      "size": 29239581
    },
    {
      "id": "dd655b1c-95fe-492e-9aa6-6cf466ceefd5",
      "pid": "6322ce18-f2e1-42dd-acd2-9bd41b531233",
      "dblevel": 4,
      "location": "/VGMA/HocTheoChuDe/GiaiPhapChoCacNanDe/14-NghichCanh",
      "isVideo": false,
      "url": "hoc-theo-chu-de.giai-phap-cho-cac-nan-de.14-nghich-canh",
      "name": "14-Nghịch Cảnh",
      "count": 0,
      "isLeaf": null,
      "keyword": null,
      "hash": "U2FsdGVkX1/UEIlDvDjYTU8xzuf8r/++MqqR/UFjqbFR6FsNPRXHlQ6kc34vAYYBcCl6XJ+JTBpknEGTWXLrjw==",
      "khash": "U2FsdGVkX1/911KHRThlgVnlJTmZ2KI7SQqmWZ4aY8PEHt13HFBG4O1EAekfSOfkbLKVKnr7r6X78liK04/xYA==",
      "viewCount": null,
      "duration": "28:47",
      "size": 27639605
    },
    {
      "id": "a23c8f08-f2b9-4968-8635-c9ef8c01bd90",
      "pid": "6322ce18-f2e1-42dd-acd2-9bd41b531233",
      "dblevel": 4,
      "location": "/VGMA/HocTheoChuDe/GiaiPhapChoCacNanDe/15-LamTheNaoDeGiaiQuyetGocRe",
      "isVideo": false,
      "url": "hoc-theo-chu-de.giai-phap-cho-cac-nan-de.15-lam-the-nao-de-giai-quyet-goc-re",
      "name": "15-Làm Thế Nào Để Giải Quyết Gốc Rễ",
      "count": 0,
      "isLeaf": null,
      "keyword": null,
      "hash": "U2FsdGVkX18yKoXR1w94QZSKabrwkBrg8kUUWY4AFtt0vsIroaOA+fckdHs7CxLQTuaZOWyFX0sT1qESz2G3HQ==",
      "khash": "U2FsdGVkX18Req/pq4rjm46n4yfyrenPgPW/3bW6haUKl4wewDCLkHFPof+j8Wbx8Vx7vqqoRSK9F6sOSWadgg==",
      "viewCount": null,
      "duration": "28:22",
      "size": 27233391
    },
    {
      "id": "b9ec78bd-e8c2-42d7-ab97-0f0a13c8784a",
      "pid": "6322ce18-f2e1-42dd-acd2-9bd41b531233",
      "dblevel": 4,
      "location": "/VGMA/HocTheoChuDe/GiaiPhapChoCacNanDe/16-LamSaoDeBietYMuonCuaChua",
      "isVideo": false,
      "url": "hoc-theo-chu-de.giai-phap-cho-cac-nan-de.16-lam-sao-de-biet-y-muon-cua-chua",
      "name": "16-Làm Sao Để Biết Ý Muốn Của Chúa",
      "count": 0,
      "isLeaf": null,
      "keyword": null,
      "hash": "U2FsdGVkX1/6yPYxV2vEJ9BhR8OjAMxra1StUqcZZY4N8gSfy0SfPdqTgzCVFL2FSAPnqigyN/7m1KZ+U9lMrw==",
      "khash": "U2FsdGVkX18hKVp2YGukVqEwEK7EgvE9jhF5cm9nqxGSKw8pb3rya+pkuRymi/3t1P5kUqfpa+N/LAR8fcWzCw==",
      "viewCount": null,
      "duration": "30:1",
      "size": 28830411
    },
    {
      "id": "6266ee8d-9282-4b6e-a972-fd6c0b0618a1",
      "pid": "6322ce18-f2e1-42dd-acd2-9bd41b531233",
      "dblevel": 4,
      "location": "/VGMA/HocTheoChuDe/GiaiPhapChoCacNanDe/17-ToiLaAi,ToiSongDeLamGi",
      "isVideo": false,
      "url": "hoc-theo-chu-de.giai-phap-cho-cac-nan-de.17-toi-la-ai-toi-song-de-lam-gi",
      "name": "17-Tôi Là Ai, Tôi Sống Để Làm Gì",
      "count": 0,
      "isLeaf": null,
      "keyword": null,
      "hash": "U2FsdGVkX1+c40Ee3Iknw0COmXpI042mbFSEYhDnYSRMvnKn9OqTjNRtxf5aUiKEL3/bIKk8cDROqVd4xnkyfw==",
      "khash": "U2FsdGVkX18qnVsc0oPbjUGEURQZDAZnA5c/+cTSfRraLD/KVRw2FMfycOXmJ8msGjMQmMrCVBadUFWsXkBvsw==",
      "viewCount": null,
      "duration": "18:20",
      "size": 17616980
    },
    {
      "id": "2b5af9f0-2afb-446e-88a3-0e29870e7c20",
      "pid": "6322ce18-f2e1-42dd-acd2-9bd41b531233",
      "dblevel": 4,
      "location": "/VGMA/HocTheoChuDe/GiaiPhapChoCacNanDe/18-ThaiDoLoLang",
      "isVideo": false,
      "url": "hoc-theo-chu-de.giai-phap-cho-cac-nan-de.18-thai-do-lo-lang",
      "name": "18-Thái Độ Lo Lắng",
      "count": 0,
      "isLeaf": null,
      "keyword": null,
      "hash": "U2FsdGVkX19Y1qBCIxvKUy20S8Xl8n+nRfF3azd9cBeFGtnVmM0e30+V0k+EqEiWc1ROWpBPfI97+VmjM9MmUA==",
      "khash": "U2FsdGVkX1+/tHryiYJSaUszHnZhF2gL7d6THM/iNCAZ95AB/cQeFiXa4JZKYC98EYMxqx0ozkUzvVeaBrk4fA==",
      "viewCount": null,
      "duration": "31:37",
      "size": 30362199
    },
    {
      "id": "d0adb118-93a3-4905-b9fd-9dd631486a7b",
      "pid": "6322ce18-f2e1-42dd-acd2-9bd41b531233",
      "dblevel": 4,
      "location": "/VGMA/HocTheoChuDe/GiaiPhapChoCacNanDe/19-BinhAnTrongChua",
      "isVideo": false,
      "url": "hoc-theo-chu-de.giai-phap-cho-cac-nan-de.19-binh-an-trong-chua",
      "name": "19-Bình An Trong Chúa",
      "count": 0,
      "isLeaf": null,
      "keyword": null,
      "hash": "U2FsdGVkX19hmkl3o2S8H2DWs1eHXFefD5q+nUidRFK2fcZhbBpV9nAt0C1FveGKyKALaYRcGOLxerWhrBJ4pw==",
      "khash": "U2FsdGVkX1+goZaLzfjZDo8enuGBIEqldgLNb6DcYFPppAZdlgKCErtRrYW98ZkJCEeqZrSVugDa7UAE4aVJ5w==",
      "viewCount": null,
      "duration": "30:29",
      "size": 29271750
    },
    {
      "id": "3fed2a1b-b57d-4537-9b85-f01debe99765",
      "pid": "6322ce18-f2e1-42dd-acd2-9bd41b531233",
      "dblevel": 4,
      "location": "/VGMA/HocTheoChuDe/GiaiPhapChoCacNanDe/20-BenLongCauNguyen",
      "isVideo": false,
      "url": "hoc-theo-chu-de.giai-phap-cho-cac-nan-de.20-ben-long-cau-nguyen",
      "name": "20-Bền Lòng Cầu Nguyện",
      "count": 0,
      "isLeaf": null,
      "keyword": null,
      "hash": "U2FsdGVkX1+9a/30IT66B8cw6DaRMvlEO+lFYv+MFHVSi34ABuZZMovHByemg9jfIp9ivtg/oMJpSjNRKWhPHg==",
      "khash": "U2FsdGVkX18/xYWmxvAlcDs6YM2Vj5bz3kYZDgxO0jVJGQ6DRkR4uo5HRoepGb2Eszct87TB6VbFgWzBM7bT2A==",
      "viewCount": null,
      "duration": "17:12",
      "size": 16521489
    },
    {
      "id": "5f514ebf-d491-4627-9c8b-eea462dbfc55",
      "pid": "6322ce18-f2e1-42dd-acd2-9bd41b531233",
      "dblevel": 4,
      "location": "/VGMA/HocTheoChuDe/GiaiPhapChoCacNanDe/21-CauNguyen",
      "isVideo": false,
      "url": "hoc-theo-chu-de.giai-phap-cho-cac-nan-de.21-cau-nguyen",
      "name": "21-Cầu Nguyện",
      "count": 0,
      "isLeaf": null,
      "keyword": null,
      "hash": "U2FsdGVkX1/afL0GwqVyO9UEfDb5u7Z9J1GVrTBEY0WPBXOSIV9PLqNWjg8T7P/DnNkNaUFhVqMh6dp/VFeLuw==",
      "khash": "U2FsdGVkX1/QZtO/YZZ8LBQ67Kk8UelxvpulY7CMgru8n+LgLBak1i0bmLE3q+2ZORujfwAIrcfp5ii7oOlg3g==",
      "viewCount": null,
      "duration": "27:2",
      "size": 25962333
    },
    {
      "id": "a6c6e58c-50c6-484d-b004-3c02f39056cb",
      "pid": "6322ce18-f2e1-42dd-acd2-9bd41b531233",
      "dblevel": 4,
      "location": "/VGMA/HocTheoChuDe/GiaiPhapChoCacNanDe/22-LamChungVaDangHien",
      "isVideo": false,
      "url": "hoc-theo-chu-de.giai-phap-cho-cac-nan-de.22-lam-chung-va-dang-hien",
      "name": "22-Làm Chứng Và Dâng Hiến",
      "count": 0,
      "isLeaf": null,
      "keyword": null,
      "hash": "U2FsdGVkX184P0EmwPmNuGL3g/NCB2cR5J+CyrmqWuub2unetPU3TtZMTYMGytq7abQTZ/usbrbsMQljl/H0cw==",
      "khash": "U2FsdGVkX1+WYVZ0oKj551WJoY8ClaL+ZMyfonCMXlNSxarj87t0AtZ73MNig898lPLHt+y7e3EJKfws5jVeCQ==",
      "viewCount": null,
      "duration": "28:52",
      "size": 27722383
    }
  ]
}