{
  "id": "5d2813a3-012d-4192-bb23-21d22fd15bac",
  "pid": "e6ba0e06-964b-4f38-abe3-49308863b5fc",
  "dblevel": 3,
  "location": "/VGMA/HocTheoChuDe/MauDenTonTho",
  "isVideo": false,
  "url": "hoc-theo-chu-de.mau-den-ton-tho",
  "name": "Mau Đến Tôn Thờ",
  "count": 50,
  "isLeaf": true,
  "keyword": null,
  "hash": null,
  "khash": null,
  "viewCount": null,
  "duration": null,
  "size": null,
  "children": [
    {
      "id": "48dbd037-bd53-45d7-9de4-7ff3e9011e01",
      "pid": "5d2813a3-012d-4192-bb23-21d22fd15bac",
      "dblevel": 4,
      "location": "/VGMA/HocTheoChuDe/MauDenTonTho/01_BatDauThoPhuong_1_AnNan",
      "isVideo": false,
      "url": "hoc-theo-chu-de.mau-den-ton-tho.01-bat-dau-tho-phuong-1-an-nan",
      "name": "01_Bắt Đầu Thờ Phượng_1_Ăn Năn",
      "count": 0,
      "isLeaf": null,
      "keyword": null,
      "hash": "U2FsdGVkX18dCNnoORxQu5/m7M2J+fhiv0htP7ME5u3fhPzDghb+X6uUgbMaHS3petPQr290eNTvkt41QcWqhA==",
      "khash": null,
      "viewCount": null,
      "duration": "30:17",
      "size": 29093793
    },
    {
      "id": "ab4c37ee-82b3-4d8b-9010-1eb314e7af7f",
      "pid": "5d2813a3-012d-4192-bb23-21d22fd15bac",
      "dblevel": 4,
      "location": "/VGMA/HocTheoChuDe/MauDenTonTho/02_BatDauThoPhuong_2_DoiDien",
      "isVideo": false,
      "url": "hoc-theo-chu-de.mau-den-ton-tho.02-bat-dau-tho-phuong-2-doi-dien",
      "name": "02_Bắt Đầu Thờ Phượng_2_Đối Diện",
      "count": 0,
      "isLeaf": null,
      "keyword": null,
      "hash": "U2FsdGVkX1/fVVVLGPU2A+e/BZuwiPmPr8VQU1GHuvfN5N+JbSOHksX9AWswEkzRzHzKhUwo6x7j2In+GfoD/w==",
      "khash": "U2FsdGVkX18JSoe2V62JoTF6z7PeE8B2Jjb+xuF3HkVITA0bflNJ/AAF62SfuqhpAFmJ4w0u9lnq/gdKBqxvgg==",
      "viewCount": null,
      "duration": "29:20",
      "size": 28175559
    },
    {
      "id": "c5e2fd65-5e09-4da1-865e-ff241aded069",
      "pid": "5d2813a3-012d-4192-bb23-21d22fd15bac",
      "dblevel": 4,
      "location": "/VGMA/HocTheoChuDe/MauDenTonTho/03_BatDauThoPhuong_3_DapUngVoiMacKhai",
      "isVideo": false,
      "url": "hoc-theo-chu-de.mau-den-ton-tho.03-bat-dau-tho-phuong-3-dap-ung-voi-mac-khai",
      "name": "03_Bắt Đầu Thờ Phượng_3_Đáp Ứng Với Mặc Khải",
      "count": 0,
      "isLeaf": null,
      "keyword": null,
      "hash": "U2FsdGVkX184KO9hxIPlLqVy1AgaucmIhsfZxHTMrOvZc4+xi8eAzMs/ykayYdoKi5nF82rMQJQ2O3gZaOr+6g==",
      "khash": "U2FsdGVkX1+Cg9OYoYYg6qUJpr8RUVhVkSIg8b1Whlt4yGMsqDLmBGf8zjeIz4c0lMzLFT/FwaY7yGIDglL7sQ==",
      "viewCount": null,
      "duration": "26:36",
      "size": 25558986
    },
    {
      "id": "6045c115-545e-405a-8644-d54b7d47adf1",
      "pid": "5d2813a3-012d-4192-bb23-21d22fd15bac",
      "dblevel": 4,
      "location": "/VGMA/HocTheoChuDe/MauDenTonTho/04_BatDauThoPhuong_4_NhaChuaDangYeu",
      "isVideo": false,
      "url": "hoc-theo-chu-de.mau-den-ton-tho.04-bat-dau-tho-phuong-4-nha-chua-dang-yeu",
      "name": "04_Bắt Đầu Thờ Phượng_4_Nhà Chúa Đáng Yêu",
      "count": 0,
      "isLeaf": null,
      "keyword": null,
      "hash": "U2FsdGVkX193x/lQqPYEDbeUK+kL7XpOJ82XS2X11P5u0a23b3qTBQI8Y2Vp4klDPIewrF8nyq+PEICdZV0QRw==",
      "khash": null,
      "viewCount": null,
      "duration": "20:0",
      "size": 19218432
    },
    {
      "id": "07b87715-26a8-444d-bdaf-d30dac191204",
      "pid": "5d2813a3-012d-4192-bb23-21d22fd15bac",
      "dblevel": 4,
      "location": "/VGMA/HocTheoChuDe/MauDenTonTho/05_LapNenNgayThanh_1_ThoiQuenBoNhom",
      "isVideo": false,
      "url": "hoc-theo-chu-de.mau-den-ton-tho.05-lap-nen-ngay-thanh-1-thoi-quen-bo-nhom",
      "name": "05_Lập Nên Ngày Thánh_1_Thói Quen Bỏ Nhóm",
      "count": 0,
      "isLeaf": null,
      "keyword": null,
      "hash": "U2FsdGVkX1+9QPQsvgVHJOG6yYLRieYAOVmB6TiHFBozqRWMQYxqoTXKgduinWaN1OcyrI1DtUXz2FejNPF+WA==",
      "khash": "U2FsdGVkX18o3PP8FGcLlSYNnEaBhRbctTHI7POHW7yR9+J3hDsx3pszCo6NVe64sqMGxwr5sV1Zzrdd38DNjQ==",
      "viewCount": null,
      "duration": "28:28",
      "size": 27339891
    },
    {
      "id": "c66a3ce0-5a81-4d95-8b4d-7f1888178a64",
      "pid": "5d2813a3-012d-4192-bb23-21d22fd15bac",
      "dblevel": 4,
      "location": "/VGMA/HocTheoChuDe/MauDenTonTho/06_LapNenNgayThanh_2_ChuaDoaiXem",
      "isVideo": false,
      "url": "hoc-theo-chu-de.mau-den-ton-tho.06-lap-nen-ngay-thanh-2-chua-doai-xem",
      "name": "06_Lập Nên Ngày Thánh_2_Chúa Đoái Xem",
      "count": 0,
      "isLeaf": null,
      "keyword": null,
      "hash": "U2FsdGVkX1/NPlqUxAL/1DABTDm969MQNLxl6UCrkZnHkGD+5yHPAOhGBAayZ8K2fZ85WumYpyFGDQVjPSTq1w==",
      "khash": "U2FsdGVkX1+EoJPYM11VwOpf+eGxd94PsVXSjwCBFvDSL970ywItjV9U1Ye4fPoHv/yWciJ2CTONY7EPVHp6ug==",
      "viewCount": null,
      "duration": "27:25",
      "size": 26331168
    },
    {
      "id": "c229b5f2-2fca-4917-bcb6-f9ce44f8203d",
      "pid": "5d2813a3-012d-4192-bb23-21d22fd15bac",
      "dblevel": 4,
      "location": "/VGMA/HocTheoChuDe/MauDenTonTho/07_LapNenNgayThanh_3_DoiTuongThoPhuong",
      "isVideo": false,
      "url": "hoc-theo-chu-de.mau-den-ton-tho.07-lap-nen-ngay-thanh-3-doi-tuong-tho-phuong",
      "name": "07_Lập Nên Ngày Thánh_3_Đối Tượng Thờ Phượng",
      "count": 0,
      "isLeaf": null,
      "keyword": null,
      "hash": "U2FsdGVkX1+IW04r0c8ydpB/aH0kSuxMLQKvMbEcucmqEbc0gstJMTHM+p5cshPXzLI9iILfY9n2ewznem6/ZA==",
      "khash": "U2FsdGVkX1+1sljVOypWzbNzalwLJ8b+ynjffNqXWTZU653x93zlEopPHeq60uAeehiUcCpartEFvq/m2ZRSYA==",
      "viewCount": null,
      "duration": "27:13",
      "size": 26151858
    },
    {
      "id": "906f0ba7-c8a8-42cd-a086-a259935196cb",
      "pid": "5d2813a3-012d-4192-bb23-21d22fd15bac",
      "dblevel": 4,
      "location": "/VGMA/HocTheoChuDe/MauDenTonTho/08_LapNenNgayThanh_4_ChamChiThoPhuong",
      "isVideo": false,
      "url": "hoc-theo-chu-de.mau-den-ton-tho.08-lap-nen-ngay-thanh-4-cham-chi-tho-phuong",
      "name": "08_Lập Nên Ngày Thánh_4_Chăm Chỉ Thờ Phượng",
      "count": 0,
      "isLeaf": null,
      "keyword": null,
      "hash": "U2FsdGVkX1/xAge7bxyJKP2HPFV4Cfj1Rsk7/1nXOHx8HWJYGR6Vg7uKwzqM/pIKz5YEknPEmln4HDj7fZVxeg==",
      "khash": null,
      "viewCount": null,
      "duration": "25:1",
      "size": 24037668
    },
    {
      "id": "a84584ab-53fc-402e-8a3c-8fa2db762367",
      "pid": "5d2813a3-012d-4192-bb23-21d22fd15bac",
      "dblevel": 4,
      "location": "/VGMA/HocTheoChuDe/MauDenTonTho/09_LapNenNgayThanh_5_YeuKinhThoPhuong",
      "isVideo": false,
      "url": "hoc-theo-chu-de.mau-den-ton-tho.09-lap-nen-ngay-thanh-5-yeu-kinh-tho-phuong",
      "name": "09_Lập Nên Ngày Thánh_5_Yêu Kính Thờ Phượng",
      "count": 0,
      "isLeaf": null,
      "keyword": null,
      "hash": "U2FsdGVkX1/MhS1x5f92bctoeHV2mpM4dXl3sIvtO+29hIwVKCR7PPFcIvmdHfBY2Iz/xtYETKKDGBuHpyXJBg==",
      "khash": null,
      "viewCount": null,
      "duration": "27:20",
      "size": 26255691
    },
    {
      "id": "ae079052-e089-4585-943c-6946327f764d",
      "pid": "5d2813a3-012d-4192-bb23-21d22fd15bac",
      "dblevel": 4,
      "location": "/VGMA/HocTheoChuDe/MauDenTonTho/10_LapNenNgayThanh_6_SucLucCangThem",
      "isVideo": false,
      "url": "hoc-theo-chu-de.mau-den-ton-tho.10-lap-nen-ngay-thanh-6-suc-luc-cang-them",
      "name": "10_Lập Nên Ngày Thánh_6_Sức Lực Càng Thêm",
      "count": 0,
      "isLeaf": null,
      "keyword": null,
      "hash": "U2FsdGVkX18J0O6Hceufec7L+5hLvuQv+E/Dwu62sATaK0jyLPW9FLnCfvOKyDg46MgDE295JjaRMy270NX8sQ==",
      "khash": "U2FsdGVkX1/U9xGMobrXapSx88N/IgIj9ffG9atKA0MCRdvx48FZPYTT2WkMi04JB6h+6vcw/1V2rSs8arSRww==",
      "viewCount": null,
      "duration": "26:48",
      "size": 25748619
    },
    {
      "id": "c2842612-5d5c-425c-bc16-a859d819df92",
      "pid": "5d2813a3-012d-4192-bb23-21d22fd15bac",
      "dblevel": 4,
      "location": "/VGMA/HocTheoChuDe/MauDenTonTho/11_LapNenNgayThanh_7_XinVuaGiup",
      "isVideo": false,
      "url": "hoc-theo-chu-de.mau-den-ton-tho.11-lap-nen-ngay-thanh-7-xin-vua-giup",
      "name": "11_Lập Nên Ngày Thánh_7_Xin Vùa Giúp",
      "count": 0,
      "isLeaf": null,
      "keyword": null,
      "hash": "U2FsdGVkX1894mVJ+ZcZaz7t+kNMDSa6rnW7Xmq8AY7C+bNJCgSMmG3P8+OFcO4HhiKNRcQN5S97GGdXzK5aBA==",
      "khash": null,
      "viewCount": null,
      "duration": "28:1",
      "size": 26914134
    },
    {
      "id": "31cb943e-fc02-493a-8db7-86673ac445ae",
      "pid": "5d2813a3-012d-4192-bb23-21d22fd15bac",
      "dblevel": 4,
      "location": "/VGMA/HocTheoChuDe/MauDenTonTho/12_Lapnenngaythanh_8_NhoLaiThoPhuong",
      "isVideo": false,
      "url": "hoc-theo-chu-de.mau-den-ton-tho.12-lap-nen-ngay-thanh-8-nho-lai-tho-phuong",
      "name": "12_Lập nên ngày thánh_8_Nhớ Lại Thờ Phượng",
      "count": 0,
      "isLeaf": null,
      "keyword": null,
      "hash": "U2FsdGVkX1+Em7UeEQADx0nl97p2nBt4aFaTG6g3ePsCTKUmmtsXtq8OxRe2JclcpmDU3aVV0N3eem1mZP9cAw==",
      "khash": null,
      "viewCount": null,
      "duration": "28:35",
      "size": 27451647
    },
    {
      "id": "2f21b347-52fa-4a6e-9b97-3ab684820b56",
      "pid": "5d2813a3-012d-4192-bb23-21d22fd15bac",
      "dblevel": 4,
      "location": "/VGMA/HocTheoChuDe/MauDenTonTho/13_LapNenNgayThanh_9_BietOnNenThoPhuong",
      "isVideo": false,
      "url": "hoc-theo-chu-de.mau-den-ton-tho.13-lap-nen-ngay-thanh-9-biet-on-nen-tho-phuong",
      "name": "13_Lập Nên Ngày Thánh_9_Biết Ơn Nên Thờ Phượng",
      "count": 0,
      "isLeaf": null,
      "keyword": null,
      "hash": "U2FsdGVkX1++R2DP6aB6k/Rk/LxOPSGxTRj2zBK/YLOeKz45G268BDkrrF/EHheNVuH7ojz+rfVk3L8h2I+KRg==",
      "khash": null,
      "viewCount": null,
      "duration": "29:19",
      "size": 28155543
    },
    {
      "id": "fa16a962-5184-4bbc-bd37-d93e27c1ea13",
      "pid": "5d2813a3-012d-4192-bb23-21d22fd15bac",
      "dblevel": 4,
      "location": "/VGMA/HocTheoChuDe/MauDenTonTho/14_LapNenNgayThanh_10_DiLenTungBuc",
      "isVideo": false,
      "url": "hoc-theo-chu-de.mau-den-ton-tho.14-lap-nen-ngay-thanh-10-di-len-tung-buc",
      "name": "14_Lập Nên Ngày Thánh_10_Đi Lên Từng Bực",
      "count": 0,
      "isLeaf": null,
      "keyword": null,
      "hash": "U2FsdGVkX1/U7K1QSVZoSgTSPfEY3OKHsShobbDFRDVXchFhA4zOWF6zM/AhnIbzgQ8DkKHltT6qOc+/YiTDMQ==",
      "khash": null,
      "viewCount": null,
      "duration": "27:5",
      "size": 26009655
    },
    {
      "id": "0afc43d2-501e-49d8-b823-f9d5be0f785d",
      "pid": "5d2813a3-012d-4192-bb23-21d22fd15bac",
      "dblevel": 4,
      "location": "/VGMA/HocTheoChuDe/MauDenTonTho/15_LapNenNgayThanh_11_XinGiupCon",
      "isVideo": false,
      "url": "hoc-theo-chu-de.mau-den-ton-tho.15-lap-nen-ngay-thanh-11-xin-giup-con",
      "name": "15_Lập Nên Ngày Thánh_11_Xin Giúp Con",
      "count": 0,
      "isLeaf": null,
      "keyword": null,
      "hash": "U2FsdGVkX18Jf2JtSYm981fRwGx5ke6gCFur9jQgYzrAeCu7Fk1KESEIIQDG87/j1dEHVj428RXQlBZB8cfOPQ==",
      "khash": null,
      "viewCount": null,
      "duration": "26:51",
      "size": 25799493
    },
    {
      "id": "1f08c6e0-5829-4c5a-9b31-cd983ddb12be",
      "pid": "5d2813a3-012d-4192-bb23-21d22fd15bac",
      "dblevel": 4,
      "location": "/VGMA/HocTheoChuDe/MauDenTonTho/16_NeNepThoPhuong_1_ThaiDoThoPhuong",
      "isVideo": false,
      "url": "hoc-theo-chu-de.mau-den-ton-tho.16-ne-nep-tho-phuong-1-thai-do-tho-phuong",
      "name": "16_Nề Nếp Thờ Phượng_1_Thái Độ Thờ Phượng",
      "count": 0,
      "isLeaf": null,
      "keyword": null,
      "hash": "U2FsdGVkX1+DpZ+iXGecbTIzSkojbz4MNwIAW+mCZgu2DeyysmoxGRTSBBmHc03fuPiN2/Ky5Gl10ZrmsPtKEw==",
      "khash": null,
      "viewCount": null,
      "duration": "26:38",
      "size": 25581819
    },
    {
      "id": "a4b14593-3bf4-47e6-83eb-65e219c7230e",
      "pid": "5d2813a3-012d-4192-bb23-21d22fd15bac",
      "dblevel": 4,
      "location": "/VGMA/HocTheoChuDe/MauDenTonTho/17_NeNepThoPhuong_2_CanBanLoiChua",
      "isVideo": false,
      "url": "hoc-theo-chu-de.mau-den-ton-tho.17-ne-nep-tho-phuong-2-can-ban-loi-chua",
      "name": "17_Nề Nếp Thờ Phượng_2_Căn Bản Lời Chúa",
      "count": 0,
      "isLeaf": null,
      "keyword": null,
      "hash": "U2FsdGVkX1/xNP/ela/j7dH/XmuG5P3vjfseDr6DpIAImBkYiGZqbU5N+sekqVxHp6mUdVwPZyt0dGOSimCivA==",
      "khash": null,
      "viewCount": null,
      "duration": "27:48",
      "size": 26702298
    },
    {
      "id": "6bd2dd78-a05c-44ff-b4df-551ace90ef0f",
      "pid": "5d2813a3-012d-4192-bb23-21d22fd15bac",
      "dblevel": 4,
      "location": "/VGMA/HocTheoChuDe/MauDenTonTho/18_NeNepThoPhuong_3_DiRaVuiMung",
      "isVideo": false,
      "url": "hoc-theo-chu-de.mau-den-ton-tho.18-ne-nep-tho-phuong-3-di-ra-vui-mung",
      "name": "18_Nề Nếp Thờ Phượng_3_Đi Ra Vui Mừng",
      "count": 0,
      "isLeaf": null,
      "keyword": null,
      "hash": "U2FsdGVkX1/qdS6j0DoxacEztRkc9KIPh0BYBjUbg3Ogn1VijyqlDy2aW0hy03R2e8tbIompvZdmSy5nyFZMiQ==",
      "khash": "U2FsdGVkX1/pIArrSDsxl9FpL1JhXJgfbQw7/ZGXQKPMsf3R3QLUFH9KHpuK7F9N4lAM4Aq8Wtsotc0plELFLg==",
      "viewCount": null,
      "duration": "29:24",
      "size": 28238884
    },
    {
      "id": "d5adeddd-5ce5-420b-b5fe-a6f78b55a8b1",
      "pid": "5d2813a3-012d-4192-bb23-21d22fd15bac",
      "dblevel": 4,
      "location": "/VGMA/HocTheoChuDe/MauDenTonTho/19_TamLongThoPhuong_1_TimKiemMatChua",
      "isVideo": false,
      "url": "hoc-theo-chu-de.mau-den-ton-tho.19-tam-long-tho-phuong-1-tim-kiem-mat-chua",
      "name": "19_Tấm Lòng Thờ Phượng_1_Tìm Kiếm Mặt Chúa",
      "count": 0,
      "isLeaf": null,
      "keyword": null,
      "hash": "U2FsdGVkX1/aeqphM9OMDCEd8nRw3rU04kpsOB1opJJ2iP19J8++UcUYg000YH7/Tgg3qBTpUDNqlql5zaJa4A==",
      "khash": null,
      "viewCount": null,
      "duration": "28:52",
      "size": 27732646
    },
    {
      "id": "81cde3c1-413c-47c7-b67d-619db9d660d7",
      "pid": "5d2813a3-012d-4192-bb23-21d22fd15bac",
      "dblevel": 4,
      "location": "/VGMA/HocTheoChuDe/MauDenTonTho/20_TamLongThoPhuong_2_ThoPhuongTrongAnNan",
      "isVideo": false,
      "url": "hoc-theo-chu-de.mau-den-ton-tho.20-tam-long-tho-phuong-2-tho-phuong-trong-an-nan",
      "name": "20_Tấm Lòng Thờ Phượng_2_Thờ Phượng Trong Ăn Năn",
      "count": 0,
      "isLeaf": null,
      "keyword": null,
      "hash": "U2FsdGVkX19wbgFGN0nuSysunOESO75UBcc5D0uNqv6yn5TjelpzBGxfuHLDSxd6mzObpV9TMsepVU5R/Uthfw==",
      "khash": "U2FsdGVkX18WG6z20x019kIc/kKgJULM4sns1iOFH1Omw3FdJ9Lk3GzQdP4TuCKdOcyjGzk+lbtrKpIiPQuOkg==",
      "viewCount": null,
      "duration": "30:12",
      "size": 29001994
    },
    {
      "id": "f393718c-6353-420c-b5b1-6b48b8967049",
      "pid": "5d2813a3-012d-4192-bb23-21d22fd15bac",
      "dblevel": 4,
      "location": "/VGMA/HocTheoChuDe/MauDenTonTho/21_TamLongThoPhuong_3_HaMinhHonNua",
      "isVideo": false,
      "url": "hoc-theo-chu-de.mau-den-ton-tho.21-tam-long-tho-phuong-3-ha-minh-hon-nua",
      "name": "21_Tấm Lòng Thờ Phượng_3_Hạ Mình Hơn Nữa",
      "count": 0,
      "isLeaf": null,
      "keyword": null,
      "hash": "U2FsdGVkX19IUrNMS1R3UWC5hmE5KhAN1kXT5M0b9tQS8FNYUukd12x/wl445C0mwNuj1lVNd2tVJoWiVBowCw==",
      "khash": null,
      "viewCount": null,
      "duration": "30:25",
      "size": 29216808
    },
    {
      "id": "53cc4ad0-5876-48e8-847f-d9b425d48379",
      "pid": "5d2813a3-012d-4192-bb23-21d22fd15bac",
      "dblevel": 4,
      "location": "/VGMA/HocTheoChuDe/MauDenTonTho/22_TamLongThoPhuong_4_MariHayGiuDa",
      "isVideo": false,
      "url": "hoc-theo-chu-de.mau-den-ton-tho.22-tam-long-tho-phuong-4-mari-hay-giuda",
      "name": "22_Tấm Lòng Thờ Phượng_4_Mari Hay GiuDa",
      "count": 0,
      "isLeaf": null,
      "keyword": null,
      "hash": "U2FsdGVkX1/TXU51g4do8buv67CKqLNdX7dp1MFwt37K56/AJTLspLOQlsdPy8+j4d7K8SGRdOiNy8XMrNAjNQ==",
      "khash": "U2FsdGVkX1/ihMe+o7Yf4J8U+XwLmFTQ7dVkOQsNRT4oYkr7WkDb8Z4kq8RSaWFidBR9kPbMwLbseCYJigpE/w==",
      "viewCount": null,
      "duration": "28:11",
      "size": 27073845
    },
    {
      "id": "3ecc35b0-f5b8-4d42-b85e-94b2cbb8e514",
      "pid": "5d2813a3-012d-4192-bb23-21d22fd15bac",
      "dblevel": 4,
      "location": "/VGMA/HocTheoChuDe/MauDenTonTho/23_ChoTrongChua_1_TrongCayThoPhuong",
      "isVideo": false,
      "url": "hoc-theo-chu-de.mau-den-ton-tho.23-cho-trong-chua-1-trong-cay-tho-phuong",
      "name": "23_Chờ Trông Chúa_1_Trông Cậy Thờ Phượng",
      "count": 0,
      "isLeaf": null,
      "keyword": null,
      "hash": "U2FsdGVkX1+oV+t3jXjE/r2rwDKL8uCPlOd2O7HN/bCBiqvilZABTkRsvikGCt6AI34hY/3ngO+pIcFWO62qoQ==",
      "khash": "U2FsdGVkX1+vI1V0Duw/cB8lrPFU1+T3toE3OLjkeuFXato15G817Lj9YtfRx5o0pJwFXL9bhYEt1Fmi+bsTng==",
      "viewCount": null,
      "duration": "28:30",
      "size": 27376646
    },
    {
      "id": "14a6358f-38d5-428e-8d07-1fa2aeb22e4b",
      "pid": "5d2813a3-012d-4192-bb23-21d22fd15bac",
      "dblevel": 4,
      "location": "/VGMA/HocTheoChuDe/MauDenTonTho/24_ChoTrongChua_2_KhaoKhatChua",
      "isVideo": false,
      "url": "hoc-theo-chu-de.mau-den-ton-tho.24-cho-trong-chua-2-khao-khat-chua",
      "name": "24_Chờ Trông Chúa_2_Khao Khát Chúa",
      "count": 0,
      "isLeaf": null,
      "keyword": null,
      "hash": "U2FsdGVkX18gigSQx6ZTj0qoClmfbBkX3IHYM+xxH9ncMNsTysw0+QneBVBiHlxE7Y8y63h9HI9qIB7z7Xks8w==",
      "khash": null,
      "viewCount": null,
      "duration": "27:50",
      "size": 26743581
    },
    {
      "id": "6be4905e-1f0a-4747-9d45-83616e7ff50e",
      "pid": "5d2813a3-012d-4192-bb23-21d22fd15bac",
      "dblevel": 4,
      "location": "/VGMA/HocTheoChuDe/MauDenTonTho/25_ChoTrongChua_3_SongChoMucDich",
      "isVideo": false,
      "url": "hoc-theo-chu-de.mau-den-ton-tho.25-cho-trong-chua-3-song-cho-muc-dich",
      "name": "25_Chờ Trông Chúa_3_Sống Cho Mục Đích",
      "count": 0,
      "isLeaf": null,
      "keyword": null,
      "hash": "U2FsdGVkX1+hKNbvcbk64a7iJEljSHiw/2DOTmyKoKPVxE25A//Wz/VHzWCj+YpBx5fzxQJOhlxVKtRCe9SIsA==",
      "khash": null,
      "viewCount": null,
      "duration": "26:43",
      "size": 25661824
    },
    {
      "id": "55cd7763-07e5-4bd2-9324-97a4e6185fa5",
      "pid": "5d2813a3-012d-4192-bb23-21d22fd15bac",
      "dblevel": 4,
      "location": "/VGMA/HocTheoChuDe/MauDenTonTho/26_MauMucThoPhuong_1_YNghiaDenTam",
      "isVideo": false,
      "url": "hoc-theo-chu-de.mau-den-ton-tho.26-mau-muc-tho-phuong-1-y-nghia-den-tam",
      "name": "26_Mẫu Mực Thờ Phượng_1_Ý Nghĩa Đền Tạm",
      "count": 0,
      "isLeaf": null,
      "keyword": null,
      "hash": "U2FsdGVkX1+kB4lx98A21zVZ0F9Ub1sUey2JJzRCsohd8N+VHdYBsSGT5Bs101kEI0HGy7YXFa6j4UnCWDIpDg==",
      "khash": "U2FsdGVkX1+TTPelGWjxprqlnAGmMIFOXInkH/Ta/c/0Ja0ms9cMqFRCG+NskZrZWLlcYaSd7/r3RZ5KNhKaWg==",
      "viewCount": null,
      "duration": "29:17",
      "size": 28124274
    },
    {
      "id": "7d883178-95e9-44a5-b3de-d63b3145aea9",
      "pid": "5d2813a3-012d-4192-bb23-21d22fd15bac",
      "dblevel": 4,
      "location": "/VGMA/HocTheoChuDe/MauDenTonTho/27_MauMucThoPhuong_2_TamThanLeThat",
      "isVideo": false,
      "url": "hoc-theo-chu-de.mau-den-ton-tho.27-mau-muc-tho-phuong-2-tam-than-le-that",
      "name": "27_Mẫu Mực Thờ Phượng_2_Tâm Thần Lẽ Thật",
      "count": 0,
      "isLeaf": null,
      "keyword": null,
      "hash": "U2FsdGVkX18b29Hm3cDnMkyrBuH3eqp+98d9fy5pjzF+/cSCfs2HYq6Ut3zBUKVU2J/R+DT8fiv1D/JliuW87A==",
      "khash": "U2FsdGVkX19uICv7MuvUbydUWiObeOzy79if57T6HfmoWTvS2RlOWoTawcrDROqxHpZnXDyrV3c8FUKL02WEAw==",
      "viewCount": null,
      "duration": "27:56",
      "size": 26827347
    },
    {
      "id": "a371531b-4d91-4017-88d5-350ccac6a13b",
      "pid": "5d2813a3-012d-4192-bb23-21d22fd15bac",
      "dblevel": 4,
      "location": "/VGMA/HocTheoChuDe/MauDenTonTho/28_MauMucThoPhuong_3_KhongTiengLaTrongThoPhuong",
      "isVideo": false,
      "url": "hoc-theo-chu-de.mau-den-ton-tho.28-mau-muc-tho-phuong-3-khong-tieng-la-trong-tho-phuong",
      "name": "28_Mẫu Mực Thờ Phượng_3_Không Tiếng Lạ Trong Thờ Phượng",
      "count": 0,
      "isLeaf": null,
      "keyword": null,
      "hash": "U2FsdGVkX1/hcwF0uBuEvkpvulmLPkhVFdCCGt9KgVFc6iukPIMlNfrusuS/hkK4qNEosSEftF8/UZU+Ca/HFA==",
      "khash": null,
      "viewCount": null,
      "duration": "27:36",
      "size": 26499667
    },
    {
      "id": "2fa7b972-c40b-4381-becd-b2b25cb663f7",
      "pid": "5d2813a3-012d-4192-bb23-21d22fd15bac",
      "dblevel": 4,
      "location": "/VGMA/HocTheoChuDe/MauDenTonTho/29_MauMucThoPhuong_4_ThaiDoVaPhuongCach",
      "isVideo": false,
      "url": "hoc-theo-chu-de.mau-den-ton-tho.29-mau-muc-tho-phuong-4-thai-do-va-phuong-cach",
      "name": "29_Mẫu Mực Thờ Phượng_4_Thái Độ Và Phương Cách",
      "count": 0,
      "isLeaf": null,
      "keyword": null,
      "hash": "U2FsdGVkX1++oucaUyiYZ8+UQKgOQDIzI5eg/OaNmUmoaB10/8jjDk2RsG18KF9/sBuu4Ib6Rqbum+NXxUuKHA==",
      "khash": null,
      "viewCount": null,
      "duration": "28:7",
      "size": 27002054
    },
    {
      "id": "b86d2148-ddb9-4bab-8517-9443651a7927",
      "pid": "5d2813a3-012d-4192-bb23-21d22fd15bac",
      "dblevel": 4,
      "location": "/VGMA/HocTheoChuDe/MauDenTonTho/30_HuongDanThoPhuong_1_YeuNhaChua",
      "isVideo": false,
      "url": "hoc-theo-chu-de.mau-den-ton-tho.30-huong-dan-tho-phuong-1-yeu-nha-chua",
      "name": "30_Hướng Dẫn Thờ Phượng_1_Yêu Nhà Chúa",
      "count": 0,
      "isLeaf": null,
      "keyword": null,
      "hash": "U2FsdGVkX18IiuUJp/4XjlqBh1XLCQMKbg5fWt0HZs1+XcNMiCV+zv7+b/1FagvLpoS5/fmy1cO7BJ5TGBeRaQ==",
      "khash": null,
      "viewCount": null,
      "duration": "26:0",
      "size": 24973632
    },
    {
      "id": "b7429c95-7234-4af6-96a9-81729d4e74e8",
      "pid": "5d2813a3-012d-4192-bb23-21d22fd15bac",
      "dblevel": 4,
      "location": "/VGMA/HocTheoChuDe/MauDenTonTho/31_HuongDanThoPhuong_2_DonSachDenTho",
      "isVideo": false,
      "url": "hoc-theo-chu-de.mau-den-ton-tho.31-huong-dan-tho-phuong-2-don-sach-den-tho",
      "name": "31_Hướng Dẫn Thờ Phượng_2_Dọn Sạch Đền Thờ",
      "count": 0,
      "isLeaf": null,
      "keyword": null,
      "hash": "U2FsdGVkX1/81yKDHhVuJLXCy3NV5fUcKCCfUT52DVd6wTuiV5j0/kbmBnRZ8nEDeIFsGO/9q2kVu3e3Qn4Rrg==",
      "khash": "U2FsdGVkX1/hLsV26lXjhAkhijaIKSd9catu5A17o8OEesWBqtYIRr7Bg8RXCf15HkLUlRuzndhk7mGMw5S0kg==",
      "viewCount": null,
      "duration": "27:41",
      "size": 26583483
    },
    {
      "id": "fd7d4f69-2dad-4fb4-875e-21a9a03aeebf",
      "pid": "5d2813a3-012d-4192-bb23-21d22fd15bac",
      "dblevel": 4,
      "location": "/VGMA/HocTheoChuDe/MauDenTonTho/32_HuongDanThoPhuong_3_SiOnDepDe",
      "isVideo": false,
      "url": "hoc-theo-chu-de.mau-den-ton-tho.32-huong-dan-tho-phuong-3-sion-dep-de",
      "name": "32_Hướng Dẫn Thờ Phượng_3_SiOn Đẹp Đẽ",
      "count": 0,
      "isLeaf": null,
      "keyword": null,
      "hash": "U2FsdGVkX1+iBg8UFUJnvaN+psluNJ6QNIR7qlchjB3zSfKmgB0Weh3/TDiuczJ/8GSYdt4zMuF7CdyfcrmMHA==",
      "khash": null,
      "viewCount": null,
      "duration": "27:35",
      "size": 26492496
    },
    {
      "id": "feb78011-ab2c-4144-a516-b67b7ec629b1",
      "pid": "5d2813a3-012d-4192-bb23-21d22fd15bac",
      "dblevel": 4,
      "location": "/VGMA/HocTheoChuDe/MauDenTonTho/33_HuongDanThoPhuong_4_PhanBietDieuThanh",
      "isVideo": false,
      "url": "hoc-theo-chu-de.mau-den-ton-tho.33-huong-dan-tho-phuong-4-phan-biet-dieu-thanh",
      "name": "33_Hướng Dẫn Thờ Phượng_4_Phân Biệt Điều Thánh",
      "count": 0,
      "isLeaf": null,
      "keyword": null,
      "hash": "U2FsdGVkX1/dBSuErOWVIru8+wagMUW2c0+dFeyJz5+FrdTXJya/TffgaMgD5X2HNBy+hLWwigLafQkEcmVZfw==",
      "khash": "U2FsdGVkX1+HXfp7bC4AWBr+vOwI5igu6q/ZnwXxaWdUHgjQmboSFw2HbnB2QEhyrFQPwhXWsLsORAmnUS1KCA==",
      "viewCount": null,
      "duration": "30:52",
      "size": 29635549
    },
    {
      "id": "2cf88c44-dec3-423b-a6b4-0c12e7605403",
      "pid": "5d2813a3-012d-4192-bb23-21d22fd15bac",
      "dblevel": 4,
      "location": "/VGMA/HocTheoChuDe/MauDenTonTho/34_DoiDienCuocDoiQuaThoPhuong_1_NguonTiepTro",
      "isVideo": false,
      "url": "hoc-theo-chu-de.mau-den-ton-tho.34-doi-dien-cuoc-doi-qua-tho-phuong-1-nguon-tiep-tro",
      "name": "34_Đối Diện Cuộc Đời Qua Thờ Phượng_1_Nguồn Tiếp Trợ",
      "count": 0,
      "isLeaf": null,
      "keyword": null,
      "hash": "U2FsdGVkX19XbWgPwqubnJDWDlMtNMe9QjWU5+ZD9JQlTKkdNCilsr5Mtog6BGiMqAVFLFqnRJC8NCk2exGfFw==",
      "khash": null,
      "viewCount": null,
      "duration": "26:47",
      "size": 25722615
    },
    {
      "id": "0664e367-cc1c-4abd-a0b3-1d4e5a8e5080",
      "pid": "5d2813a3-012d-4192-bb23-21d22fd15bac",
      "dblevel": 4,
      "location": "/VGMA/HocTheoChuDe/MauDenTonTho/35_DoiDienCuocDoiQuaThoPhuong_2",
      "isVideo": false,
      "url": "hoc-theo-chu-de.mau-den-ton-tho.35-doi-dien-cuoc-doi-qua-tho-phuong-2",
      "name": "35_Đối Diện Cuộc Đời Qua Thờ Phượng_2",
      "count": 0,
      "isLeaf": null,
      "keyword": null,
      "hash": "U2FsdGVkX1/bo4XkuLCwuE6Ro79nnvgw3zdyoCMvA+DTBRGRO0thFaT1/MZzeVsNs0xTAJ54VmCesLl83Gj+Sw==",
      "khash": "U2FsdGVkX1+y+HBkOkO6TCL5RLb6LPIVgnllUDmnMYngAd+vvgDT0JC8MWuDqlDzvVLWvDxj1x4lChWRN+BqmA==",
      "viewCount": null,
      "duration": "29:7",
      "size": 27955771
    },
    {
      "id": "f56836ba-b827-461b-9f1f-1c5a2b246ca8",
      "pid": "5d2813a3-012d-4192-bb23-21d22fd15bac",
      "dblevel": 4,
      "location": "/VGMA/HocTheoChuDe/MauDenTonTho/36_DoiDienCuocDoiQuaThoPhuong_3_BoiDucTin",
      "isVideo": false,
      "url": "hoc-theo-chu-de.mau-den-ton-tho.36-doi-dien-cuoc-doi-qua-tho-phuong-3-boi-duc-tin",
      "name": "36_Đối Diện Cuộc Đời Qua Thờ Phượng_3_Bởi Đức Tin",
      "count": 0,
      "isLeaf": null,
      "keyword": null,
      "hash": "U2FsdGVkX1/FuTpbkndSCBSZcu3lFLAQVinQyn8dmkSxi7nn9rMcFaMlcOkhHcK9hVho5GCuBQD2dwjGi9r29g==",
      "khash": "U2FsdGVkX18KSt2Rut724wRM85gpiPryKqChtnWuSzpFlzxLi8rQRUhkHZ7n4ZE2/xL81L3r0di5oVsQfipXxQ==",
      "viewCount": null,
      "duration": "27:26",
      "size": 26350808
    },
    {
      "id": "490b73cd-92d8-498d-906f-d13735c42be2",
      "pid": "5d2813a3-012d-4192-bb23-21d22fd15bac",
      "dblevel": 4,
      "location": "/VGMA/HocTheoChuDe/MauDenTonTho/37_DoiDienCuocDoiQuaThoPhuong_4_UongCong",
      "isVideo": false,
      "url": "hoc-theo-chu-de.mau-den-ton-tho.37-doi-dien-cuoc-doi-qua-tho-phuong-4-uong-cong",
      "name": "37_Đối Diện Cuộc Đời Qua Thờ Phượng_4_Uổng Công",
      "count": 0,
      "isLeaf": null,
      "keyword": null,
      "hash": "U2FsdGVkX18VzN1aHouKsRbXoEnwI+SYeCCmmhAZ48bEH8sA3ygvG5nobBuvQ4ZEGjUhHaWRNkWcC0RkGnC17A==",
      "khash": "U2FsdGVkX19Q5yN1fRfdUKno5WIOPfAPWMHcCh/sBlESBGnEV073kPPoFKJs/jOO4zGoOrYZCL9YwkxnSIqZ/Q==",
      "viewCount": null,
      "duration": "27:39",
      "size": 26550592
    },
    {
      "id": "c35118b1-a393-4751-83cd-a832332586b5",
      "pid": "5d2813a3-012d-4192-bb23-21d22fd15bac",
      "dblevel": 4,
      "location": "/VGMA/HocTheoChuDe/MauDenTonTho/38_DoiDienCuocDoiQuaThoPhuong_5_ThoaNguyenTrongPhuocHanh",
      "isVideo": false,
      "url": "hoc-theo-chu-de.mau-den-ton-tho.38-doi-dien-cuoc-doi-qua-tho-phuong-5-thoa-nguyen-trong-phuoc-hanh",
      "name": "38_Đối Diện Cuộc Đời Qua Thờ Phượng_5_Thỏa Nguyện Trong Phước Hạnh",
      "count": 0,
      "isLeaf": null,
      "keyword": null,
      "hash": "U2FsdGVkX1+egzYbYmbg7+qNM52wSCkWYkfZbensmtBuOmlfLLmLpAGzZrPSrHIu5Us3Us3aO2vLNN41ZYIEDw==",
      "khash": null,
      "viewCount": null,
      "duration": "28:27",
      "size": 27315040
    },
    {
      "id": "d268567a-2d70-45ca-a666-2be0b1adc191",
      "pid": "5d2813a3-012d-4192-bb23-21d22fd15bac",
      "dblevel": 4,
      "location": "/VGMA/HocTheoChuDe/MauDenTonTho/39_MenYeuNhaChua_1_SotSangVeNhaChua",
      "isVideo": false,
      "url": "hoc-theo-chu-de.mau-den-ton-tho.39-men-yeu-nha-chua-1-sot-sang-ve-nha-chua",
      "name": "39_Mến Yêu Nhà Chúa_1_Sốt Sắng Về Nhà Chúa",
      "count": 0,
      "isLeaf": null,
      "keyword": null,
      "hash": "U2FsdGVkX18t+oaSIy/8xhuR95ISuvOkmo6rxJBpM+OMcyfVDZOct2T//seitBqtNMIyrfk0hPUnSgN1STzxew==",
      "khash": "U2FsdGVkX1+ab9PWk+xGokeyXwMVJJvwP2/FZ6JCd5mnN3u+Jt0PlfrSCxnhymn+eg8zs4o02Z38xayLAfvXXg==",
      "viewCount": null,
      "duration": "27:59",
      "size": 26865315
    },
    {
      "id": "5144c420-5805-4dac-a7ea-a60bbfd527b0",
      "pid": "5d2813a3-012d-4192-bb23-21d22fd15bac",
      "dblevel": 4,
      "location": "/VGMA/HocTheoChuDe/MauDenTonTho/40_MenYeuNhaChua_2_MacToiVoiThanChua",
      "isVideo": false,
      "url": "hoc-theo-chu-de.mau-den-ton-tho.40-men-yeu-nha-chua-2-mac-toi-voi-than-chua",
      "name": "40_Mến Yêu Nhà Chúa_2_Mắc Tội Với Thân Chúa",
      "count": 0,
      "isLeaf": null,
      "keyword": null,
      "hash": "U2FsdGVkX187cjwVcuAd/1Er0wjxLJ7z9VgkwmB+fUY3WqRlaY3C2ve2EZ5O58ukDLGlfY27sMQKLRWSfsGkgQ==",
      "khash": "U2FsdGVkX18wzQOqb3FcWHReiX5kgIhFOksoCb2OzrKK6rf/RS3dJYRbLDOi91EGexCRGFkMI7s/XWbpwuH/Tg==",
      "viewCount": null,
      "duration": "27:50",
      "size": 26726971
    },
    {
      "id": "3a73b18c-cbd0-4e79-8975-feec439248bc",
      "pid": "5d2813a3-012d-4192-bb23-21d22fd15bac",
      "dblevel": 4,
      "location": "/VGMA/HocTheoChuDe/MauDenTonTho/41_MenYeuNhaChua_3_ChoBoQuaSuNhomLai",
      "isVideo": false,
      "url": "hoc-theo-chu-de.mau-den-ton-tho.41-men-yeu-nha-chua-3-cho-bo-qua-su-nhom-lai",
      "name": "41_Mến Yêu Nhà Chúa_3_Chớ Bỏ Qua Sự Nhóm Lại",
      "count": 0,
      "isLeaf": null,
      "keyword": null,
      "hash": "U2FsdGVkX1/GScquCEIKtw5hJCG0m/GsLEQBr4MUBXA7Mzt2DvodbxG4wxIJyI5oWoCzSoWwCuLLa4ZL7F4R8Q==",
      "khash": null,
      "viewCount": null,
      "duration": "28:10",
      "size": 27053322
    },
    {
      "id": "ad9b42f4-1909-4c3b-949e-2b7244127d49",
      "pid": "5d2813a3-012d-4192-bb23-21d22fd15bac",
      "dblevel": 4,
      "location": "/VGMA/HocTheoChuDe/MauDenTonTho/42_MenYeuNhaChua_4_ChonLuaHangNgay",
      "isVideo": false,
      "url": "hoc-theo-chu-de.mau-den-ton-tho.42-men-yeu-nha-chua-4-chon-lua-hang-ngay",
      "name": "42_Mến Yêu Nhà Chúa_4_Chọn Lựa Hằng Ngày",
      "count": 0,
      "isLeaf": null,
      "keyword": null,
      "hash": "U2FsdGVkX19mZcCa8h6TRNVMr3qJCRkSqWXpKvSK+dUuG60JAQ9AlskPCIdpJ23DpQQxAWwGHQjQV7xclBAfrA==",
      "khash": null,
      "viewCount": null,
      "duration": "27:23",
      "size": 26295690
    },
    {
      "id": "c0d044fa-e47a-4483-9cee-e5586c51d236",
      "pid": "5d2813a3-012d-4192-bb23-21d22fd15bac",
      "dblevel": 4,
      "location": "/VGMA/HocTheoChuDe/MauDenTonTho/43_MenYeuNhaChua_5_NoiAnDienVaVinhHien",
      "isVideo": false,
      "url": "hoc-theo-chu-de.mau-den-ton-tho.43-men-yeu-nha-chua-5-noi-an-dien-va-vinh-hien",
      "name": "43_Mến Yêu Nhà Chúa_5_Nơi Ân Điển Và Vinh Hiển",
      "count": 0,
      "isLeaf": null,
      "keyword": null,
      "hash": "U2FsdGVkX18/v6+Thn5Xoyl8Xm6xvdk1mzCejaz+saelJsmDX2RJ6Mq5GHeuG6JbiPICPv/nRWUdGL4H8i2Yog==",
      "khash": "U2FsdGVkX1+5iKHOdw8J+j6i9mxuIlFDUr1CklDmSnI7DPOSFr6CelzmaCg7xdEFxyftqnOz3fdRCyDuNf/Ykg==",
      "viewCount": null,
      "duration": "27:19",
      "size": 26232714
    },
    {
      "id": "326ae518-08fc-4bc0-a009-7e6bf199e1cd",
      "pid": "5d2813a3-012d-4192-bb23-21d22fd15bac",
      "dblevel": 4,
      "location": "/VGMA/HocTheoChuDe/MauDenTonTho/44_TrongTamThanVaLeThaT1",
      "isVideo": false,
      "url": "hoc-theo-chu-de.mau-den-ton-tho.44-trong-tam-than-va-le-that-1",
      "name": "44_Trong Tâm Thần Và Lẽ ThậT 1",
      "count": 0,
      "isLeaf": null,
      "keyword": null,
      "hash": "U2FsdGVkX1/ufP6TPN1xsVuBNvo9xizRjWFkrrA/bBVomkO25nwINVUHG6Z6AX45A1mLSqR6qUHeh9gbriBNzw==",
      "khash": "U2FsdGVkX1/feQ94cP00CHQyl5GSUknjBOIu/u1eQpEhTKlhODk18Js1KvY4mnWXNj/kd725WkNENKw6xn8Bxg==",
      "viewCount": null,
      "duration": "27:50",
      "size": 26723627
    },
    {
      "id": "38f8b4ae-66ea-4d0a-838d-424fd272a48f",
      "pid": "5d2813a3-012d-4192-bb23-21d22fd15bac",
      "dblevel": 4,
      "location": "/VGMA/HocTheoChuDe/MauDenTonTho/45_TrongTamThanVaLeThaT2",
      "isVideo": false,
      "url": "hoc-theo-chu-de.mau-den-ton-tho.45-trong-tam-than-va-le-that-2",
      "name": "45_Trong Tâm Thần Và Lẽ ThậT 2",
      "count": 0,
      "isLeaf": null,
      "keyword": null,
      "hash": "U2FsdGVkX18wXcypzQtlkBrvRUui+K5T5H/W3Rt+scdYvixX5oFWfj5AKXwB820vlwXGQLk29nbPsPuW6+JKIw==",
      "khash": "U2FsdGVkX1/WVxTW4Qj18p1QyslXplwPak/ShhIoawVbfPP0U9xuRfnr47ftuckuMlDXuOku/4iDN/otAUe6eQ==",
      "viewCount": null,
      "duration": "27:21",
      "size": 26264708
    },
    {
      "id": "985afdea-09ba-442a-898b-519b3670a5f9",
      "pid": "5d2813a3-012d-4192-bb23-21d22fd15bac",
      "dblevel": 4,
      "location": "/VGMA/HocTheoChuDe/MauDenTonTho/46_TrongTamThanVaLeThaT3",
      "isVideo": false,
      "url": "hoc-theo-chu-de.mau-den-ton-tho.46-trong-tam-than-va-le-that-3",
      "name": "46_Trong Tâm Thần Và Lẽ ThậT 3",
      "count": 0,
      "isLeaf": null,
      "keyword": null,
      "hash": "U2FsdGVkX18VBbpbpkXMNJHUm11oftyRZ3oiyTGjlfk6ZyOF5qzpaq+IYzi9PU0n+2+vVIL/SXCH0SLJEcb0AQ==",
      "khash": "U2FsdGVkX18sTKQo4NTwAC4Hu1YhiVrk7e8a9lTv+je9zilyHkTH2MkpCI2+EQiXHfNi4Og8V/EwXme5yxH8pA==",
      "viewCount": null,
      "duration": "27:11",
      "size": 26100450
    },
    {
      "id": "855d93e5-3ca8-4254-8dca-f6ff4ffe4ad5",
      "pid": "5d2813a3-012d-4192-bb23-21d22fd15bac",
      "dblevel": 4,
      "location": "/VGMA/HocTheoChuDe/MauDenTonTho/47_TrongTamThanVaLeThaT_4",
      "isVideo": false,
      "url": "hoc-theo-chu-de.mau-den-ton-tho.47-trong-tam-than-va-le-that-4",
      "name": "47_Trong Tâm Thần Và Lẽ ThậT _4",
      "count": 0,
      "isLeaf": null,
      "keyword": null,
      "hash": "U2FsdGVkX1+MsBCjHRst6Y+PXTI/T8g9B9TSHOfjQCfUXh4JwZ2U0RDMtaUAzOpLg3pcfZoZUZg4zb/1Gz9lYQ==",
      "khash": null,
      "viewCount": null,
      "duration": "28:15",
      "size": 27132391
    },
    {
      "id": "3c7bedd7-e522-4054-926e-429de7fa39d8",
      "pid": "5d2813a3-012d-4192-bb23-21d22fd15bac",
      "dblevel": 4,
      "location": "/VGMA/HocTheoChuDe/MauDenTonTho/48_TrongTamThanVaLeThaT_5",
      "isVideo": false,
      "url": "hoc-theo-chu-de.mau-den-ton-tho.48-trong-tam-than-va-le-that-5",
      "name": "48_Trong Tâm Thần Và Lẽ ThậT _5",
      "count": 0,
      "isLeaf": null,
      "keyword": null,
      "hash": "U2FsdGVkX18FXsO4NlM1gEVvng+9+yxqyjmOqSII3iFqB42bCVJ+Dd/Lix8l56m1K5YCxzbuyVMBqCEhz8Iuxg==",
      "khash": null,
      "viewCount": null,
      "duration": "28:0",
      "size": 26892065
    },
    {
      "id": "40f4925c-1d75-405a-904c-be3c85915d78",
      "pid": "5d2813a3-012d-4192-bb23-21d22fd15bac",
      "dblevel": 4,
      "location": "/VGMA/HocTheoChuDe/MauDenTonTho/49_TrongTamThanVaLeThaT_6",
      "isVideo": false,
      "url": "hoc-theo-chu-de.mau-den-ton-tho.49-trong-tam-than-va-le-that-6",
      "name": "49_Trong Tâm Thần Và Lẽ ThậT_6",
      "count": 0,
      "isLeaf": null,
      "keyword": null,
      "hash": "U2FsdGVkX1+8hhvloSpgy+nL8U+toXtj8jdPlgdNTMjHecaZ1AHTpsoJI0fwIb5MnDdFaNp/Aaaw9GCWOiodOQ==",
      "khash": "U2FsdGVkX18tT//AgboBZwyUNjVul72ZMPTsARq/3qcbaisqnyBEssXdKEknLLGXO9vrfpD9J+9DiyIr9UhcaA==",
      "viewCount": null,
      "duration": "27:21",
      "size": 26263036
    },
    {
      "id": "22af89ae-3381-410a-94c0-238e7ec1db26",
      "pid": "5d2813a3-012d-4192-bb23-21d22fd15bac",
      "dblevel": 4,
      "location": "/VGMA/HocTheoChuDe/MauDenTonTho/50_TrongTamThanVaLeThaT_7",
      "isVideo": false,
      "url": "hoc-theo-chu-de.mau-den-ton-tho.50-trong-tam-than-va-le-that-7",
      "name": "50_Trong Tâm Thần Và Lẽ ThậT_7",
      "count": 0,
      "isLeaf": null,
      "keyword": null,
      "hash": "U2FsdGVkX19W7wgkQcoex8LgyT67cvqjrqsrsdZNJMdTJE53r4r+DgcimDKDqPFee75dXlsRaCAJePCsjrwUrw==",
      "khash": null,
      "viewCount": null,
      "duration": "28:17",
      "size": 27160813
    }
  ]
}