{
  "id": "096447d6-230d-4e92-98d0-9f2c5457802f",
  "pid": "d45d630a-2836-4e61-a069-b442f2b63989",
  "dblevel": 3,
  "location": "/VGMA/HocKinhThanhTheoSach/62.IGiangNT",
  "isVideo": false,
  "url": "hoc-kinh-thanh-theo-sach.62--i-giang-nt",
  "name": "62. I Giăng NT",
  "count": 17,
  "isLeaf": true,
  "keyword": null,
  "hash": null,
  "khash": null,
  "viewCount": null,
  "duration": null,
  "size": null,
  "children": [
    {
      "id": "c2b4a700-eaca-4aca-b9c2-291831449f56",
      "pid": "096447d6-230d-4e92-98d0-9f2c5457802f",
      "dblevel": 4,
      "location": "/VGMA/HocKinhThanhTheoSach/62.IGiangNT/01_IGi01_1-2_2MotBatDauMoi",
      "isVideo": false,
      "url": "hoc-kinh-thanh-theo-sach.62--i-giang-nt.01-igi01-1-2-2mot-bat-dau-moi",
      "name": "01_IGi01_1-2_2Một Bắt Đầu Mới",
      "count": 0,
      "isLeaf": null,
      "keyword": null,
      "hash": "U2FsdGVkX19WUfKDA1TqbwIDmS2EDZUkKrLpV0GOZztuUCyA0x9dxTHylGl6Koxh6WhJDh9WdZEAd3ebahbLBQ==",
      "khash": "U2FsdGVkX1+0k/EcHOB8qmT9jPnE0AtWl6GbUZlJArmoF91bgBTI6iZ6oWS1V8YoibMV1P9lNEexjFPtMgh5CA==",
      "viewCount": null,
      "duration": "34:29",
      "size": 33114894
    },
    {
      "id": "e3876b75-4867-4837-a213-5c0e56fbd084",
      "pid": "096447d6-230d-4e92-98d0-9f2c5457802f",
      "dblevel": 4,
      "location": "/VGMA/HocKinhThanhTheoSach/62.IGiangNT/02_IGi01_1-4TinLanhLaGi",
      "isVideo": false,
      "url": "hoc-kinh-thanh-theo-sach.62--i-giang-nt.02-igi01-1-4tin-lanh-la-gi",
      "name": "02_IGi01_1-4Tin Lành Là Gì",
      "count": 0,
      "isLeaf": null,
      "keyword": null,
      "hash": "U2FsdGVkX197KctjtHLCFOvFr2It/YPWTBlXJNHJ8Uf6enFQIklg/LxWZGsCalqJi3zytKHu37eSj4FFW2uBiw==",
      "khash": "U2FsdGVkX1+peWGOEbLoAiIp21xx7KnhvfKCN6uVH1PqtGav3TlXogbs7Z41lSfVyxAhJa43W4MJ+SjUKcNkQg==",
      "viewCount": null,
      "duration": "39:58",
      "size": 38377816
    },
    {
      "id": "739fa168-adaf-4f90-95d5-a22fe84d9675",
      "pid": "096447d6-230d-4e92-98d0-9f2c5457802f",
      "dblevel": 4,
      "location": "/VGMA/HocKinhThanhTheoSach/62.IGiangNT/03_IGi01_5-2_2Toi,Toi,Toi,Toi",
      "isVideo": false,
      "url": "hoc-kinh-thanh-theo-sach.62--i-giang-nt.03-igi01-5-2-2toi-toi-toi-toi",
      "name": "03_IGi01_5-2_2Tôi, Tội, Tối, Tồi",
      "count": 0,
      "isLeaf": null,
      "keyword": null,
      "hash": "U2FsdGVkX1+CfUhuG162Bf+fIa9qQakgdT07UtLQEMdsLpU0srommxB81uBJ01gdiwO5QSnvkp7C//O520FLjg==",
      "khash": "U2FsdGVkX1+PKempoOPFqBiffnibtTZlyP5vET054KyskeIkOOmdUivxJcv5XE9zZGLs4S+657qFkbH1h1aTlg==",
      "viewCount": null,
      "duration": "37:41",
      "size": 36188974
    },
    {
      "id": "9143c2e4-06da-4d89-b8d1-6b22fe1a84ef",
      "pid": "096447d6-230d-4e92-98d0-9f2c5457802f",
      "dblevel": 4,
      "location": "/VGMA/HocKinhThanhTheoSach/62.IGiangNT/04_IGi02_2-17DieuranMoi",
      "isVideo": false,
      "url": "hoc-kinh-thanh-theo-sach.62--i-giang-nt.04-igi02-2-17dieu-ran-moi",
      "name": "04_IGi02_2-17Điều răn Mới",
      "count": 0,
      "isLeaf": null,
      "keyword": null,
      "hash": "U2FsdGVkX1+9NKArhkQ2p58uzYF+KTnMXa0NrhqBGPPzMYb4m1Fc5FU3AOEZSXkx3o7PUZ/PcY0tE1i/SdJKhQ==",
      "khash": "U2FsdGVkX1+rB6byyo7yQ8Jty7uYJyoXlgiNvAxmD0BbBKw4y22mhkuF/Na5p2vhUJ9W6phATcLCQEh1n5t0LQ==",
      "viewCount": null,
      "duration": "36:50",
      "size": 35365598
    },
    {
      "id": "f51e58a3-a2b2-4fef-a645-73a1ec7821ea",
      "pid": "096447d6-230d-4e92-98d0-9f2c5457802f",
      "dblevel": 4,
      "location": "/VGMA/HocKinhThanhTheoSach/62.IGiangNT/05_IGi02_3-6TracNghiemTamLinh",
      "isVideo": false,
      "url": "hoc-kinh-thanh-theo-sach.62--i-giang-nt.05-igi02-3-6trac-nghiem-tam-linh",
      "name": "05_IGi02_3-6Trắc Nghiệm Tâm Linh",
      "count": 0,
      "isLeaf": null,
      "keyword": null,
      "hash": "U2FsdGVkX18XNy1ywgvQxQ5bw2W4Pz4Ei9PKVgSxk5ZhOhgSg0cNcL7Y/kLrcTxIGxXJyQ7y+rO1O0VgyJLqyw==",
      "khash": "U2FsdGVkX1/8RRrv/8PTBOaiPDJxmQ8/rRSlyOnOeJajVIkF6KZG4PzglV+vCRy8VPn4DtOYousCv7V6B8fJwg==",
      "viewCount": null,
      "duration": "38:35",
      "size": 37050807
    },
    {
      "id": "56023dd8-92b7-422d-88ff-f1b167492675",
      "pid": "096447d6-230d-4e92-98d0-9f2c5457802f",
      "dblevel": 4,
      "location": "/VGMA/HocKinhThanhTheoSach/62.IGiangNT/06_IGi02_7-11NepSongCoDocCaoDep",
      "isVideo": false,
      "url": "hoc-kinh-thanh-theo-sach.62--i-giang-nt.06-igi02-7-11nep-song-co-doc-cao-dep",
      "name": "06_IGi02_7-11Nếp Sống Cơ Đốc Cao Đẹp",
      "count": 0,
      "isLeaf": null,
      "keyword": null,
      "hash": "U2FsdGVkX180cprpas3G1jxVAJlNG2Be/b+y/atgfHpQOggkj2IWGanbfv1fazUFg7ACYTwg+i2pjbS4UIn28Q==",
      "khash": "U2FsdGVkX1/x/SX2PWKc9jMvJlkhdGiTxmVfkS0HtVcCkWUZ25XNm4jKMJz6sTEhUN23FgDW/GMU2+ZriLtYfg==",
      "viewCount": null,
      "duration": "35:1",
      "size": 33623561
    },
    {
      "id": "0bebf0c0-aa42-4e0e-9273-7bd5d48f43bc",
      "pid": "096447d6-230d-4e92-98d0-9f2c5457802f",
      "dblevel": 4,
      "location": "/VGMA/HocKinhThanhTheoSach/62.IGiangNT/07_IGi02_12-14GiaDinhCuaChua",
      "isVideo": false,
      "url": "hoc-kinh-thanh-theo-sach.62--i-giang-nt.07-igi02-12-14gia-dinh-cua-chua",
      "name": "07_IGi02_12-14Gia Đình Của Chúa",
      "count": 0,
      "isLeaf": null,
      "keyword": null,
      "hash": "U2FsdGVkX1+Hn7A2RWfUKfoyuSFoRvkGjzZQUuPAWhfGdFJZQ/uxe6oB/DZX6wwVUjUhg8jyQj4Uw3DnG9yiGw==",
      "khash": "U2FsdGVkX196evWkPzOeoRuOlfs1FMX2GRDrzsUwTglDf+ipjvVY/hiFh6cD1H7vzR+GkAAlXtFO15gFLZrDBw==",
      "viewCount": null,
      "duration": "34:41",
      "size": 33303816
    },
    {
      "id": "b090e3cf-9905-4740-b0d3-7f1563800b12",
      "pid": "096447d6-230d-4e92-98d0-9f2c5457802f",
      "dblevel": 4,
      "location": "/VGMA/HocKinhThanhTheoSach/62.IGiangNT/08_IGi02_12-15ChucMungNamMoiVaQuyetDinhDauNam",
      "isVideo": false,
      "url": "hoc-kinh-thanh-theo-sach.62--i-giang-nt.08-igi02-12-15chuc-mung-nam-moi-va-quyet-dinh-dau-nam",
      "name": "08_IGi02_12-15Chúc Mừng Năm Mới Và Quyết Định Đầu Năm",
      "count": 0,
      "isLeaf": null,
      "keyword": null,
      "hash": "U2FsdGVkX1+t4YA5bUJT87/pa82AZ6d2ttz3c6htYm2VFtx4PzuYIl59mYeeohHLbG0HUP46fmW6i+8CS9vJjg==",
      "khash": "U2FsdGVkX1/1NrbtrNPNYda6hqaY6u6CzHCRwEUgpLqcDSv+Rpi81uDUXrNlK3ibkkHbKb/prIAoHYl9RUi/Gw==",
      "viewCount": null,
      "duration": "39:40",
      "size": 38089900
    },
    {
      "id": "a3c73776-208c-4bfd-b474-8c9900a5e562",
      "pid": "096447d6-230d-4e92-98d0-9f2c5457802f",
      "dblevel": 4,
      "location": "/VGMA/HocKinhThanhTheoSach/62.IGiangNT/09_IGi02_15-17YeuDoiHayKhongYeuDoi",
      "isVideo": false,
      "url": "hoc-kinh-thanh-theo-sach.62--i-giang-nt.09-igi02-15-17yeu-doi-hay-khong-yeu-doi",
      "name": "09_IGi02_15-17Yêu Đời Hay Không Yêu Đời",
      "count": 0,
      "isLeaf": null,
      "keyword": null,
      "hash": "U2FsdGVkX18/5QXQIf2uCh11H8XTvikV/nLJaU1X9flAd4396w81cGA/qsfUCMkBeWbXjtud7nKHz91eC5r6AA==",
      "khash": "U2FsdGVkX18nRb3OPc9mm5S845oAo8gaoMLtHhyMYZcalF9hvMOIk5/ta1JVns7RrigOZAxzAQjJ5cKTE7htBw==",
      "viewCount": null,
      "duration": "35:39",
      "size": 34240042
    },
    {
      "id": "78ae6f35-b2cc-4f00-b97c-3bbed6643b00",
      "pid": "096447d6-230d-4e92-98d0-9f2c5457802f",
      "dblevel": 4,
      "location": "/VGMA/HocKinhThanhTheoSach/62.IGiangNT/10_IGi02_18-19GioCuoiCung",
      "isVideo": false,
      "url": "hoc-kinh-thanh-theo-sach.62--i-giang-nt.10-igi02-18-19gio-cuoi-cung",
      "name": "10_IGi02_18-19Giờ Cuối Cùng",
      "count": 0,
      "isLeaf": null,
      "keyword": null,
      "hash": "U2FsdGVkX1/gCyQy+blUTU9b7zaEOWpLbbEerXtgEvQmW5iOp+aWJcfFBWoy2d7KNrkREpS5kQh9UB7dpls7zQ==",
      "khash": "U2FsdGVkX18EHNA2iLZ2FiQ1nIaN/c8lORF2kmymFZeJN0/1SW+JQTRKhv7gkRXYwl2wNX2djmMaCLj/dk88gA==",
      "viewCount": null,
      "duration": "37:44",
      "size": 36239137
    },
    {
      "id": "c9e68e9d-0964-44df-bf73-a85c4057cd2a",
      "pid": "096447d6-230d-4e92-98d0-9f2c5457802f",
      "dblevel": 4,
      "location": "/VGMA/HocKinhThanhTheoSach/62.IGiangNT/11_IGi03_1-10NguoiTinChuaVaVanDeToiLoi(1)",
      "isVideo": false,
      "url": "hoc-kinh-thanh-theo-sach.62--i-giang-nt.11-igi03-1-10nguoi-tin-chua-va-van-de-toi-loi-1-",
      "name": "11_IGi03_1-10Người Tin Chúa Và Vấn Đề Tội Lỗi(1)",
      "count": 0,
      "isLeaf": null,
      "keyword": null,
      "hash": "U2FsdGVkX1+X+O8wbKP2I9+OaJn2CMsLUfYjLhQBjbs9PRJ3KkrJnPbzUKzpE1QH2yLxT39bRuM89/R9Mn1azg==",
      "khash": "U2FsdGVkX198SVtK7Ux3D45fbTlWOHjqhtGJcuipBNRqQC9Kg1DU1U1+W2f9WfCaRjFd4ROCKAFqytwM/N3bgg==",
      "viewCount": null,
      "duration": "40:48",
      "size": 39183692
    },
    {
      "id": "20c58193-7e15-4add-8f84-657ab22ebc75",
      "pid": "096447d6-230d-4e92-98d0-9f2c5457802f",
      "dblevel": 4,
      "location": "/VGMA/HocKinhThanhTheoSach/62.IGiangNT/12_IGi03_11-18TinhThuongVaHanThu",
      "isVideo": false,
      "url": "hoc-kinh-thanh-theo-sach.62--i-giang-nt.12-igi03-11-18tinh-thuong-va-han-thu",
      "name": "12_IGi03_11-18Tình Thương Và Hận Thù",
      "count": 0,
      "isLeaf": null,
      "keyword": null,
      "hash": "U2FsdGVkX19DeYrFale4nTE+Ft6/HXcGUR1pb7IolY7trci9vNcjPX2rT/4zEVxtyOjur0Z8YBGvt4077dnMYw==",
      "khash": "U2FsdGVkX18V8ld5dS6rVqgmqw+JzAmyMVfPdQ4HX+mjp+Un1rRgsxToF4mZelHp1G79R9G1S6r65IDgwSHxTg==",
      "viewCount": null,
      "duration": "38:20",
      "size": 36815920
    },
    {
      "id": "c4aa4068-7227-4b15-be57-701e6ec379fd",
      "pid": "096447d6-230d-4e92-98d0-9f2c5457802f",
      "dblevel": 4,
      "location": "/VGMA/HocKinhThanhTheoSach/62.IGiangNT/13_IGi03_18-24TiengNoiCuaLuongTam",
      "isVideo": false,
      "url": "hoc-kinh-thanh-theo-sach.62--i-giang-nt.13-igi03-18-24tieng-noi-cua-luong-tam",
      "name": "13_IGi03_18-24Tiếng Nói Của Lương Tâm",
      "count": 0,
      "isLeaf": null,
      "keyword": null,
      "hash": "U2FsdGVkX19Wp3lF01oZBAX3NIljbC406vhNSQeLSHRcNKxKa3zW3QSgoaUaLJQ0NbdjI8RIuZzmI5bcJfGKGg==",
      "khash": "U2FsdGVkX185u8T9hAHVyaeZTgNdWsmYBtdAjBqKYfXEXHmV78XaPt67Cne321bd+kzEZSEM1RoKvLDGX3ZkKQ==",
      "viewCount": null,
      "duration": "33:50",
      "size": 32482521
    },
    {
      "id": "3c9de591-e1ce-424b-8c31-9152070e0b92",
      "pid": "096447d6-230d-4e92-98d0-9f2c5457802f",
      "dblevel": 4,
      "location": "/VGMA/HocKinhThanhTheoSach/62.IGiangNT/14_IGi04_7-21TinhYeuCuaNguoiTinChua",
      "isVideo": false,
      "url": "hoc-kinh-thanh-theo-sach.62--i-giang-nt.14-igi04-7-21tinh-yeu-cua-nguoi-tin-chua",
      "name": "14_IGi04_7-21Tình Yêu Của Người Tin Chúa",
      "count": 0,
      "isLeaf": null,
      "keyword": null,
      "hash": "U2FsdGVkX18N9mZwfWrzUK4o/NOB44hEhQ7FrQ1q2QMlAjTisqLgU5WWgrUmSpj6ixGIwz/5Bne/2eanzPVM6A==",
      "khash": "U2FsdGVkX1+KttwZ1A+1UCdcFBkuwgWu5+s39BYWsPmQcgQfnU1N3cUq8X3tDgK+7ZIJQYJJn5kUcHARhFJD6w==",
      "viewCount": null,
      "duration": "30:21",
      "size": 29147644
    },
    {
      "id": "6f204f99-e8ef-4143-979b-5363037db09a",
      "pid": "096447d6-230d-4e92-98d0-9f2c5457802f",
      "dblevel": 4,
      "location": "/VGMA/HocKinhThanhTheoSach/62.IGiangNT/15_IGi04_TinhYeuGiangThe",
      "isVideo": false,
      "url": "hoc-kinh-thanh-theo-sach.62--i-giang-nt.15-igi04-tinh-yeu-giang-the",
      "name": "15_IGi04_Tình Yêu Giáng Thế",
      "count": 0,
      "isLeaf": null,
      "keyword": null,
      "hash": "U2FsdGVkX1/hJeyCXLVV13YZZMgf8vI3Yb+1gxoX8RW7LYJL2/PE/s468Mjrp4RPgh/iGzgEwyMtLGjZ3o8cSw==",
      "khash": "U2FsdGVkX1/2cXoeW1q3gx+F5Fq89mSM/KRXy11XEBbDIfFtmUKRsV6fCLKusXqHNj9aZbohB4mGWylMBj74kw==",
      "viewCount": null,
      "duration": "30:54",
      "size": 29669653
    },
    {
      "id": "ba3656ef-83a2-4366-87bf-3a62e093e629",
      "pid": "096447d6-230d-4e92-98d0-9f2c5457802f",
      "dblevel": 4,
      "location": "/VGMA/HocKinhThanhTheoSach/62.IGiangNT/16_IGi05_1-13BaBangChungVaBaNhanChung",
      "isVideo": false,
      "url": "hoc-kinh-thanh-theo-sach.62--i-giang-nt.16-igi05-1-13ba-bang-chung-va-ba-nhan-chung",
      "name": "16_IGi05_1-13Ba Bằng Chứng Và Ba Nhân Chứng",
      "count": 0,
      "isLeaf": null,
      "keyword": null,
      "hash": "U2FsdGVkX1/xrqZ6DG9/dHVbb3TAKrZ8fstP9d1/63dgQtT7bLD7au/7/SeDWo2ZwapevmvjKwkox8IIPX8kdg==",
      "khash": "U2FsdGVkX18VBTjjQ9V9SjLAEoYl4GYdtO88RhMFR4FJNQAe405AM1XOl4anJv6VAx+Yw/7jSvqzABfKocwM6w==",
      "viewCount": null,
      "duration": "39:14",
      "size": 37670253
    },
    {
      "id": "1ece8f1c-17dd-41e4-8b2d-0d47f5386a0b",
      "pid": "096447d6-230d-4e92-98d0-9f2c5457802f",
      "dblevel": 4,
      "location": "/VGMA/HocKinhThanhTheoSach/62.IGiangNT/17_IGi05_14-21ToiBanToiVaDucChuaTroi",
      "isVideo": false,
      "url": "hoc-kinh-thanh-theo-sach.62--i-giang-nt.17-igi05-14-21toi-ban-toi-va-duc-chua-troi",
      "name": "17_IGi05_14-21Tôi Bạn Tôi Và Đức Chúa Trời",
      "count": 0,
      "isLeaf": null,
      "keyword": null,
      "hash": "U2FsdGVkX1/+dLe01T8t4qrYazkswYjjdMfRO4jvQnQZANE8zkVZFiU3tAD8ou4gm7V1NBl/kLYx96gSFzobpg==",
      "khash": "U2FsdGVkX18YxXTZGgMDgmha+AfrtQNOocRKg2ATXQ3wXMx0LIEPONKZ3Hg0Aw1uCgFYk/aPexFVRCkKZ63AaQ==",
      "viewCount": null,
      "duration": "41:40",
      "size": 40003306
    }
  ]
}