{
  "id": "63ffa137-38d0-4bc6-92c3-098dabb312b3",
  "pid": "d45d630a-2836-4e61-a069-b442f2b63989",
  "dblevel": 3,
  "location": "/VGMA/HocKinhThanhTheoSach/12.IICac-vuaTHTK",
  "isVideo": false,
  "url": "hoc-kinh-thanh-theo-sach.12--ii-cac-vua-thtk",
  "name": "12. II Các-vua THTK",
  "count": 15,
  "isLeaf": true,
  "keyword": null,
  "hash": null,
  "khash": null,
  "viewCount": null,
  "duration": null,
  "size": null,
  "children": [
    {
      "id": "ff400aec-37fe-47e9-ac35-abf56c0fa927",
      "pid": "63ffa137-38d0-4bc6-92c3-098dabb312b3",
      "dblevel": 4,
      "location": "/VGMA/HocKinhThanhTheoSach/12.IICac-vuaTHTK/01_2Cac-vua01_0407",
      "isVideo": false,
      "url": "hoc-kinh-thanh-theo-sach.12--ii-cac-vua-thtk.01-2cac-vua01-0407",
      "name": "01_2Các-vua01_0407",
      "count": 0,
      "isLeaf": null,
      "keyword": null,
      "hash": "U2FsdGVkX19xjCuh1g8OjvhrPAbOI4kXK1jqsqxmUDNhVqvvjVGqis9c+fIjK3cwlwaCvHLjIjBeL3ECgkuFXg==",
      "khash": "U2FsdGVkX1+jT9kYFKrpEbrUuYU+WV8InplUDbSCV64K1poudCpB0tvAdOf+BzIhHQk8C3//ixvpSUdF1vNMzQ==",
      "viewCount": null,
      "duration": "30:4",
      "size": 28867010
    },
    {
      "id": "fe64f777-c38f-41da-a751-6e126b590a29",
      "pid": "63ffa137-38d0-4bc6-92c3-098dabb312b3",
      "dblevel": 4,
      "location": "/VGMA/HocKinhThanhTheoSach/12.IICac-vuaTHTK/02_2Cac-vua02-04_0408",
      "isVideo": false,
      "url": "hoc-kinh-thanh-theo-sach.12--ii-cac-vua-thtk.02-2cac-vua02-04-0408",
      "name": "02_2Các-vua02-04_0408",
      "count": 0,
      "isLeaf": null,
      "keyword": null,
      "hash": "U2FsdGVkX19m95CvpQuuQeS56IvOCSWoBZEz1Iho1Q8AL27iSV9wMXj+asEQx5kAJV7izCcyd565j3/FzqRJFw==",
      "khash": "U2FsdGVkX1/sS9Fwvxn196L/7wlm3tWEEgs46Rio2zT7fotZ27z5O9y/ACADG9ojDbg2W8pz2onRjaZaMeExZw==",
      "viewCount": null,
      "duration": "29:1",
      "size": 27863075
    },
    {
      "id": "1f30d513-5b66-4414-832e-e47e36620dd0",
      "pid": "63ffa137-38d0-4bc6-92c3-098dabb312b3",
      "dblevel": 4,
      "location": "/VGMA/HocKinhThanhTheoSach/12.IICac-vuaTHTK/03_2Cac-vua05_0409",
      "isVideo": false,
      "url": "hoc-kinh-thanh-theo-sach.12--ii-cac-vua-thtk.03-2cac-vua05-0409",
      "name": "03_2Các-vua05_0409",
      "count": 0,
      "isLeaf": null,
      "keyword": null,
      "hash": "U2FsdGVkX1+rSba7zAJ4hywhztx/VxwZK+dHMvyKROk0V5Ew+OXGlNpK438QnBqQldkZedZtAZuEySPjIcBcMA==",
      "khash": "U2FsdGVkX19q18b4Q8s/wiZKFsNh32EAz9of5zUt71hJSUmU39tuFfP/0p/QaSHDbuLjh3Y2IzGeSJt96VWv3g==",
      "viewCount": null,
      "duration": "31:2",
      "size": 29807418
    },
    {
      "id": "fb9ffb9c-efeb-431f-9141-52a089fa7afa",
      "pid": "63ffa137-38d0-4bc6-92c3-098dabb312b3",
      "dblevel": 4,
      "location": "/VGMA/HocKinhThanhTheoSach/12.IICac-vuaTHTK/04_2Cac-vua06_0410",
      "isVideo": false,
      "url": "hoc-kinh-thanh-theo-sach.12--ii-cac-vua-thtk.04-2cac-vua06-0410",
      "name": "04_2Các-vua06_0410",
      "count": 0,
      "isLeaf": null,
      "keyword": null,
      "hash": "U2FsdGVkX19M9lKKsAlAJ19nVUUYGkBnlx04kI9lyj2TuBo2ZpUoGq09uuRSDik2l5sUuwYm2lv2x0zZhTX+dg==",
      "khash": "U2FsdGVkX18ZU+P9tlLmNt5ub4RN7Xv1wetFmOo1A5eyoJyknMzZT48Cx+7mJRR7KR0Mc31Z8fVzGsCAfXZwsA==",
      "viewCount": null,
      "duration": "29:30",
      "size": 28332440
    },
    {
      "id": "26ae5e5a-dc94-4ab9-a2e6-0b675e6f5b14",
      "pid": "63ffa137-38d0-4bc6-92c3-098dabb312b3",
      "dblevel": 4,
      "location": "/VGMA/HocKinhThanhTheoSach/12.IICac-vuaTHTK/05_2Cac-vua08_0411",
      "isVideo": false,
      "url": "hoc-kinh-thanh-theo-sach.12--ii-cac-vua-thtk.05-2cac-vua08-0411",
      "name": "05_2Các-vua08_0411",
      "count": 0,
      "isLeaf": null,
      "keyword": null,
      "hash": "U2FsdGVkX1+5bNMB4SFIDL/b67joYJUdOqeEgoNeZGQQ6CGNirouwFLtkM6VJvsO2ws/hJUtLRytqOPhflS5Kw==",
      "khash": "U2FsdGVkX1+vQ3e+Mg69j5qq5J0BQkvi2mJKZZwezCOyn9256ejVNu57VG8H0cB1o9CLWOyBHGcDgwfIWwu98w==",
      "viewCount": null,
      "duration": "29:29",
      "size": 28311124
    },
    {
      "id": "895df51d-55c5-477c-948e-bda4e06dfdc1",
      "pid": "63ffa137-38d0-4bc6-92c3-098dabb312b3",
      "dblevel": 4,
      "location": "/VGMA/HocKinhThanhTheoSach/12.IICac-vuaTHTK/06_2Cac-vua09_0412",
      "isVideo": false,
      "url": "hoc-kinh-thanh-theo-sach.12--ii-cac-vua-thtk.06-2cac-vua09-0412",
      "name": "06_2Các-vua09_0412",
      "count": 0,
      "isLeaf": null,
      "keyword": null,
      "hash": "U2FsdGVkX18LXQOQU//7Q+88Iufaay9T/AAfSwcN5BTpQASdnMYpgxYbPB063/HaliHMxloJRg91C75+nmwENA==",
      "khash": "U2FsdGVkX1+2VQZeJtxuXs8nbsbfAQUnxu2XaalzesPDASdeNrHEKYd9HlOLcubpf/sT4WBX86zcH7vbSRVMSw==",
      "viewCount": null,
      "duration": "29:36",
      "size": 28421465
    },
    {
      "id": "e9c7ac5a-9a70-4706-8869-2a05c1b37803",
      "pid": "63ffa137-38d0-4bc6-92c3-098dabb312b3",
      "dblevel": 4,
      "location": "/VGMA/HocKinhThanhTheoSach/12.IICac-vuaTHTK/07_2Cac-vua10-12_0413",
      "isVideo": false,
      "url": "hoc-kinh-thanh-theo-sach.12--ii-cac-vua-thtk.07-2cac-vua10-12-0413",
      "name": "07_2Các-vua10-12_0413",
      "count": 0,
      "isLeaf": null,
      "keyword": null,
      "hash": "U2FsdGVkX18RfG7f0o8PCRJdOS4KEOlyZNEmJDBy19XOiEZOAfttDAupdkDC734OJCwQ8GA+5mtsN+OngGhk6Q==",
      "khash": "U2FsdGVkX19O+omIy9Tu8p9EEnS80lKpkoUsc8UV/Rz1dK16kkgxFvqDvJbGD7imFHQn46uvpMPUS8o2teC+uw==",
      "viewCount": null,
      "duration": "28:20",
      "size": 27213984
    },
    {
      "id": "d3deb2d0-d006-42d0-b805-ad8fe7e73cf4",
      "pid": "63ffa137-38d0-4bc6-92c3-098dabb312b3",
      "dblevel": 4,
      "location": "/VGMA/HocKinhThanhTheoSach/12.IICac-vuaTHTK/08_2Cac-vua13-15_0414",
      "isVideo": false,
      "url": "hoc-kinh-thanh-theo-sach.12--ii-cac-vua-thtk.08-2cac-vua13-15-0414",
      "name": "08_2Các-vua13-15_0414",
      "count": 0,
      "isLeaf": null,
      "keyword": null,
      "hash": "U2FsdGVkX1+8RLI2nxFr5z7+n5Hs+wlo6HgRE8lqTy4FMsiarWtuiCuBda6kyanJ7o5oXAxKuvqJbHXzAuRtlw==",
      "khash": null,
      "viewCount": null,
      "duration": "29:5",
      "size": 27934964
    },
    {
      "id": "8d409e54-49a0-4449-abaf-d755dc65a0fe",
      "pid": "63ffa137-38d0-4bc6-92c3-098dabb312b3",
      "dblevel": 4,
      "location": "/VGMA/HocKinhThanhTheoSach/12.IICac-vuaTHTK/09_2Cac-vua16-17_0415",
      "isVideo": false,
      "url": "hoc-kinh-thanh-theo-sach.12--ii-cac-vua-thtk.09-2cac-vua16-17-0415",
      "name": "09_2Các-vua16-17_0415",
      "count": 0,
      "isLeaf": null,
      "keyword": null,
      "hash": "U2FsdGVkX19kID7bomo8hK+gEqfgWyX6OQ+rSXG1AT/ncD31eZabYPziZqsL2Cu48r/LQSedeHLk5IBBPX1udQ==",
      "khash": null,
      "viewCount": null,
      "duration": "19:4",
      "size": 18313544
    },
    {
      "id": "7876e923-5d4c-4eb5-9f3f-081675af7a52",
      "pid": "63ffa137-38d0-4bc6-92c3-098dabb312b3",
      "dblevel": 4,
      "location": "/VGMA/HocKinhThanhTheoSach/12.IICac-vuaTHTK/10_2Cac-vua18_0416",
      "isVideo": false,
      "url": "hoc-kinh-thanh-theo-sach.12--ii-cac-vua-thtk.10-2cac-vua18-0416",
      "name": "10_2Các-vua18_0416",
      "count": 0,
      "isLeaf": null,
      "keyword": null,
      "hash": "U2FsdGVkX19KJGfqN9T8XabV+nTfvfm+0LERs8gTWDgP34hM+gBug4Qtj2pNIdWeayW2zNilteluK6sjkQN/4A==",
      "khash": "U2FsdGVkX195TCTl2IErc5etd2YbcWZtUd8guFmX/wflzm4zn6hZWxhg+FJKuWMSneOQN92Uqup2w0fL+1kTlw==",
      "viewCount": null,
      "duration": "28:50",
      "size": 27688365
    },
    {
      "id": "71a0d5c3-643e-41eb-92d0-ac978eb6f6c6",
      "pid": "63ffa137-38d0-4bc6-92c3-098dabb312b3",
      "dblevel": 4,
      "location": "/VGMA/HocKinhThanhTheoSach/12.IICac-vuaTHTK/11_2Cac-vua19_0417",
      "isVideo": false,
      "url": "hoc-kinh-thanh-theo-sach.12--ii-cac-vua-thtk.11-2cac-vua19-0417",
      "name": "11_2Các-vua19_0417",
      "count": 0,
      "isLeaf": null,
      "keyword": null,
      "hash": "U2FsdGVkX18UWmDbxH0E39D+QthwZeZTNlkiJxMalw9WEEhIgrYooSY2EiwRliq+1HhjvKfj6Tz2JDXbEeIyUw==",
      "khash": null,
      "viewCount": null,
      "duration": "25:36",
      "size": 24589616
    },
    {
      "id": "8d6a2db3-93b4-465a-9677-2b75f376c02b",
      "pid": "63ffa137-38d0-4bc6-92c3-098dabb312b3",
      "dblevel": 4,
      "location": "/VGMA/HocKinhThanhTheoSach/12.IICac-vuaTHTK/12_2Cac-vua20_0418",
      "isVideo": false,
      "url": "hoc-kinh-thanh-theo-sach.12--ii-cac-vua-thtk.12-2cac-vua20-0418",
      "name": "12_2Các-vua20_0418",
      "count": 0,
      "isLeaf": null,
      "keyword": null,
      "hash": "U2FsdGVkX1+s5OiD2JR0EnLO47qZzgf7HvEGvOwHCUahmOKXPoPH/Vp7rVuI63QAVf6DEXuoWgkocFcSa0Mg6A==",
      "khash": null,
      "viewCount": null,
      "duration": "27:39",
      "size": 26551098
    },
    {
      "id": "76d80566-e929-4ca1-9123-9f19a466a79f",
      "pid": "63ffa137-38d0-4bc6-92c3-098dabb312b3",
      "dblevel": 4,
      "location": "/VGMA/HocKinhThanhTheoSach/12.IICac-vuaTHTK/13_2Cac-vua21_0419",
      "isVideo": false,
      "url": "hoc-kinh-thanh-theo-sach.12--ii-cac-vua-thtk.13-2cac-vua21-0419",
      "name": "13_2Các-vua21_0419",
      "count": 0,
      "isLeaf": null,
      "keyword": null,
      "hash": "U2FsdGVkX192DwFeNitTMTSE/U0UdpFsbZK2UevJitlna7NrbqS1zyroBuU7wFgMcKECzqHd/YN3N+fVe788VQ==",
      "khash": null,
      "viewCount": null,
      "duration": "29:4",
      "size": 27911555
    },
    {
      "id": "9a5167f2-8fa3-43cd-a858-d06a8f2080a3",
      "pid": "63ffa137-38d0-4bc6-92c3-098dabb312b3",
      "dblevel": 4,
      "location": "/VGMA/HocKinhThanhTheoSach/12.IICac-vuaTHTK/14_2Cac-vua22-23_0420",
      "isVideo": false,
      "url": "hoc-kinh-thanh-theo-sach.12--ii-cac-vua-thtk.14-2cac-vua22-23-0420",
      "name": "14_2Các-vua22-23_0420",
      "count": 0,
      "isLeaf": null,
      "keyword": null,
      "hash": "U2FsdGVkX183pwQCnqmwcdb/g+LFykwHrtzr8T/9Nx4zDiejLs/suPAN2WgljdargLynoVwiGXzo9PCpT4WZjg==",
      "khash": null,
      "viewCount": null,
      "duration": "30:4",
      "size": 28876208
    },
    {
      "id": "8c7cdc27-b464-40cb-96a4-d5cd98927ad4",
      "pid": "63ffa137-38d0-4bc6-92c3-098dabb312b3",
      "dblevel": 4,
      "location": "/VGMA/HocKinhThanhTheoSach/12.IICac-vuaTHTK/15_2Cac-vua24-25_0421",
      "isVideo": false,
      "url": "hoc-kinh-thanh-theo-sach.12--ii-cac-vua-thtk.15-2cac-vua24-25-0421",
      "name": "15_2Các-vua24-25_0421",
      "count": 0,
      "isLeaf": null,
      "keyword": null,
      "hash": "U2FsdGVkX18PuZ6dO2iiheT/Tz88vxb8i4XBlAb/054renm/hT+OU4ZLqCsg+ILmP9ueD99Q17ZvtSDSqj8z7w==",
      "khash": null,
      "viewCount": null,
      "duration": "28:54",
      "size": 27756077
    }
  ]
}