{
  "id": "5991f029-9558-44a8-81a8-99744e9c7e7d",
  "pid": "1f1315c0-1659-42c8-8c11-6a4a051692ae",
  "dblevel": 4,
  "location": "/VGMA/HocTheoChuDe/HonNhan/16-KhiConTuLap",
  "isVideo": false,
  "url": "hoc-theo-chu-de.hon-nhan.16-khi-con-tu-lap",
  "name": "16-Khi Con Tự Lập",
  "count": 2,
  "isLeaf": true,
  "keyword": null,
  "hash": null,
  "khash": null,
  "viewCount": null,
  "duration": null,
  "size": null,
  "children": [
    {
      "id": "3fccbf05-27eb-4945-89d5-fbfa787904ae",
      "pid": "5991f029-9558-44a8-81a8-99744e9c7e7d",
      "dblevel": 5,
      "location": "/VGMA/HocTheoChuDe/HonNhan/16-KhiConTuLap/01_KhiConDenTuoiTuLap",
      "isVideo": false,
      "url": "hoc-theo-chu-de.hon-nhan.16-khi-con-tu-lap.01-khi-con-den-tuoi-tu-lap",
      "name": "01_Khi Con Đến Tuổi Tự Lập",
      "count": 0,
      "isLeaf": null,
      "keyword": null,
      "hash": "U2FsdGVkX18vW6kSn7fNMmaYy7X3g/6j8OIFjlCl8pvUPT1A/NQvzR2BFe/wNEgfFKLUmbTZ0x4TGlvu2FZrIg==",
      "khash": "U2FsdGVkX18ckp3IrRyj4l5A57srBEJTAmv4iJSxsEUTsG94NyH0z7z6TcBbsv/PSHGVy4DTemonWT2EgXogAA==",
      "viewCount": null,
      "duration": "21:51",
      "size": 20977942
    },
    {
      "id": "f8936e88-ac71-4629-bb5e-bb71105c66ed",
      "pid": "5991f029-9558-44a8-81a8-99744e9c7e7d",
      "dblevel": 5,
      "location": "/VGMA/HocTheoChuDe/HonNhan/16-KhiConTuLap/02_KhiConDenTuoiTuLap",
      "isVideo": false,
      "url": "hoc-theo-chu-de.hon-nhan.16-khi-con-tu-lap.02-khi-con-den-tuoi-tu-lap",
      "name": "02_Khi Con Đến Tuổi Tự Lập",
      "count": 0,
      "isLeaf": null,
      "keyword": null,
      "hash": "U2FsdGVkX1/H9cIZJVs0O83PIPZasVlStfr759EC7PyC8exVTtxmLgvX1+IlwOLVBsCMGZBWZxfRdHvQpzcFEw==",
      "khash": "U2FsdGVkX18fAdfJ3n3dN3pItfgDQAGdQf12JV3cTK9nq3YUwuMI22Ga5ymmsrrr4gLzHEhyhnrKsa5TG6J3YQ==",
      "viewCount": null,
      "duration": "25:29",
      "size": 24470827
    }
  ]
}