{
  "id": "31d0ded7-33f0-4310-976c-cae69ca5035e",
  "pid": "1f1315c0-1659-42c8-8c11-6a4a051692ae",
  "dblevel": 4,
  "location": "/VGMA/HocTheoChuDe/HonNhan/15-VanDeTuoiThieuNien",
  "isVideo": false,
  "url": "hoc-theo-chu-de.hon-nhan.15-van-de-tuoi-thieu-nien",
  "name": "15-Vấn Đề Tuổi Thiếu Niên",
  "count": 8,
  "isLeaf": true,
  "keyword": null,
  "hash": null,
  "khash": null,
  "viewCount": null,
  "duration": null,
  "size": null,
  "children": [
    {
      "id": "efda3a23-088d-4ad1-aa53-5e0e33653bd6",
      "pid": "31d0ded7-33f0-4310-976c-cae69ca5035e",
      "dblevel": 5,
      "location": "/VGMA/HocTheoChuDe/HonNhan/15-VanDeTuoiThieuNien/01_BanBe",
      "isVideo": false,
      "url": "hoc-theo-chu-de.hon-nhan.15-van-de-tuoi-thieu-nien.01-ban-be",
      "name": "01_Bạn Bè",
      "count": 0,
      "isLeaf": null,
      "keyword": null,
      "hash": "U2FsdGVkX1+hP9YZLBz0CFcDRkXHKtewNPLJ/7geO94EUIPc78+QRHzGn+eIU/MbCtFhE1sRMCJiKXkyE63bRw==",
      "khash": "U2FsdGVkX1/sXJn+HnNl2wp4qU9QiGhL+HbaexOFweXhvwYYyovWhCS3rPRtxWkvjfE1Vj5P3R4JP2LlfQY0/w==",
      "viewCount": null,
      "duration": "29:37",
      "size": 28438096
    },
    {
      "id": "760a8f33-8f13-4334-8d50-7af509b28a2a",
      "pid": "31d0ded7-33f0-4310-976c-cae69ca5035e",
      "dblevel": 5,
      "location": "/VGMA/HocTheoChuDe/HonNhan/15-VanDeTuoiThieuNien/02_Nhungvandecuatuoithieunien",
      "isVideo": false,
      "url": "hoc-theo-chu-de.hon-nhan.15-van-de-tuoi-thieu-nien.02-nhung-van-de-cua-tuoi-thieu-nien",
      "name": "02_Những vấn đề của tuổi thiếu niên",
      "count": 0,
      "isLeaf": null,
      "keyword": null,
      "hash": "U2FsdGVkX19q2vWjw4psScmr2keVYVIS7Gptn6/8Rh18DeqdcXV9e3ccLqxXdBbCYcDC9vJhLvd0ojd9yijiRg==",
      "khash": "U2FsdGVkX1+/7jY5yt9QVATRU9kQXJbRDBzX8JLTH1A2Xy9Ogml/INMnYyH3OYXHfhmbk8Wdqi75hjVciz8BXw==",
      "viewCount": null,
      "duration": "39:27",
      "size": 37883137
    },
    {
      "id": "2bd13f76-cda7-4ad9-a18c-a12ef2316c67",
      "pid": "31d0ded7-33f0-4310-976c-cae69ca5035e",
      "dblevel": 5,
      "location": "/VGMA/HocTheoChuDe/HonNhan/15-VanDeTuoiThieuNien/03_VanDeTinhYeuNamNuvaTinhDuc",
      "isVideo": false,
      "url": "hoc-theo-chu-de.hon-nhan.15-van-de-tuoi-thieu-nien.03-van-de-tinh-yeu-nam-nu-va-tinh-duc",
      "name": "03_Vấn Đề Tình Yêu Nam Nữ và Tính Dục",
      "count": 0,
      "isLeaf": null,
      "keyword": null,
      "hash": "U2FsdGVkX18HlHYuZruk4lODbLGlqsF21GJ79nCq7nnnXgE2cFjqQVq0uWR30c2SCD/kBRt+fgH31Cd09tfg2A==",
      "khash": "U2FsdGVkX19FSSjOR5H+wdUzXVtsUHLt9XxgTR8zkT73baLi48suFxlJAZikVqqVWXkU4NswmDMT0donL0pGCw==",
      "viewCount": null,
      "duration": "27:34",
      "size": 26474106
    },
    {
      "id": "93efa9f7-6810-4df8-a3bc-23b146b9aa5d",
      "pid": "31d0ded7-33f0-4310-976c-cae69ca5035e",
      "dblevel": 5,
      "location": "/VGMA/HocTheoChuDe/HonNhan/15-VanDeTuoiThieuNien/04_VanDeTinhDucDongGioi",
      "isVideo": false,
      "url": "hoc-theo-chu-de.hon-nhan.15-van-de-tuoi-thieu-nien.04-van-de-tinh-duc-dong-gioi",
      "name": "04_Vấn Đề Tính Dục Đồng Giới",
      "count": 0,
      "isLeaf": null,
      "keyword": null,
      "hash": "U2FsdGVkX1+0Zl0Q9oBnPGyg1G3LEzgCrr6pN97mZUwPHKPK0LHkxhqtk+qlc1TtegWSifij9DbL0yAbVaJG1A==",
      "khash": "U2FsdGVkX1+omVJsRTi+FEIjWe9EUVlJPEtZoSAtNbbbLcVETQ8WSlkWjWQZfnXKkdk8/Uv+tgBwJxN5snvg8Q==",
      "viewCount": null,
      "duration": "26:7",
      "size": 25085645
    },
    {
      "id": "c505a084-fc14-4e9c-a321-68b62adc2b0f",
      "pid": "31d0ded7-33f0-4310-976c-cae69ca5035e",
      "dblevel": 5,
      "location": "/VGMA/HocTheoChuDe/HonNhan/15-VanDeTuoiThieuNien/05_Ruou",
      "isVideo": false,
      "url": "hoc-theo-chu-de.hon-nhan.15-van-de-tuoi-thieu-nien.05-ruou",
      "name": "05_Rượu",
      "count": 0,
      "isLeaf": null,
      "keyword": null,
      "hash": "U2FsdGVkX1+cxRZdVSiRk+nw+iKc6Za10cK0bVk9+ZkEJjOkDKYIZkjJ47s8q6v2AFrLKqkM0In7KjT6bJlkzw==",
      "khash": "U2FsdGVkX1+xl8OALi5i2lpgFjkNR41w3rFRDQpxwTH8FpChjWENVZOxwFB9alq+gRX8y/SPP4r8v/WVh8Jp2Q==",
      "viewCount": null,
      "duration": "27:49",
      "size": 26706491
    },
    {
      "id": "fc93b87b-3f90-4dec-8946-873848bfc080",
      "pid": "31d0ded7-33f0-4310-976c-cae69ca5035e",
      "dblevel": 5,
      "location": "/VGMA/HocTheoChuDe/HonNhan/15-VanDeTuoiThieuNien/06_VanDeTienBac",
      "isVideo": false,
      "url": "hoc-theo-chu-de.hon-nhan.15-van-de-tuoi-thieu-nien.06-van-de-tien-bac",
      "name": "06_Vấn Đề Tiền Bạc",
      "count": 0,
      "isLeaf": null,
      "keyword": null,
      "hash": "U2FsdGVkX19pAJdU8DyZP/DmwD1dOsLS9NPFNd0vD/pOLUKonH4une0ca6+y/QoC4nztfCKxNmbPoDkfYFHxzg==",
      "khash": "U2FsdGVkX1/xTuR+kYhPERjXXTJqaB+d7wMzm5RcDO8hhhejU2zgnixBfJty6nDBu71DdNYJHKdH3qiegQvpAw==",
      "viewCount": null,
      "duration": "38:41",
      "size": 37142932
    },
    {
      "id": "8f89ea43-3758-4837-8535-a3e860861e2a",
      "pid": "31d0ded7-33f0-4310-976c-cae69ca5035e",
      "dblevel": 5,
      "location": "/VGMA/HocTheoChuDe/HonNhan/15-VanDeTuoiThieuNien/07_CoBac",
      "isVideo": false,
      "url": "hoc-theo-chu-de.hon-nhan.15-van-de-tuoi-thieu-nien.07-co-bac",
      "name": "07_Cờ Bạc",
      "count": 0,
      "isLeaf": null,
      "keyword": null,
      "hash": "U2FsdGVkX18cNGs/3nAfHCkmGxxsZLt/xWMWg/nXo2BMoK193zI+S/9nBmrOt4HK5PDxFYXDBzPrpN9G1swt7A==",
      "khash": "U2FsdGVkX1/oJQS1rzfc01jR+W48z5usGYVNUEUN3M1HuhT3LD9v5jB+0tRzyY4pwbr3S2+He+eCV2pjzWyUyA==",
      "viewCount": null,
      "duration": "23:33",
      "size": 22622612
    },
    {
      "id": "297a91c0-5528-4c1c-86c3-2112e1e74ef2",
      "pid": "31d0ded7-33f0-4310-976c-cae69ca5035e",
      "dblevel": 5,
      "location": "/VGMA/HocTheoChuDe/HonNhan/15-VanDeTuoiThieuNien/08_TuoiThieuNienvaNanTuTu",
      "isVideo": false,
      "url": "hoc-theo-chu-de.hon-nhan.15-van-de-tuoi-thieu-nien.08-tuoi-thieu-nien-va-nan-tu-tu",
      "name": "08_Tuổi Thiếu Niên và Nạn Tự Tử",
      "count": 0,
      "isLeaf": null,
      "keyword": null,
      "hash": "U2FsdGVkX1+XlYRme8Xs5Pi2WsNLFW3oHtrU9nlRW5PZhHPEFdfvK2/ZaTorCl520qc3qs+xfm2WsV0H46dJaQ==",
      "khash": "U2FsdGVkX19KNYnA8D62vSRCfjz2qblcpnpQy+ZkEjdAiaaks3qCwT4NM+e4ved9qSwerXJH/ANn/QzoDWoT4Q==",
      "viewCount": null,
      "duration": "34:24",
      "size": 33028542
    }
  ]
}