{
  "id": "df4eecae-997f-4209-bc33-62c0ce5a7045",
  "pid": "e6ba0e06-964b-4f38-abe3-49308863b5fc",
  "dblevel": 3,
  "location": "/VGMA/HocTheoChuDe/ChuyenLuaDoi",
  "isVideo": false,
  "url": "hoc-theo-chu-de.chuyen-lua-doi",
  "name": "Chuyện Lứa Đôi",
  "count": 8,
  "isLeaf": true,
  "keyword": null,
  "hash": null,
  "khash": null,
  "viewCount": null,
  "duration": null,
  "size": null,
  "children": [
    {
      "id": "87e14634-d2cd-4bdf-bbf0-a88f3849d5cb",
      "pid": "df4eecae-997f-4209-bc33-62c0ce5a7045",
      "dblevel": 4,
      "location": "/VGMA/HocTheoChuDe/ChuyenLuaDoi/01_QuanNiemXuaVaNay-TimHieuBanDoi",
      "isVideo": false,
      "url": "hoc-theo-chu-de.chuyen-lua-doi.01-quan-niem-xua-va-nay-tim-hieu-ban-doi",
      "name": "01_Quan Niệm Xưa Và Nay - Tìm Hiểu Bạn Đời",
      "count": 0,
      "isLeaf": null,
      "keyword": null,
      "hash": "U2FsdGVkX1+vuREQpGA439i4UQSXbxmThwzjZqnfqOLY1882XzDV37bK1OINY/+eP36I0qduJDQMeEmNn0bgxg==",
      "khash": "U2FsdGVkX1/TaNfRj7R5fYZQcOqdqzZILxt6oQE6af3GuNmMgZzJkpuToC61MWxoCrNRFFNeD9li2NwoBirqhg==",
      "viewCount": null,
      "duration": "39:42",
      "size": 38123046
    },
    {
      "id": "a8440249-5c1e-4e93-9e7d-ea568aaeee71",
      "pid": "df4eecae-997f-4209-bc33-62c0ce5a7045",
      "dblevel": 4,
      "location": "/VGMA/HocTheoChuDe/ChuyenLuaDoi/02_NhungDieuBanCanBietVeNguoiYeu-SuDungTienBac",
      "isVideo": false,
      "url": "hoc-theo-chu-de.chuyen-lua-doi.02-nhung-dieu-ban-can-biet-ve-nguoi-yeu-su-dung-tien-bac",
      "name": "02_Những Điều Bạn Cần Biết Về Người Yêu - Sử Dụng Tiền Bạc",
      "count": 0,
      "isLeaf": null,
      "keyword": null,
      "hash": "U2FsdGVkX1+QzWJsgBum+FW+gDuh79bz5lMFZFFAkdIRE6UoiB7nBpL80eA84DjjlW7vGxuZNZDATVfojSQREQ==",
      "khash": null,
      "viewCount": null,
      "duration": "40:26",
      "size": 38816858
    },
    {
      "id": "04133c7c-a3d6-4215-80c3-7e67cb0c3ab5",
      "pid": "df4eecae-997f-4209-bc33-62c0ce5a7045",
      "dblevel": 4,
      "location": "/VGMA/HocTheoChuDe/ChuyenLuaDoi/03_NhungDieuNenTranhKhiQuyetDinhLapGiaDinh",
      "isVideo": false,
      "url": "hoc-theo-chu-de.chuyen-lua-doi.03-nhung-dieu-nen-tranh-khi-quyet-dinh-lap-gia-dinh",
      "name": "03_Những Điều Nên Tránh Khi Quyết Định Lập Gia Đình",
      "count": 0,
      "isLeaf": null,
      "keyword": null,
      "hash": "U2FsdGVkX1+IG2QBDmHDlKQOGHJn2IEJC9gOcowVWOvLwo6vMCVN20YeMs/3IXP3vbvT8X7OCXHbCXvWaRmGBg==",
      "khash": "U2FsdGVkX1/hmhY8fl5bn7GdR4aef67wBOiyjlbmDss6TaAAHQN2qKMwjWJ53/LT6ld2eaHTYHEfvB6eI1CLFA==",
      "viewCount": null,
      "duration": "42:52",
      "size": 41160355
    },
    {
      "id": "f090466c-467f-4176-a272-1b65c5875c03",
      "pid": "df4eecae-997f-4209-bc33-62c0ce5a7045",
      "dblevel": 4,
      "location": "/VGMA/HocTheoChuDe/ChuyenLuaDoi/04_NguyHiemCuaCamDoTinhDuc",
      "isVideo": false,
      "url": "hoc-theo-chu-de.chuyen-lua-doi.04-nguy-hiem-cua-cam-do-tinh-duc",
      "name": "04_Nguy Hiểm Của Cám Dỗ Tính Dục",
      "count": 0,
      "isLeaf": null,
      "keyword": null,
      "hash": "U2FsdGVkX18q7imD6PLqnJdgdhqB0ln4U0hXSphplKzWmcuh0Y3VGop3f3IXQAssvtEYl4xuR0zB8R0wlvt10w==",
      "khash": "U2FsdGVkX1/tRitENOoOPHEBrI7F9K+NudF74UucLmQ2CwoVaBdWldyZ47JXyNTG2zTUncamn0hFyg88/WEkVw==",
      "viewCount": null,
      "duration": "32:27",
      "size": 31165697
    },
    {
      "id": "0a876d44-8395-4869-9fbe-a84eb2d8d455",
      "pid": "df4eecae-997f-4209-bc33-62c0ce5a7045",
      "dblevel": 4,
      "location": "/VGMA/HocTheoChuDe/ChuyenLuaDoi/05_HauQuaCuaQuanHeTinhDucTruocHonNhan",
      "isVideo": false,
      "url": "hoc-theo-chu-de.chuyen-lua-doi.05-hau-qua-cua-quan-he-tinh-duc-truoc-hon-nhan",
      "name": "05_Hậu Quả Của Quan Hệ Tính Dục Trước Hôn Nhân",
      "count": 0,
      "isLeaf": null,
      "keyword": null,
      "hash": "U2FsdGVkX18aNSd6UOjLHM7rBvZz0X3ozbnkl7Y234yqj2ixqe0c7oj9NH7dTnBE+xy0V6LXVoAPboNdbvXKSw==",
      "khash": "U2FsdGVkX1+WKVhJ/qJdr27QkIsgAFajlTXZgB02EpfqWBUNziLrwV5iMETlrFkwJMlUX1Yb7sdsSlqvnSFctw==",
      "viewCount": null,
      "duration": "27:15",
      "size": 26170249
    },
    {
      "id": "5b2a43be-697a-45d0-ba3e-beb9dea34290",
      "pid": "df4eecae-997f-4209-bc33-62c0ce5a7045",
      "dblevel": 4,
      "location": "/VGMA/HocTheoChuDe/ChuyenLuaDoi/06_TaiSaoThanhThieuNienNgayNayDeNgaVaoCamDoTinhDuc-01",
      "isVideo": false,
      "url": "hoc-theo-chu-de.chuyen-lua-doi.06-tai-sao-thanh-thieu-nien-ngay-nay-de-nga-vao-cam-do-tinh-duc-01",
      "name": "06_Tại Sao Thanh Thiếu Niên Ngày Nay Dễ Ngã Vào Cám Dỗ Tính Dục-01",
      "count": 0,
      "isLeaf": null,
      "keyword": null,
      "hash": "U2FsdGVkX185p761prc3BMjXZVx7Xa6L2oy4K5egvDbxAMfyTQZFlyN++lrNA1TaTNUEr85S6sny+asahBwVJw==",
      "khash": null,
      "viewCount": null,
      "duration": "27:47",
      "size": 26682667
    },
    {
      "id": "6b331948-134d-4094-b444-5fe389a3648f",
      "pid": "df4eecae-997f-4209-bc33-62c0ce5a7045",
      "dblevel": 4,
      "location": "/VGMA/HocTheoChuDe/ChuyenLuaDoi/07_TaiSaoThanhThieuNienNgayNayDeNgaVaoCamDoTinhDuc-02",
      "isVideo": false,
      "url": "hoc-theo-chu-de.chuyen-lua-doi.07-tai-sao-thanh-thieu-nien-ngay-nay-de-nga-vao-cam-do-tinh-duc-02",
      "name": "07_Tại Sao Thanh Thiếu Niên Ngày Nay Dễ Ngã Vào Cám Dỗ Tính Dục-02",
      "count": 0,
      "isLeaf": null,
      "keyword": null,
      "hash": "U2FsdGVkX1/z3K0S/mEp7tfcRcWJzZC607ptTIA6ilFJBpdRtB0uKGNJV97UxM4Om58mdSXA5G42YYDYYEZZeQ==",
      "khash": null,
      "viewCount": null,
      "duration": "27:16",
      "size": 26190729
    },
    {
      "id": "452f26a9-cf0c-4ece-b8f5-edf56890edaa",
      "pid": "df4eecae-997f-4209-bc33-62c0ce5a7045",
      "dblevel": 4,
      "location": "/VGMA/HocTheoChuDe/ChuyenLuaDoi/08_TranhCamDoTinhDuc",
      "isVideo": false,
      "url": "hoc-theo-chu-de.chuyen-lua-doi.08-tranh-cam-do-tinh-duc",
      "name": "08_Tránh Cám Dỗ Tính Dục",
      "count": 0,
      "isLeaf": null,
      "keyword": null,
      "hash": "U2FsdGVkX1/j4X00Fe4aJdwINqliWb6U18AZd3uiwhJLKrCXAwp0ScdVryHXk1mV/oEie+Ml9suDsRtu38r3jQ==",
      "khash": "U2FsdGVkX1+AS+qHre+WtHVCSh+Au1Wv5/gL4bwSzno1meWSd3GJIIARHws6aGftznK703BocNoFwR8Wr6LU/Q==",
      "viewCount": null,
      "duration": "41:25",
      "size": 39761028
    }
  ]
}