{
  "id": "aeed92ee-ace3-48b8-800d-889a136115f9",
  "pid": "e6ba0e06-964b-4f38-abe3-49308863b5fc",
  "dblevel": 3,
  "location": "/VGMA/HocTheoChuDe/CuocDoiGio-Sep",
  "isVideo": false,
  "url": "hoc-theo-chu-de.cuoc-doi-gio-sep",
  "name": "Cuộc Đời Giô-Sép",
  "count": 11,
  "isLeaf": true,
  "keyword": null,
  "hash": null,
  "khash": null,
  "viewCount": null,
  "duration": null,
  "size": null,
  "children": [
    {
      "id": "593b983f-1ddd-4462-a4bc-69fe3cef31fe",
      "pid": "aeed92ee-ace3-48b8-800d-889a136115f9",
      "dblevel": 4,
      "location": "/VGMA/HocTheoChuDe/CuocDoiGio-Sep/01-ToiTungCoMotUocMo-GiacMongTanVo",
      "isVideo": false,
      "url": "hoc-theo-chu-de.cuoc-doi-gio-sep.01-toi-tung-co-mot-uoc-mo-giac-mong-tan-vo",
      "name": "01-Tôi Từng Có Một Ước Mơ-Giấc Mộng Tan Vỡ",
      "count": 0,
      "isLeaf": null,
      "keyword": null,
      "hash": "U2FsdGVkX1+72stft098HRgTXXUiFWk9jcJVGluMfBXACOakf+boYc6tJArfcy/AYgCwTMYzOV1ZldQAto3tMQ==",
      "khash": "U2FsdGVkX18nDG9nrtRLCKs6GUSkCI2WU39UHtf5EHR2mf1EXdaRST0MKi5lb8nZUTQmTDuNFZFsC0Ywhiq0nQ==",
      "viewCount": null,
      "duration": "26:56",
      "size": 25867096
    },
    {
      "id": "847ec323-b950-4124-838c-40639d457766",
      "pid": "aeed92ee-ace3-48b8-800d-889a136115f9",
      "dblevel": 4,
      "location": "/VGMA/HocTheoChuDe/CuocDoiGio-Sep/02-NguonCuaThanhCong-ThucHienDungNhungVanGapRuiRo",
      "isVideo": false,
      "url": "hoc-theo-chu-de.cuoc-doi-gio-sep.02-nguon-cua-thanh-cong-thuc-hien-dung-nhung-van-gap-rui-ro",
      "name": "02-Nguồn Của Thành Công-Thực Hiện Đúng Nhưng Vẫn Gặp Rủi Ro",
      "count": 0,
      "isLeaf": null,
      "keyword": null,
      "hash": "U2FsdGVkX196YoiiC/KKbq8eRQAPAkzV/RHXKpXSoDfQ6m4PHgVgLTmFa5WR6rK3OYRQnU+wNA4nuX/vFuFAuA==",
      "khash": null,
      "viewCount": null,
      "duration": "32:21",
      "size": 31070722
    },
    {
      "id": "f5d2adf5-7c14-4106-a0b5-9851b1f7557c",
      "pid": "aeed92ee-ace3-48b8-800d-889a136115f9",
      "dblevel": 4,
      "location": "/VGMA/HocTheoChuDe/CuocDoiGio-Sep/03-VuotLenTuDongDoNat-TrungTinMangLaiAnHue",
      "isVideo": false,
      "url": "hoc-theo-chu-de.cuoc-doi-gio-sep.03-vuot-len-tu-dong-do-nat-trung-tin-mang-lai-an-hue",
      "name": "03-Vượt Lên Từ Đống Đổ Nát-Trung Tín Mang Lại Ân Huệ",
      "count": 0,
      "isLeaf": null,
      "keyword": null,
      "hash": "U2FsdGVkX1+Q+n/1ES2F7kqLTHLXkm6GJW56btL2YOM5lT23TzoKI+JoG8FYsFcLwvY2FyLv3+RXEkZY+zs9Ig==",
      "khash": null,
      "viewCount": null,
      "duration": "22:32",
      "size": 21633607
    },
    {
      "id": "561f01bb-a111-48a6-bcb6-9a518182442b",
      "pid": "aeed92ee-ace3-48b8-800d-889a136115f9",
      "dblevel": 4,
      "location": "/VGMA/HocTheoChuDe/CuocDoiGio-Sep/04_XayDapChoUocMoCuaNguoiKhac-KhucQuanhCuaSoPhan",
      "isVideo": false,
      "url": "hoc-theo-chu-de.cuoc-doi-gio-sep.04-xay-dap-cho-uoc-mo-cua-nguoi-khac-khuc-quanh-cua-so-phan",
      "name": "04_Xây Đắp Cho Ước Mơ Của Người Khác - Khúc Quanh Của Số Phận",
      "count": 0,
      "isLeaf": null,
      "keyword": null,
      "hash": "U2FsdGVkX18D2RocEWP0ii9i3Exbk7zM+3726vZ3maWMhMoBtgx/0Uto5j/xQjviOxcZkKQGtUBhEqkgOU6/GA==",
      "khash": null,
      "viewCount": null,
      "duration": "24:11",
      "size": 23227724
    },
    {
      "id": "e25fb34c-65a7-41a5-ad35-dcf2428bc545",
      "pid": "aeed92ee-ace3-48b8-800d-889a136115f9",
      "dblevel": 4,
      "location": "/VGMA/HocTheoChuDe/CuocDoiGio-Sep/05-NamBatCoHoi-CuTienBuoc",
      "isVideo": false,
      "url": "hoc-theo-chu-de.cuoc-doi-gio-sep.05-nam-bat-co-hoi-cu-tien-buoc",
      "name": "05-Nắm Bắt Cơ Hội-Cứ Tiến Bước",
      "count": 0,
      "isLeaf": null,
      "keyword": null,
      "hash": "U2FsdGVkX193ERnDgJm1RfhMFBpC2hqhHgvU7v1LpWhen+CK2chCX52iTPzl2QcuT0eoRjSX+tONIlosyHnMyw==",
      "khash": null,
      "viewCount": null,
      "duration": "31:21",
      "size": 30106432
    },
    {
      "id": "42a6e7c1-bcb5-4348-9103-b7e9a55ec7a9",
      "pid": "aeed92ee-ace3-48b8-800d-889a136115f9",
      "dblevel": 4,
      "location": "/VGMA/HocTheoChuDe/CuocDoiGio-Sep/06-KhiTaiHoaDenThuThachBatDau-TroChoiBatDau",
      "isVideo": false,
      "url": "hoc-theo-chu-de.cuoc-doi-gio-sep.06-khi-tai-hoa-den-thu-thach-bat-dau-tro-choi-bat-dau",
      "name": "06-Khi Tai Họa Đến Thử Thách Bắt Đầu-Trò Chơi Bắt Đầu",
      "count": 0,
      "isLeaf": null,
      "keyword": null,
      "hash": "U2FsdGVkX18pRAkeIl5U4IUYoCRhVQrZgOvZp1gNwPCq5XJ4Atuzfn1leuSxjLKW4SLcdN7pcuNBJXIUeymosw==",
      "khash": null,
      "viewCount": null,
      "duration": "25:36",
      "size": 24590839
    },
    {
      "id": "bcb2ed6c-2b92-4f2d-8028-9a490026f1d4",
      "pid": "aeed92ee-ace3-48b8-800d-889a136115f9",
      "dblevel": 4,
      "location": "/VGMA/HocTheoChuDe/CuocDoiGio-Sep/07-TroChoiKetThuc",
      "isVideo": false,
      "url": "hoc-theo-chu-de.cuoc-doi-gio-sep.07-tro-choi-ket-thuc",
      "name": "07-Trò Chơi Kết Thúc",
      "count": 0,
      "isLeaf": null,
      "keyword": null,
      "hash": "U2FsdGVkX18vW5DrUuUN2E5iyKI4Tm513b4ObCyyhGQOmV9ozk0uVH9V+0eBJTqglXTuO4sd9ar/ZzBSOioyqw==",
      "khash": null,
      "viewCount": null,
      "duration": "22:24",
      "size": 21513682
    },
    {
      "id": "b9c40edf-ff1f-45d4-85b4-448dc3a5affc",
      "pid": "aeed92ee-ace3-48b8-800d-889a136115f9",
      "dblevel": 4,
      "location": "/VGMA/HocTheoChuDe/CuocDoiGio-Sep/08-SuTanVo,GiaiCuuVaTaiHiep",
      "isVideo": false,
      "url": "hoc-theo-chu-de.cuoc-doi-gio-sep.08-su-tan-vo-giai-cuu-va-tai-hiep",
      "name": "08-Sự Tan Vỡ, Giải Cứu Và Tái Hiệp",
      "count": 0,
      "isLeaf": null,
      "keyword": null,
      "hash": "U2FsdGVkX1+kVfRgdJSCBqfmahcsfV6ObdGcz/t4tSw6M7WXWQJukyNaj+21/Fn+cDultYs6XsxMp8WD7PdpiQ==",
      "khash": null,
      "viewCount": null,
      "duration": "26:48",
      "size": 25737941
    },
    {
      "id": "8f9c8b6f-61c6-444f-a722-75c1c4bf61ba",
      "pid": "aeed92ee-ace3-48b8-800d-889a136115f9",
      "dblevel": 4,
      "location": "/VGMA/HocTheoChuDe/CuocDoiGio-Sep/09-SuTonTrongVaGiaiCuu",
      "isVideo": false,
      "url": "hoc-theo-chu-de.cuoc-doi-gio-sep.09-su-ton-trong-va-giai-cuu",
      "name": "09-Sự Tôn Trọng Và Giải Cứu",
      "count": 0,
      "isLeaf": null,
      "keyword": null,
      "hash": "U2FsdGVkX1+SootQIXs7Js8BMyTStWa9NgUvR3CtKXJRY+O3ViCtRu6/oRm0bJjdLmjUzNrvPcwR1VY9XU4sjA==",
      "khash": "U2FsdGVkX1/BHx4PeulQiO2WSL/u90j3xgtcGZaoIv5UXrPJEkk2oJCUzd+MXu5pkTsXQDASnslA7flhiPw7jg==",
      "viewCount": null,
      "duration": "18:5",
      "size": 17375400
    },
    {
      "id": "934d65d0-fc33-433a-af67-8006aef844e2",
      "pid": "aeed92ee-ace3-48b8-800d-889a136115f9",
      "dblevel": 4,
      "location": "/VGMA/HocTheoChuDe/CuocDoiGio-Sep/10-SuChucPhuoc",
      "isVideo": false,
      "url": "hoc-theo-chu-de.cuoc-doi-gio-sep.10-su-chuc-phuoc",
      "name": "10-Sự Chúc Phước",
      "count": 0,
      "isLeaf": null,
      "keyword": null,
      "hash": "U2FsdGVkX191aRAHvhFSGKUhq7rwP93FYYlxi18I+m/0wJwAR2IuHCz3W82TxHntOWrCb8hEO6I0OhYOkDzz6A==",
      "khash": null,
      "viewCount": null,
      "duration": "28:32",
      "size": 27398375
    },
    {
      "id": "b5a55c4b-27ca-4e6c-91cb-8b5bf77003df",
      "pid": "aeed92ee-ace3-48b8-800d-889a136115f9",
      "dblevel": 4,
      "location": "/VGMA/HocTheoChuDe/CuocDoiGio-Sep/11-HanhDongBangAnHue-TrungTinDenCuoi",
      "isVideo": false,
      "url": "hoc-theo-chu-de.cuoc-doi-gio-sep.11-hanh-dong-bang-an-hue-trung-tin-den-cuoi",
      "name": "11-Hành Động Bằng Ân Huệ-Trung Tín Đến Cuối",
      "count": 0,
      "isLeaf": null,
      "keyword": null,
      "hash": "U2FsdGVkX1+DD/SbK1BlxJhZsgnmDE93xfBjHMQSFEylz14y6qH0lFxPaE4Ezcj5Q2XOp6ijeZRiWyotxogYRA==",
      "khash": null,
      "viewCount": null,
      "duration": "29:38",
      "size": 28460147
    }
  ]
}