{
  "id": "a9f3102d-0825-418e-9b3d-6ba81a08ff73",
  "pid": "e6ba0e06-964b-4f38-abe3-49308863b5fc",
  "dblevel": 3,
  "location": "/VGMA/HocTheoChuDe/NguyenTacLuaChon",
  "isVideo": false,
  "url": "hoc-theo-chu-de.nguyen-tac-lua-chon",
  "name": "Nguyên Tắc Lựa Chọn",
  "count": 10,
  "isLeaf": true,
  "keyword": null,
  "hash": null,
  "khash": null,
  "viewCount": null,
  "duration": null,
  "size": null,
  "children": [
    {
      "id": "d7488981-38dc-4a9b-846f-9e2fc4f12bf2",
      "pid": "a9f3102d-0825-418e-9b3d-6ba81a08ff73",
      "dblevel": 4,
      "location": "/VGMA/HocTheoChuDe/NguyenTacLuaChon/NguyenTacLuaChon-01",
      "isVideo": false,
      "url": "hoc-theo-chu-de.nguyen-tac-lua-chon.nguyen-tac-lua-chon-01",
      "name": "Nguyên Tắc Lựa Chọn-01",
      "count": 0,
      "isLeaf": null,
      "keyword": null,
      "hash": "U2FsdGVkX1934/e54bxmL+uJk0WwVG/5Fu3fguKCEZ9OTdHFJ1MLjZikYkizZM844f3dsTYVsIfCGt2aREk6iw==",
      "khash": null,
      "viewCount": null,
      "duration": "33:12",
      "size": 31890469
    },
    {
      "id": "99958d67-f836-4ffb-8ad5-3a1a8d38ee78",
      "pid": "a9f3102d-0825-418e-9b3d-6ba81a08ff73",
      "dblevel": 4,
      "location": "/VGMA/HocTheoChuDe/NguyenTacLuaChon/NguyenTacLuaChon-02",
      "isVideo": false,
      "url": "hoc-theo-chu-de.nguyen-tac-lua-chon.nguyen-tac-lua-chon-02",
      "name": "Nguyên Tắc Lựa Chọn-02",
      "count": 0,
      "isLeaf": null,
      "keyword": null,
      "hash": "U2FsdGVkX18M2uwr84hhSfrjP2MKrFeBlxgAy5bzXammv5BYE41Bh/6izUbTZ5V5sWvIKvWxdkeEJkwSrfSGJQ==",
      "khash": "U2FsdGVkX1/ofiVsxkYCC5Dv+aJafmkhQwNPMPQRllCwnReaZ77w9RqIIXGWHjYjEx4/0nwBwlVwbkB63ROpOg==",
      "viewCount": null,
      "duration": "46:17",
      "size": 44442661
    },
    {
      "id": "b14c8a5c-2a63-4e14-a1c1-8641f39f546a",
      "pid": "a9f3102d-0825-418e-9b3d-6ba81a08ff73",
      "dblevel": 4,
      "location": "/VGMA/HocTheoChuDe/NguyenTacLuaChon/NguyenTacLuaChon-03",
      "isVideo": false,
      "url": "hoc-theo-chu-de.nguyen-tac-lua-chon.nguyen-tac-lua-chon-03",
      "name": "Nguyên Tắc Lựa Chọn-03",
      "count": 0,
      "isLeaf": null,
      "keyword": null,
      "hash": "U2FsdGVkX1+hxdQsojjOy8yaYUeBY13BVkHjNTAExP/iRq/CEk+cBCeSqKDd3b7tNs9XNC7QdU1VGgN28tBACQ==",
      "khash": null,
      "viewCount": null,
      "duration": "37:0",
      "size": 35526949
    },
    {
      "id": "66023123-39b5-4081-b579-5e08ef42748c",
      "pid": "a9f3102d-0825-418e-9b3d-6ba81a08ff73",
      "dblevel": 4,
      "location": "/VGMA/HocTheoChuDe/NguyenTacLuaChon/NguyenTacLuaChon-04",
      "isVideo": false,
      "url": "hoc-theo-chu-de.nguyen-tac-lua-chon.nguyen-tac-lua-chon-04",
      "name": "Nguyên Tắc Lựa Chọn-04",
      "count": 0,
      "isLeaf": null,
      "keyword": null,
      "hash": "U2FsdGVkX1+Cs2XUL0NIIjkt2FxA5qeZS3pB8O5C0Qn4wkxBF5k03Cohv1s+GZrABaw+zd20tUl2ECosjehxcg==",
      "khash": null,
      "viewCount": null,
      "duration": "41:23",
      "size": 39740197
    },
    {
      "id": "c325ba48-7d00-4c70-aeec-11e48ed5e191",
      "pid": "a9f3102d-0825-418e-9b3d-6ba81a08ff73",
      "dblevel": 4,
      "location": "/VGMA/HocTheoChuDe/NguyenTacLuaChon/NguyenTacLuaChon-05",
      "isVideo": false,
      "url": "hoc-theo-chu-de.nguyen-tac-lua-chon.nguyen-tac-lua-chon-05",
      "name": "Nguyên Tắc Lựa Chọn-05",
      "count": 0,
      "isLeaf": null,
      "keyword": null,
      "hash": "U2FsdGVkX1/vzEQRnzLcliU42hM6MhigvAXpBjgakXINgdMAZa+c6vKWEwaDzrRC1zN7uldwL/ypgVnZZu7GdA==",
      "khash": "U2FsdGVkX19icR0/Mo7viH0zB29+HR6uVt/Bmg7I5XCdpMBJm3b5+c9TSP8PJ3ZEwC2PplhUPtrGShJf9OsOhQ==",
      "viewCount": null,
      "duration": "43:36",
      "size": 41862949
    },
    {
      "id": "28b5190d-b5ee-4f67-bef3-59ff32529039",
      "pid": "a9f3102d-0825-418e-9b3d-6ba81a08ff73",
      "dblevel": 4,
      "location": "/VGMA/HocTheoChuDe/NguyenTacLuaChon/NguyenTacLuaChon-06",
      "isVideo": false,
      "url": "hoc-theo-chu-de.nguyen-tac-lua-chon.nguyen-tac-lua-chon-06",
      "name": "Nguyên Tắc Lựa Chọn-06",
      "count": 0,
      "isLeaf": null,
      "keyword": null,
      "hash": "U2FsdGVkX19flUAbtoiBg4jLGLxJ/cW1wCoR/W7MZDOby//wuZ+oB8tEy/2sYdRSObQ+Ulv2PclIyPxI6bagPw==",
      "khash": null,
      "viewCount": null,
      "duration": "40:3",
      "size": 38456485
    },
    {
      "id": "f2d6f850-49a6-482f-96dd-17ecacf094cc",
      "pid": "a9f3102d-0825-418e-9b3d-6ba81a08ff73",
      "dblevel": 4,
      "location": "/VGMA/HocTheoChuDe/NguyenTacLuaChon/NguyenTacLuaChon-07",
      "isVideo": false,
      "url": "hoc-theo-chu-de.nguyen-tac-lua-chon.nguyen-tac-lua-chon-07",
      "name": "Nguyên Tắc Lựa Chọn-07",
      "count": 0,
      "isLeaf": null,
      "keyword": null,
      "hash": "U2FsdGVkX1+GqJ0cJZuJ2vac7XUBVfO+AksEdMHl91NMukNr1DOg76A5QoJu+v/Rkbuyb3Rc2tM5BZd0cZcwIw==",
      "khash": null,
      "viewCount": null,
      "duration": "40:48",
      "size": 39180709
    },
    {
      "id": "769e8973-2c9b-44ff-b5cb-6c94bc915ce3",
      "pid": "a9f3102d-0825-418e-9b3d-6ba81a08ff73",
      "dblevel": 4,
      "location": "/VGMA/HocTheoChuDe/NguyenTacLuaChon/NguyenTacLuaChon-08",
      "isVideo": false,
      "url": "hoc-theo-chu-de.nguyen-tac-lua-chon.nguyen-tac-lua-chon-08",
      "name": "Nguyên Tắc Lựa Chọn-08",
      "count": 0,
      "isLeaf": null,
      "keyword": null,
      "hash": "U2FsdGVkX1+tmDIk1u8H3yqge2t6ebGGliT+ErMMZ5ZlEB7nGul6RZ1CRRoq7uDxqYWo8iosEgl02w0swVnf7g==",
      "khash": "U2FsdGVkX1+gQqOoiEyV41UVfzsL0IzL6qsLZtUKRn0tjRHnTDoIoiuKxUiA4fLleiEIKKzECswkJBnU6Y2wjA==",
      "viewCount": null,
      "duration": "40:46",
      "size": 39149989
    },
    {
      "id": "5565f07a-be0a-431b-827b-546b66fba583",
      "pid": "a9f3102d-0825-418e-9b3d-6ba81a08ff73",
      "dblevel": 4,
      "location": "/VGMA/HocTheoChuDe/NguyenTacLuaChon/NguyenTacLuaChon-09",
      "isVideo": false,
      "url": "hoc-theo-chu-de.nguyen-tac-lua-chon.nguyen-tac-lua-chon-09",
      "name": "Nguyên Tắc Lựa Chọn-09",
      "count": 0,
      "isLeaf": null,
      "keyword": null,
      "hash": "U2FsdGVkX1+reYQwbo7eEsy7utB04DwLOuW5gvnvaspoJe3wpFcXYIWzV527iGj4gBQhgxhbIGsV7oB2BgcuEw==",
      "khash": "U2FsdGVkX1/xfWJhmtxIJfp4I1Da9Pyd8GAK0b+0Xiv4M6Ib8RSgNg2FRILXASayd/sZnGtJh58+GcQvWAFr5Q==",
      "viewCount": null,
      "duration": "41:51",
      "size": 40187941
    },
    {
      "id": "0c4a2269-d9c8-4fd7-830d-7dac171f1a4d",
      "pid": "a9f3102d-0825-418e-9b3d-6ba81a08ff73",
      "dblevel": 4,
      "location": "/VGMA/HocTheoChuDe/NguyenTacLuaChon/NguyenTacLuaChon-10",
      "isVideo": false,
      "url": "hoc-theo-chu-de.nguyen-tac-lua-chon.nguyen-tac-lua-chon-10",
      "name": "Nguyên Tắc Lựa Chọn-10",
      "count": 0,
      "isLeaf": null,
      "keyword": null,
      "hash": "U2FsdGVkX18+sIkmB/VwiavcoDCsPsu9vWsnqMOJfIAxF8wHEC8p99sSOe05S4lRqTBQd/AWm47Uoy2V2HcPkA==",
      "khash": null,
      "viewCount": null,
      "duration": "78:38",
      "size": 75495973
    }
  ]
}