{
  "id": "f472b3d5-7843-416f-ba1d-cbe57b8d8989",
  "pid": "e6ba0e06-964b-4f38-abe3-49308863b5fc",
  "dblevel": 3,
  "location": "/VGMA/HocTheoChuDe/SuCuuRoiChacChan",
  "isVideo": false,
  "url": "hoc-theo-chu-de.su-cuu-roi-chac-chan",
  "name": "Sự Cứu Rỗi Chắc Chắn",
  "count": 6,
  "isLeaf": true,
  "keyword": null,
  "hash": null,
  "khash": null,
  "viewCount": null,
  "duration": null,
  "size": null,
  "children": [
    {
      "id": "8eadb233-cf3e-4da3-91a0-f7648b6ddfbd",
      "pid": "f472b3d5-7843-416f-ba1d-cbe57b8d8989",
      "dblevel": 4,
      "location": "/VGMA/HocTheoChuDe/SuCuuRoiChacChan/01-BonPhanDeoDuoiSuCuuRoiChacChan",
      "isVideo": false,
      "url": "hoc-theo-chu-de.su-cuu-roi-chac-chan.01-bon-phan-deo-duoi-su-cuu-roi-chac-chan",
      "name": "01-Bổn Phận Đeo Đuổi Sự Cứu Rỗi Chắc Chắn",
      "count": 0,
      "isLeaf": null,
      "keyword": null,
      "hash": "U2FsdGVkX19LbMjIUhHljqayxGPpabvpWMKEqzRN6lL8W/oq5IJU+/3hS/hVyu60vUhYM2ykU5Vv4h0IcFJ7cA==",
      "khash": null,
      "viewCount": null,
      "duration": "20:46",
      "size": 19952459
    },
    {
      "id": "814b0bba-3267-4331-b273-5c7b9281f3ca",
      "pid": "f472b3d5-7843-416f-ba1d-cbe57b8d8989",
      "dblevel": 4,
      "location": "/VGMA/HocTheoChuDe/SuCuuRoiChacChan/02-SuDamBaoLamTangMucDoNenThanh",
      "isVideo": false,
      "url": "hoc-theo-chu-de.su-cuu-roi-chac-chan.02-su-dam-bao-lam-tang-muc-do-nen-thanh",
      "name": "02-Sự Đảm Bảo Làm Tăng Mức Độ Nên Thánh",
      "count": 0,
      "isLeaf": null,
      "keyword": null,
      "hash": "U2FsdGVkX1+YrbFFrHxwHM8wPKZRVNp6u+UAY/JbQ94YTqBw0UTQgsg8kHVYWQyEVPyPmF8Legs9ElU+RzR0TQ==",
      "khash": "U2FsdGVkX1/MnxCBMbRKl1etcUnPwFBlLfZsNgjMpXhYe5GKSv9ajZJxBJZqx5BtvAVNRxpOur+pEZW9OivceQ==",
      "viewCount": null,
      "duration": "22:34",
      "size": 21675704
    },
    {
      "id": "f2108739-ac06-443c-9867-dbc76eea9cb8",
      "pid": "f472b3d5-7843-416f-ba1d-cbe57b8d8989",
      "dblevel": 4,
      "location": "/VGMA/HocTheoChuDe/SuCuuRoiChacChan/03-BonHangNguoi",
      "isVideo": false,
      "url": "hoc-theo-chu-de.su-cuu-roi-chac-chan.03-bon-hang-nguoi",
      "name": "03-Bốn Hạng Người",
      "count": 0,
      "isLeaf": null,
      "keyword": null,
      "hash": "U2FsdGVkX1+5PPoaKjtG9m/CA73B2Zn4rMgKSpAw7iMV3hEQhgf4xELskJFMNWDKiDhd241Oj0Qtx5tWREwBfw==",
      "khash": null,
      "viewCount": null,
      "duration": "21:1",
      "size": 20187352
    },
    {
      "id": "07d450e5-5bf0-43b8-a06e-52977db0ecd0",
      "pid": "f472b3d5-7843-416f-ba1d-cbe57b8d8989",
      "dblevel": 4,
      "location": "/VGMA/HocTheoChuDe/SuCuuRoiChacChan/04-SuBaoDamHuKhong",
      "isVideo": false,
      "url": "hoc-theo-chu-de.su-cuu-roi-chac-chan.04-su-bao-dam-hu-khong",
      "name": "04-Sự Bảo Đảm Hư Không",
      "count": 0,
      "isLeaf": null,
      "keyword": null,
      "hash": "U2FsdGVkX1+fM+4b/Wj2mBKx0MD3mqU4Eh7Ye4QFcyRZAeu81+BS2MKRrNsRT3P64z9hdtHswCNUuIo403O6jw==",
      "khash": "U2FsdGVkX18cN5eEci9Z2DHRPEFwwCAFc6Esj61vwDq7DX4SMr4WAFGXHlAuGEDMfvD0NkOAkRcjV0//E07AkQ==",
      "viewCount": null,
      "duration": "23:35",
      "size": 22651221
    },
    {
      "id": "12df8a7c-f732-430b-9a7b-0ae2f74636f4",
      "pid": "f472b3d5-7843-416f-ba1d-cbe57b8d8989",
      "dblevel": 4,
      "location": "/VGMA/HocTheoChuDe/SuCuuRoiChacChan/05-TimDuocSuCuuRoiThat",
      "isVideo": false,
      "url": "hoc-theo-chu-de.su-cuu-roi-chac-chan.05-tim-duoc-su-cuu-roi-that",
      "name": "05-Tìm Được Sự Cứu Rỗi Thật",
      "count": 0,
      "isLeaf": null,
      "keyword": null,
      "hash": "U2FsdGVkX199/xr1HeA9BSDlossBvB/s8pvMxmR4ybUwflLQ717woLDT9VAXQvF2OoTaX4kFkpv5lCVslh6xSA==",
      "khash": null,
      "viewCount": null,
      "duration": "20:3",
      "size": 19263244
    },
    {
      "id": "e128cb9b-afee-41bf-99f4-94e6a711e50c",
      "pid": "f472b3d5-7843-416f-ba1d-cbe57b8d8989",
      "dblevel": 4,
      "location": "/VGMA/HocTheoChuDe/SuCuuRoiChacChan/06-NguonCuuRoiTronVen",
      "isVideo": false,
      "url": "hoc-theo-chu-de.su-cuu-roi-chac-chan.06-nguon-cuu-roi-tron-ven",
      "name": "06-Nguồn Cứu Rỗi Trọn Vẹn",
      "count": 0,
      "isLeaf": null,
      "keyword": null,
      "hash": "U2FsdGVkX19Jm45x/muyqjjTM40lzP7TNwJ28y4gHHe/jKhglVymN30M75Whna6HCkRo8VEaAKa7C2AsAhApJQ==",
      "khash": "U2FsdGVkX1//3erHeBJ5iYyG/ZWwC2rnftzOHfOBAy9H2ZqXCQlbEf9y7VtRk8yY/4CzVW0HyDSa/EkFTBzODg==",
      "viewCount": null,
      "duration": "21:35",
      "size": 20729027
    }
  ]
}