{
  "id": "370923df-c337-473c-8ab7-2c5f3fbfe63f",
  "pid": "1f1315c0-1659-42c8-8c11-6a4a051692ae",
  "dblevel": 4,
  "location": "/VGMA/HocTheoChuDe/HonNhan/19-GayDungGiaDinhVungManh",
  "isVideo": false,
  "url": "hoc-theo-chu-de.hon-nhan.19-gay-dung-gia-dinh-vung-manh",
  "name": "19-Gây Dựng Gia Đình Vững Mạnh",
  "count": 10,
  "isLeaf": true,
  "keyword": null,
  "hash": null,
  "khash": null,
  "viewCount": null,
  "duration": null,
  "size": null,
  "children": [
    {
      "id": "5f5e3890-ad47-4459-a484-33ee92d6f54a",
      "pid": "370923df-c337-473c-8ab7-2c5f3fbfe63f",
      "dblevel": 5,
      "location": "/VGMA/HocTheoChuDe/HonNhan/19-GayDungGiaDinhVungManh/01_CacNguyenTacGiupGiaDinhXemTrongGiaTriTamLinh",
      "isVideo": false,
      "url": "hoc-theo-chu-de.hon-nhan.19-gay-dung-gia-dinh-vung-manh.01-cac-nguyen-tac-giup-gia-dinh-xem-trong-gia-tri-tam-linh",
      "name": "01_Các Nguyên Tắc Giúp Gia Đình Xem Trọng Giá Trị Tâm Linh",
      "count": 0,
      "isLeaf": null,
      "keyword": null,
      "hash": "U2FsdGVkX1+OScafTFS5tgPauf3zmr+1Bpolh94Fr0S1VH9NHMbLo5aT7p4PCcC7HB4qLfGp8YA8j8qgVQXpeg==",
      "khash": "U2FsdGVkX198Xmoq1yaZ/yxKeDexbqSp5WXoMzzy5iv6P9+bvFtQcWyr1olsuk9bk62LxzjFI0tn1h2NzWLxCQ==",
      "viewCount": null,
      "duration": "38:37",
      "size": 37074932
    },
    {
      "id": "ce2f1ee1-b27a-4bb8-b863-1aa891974100",
      "pid": "370923df-c337-473c-8ab7-2c5f3fbfe63f",
      "dblevel": 5,
      "location": "/VGMA/HocTheoChuDe/HonNhan/19-GayDungGiaDinhVungManh/02_DocKinhThanh&CauNguyen-GiuMoiTamGiao-LamTheoLoiChua",
      "isVideo": false,
      "url": "hoc-theo-chu-de.hon-nhan.19-gay-dung-gia-dinh-vung-manh.02-doc-kinh-thanh-cau-nguyen-giu-moi-tam-giao-lam-theo-loi-chua",
      "name": "02_Đọc Kinh Thánh & Cầu Nguyện - Giữ Mối Tâm Giao - Làm Theo Lời Chúa",
      "count": 0,
      "isLeaf": null,
      "keyword": null,
      "hash": "U2FsdGVkX1/KleI+UdZ6SWh/k0cFtdEHyR4VyBP8IjCbYQREhAw0DwVo6s+Lm4suSpDWj7Ur2mGkIED/T3d+sA==",
      "khash": "U2FsdGVkX1/jiTGgXi4eQZOZ8Jb5D8C2d4j01Id3oFoslnMA5syvh5y5H5Q0TIQL1NIVVdnRp67ytuH9Jhmcrg==",
      "viewCount": null,
      "duration": "41:45",
      "size": 40081355
    },
    {
      "id": "30c9c52e-ee30-43f7-bb7a-20ea99144f27",
      "pid": "370923df-c337-473c-8ab7-2c5f3fbfe63f",
      "dblevel": 5,
      "location": "/VGMA/HocTheoChuDe/HonNhan/19-GayDungGiaDinhVungManh/03_SongTrongTinhThanKhiemNhuong",
      "isVideo": false,
      "url": "hoc-theo-chu-de.hon-nhan.19-gay-dung-gia-dinh-vung-manh.03-song-trong-tinh-than-khiem-nhuong",
      "name": "03_Sống Trong Tinh Thần Khiêm Nhường",
      "count": 0,
      "isLeaf": null,
      "keyword": null,
      "hash": "U2FsdGVkX1/y+IcxK2E/GVDxLnU6riMrQXbvdYOTYKQ2dWA8QLEazECyy505mMg07VHtX96dohtSO8wIMpoBtw==",
      "khash": null,
      "viewCount": null,
      "duration": "41:44",
      "size": 40077155
    },
    {
      "id": "defd6203-0ca6-4b7d-b492-14e624639167",
      "pid": "370923df-c337-473c-8ab7-2c5f3fbfe63f",
      "dblevel": 5,
      "location": "/VGMA/HocTheoChuDe/HonNhan/19-GayDungGiaDinhVungManh/04_NangCaoGiaTriCuaNhau",
      "isVideo": false,
      "url": "hoc-theo-chu-de.hon-nhan.19-gay-dung-gia-dinh-vung-manh.04-nang-cao-gia-tri-cua-nhau",
      "name": "04_Nâng Cao Giá Trị Của Nhau",
      "count": 0,
      "isLeaf": null,
      "keyword": null,
      "hash": "U2FsdGVkX1+jPUvc+ryUyBziZztofzm9VptnPn4nbVnTHcWbIIcilH9Zhu66pBAxStjJ8nGn1PjPbjU38ds4fA==",
      "khash": "U2FsdGVkX1+jMybZd+nZlPCoYmkwdD2dKmn2/9aYOV4sWRafUlTsPlOHmp/ixE/UgrvAZs0Tofp0JPdRYDJszw==",
      "viewCount": null,
      "duration": "31:22",
      "size": 30127239
    },
    {
      "id": "83f200bb-61ac-4001-8830-172093f8e597",
      "pid": "370923df-c337-473c-8ab7-2c5f3fbfe63f",
      "dblevel": 5,
      "location": "/VGMA/HocTheoChuDe/HonNhan/19-GayDungGiaDinhVungManh/05_SongTrongTinhThanKhiemNhuong-DungVoDoan",
      "isVideo": false,
      "url": "hoc-theo-chu-de.hon-nhan.19-gay-dung-gia-dinh-vung-manh.05-song-trong-tinh-than-khiem-nhuong-dung-vo-doan",
      "name": "05_Sống Trong Tinh Thần Khiêm Nhường - Đừng Vỏ Đoán",
      "count": 0,
      "isLeaf": null,
      "keyword": null,
      "hash": "U2FsdGVkX18cpSAFK2W6oalLoBeHZrxzIq/WmYESWzFW+1I3aSDhoeygeXm1QOuj6+azeRkhCctNtQmqPIz1CA==",
      "khash": "U2FsdGVkX187GACrS+5Ct3rPaR1p3CjGw7lbJpZ7qWHaGuwvJw/WXUm+zrhXw0ZIgaeRaZFbx1yIsoXGwMe4uA==",
      "viewCount": null,
      "duration": "40:14",
      "size": 38636482
    },
    {
      "id": "7a5138c2-5b7d-4ad4-bc2f-cb0fc6d4b428",
      "pid": "370923df-c337-473c-8ab7-2c5f3fbfe63f",
      "dblevel": 5,
      "location": "/VGMA/HocTheoChuDe/HonNhan/19-GayDungGiaDinhVungManh/06_BiQuyetDeCoGiaDinhVungManh",
      "isVideo": false,
      "url": "hoc-theo-chu-de.hon-nhan.19-gay-dung-gia-dinh-vung-manh.06-bi-quyet-de-co-gia-dinh-vung-manh",
      "name": "06_Bí Quyết Để Có Gia Đình Vững Mạnh",
      "count": 0,
      "isLeaf": null,
      "keyword": null,
      "hash": "U2FsdGVkX19Pw8eabs2oddiIWzaAVSap3uvHj/DcpLhg/Rmcb3cIRlGBy9D5OfFjbna0KaZLGCDEfjicHdNeIA==",
      "khash": null,
      "viewCount": null,
      "duration": "39:39",
      "size": 38073465
    },
    {
      "id": "cdf4938e-3ac7-4af2-9a07-b875cb079f39",
      "pid": "370923df-c337-473c-8ab7-2c5f3fbfe63f",
      "dblevel": 5,
      "location": "/VGMA/HocTheoChuDe/HonNhan/19-GayDungGiaDinhVungManh/07_ThoPhuongTrongGiaDinh",
      "isVideo": false,
      "url": "hoc-theo-chu-de.hon-nhan.19-gay-dung-gia-dinh-vung-manh.07-tho-phuong-trong-gia-dinh",
      "name": "07_Thờ Phượng Trong Gia Đình",
      "count": 0,
      "isLeaf": null,
      "keyword": null,
      "hash": "U2FsdGVkX19GAQjPh0jpxHjqYim4708l+CzuIm7zrVIZMc0OGMLCw8EB1aEjlY5TiNNRpqj2R3lB2KVUIcF3ZQ==",
      "khash": "U2FsdGVkX1+7hl0SiM7gDLORlsfEkccQnVzty/M8F5gzaTyioyS/NDaJyDHW23dqcZEbfOOVcoi1LjKDEY8NQA==",
      "viewCount": null,
      "duration": "38:16",
      "size": 36740153
    },
    {
      "id": "75f7621a-6bea-43b4-8beb-e9c0851b9ffa",
      "pid": "370923df-c337-473c-8ab7-2c5f3fbfe63f",
      "dblevel": 5,
      "location": "/VGMA/HocTheoChuDe/HonNhan/19-GayDungGiaDinhVungManh/08_ThoPhuongTrongGiaDinh",
      "isVideo": false,
      "url": "hoc-theo-chu-de.hon-nhan.19-gay-dung-gia-dinh-vung-manh.08-tho-phuong-trong-gia-dinh",
      "name": "08_Thờ Phượng Trong Gia Đình",
      "count": 0,
      "isLeaf": null,
      "keyword": null,
      "hash": "U2FsdGVkX1/PYkE5LJMWgN7nFqEVeV+TSKOmcKxjxLuS7HE5QnfFHYX4ZMMoRGxaHcMltgM0+gC/r/+oCawlRQ==",
      "khash": null,
      "viewCount": null,
      "duration": "25:17",
      "size": 24284134
    },
    {
      "id": "af01b441-40bf-4c28-b594-d3211d26ff9f",
      "pid": "370923df-c337-473c-8ab7-2c5f3fbfe63f",
      "dblevel": 5,
      "location": "/VGMA/HocTheoChuDe/HonNhan/19-GayDungGiaDinhVungManh/09_TaoMoiCamThong",
      "isVideo": false,
      "url": "hoc-theo-chu-de.hon-nhan.19-gay-dung-gia-dinh-vung-manh.09-tao-moi-cam-thong",
      "name": "09_Tạo Mối Cảm Thông",
      "count": 0,
      "isLeaf": null,
      "keyword": null,
      "hash": "U2FsdGVkX19E+LJ1hFDKzXAbiX2ph90UFvDPpTUcCSpm0od3xK8NpHhwjL0zMcI8y4kbXw8dRFa5BBBPlB7Kgw==",
      "khash": null,
      "viewCount": null,
      "duration": "35:42",
      "size": 34282139
    },
    {
      "id": "13d912ab-43f6-4079-97d6-f0c1f4fad81f",
      "pid": "370923df-c337-473c-8ab7-2c5f3fbfe63f",
      "dblevel": 5,
      "location": "/VGMA/HocTheoChuDe/HonNhan/19-GayDungGiaDinhVungManh/10_MucDoDoiThoai",
      "isVideo": false,
      "url": "hoc-theo-chu-de.hon-nhan.19-gay-dung-gia-dinh-vung-manh.10-muc-do-doi-thoai",
      "name": "10_Mức Độ Đối Thoại",
      "count": 0,
      "isLeaf": null,
      "keyword": null,
      "hash": "U2FsdGVkX18bdGr8q3x2JIHlXSGD7xm0JFDVy9I02DlueOVjoGezp9hhpcVjSG5Mh5qb3wrHYyX1hTL7CJjk6A==",
      "khash": "U2FsdGVkX1/Ny3voBgK9SctHE8XhQqX73/2O0/Lk7iefdQEsbykcI+gGniN+JjMZDcULicfm4UdvTQK4PI7ulg==",
      "viewCount": null,
      "duration": "33:23",
      "size": 32056928
    }
  ]
}