{
  "id": "8a087c0c-56bf-424d-821b-eb8336eb8970",
  "pid": "d45d630a-2836-4e61-a069-b442f2b63989",
  "dblevel": 3,
  "location": "/VGMA/HocKinhThanhTheoSach/50.Phi-lipNT",
  "isVideo": false,
  "url": "hoc-kinh-thanh-theo-sach.50--phi-lip-nt",
  "name": "50. Phi-líp NT",
  "count": 15,
  "isLeaf": true,
  "keyword": null,
  "hash": null,
  "khash": null,
  "viewCount": null,
  "duration": null,
  "size": null,
  "children": [
    {
      "id": "7f2cdb63-08be-43d5-ae78-575bae4d993c",
      "pid": "8a087c0c-56bf-424d-821b-eb8336eb8970",
      "dblevel": 4,
      "location": "/VGMA/HocKinhThanhTheoSach/50.Phi-lipNT/01_Phi1_1-2MotHoiThanhNgotNgao",
      "isVideo": false,
      "url": "hoc-kinh-thanh-theo-sach.50--phi-lip-nt.01-phi1-1-2mot-hoi-thanh-ngot-ngao",
      "name": "01_Phi1_1-2Một Hội Thánh Ngọt Ngào",
      "count": 0,
      "isLeaf": null,
      "keyword": null,
      "hash": "U2FsdGVkX1+6s7syJCajhlYb4lcpA+KU8+t1izmEHQCBTiKQGL9sgxFNl5xlK1Y99lYmwNmvM1mjqqGRz3EYWg==",
      "khash": null,
      "viewCount": null,
      "duration": "34:3",
      "size": 32699439
    },
    {
      "id": "70f41e59-c967-497c-afd5-1bb156b086f1",
      "pid": "8a087c0c-56bf-424d-821b-eb8336eb8970",
      "dblevel": 4,
      "location": "/VGMA/HocKinhThanhTheoSach/50.Phi-lipNT/02_Phi1_3-11MotHoiThanhYeuThuong",
      "isVideo": false,
      "url": "hoc-kinh-thanh-theo-sach.50--phi-lip-nt.02-phi1-3-11mot-hoi-thanh-yeu-thuong",
      "name": "02_Phi1_3-11Một Hội Thánh Yêu Thương",
      "count": 0,
      "isLeaf": null,
      "keyword": null,
      "hash": "U2FsdGVkX19aZGHYPyzlczIsVeDrqNN6j8XzinA4JhJUEf1XaxZlLu1V5frSE9mFh3ICc8w8ak2g4KxU9LJwzw==",
      "khash": null,
      "viewCount": null,
      "duration": "36:34",
      "size": 35108560
    },
    {
      "id": "dbb13ff2-9c41-4494-8e47-55f320962089",
      "pid": "8a087c0c-56bf-424d-821b-eb8336eb8970",
      "dblevel": 4,
      "location": "/VGMA/HocKinhThanhTheoSach/50.Phi-lipNT/03_Phi1_12-19MotHoiThanhTienBo",
      "isVideo": false,
      "url": "hoc-kinh-thanh-theo-sach.50--phi-lip-nt.03-phi1-12-19mot-hoi-thanh-tien-bo",
      "name": "03_Phi1_12-19Một Hội Thánh Tiến Bộ",
      "count": 0,
      "isLeaf": null,
      "keyword": null,
      "hash": "U2FsdGVkX1+A205bvlaY3bgdeiiSuJ2/XVi//39LvwiwVXEZyslfPTHgehfbg9Xl14B5msa1Npni1ctcEdXbHw==",
      "khash": "U2FsdGVkX1/XMElXQ6qrQpv3YWJsDs5Qz+6Eq2jzeX9zWnO09qpqJyvsuT+IqUVy4fhIE8mQ7h6gkR2A2IvkAg==",
      "viewCount": null,
      "duration": "35:1",
      "size": 33621051
    },
    {
      "id": "06103fae-0a10-44cc-8413-91c3821ca80f",
      "pid": "8a087c0c-56bf-424d-821b-eb8336eb8970",
      "dblevel": 4,
      "location": "/VGMA/HocKinhThanhTheoSach/50.Phi-lipNT/04_Phi1-20-30MotHoiThanhLyTuong",
      "isVideo": false,
      "url": "hoc-kinh-thanh-theo-sach.50--phi-lip-nt.04-phi1-20-30mot-hoi-thanh-ly-tuong",
      "name": "04_Phi1-20-30Một Hội Thánh Lý Tưởng",
      "count": 0,
      "isLeaf": null,
      "keyword": null,
      "hash": "U2FsdGVkX1+dIjNUeDBVcw0X/EW7qkItd+5H76WBA7LvVlKck82uIV6WauUbkNT2t4yhaGrIuOsADKoaQqgy6g==",
      "khash": "U2FsdGVkX1/wtBokIKHa8gy8uUyHoqQAYP7ovkBy5jH1AowzF2dbFCtvXdZFMTBo9Bl1OlOOuJ8Mcn2HmDK5Nw==",
      "viewCount": null,
      "duration": "29:22",
      "size": 28196767
    },
    {
      "id": "7dc426ca-ae63-4565-831e-6187a1111c61",
      "pid": "8a087c0c-56bf-424d-821b-eb8336eb8970",
      "dblevel": 4,
      "location": "/VGMA/HocKinhThanhTheoSach/50.Phi-lipNT/05_Phi2_1-4MotHoiThanhHiepNhat",
      "isVideo": false,
      "url": "hoc-kinh-thanh-theo-sach.50--phi-lip-nt.05-phi2-1-4mot-hoi-thanh-hiep-nhat",
      "name": "05_Phi2_1-4Một Hội Thánh Hiệp Nhất",
      "count": 0,
      "isLeaf": null,
      "keyword": null,
      "hash": "U2FsdGVkX18F0hQLkC+8JeRuNULpInbpfGfsFP3lVVdF5Sx251ROG1s3xiWCXtsnGBQ3+usMt0AcobIclprT8w==",
      "khash": "U2FsdGVkX19LPvFTi+hJoti4GutTSBF2+IIJcBPHoILXPwD2S2MgCn/QVTKdUV7volthAd5VMAk9E/s5WhEVUA==",
      "viewCount": null,
      "duration": "36:45",
      "size": 35294547
    },
    {
      "id": "575d218a-c459-4ac0-a69a-8c8d71a6ff59",
      "pid": "8a087c0c-56bf-424d-821b-eb8336eb8970",
      "dblevel": 4,
      "location": "/VGMA/HocKinhThanhTheoSach/50.Phi-lipNT/06_Phi2_5-11MotHoiThanhGiongChuaGie-xu",
      "isVideo": false,
      "url": "hoc-kinh-thanh-theo-sach.50--phi-lip-nt.06-phi2-5-11mot-hoi-thanh-giong-chua-gie-xu",
      "name": "06_Phi2_5-11Một Hội Thánh Giống Chúa Giê-xu",
      "count": 0,
      "isLeaf": null,
      "keyword": null,
      "hash": "U2FsdGVkX1/y3RuGLyRDd/2QyFhg+H7RGNh781crZcfCZ0JncvYBCxu7OsaYOKr24vT0WnUr7JwqK7hQOOjuwA==",
      "khash": "U2FsdGVkX1/rcU6qq4Z9wjGATI0qwv9MUCi2RMaW/l0N8veAJUB55OWMJUDXzu7U1uIfQRzU2eT6VXGhd/WNBg==",
      "viewCount": null,
      "duration": "38:33",
      "size": 37018225
    },
    {
      "id": "ced91f89-9a65-48d4-8f0d-18821f1f02dc",
      "pid": "8a087c0c-56bf-424d-821b-eb8336eb8970",
      "dblevel": 4,
      "location": "/VGMA/HocKinhThanhTheoSach/50.Phi-lipNT/07_Phi2_12-18MotHoiThanhSongDao",
      "isVideo": false,
      "url": "hoc-kinh-thanh-theo-sach.50--phi-lip-nt.07-phi2-12-18mot-hoi-thanh-song-dao",
      "name": "07_Phi2_12-18Một Hội Thánh Sống Đạo",
      "count": 0,
      "isLeaf": null,
      "keyword": null,
      "hash": "U2FsdGVkX1+RQjycLgZb9DJTLrI6DGQFddiNdR3bua/58EJSWuZrndeBo3Weq+2L13yhjrd0i1nfWwg/dMxi+w==",
      "khash": "U2FsdGVkX1/6m9901bzvdxL6tlacXKnNox21XC0m4wwL2608pcGnlLMtIj+5m7XRcQVBTp5Dk+oypXf2VuJ5pw==",
      "viewCount": null,
      "duration": "37:19",
      "size": 35837478
    },
    {
      "id": "690ee626-c56f-49a4-9048-585d0cf2f959",
      "pid": "8a087c0c-56bf-424d-821b-eb8336eb8970",
      "dblevel": 4,
      "location": "/VGMA/HocKinhThanhTheoSach/50.Phi-lipNT/08_Phi2_19-30MotHoiThanhPhucVu",
      "isVideo": false,
      "url": "hoc-kinh-thanh-theo-sach.50--phi-lip-nt.08-phi2-19-30mot-hoi-thanh-phuc-vu",
      "name": "08_Phi2_19-30Một Hội Thánh Phục Vụ",
      "count": 0,
      "isLeaf": null,
      "keyword": null,
      "hash": "U2FsdGVkX1+2HsskUY0owYZhvois7dJ65Vl0mrRCSlWnSCKYZbsZoFCrlD53Ya3uJGKTZ4Vdd38/kkr+acQbaw==",
      "khash": "U2FsdGVkX18A3xSR4rHoskSbUooJvACDODdBE8Ey5/9PmHHjGrE6Z86PDM0vP3R4PdNrsf/lBeu680fEa4nZ9Q==",
      "viewCount": null,
      "duration": "41:28",
      "size": 39819791
    },
    {
      "id": "5108919e-404d-4309-92a3-105518bdb545",
      "pid": "8a087c0c-56bf-424d-821b-eb8336eb8970",
      "dblevel": 4,
      "location": "/VGMA/HocKinhThanhTheoSach/50.Phi-lipNT/09_Phi3_1-11MotHoiThanhBietChua",
      "isVideo": false,
      "url": "hoc-kinh-thanh-theo-sach.50--phi-lip-nt.09-phi3-1-11mot-hoi-thanh-biet-chua",
      "name": "09_Phi3_1-11Một Hội Thánh Biết Chúa",
      "count": 0,
      "isLeaf": null,
      "keyword": null,
      "hash": "U2FsdGVkX1/0JGD0M7jilxGqbNxTsgIeJYEE/JpZqnmf+PgcnLZ1aNuWuMirrh301WNdhy/cnsD9PQhDnUolrQ==",
      "khash": "U2FsdGVkX1/vcYRd83iRiEw5p1cAgEyO5huCd5ZAHeOsyorwhiE1pywno1VQI970as2mD9envJMtQW0WXgBchQ==",
      "viewCount": null,
      "duration": "33:54",
      "size": 32560260
    },
    {
      "id": "035b4c40-0c7a-4b30-9b01-263c4ae65bdd",
      "pid": "8a087c0c-56bf-424d-821b-eb8336eb8970",
      "dblevel": 4,
      "location": "/VGMA/HocKinhThanhTheoSach/50.Phi-lipNT/10_Phi3_12-16MotHoiThanhChayDua",
      "isVideo": false,
      "url": "hoc-kinh-thanh-theo-sach.50--phi-lip-nt.10-phi3-12-16mot-hoi-thanh-chay-dua",
      "name": "10_Phi3_12-16Một Hội Thánh Chạy Đua",
      "count": 0,
      "isLeaf": null,
      "keyword": null,
      "hash": "U2FsdGVkX1+GPdoIhtecbJtZYrcrUhK8xi8xADK+PKOKFq25QIt5yyJcK5fI4VWR4oIMgF+odYMK+ro2i+Cf6Q==",
      "khash": "U2FsdGVkX1/BBcpKnLTNWlwLkzIJe7mIDYmwrBaQNRJb4YxhVqE3DY+KQKY5yebbj/ejF+y+JPUYfGmYDx4+Bw==",
      "viewCount": null,
      "duration": "30:0",
      "size": 28808659
    },
    {
      "id": "1de199d7-1726-4829-bbb3-4cdee887fe11",
      "pid": "8a087c0c-56bf-424d-821b-eb8336eb8970",
      "dblevel": 4,
      "location": "/VGMA/HocKinhThanhTheoSach/50.Phi-lipNT/11_Phi3_17-4_23MotHoiThanhDepLongDucChuaTroi",
      "isVideo": false,
      "url": "hoc-kinh-thanh-theo-sach.50--phi-lip-nt.11-phi3-17-4-23mot-hoi-thanh-dep-long-duc-chua-troi",
      "name": "11_Phi3_17-4_23Một Hội Thánh Đẹp Lòng Đức Chúa Trời",
      "count": 0,
      "isLeaf": null,
      "keyword": null,
      "hash": "U2FsdGVkX18uMERU0pdGvhTohnGMh7MaIKx2eg9+eL2gfm/mK1KryGO0kOCE90qyekfUWUj7mFijPh/036wLkg==",
      "khash": "U2FsdGVkX19CS8tnL7n6hYhsRtv7X+R9T52ZNfrYQqfe+vgUJZWyL3MUkCPLD85vurzpPFmoh5h1+fZhrxTt9A==",
      "viewCount": null,
      "duration": "32:19",
      "size": 31027614
    },
    {
      "id": "1c487780-ff5d-4657-9675-e4c4263ddb54",
      "pid": "8a087c0c-56bf-424d-821b-eb8336eb8970",
      "dblevel": 4,
      "location": "/VGMA/HocKinhThanhTheoSach/50.Phi-lipNT/12_Phi3_4-21CuoiNamTinhSo",
      "isVideo": false,
      "url": "hoc-kinh-thanh-theo-sach.50--phi-lip-nt.12-phi3-4-21cuoi-nam-tinh-so",
      "name": "12_Phi3_4-21Cuối Năm Tính Sổ",
      "count": 0,
      "isLeaf": null,
      "keyword": null,
      "hash": "U2FsdGVkX1+agQWvTMDMHL6TO3P2IWXQAzkGKGBhrTj68Q9Upz44DcZ93r1sTAeAeO/tih36a/BSql2rTdzWDg==",
      "khash": null,
      "viewCount": null,
      "duration": "32:2",
      "size": 30762618
    },
    {
      "id": "97bc16bf-4e93-431a-b3b0-2a5b62061491",
      "pid": "8a087c0c-56bf-424d-821b-eb8336eb8970",
      "dblevel": 4,
      "location": "/VGMA/HocKinhThanhTheoSach/50.Phi-lipNT/13_Phi4_1-23QuyetTamDauNam",
      "isVideo": false,
      "url": "hoc-kinh-thanh-theo-sach.50--phi-lip-nt.13-phi4-1-23quyet-tam-dau-nam",
      "name": "13_Phi4_1-23Quyết Tâm Đầu Năm",
      "count": 0,
      "isLeaf": null,
      "keyword": null,
      "hash": "U2FsdGVkX1/FEVWA9YqJzMj+C572igTTxHr3cvETPO9rUChgMSpfngfjLnBYC+RQkgBCBBLqRv0R4PllVKmkrg==",
      "khash": null,
      "viewCount": null,
      "duration": "29:33",
      "size": 28377327
    },
    {
      "id": "dd951d06-aeed-4ea9-a9ce-574cb329f0b6",
      "pid": "8a087c0c-56bf-424d-821b-eb8336eb8970",
      "dblevel": 4,
      "location": "/VGMA/HocKinhThanhTheoSach/50.Phi-lipNT/14_Phi3_12-16NhoTruocQuenSau",
      "isVideo": false,
      "url": "hoc-kinh-thanh-theo-sach.50--phi-lip-nt.14-phi3-12-16nho-truoc-quen-sau",
      "name": "14_Phi3_12-16Nhờ Trước Quên Sau",
      "count": 0,
      "isLeaf": null,
      "keyword": null,
      "hash": "U2FsdGVkX1+s+JZhQDecPZjtDE0q7fQfa4MUMzGNV+5OQqr9yeYfmcwLpaRg6629De+XIvhNqMrY3qmlAtPvcA==",
      "khash": "U2FsdGVkX1+m6gn3P1aFsPzfXZKYyFcv4kiyOgJ3uAUaEq4h3B5hFVRvGUq8zV+EiYhzhhuX/Lb2/LVnueIL8Q==",
      "viewCount": null,
      "duration": "28:34",
      "size": 27439430
    },
    {
      "id": "f174b0ac-cd98-4f64-a600-e86eab40f9bb",
      "pid": "8a087c0c-56bf-424d-821b-eb8336eb8970",
      "dblevel": 4,
      "location": "/VGMA/HocKinhThanhTheoSach/50.Phi-lipNT/15_Phi4_4-13NgayVuiKhongQuaMau",
      "isVideo": false,
      "url": "hoc-kinh-thanh-theo-sach.50--phi-lip-nt.15-phi4-4-13ngay-vui-khong-qua-mau",
      "name": "15_Phi4_4-13Ngày Vui Không Qua Mau",
      "count": 0,
      "isLeaf": null,
      "keyword": null,
      "hash": "U2FsdGVkX1/6CcoiUs9adNhHdwSooZVQLb6RHsbF3VwEMeOJ/r10I2JDAhHDyrhLobS/UZP8vu/3NrLW2n5Bfg==",
      "khash": "U2FsdGVkX18pU2cHn9U9BrDDuW5UJWlXhtEEayqCOHk8nZEc8GfIm4xV9QYHLci4bxHl/0fVCaGbR1L5sBCw+Q==",
      "viewCount": null,
      "duration": "43:51",
      "size": 42097263
    }
  ]
}