{
  "id": "d96c40f9-0764-4236-b6bc-b8e5647b6422",
  "pid": "afa5de99-dd6b-4831-aec4-9f6ca07ce118",
  "dblevel": 3,
  "location": "/VGMA/HuanLuyen/ChucVuChanBay-Ms.PhanVinhCu",
  "isVideo": false,
  "url": "huan-luyen.chuc-vu-chan-bay-ms-phan-vinh-cu",
  "name": "Chức Vụ Chăn Bầy-Ms.Phan Vĩnh Cự",
  "count": 3,
  "isLeaf": true,
  "keyword": null,
  "hash": null,
  "khash": null,
  "viewCount": null,
  "duration": null,
  "size": null,
  "children": [
    {
      "id": "f1533092-8998-4875-9267-6fbc4d73092a",
      "pid": "d96c40f9-0764-4236-b6bc-b8e5647b6422",
      "dblevel": 4,
      "location": "/VGMA/HuanLuyen/ChucVuChanBay-Ms.PhanVinhCu/ChucVuChanBay-01",
      "isVideo": false,
      "url": "huan-luyen.chuc-vu-chan-bay-ms-phan-vinh-cu.chuc-vu-chan-bay-01",
      "name": "Chức Vụ Chăn Bầy-01",
      "count": 0,
      "isLeaf": null,
      "keyword": null,
      "hash": "U2FsdGVkX1+L17VblwXiYg6N4320s6bZxW5EkVspBPlWocnMwDMR1sv2kqR45yXb2sNAbse3HQTxIk2oMSpUAQ==",
      "khash": null,
      "viewCount": null,
      "duration": "39:19",
      "size": 37752137
    },
    {
      "id": "83a5e57b-71dd-4f4a-bfa2-6df3cd0f10a1",
      "pid": "d96c40f9-0764-4236-b6bc-b8e5647b6422",
      "dblevel": 4,
      "location": "/VGMA/HuanLuyen/ChucVuChanBay-Ms.PhanVinhCu/ChucVuChanBay-02",
      "isVideo": false,
      "url": "huan-luyen.chuc-vu-chan-bay-ms-phan-vinh-cu.chuc-vu-chan-bay-02",
      "name": "Chức Vụ Chăn Bầy-02",
      "count": 0,
      "isLeaf": null,
      "keyword": null,
      "hash": "U2FsdGVkX18peD3ETTY46G7Mje0g0rDAtoj20DX6FKOW2YtvzOeiK6aAnV8V+S8AVVDKgo4Z/HeBm8ztXLCQ0g==",
      "khash": null,
      "viewCount": null,
      "duration": "35:45",
      "size": 34322364
    },
    {
      "id": "4bad1eb0-74c1-448a-b7da-9a5e9f663623",
      "pid": "d96c40f9-0764-4236-b6bc-b8e5647b6422",
      "dblevel": 4,
      "location": "/VGMA/HuanLuyen/ChucVuChanBay-Ms.PhanVinhCu/ChucVuChanBay-03",
      "isVideo": false,
      "url": "huan-luyen.chuc-vu-chan-bay-ms-phan-vinh-cu.chuc-vu-chan-bay-03",
      "name": "Chức Vụ Chăn Bầy-03",
      "count": 0,
      "isLeaf": null,
      "keyword": null,
      "hash": "U2FsdGVkX19Z1eA5aFvjFL+/Z4F789NXv1xNa2xkqpBz+pGx+GT8E1QVeVSkeSlRjgmslZh6wXSI5myv9l33iw==",
      "khash": null,
      "viewCount": null,
      "duration": "52:20",
      "size": 50247863
    }
  ]
}