{
  "id": "aacdbf12-1de4-4380-bb81-b29aa01264b2",
  "pid": "afa5de99-dd6b-4831-aec4-9f6ca07ce118",
  "dblevel": 3,
  "location": "/VGMA/HuanLuyen/GiangGiaiKinh-Ms.DangMinhTri",
  "isVideo": false,
  "url": "huan-luyen.giang-giai-kinh-ms-dang-minh-tri",
  "name": "Giảng Giải Kinh-Ms.Đặng Minh Trí",
  "count": 13,
  "isLeaf": true,
  "keyword": null,
  "hash": null,
  "khash": null,
  "viewCount": null,
  "duration": null,
  "size": null,
  "children": [
    {
      "id": "5e6bd491-1c87-45ce-8515-dc11449776b8",
      "pid": "aacdbf12-1de4-4380-bb81-b29aa01264b2",
      "dblevel": 4,
      "location": "/VGMA/HuanLuyen/GiangGiaiKinh-Ms.DangMinhTri/GiangGiaiKinh-01",
      "isVideo": false,
      "url": "huan-luyen.giang-giai-kinh-ms-dang-minh-tri.giang-giai-kinh-01",
      "name": "Giảng Giải Kinh-01",
      "count": 0,
      "isLeaf": null,
      "keyword": null,
      "hash": "U2FsdGVkX1+pSKynnyrru8cQeJ06yXbW0oEjOxzO9t/1XGEMqy/t5vpaaRbKVY7sJqybIgn62//s/dZbPmR8Gg==",
      "khash": null,
      "viewCount": null,
      "duration": "65:3",
      "size": 62457291
    },
    {
      "id": "16d561cd-5648-4a30-a74f-64e5731304e2",
      "pid": "aacdbf12-1de4-4380-bb81-b29aa01264b2",
      "dblevel": 4,
      "location": "/VGMA/HuanLuyen/GiangGiaiKinh-Ms.DangMinhTri/GiangGiaiKinh-02",
      "isVideo": false,
      "url": "huan-luyen.giang-giai-kinh-ms-dang-minh-tri.giang-giai-kinh-02",
      "name": "Giảng Giải Kinh-02",
      "count": 0,
      "isLeaf": null,
      "keyword": null,
      "hash": "U2FsdGVkX18XGOb9weoTnyLIBd8M6drhs2D+9Jnv2l7jvWCvOTVDoYQKpkjLDC4PlBpI9/bBxiDVJ3/Fddl8GQ==",
      "khash": "U2FsdGVkX19Lu05pvfDPznPWHUOFssgMtx2Nek/ZtoimXiOWwyR7HApt8bBkZQAN4ajbQETMf5s0VMyjz7nWZA==",
      "viewCount": null,
      "duration": "39:45",
      "size": 38166751
    },
    {
      "id": "5cea8282-affe-4088-944b-e8ec170c7d9c",
      "pid": "aacdbf12-1de4-4380-bb81-b29aa01264b2",
      "dblevel": 4,
      "location": "/VGMA/HuanLuyen/GiangGiaiKinh-Ms.DangMinhTri/GiangGiaiKinh-03",
      "isVideo": false,
      "url": "huan-luyen.giang-giai-kinh-ms-dang-minh-tri.giang-giai-kinh-03",
      "name": "Giảng Giải Kinh-03",
      "count": 0,
      "isLeaf": null,
      "keyword": null,
      "hash": "U2FsdGVkX194FK5j+Je9X5QEaCEIy/RMaqhSbWx5suV1JtBDdzR8XRfwQXvLerWi9KVBXVZs2r3vmhlLrX9jHA==",
      "khash": null,
      "viewCount": null,
      "duration": "64:10",
      "size": 61613843
    },
    {
      "id": "8107fc53-1937-4d9a-b504-79c8b27b395f",
      "pid": "aacdbf12-1de4-4380-bb81-b29aa01264b2",
      "dblevel": 4,
      "location": "/VGMA/HuanLuyen/GiangGiaiKinh-Ms.DangMinhTri/GiangGiaiKinh-04",
      "isVideo": false,
      "url": "huan-luyen.giang-giai-kinh-ms-dang-minh-tri.giang-giai-kinh-04",
      "name": "Giảng Giải Kinh-04",
      "count": 0,
      "isLeaf": null,
      "keyword": null,
      "hash": "U2FsdGVkX18KLoJX0Uk80mGXLb95/sMUmA1MXVvrhm2pkNGVSkBlPTPWfm7A4+LFD6kzlpGulIsrDmVXyYpsyQ==",
      "khash": null,
      "viewCount": null,
      "duration": "45:45",
      "size": 43936677
    },
    {
      "id": "d62612b8-e8b2-471c-a781-61556791efb1",
      "pid": "aacdbf12-1de4-4380-bb81-b29aa01264b2",
      "dblevel": 4,
      "location": "/VGMA/HuanLuyen/GiangGiaiKinh-Ms.DangMinhTri/GiangGiaiKinh-05",
      "isVideo": false,
      "url": "huan-luyen.giang-giai-kinh-ms-dang-minh-tri.giang-giai-kinh-05",
      "name": "Giảng Giải Kinh-05",
      "count": 0,
      "isLeaf": null,
      "keyword": null,
      "hash": "U2FsdGVkX1+aoW7tgxYr/smTqH6jETb+KPCgtDSBI4gURvyRn7A15uM0lPXDEth8o7M5B3L4UmiOmdSibKlHyw==",
      "khash": "U2FsdGVkX19anYEFBGhp7J0ZpEfSf1WIn0yhIPRdXMVp4CAfE0fVKjZ+Kw+3ljgF883i6OXWCBgiMXPEHi+JQw==",
      "viewCount": null,
      "duration": "68:50",
      "size": 66083081
    },
    {
      "id": "60e6fad5-93a4-4dc8-8b69-96b905acefed",
      "pid": "aacdbf12-1de4-4380-bb81-b29aa01264b2",
      "dblevel": 4,
      "location": "/VGMA/HuanLuyen/GiangGiaiKinh-Ms.DangMinhTri/GiangGiaiKinh-06",
      "isVideo": false,
      "url": "huan-luyen.giang-giai-kinh-ms-dang-minh-tri.giang-giai-kinh-06",
      "name": "Giảng Giải Kinh-06",
      "count": 0,
      "isLeaf": null,
      "keyword": null,
      "hash": "U2FsdGVkX19dd/mtWr/5XTApI86Rj8eUOUuES3jrOcimew3Hl4yoDOriC+FNfOBe8/gtkmzaLcQp+e4XBhEo5g==",
      "khash": "U2FsdGVkX19IZxbHmlYTpisqbuQ3dJbro3mg4FUlUc6bWPOe5c6NSz6rSQsR0pafbqeOxDC4WwGq61mr2hKPVQ==",
      "viewCount": null,
      "duration": "16:2",
      "size": 15405530
    },
    {
      "id": "f6ef1aa2-d612-4698-9872-21250b872250",
      "pid": "aacdbf12-1de4-4380-bb81-b29aa01264b2",
      "dblevel": 4,
      "location": "/VGMA/HuanLuyen/GiangGiaiKinh-Ms.DangMinhTri/GiangGiaiKinh-07",
      "isVideo": false,
      "url": "huan-luyen.giang-giai-kinh-ms-dang-minh-tri.giang-giai-kinh-07",
      "name": "Giảng Giải Kinh-07",
      "count": 0,
      "isLeaf": null,
      "keyword": null,
      "hash": "U2FsdGVkX19d9yZXpYY7RLS4UgOEYEWYdqqWuSgswZ4WXqrp49wCUe4Mpztm8Z8mqbRSRMJCuJkLGkooq4m4zA==",
      "khash": "U2FsdGVkX1+34QFgGNhu5GkMxy85bI8ym8RWmnlcEPumQlEu9ey6+v43/pPmXfpoxl+CRfbARPLDR71wedEulw==",
      "viewCount": null,
      "duration": "65:27",
      "size": 62848077
    },
    {
      "id": "04e2be79-9fe7-4623-ba46-54dd784f3829",
      "pid": "aacdbf12-1de4-4380-bb81-b29aa01264b2",
      "dblevel": 4,
      "location": "/VGMA/HuanLuyen/GiangGiaiKinh-Ms.DangMinhTri/GiangGiaiKinh-08",
      "isVideo": false,
      "url": "huan-luyen.giang-giai-kinh-ms-dang-minh-tri.giang-giai-kinh-08",
      "name": "Giảng Giải Kinh-08",
      "count": 0,
      "isLeaf": null,
      "keyword": null,
      "hash": "U2FsdGVkX18XeTnGuk/PaZvCtaMvVK6BPkndtVWKBkz+iOuUsCxbfbtKupcFsFDfBEq8Td70uz3EEmzQ97OEyw==",
      "khash": "U2FsdGVkX18j+unZmkJL8QQcJlMdtADUJvhZ9GRh44IS+pjSgJqK7g2YgpTXJkNMkM0bL0FfexWmHebTFXydaQ==",
      "viewCount": null,
      "duration": "61:56",
      "size": 59463025
    },
    {
      "id": "0c2f9fd3-3604-4fd2-b6de-450bd8b814cf",
      "pid": "aacdbf12-1de4-4380-bb81-b29aa01264b2",
      "dblevel": 4,
      "location": "/VGMA/HuanLuyen/GiangGiaiKinh-Ms.DangMinhTri/GiangGiaiKinh-09",
      "isVideo": false,
      "url": "huan-luyen.giang-giai-kinh-ms-dang-minh-tri.giang-giai-kinh-09",
      "name": "Giảng Giải Kinh-09",
      "count": 0,
      "isLeaf": null,
      "keyword": null,
      "hash": "U2FsdGVkX1/0iUFeENNN9gosXOoYE9gFJHDT9VRyFQnPSUxnbZyaeKRWzeLEZ38/vsn9XByjP+jNBOaEtcTUaw==",
      "khash": "U2FsdGVkX1+kGgy0UBSCm0nkMtoZnLHNcVRV8jV7yXHrorf2LAV9e1Y5JF49FxuwEhfxgmwG5i8wM7nbQbnCmw==",
      "viewCount": null,
      "duration": "61:40",
      "size": 59207652
    },
    {
      "id": "ba33b444-39d1-4349-9c26-20ce630d4436",
      "pid": "aacdbf12-1de4-4380-bb81-b29aa01264b2",
      "dblevel": 4,
      "location": "/VGMA/HuanLuyen/GiangGiaiKinh-Ms.DangMinhTri/GiangGiaiKinh-10",
      "isVideo": false,
      "url": "huan-luyen.giang-giai-kinh-ms-dang-minh-tri.giang-giai-kinh-10",
      "name": "Giảng Giải Kinh-10",
      "count": 0,
      "isLeaf": null,
      "keyword": null,
      "hash": "U2FsdGVkX18F/Fd0vwuj0JXI2n1pjdCI4XQDYdK4q4tRgobY2/LvqU+qXj292LdNqa1X2fd+3Sy3D4H1B4RFRA==",
      "khash": "U2FsdGVkX18YSdoj2o3Fe6rUoG6RVJFPBndXabBqvQFa0NepeHw0kh0i2TAO9HE+n6EC+EU+FtKn9XYESLhuVQ==",
      "viewCount": null,
      "duration": "71:32",
      "size": 68681115
    },
    {
      "id": "41759167-d35a-459b-aa51-6c1eb33c3c7e",
      "pid": "aacdbf12-1de4-4380-bb81-b29aa01264b2",
      "dblevel": 4,
      "location": "/VGMA/HuanLuyen/GiangGiaiKinh-Ms.DangMinhTri/GiangGiaiKinh-11",
      "isVideo": false,
      "url": "huan-luyen.giang-giai-kinh-ms-dang-minh-tri.giang-giai-kinh-11",
      "name": "Giảng Giải Kinh-11",
      "count": 0,
      "isLeaf": null,
      "keyword": null,
      "hash": "U2FsdGVkX1/8HTBSpl/cdcobrl7b/rFb2Zg9i5WGaJWXdKnqgL6KpfY4lfMn6U23a3/fGO+KfhSXlKHo8XGtnw==",
      "khash": "U2FsdGVkX1/rbQaSdBhBMLndOsr1R5btQCAy+wIqbf5nkuBp8NcMdfcoAxPuN+oQHlngf+Y+C0hD8FnvFmvDaw==",
      "viewCount": null,
      "duration": "43:33",
      "size": 41815535
    },
    {
      "id": "4308342b-ef8a-4a59-a21e-d576f24a7c12",
      "pid": "aacdbf12-1de4-4380-bb81-b29aa01264b2",
      "dblevel": 4,
      "location": "/VGMA/HuanLuyen/GiangGiaiKinh-Ms.DangMinhTri/GiangGiaiKinh-12",
      "isVideo": false,
      "url": "huan-luyen.giang-giai-kinh-ms-dang-minh-tri.giang-giai-kinh-12",
      "name": "Giảng Giải Kinh-12",
      "count": 0,
      "isLeaf": null,
      "keyword": null,
      "hash": "U2FsdGVkX1/nnv865DUcdN4f2sNlRynkY8JKQ44LWBupvz1ngMXBi3+yF4GO/peMDFMnF+NnI89a8XnUNLGylA==",
      "khash": "U2FsdGVkX18RZHOVVwvlfZ5GISzO/rFRDfm/0GCf2uM46nHZ2F5Zr/yHMw17XRC1uwfbWMKbILH4GlcBERXa8A==",
      "viewCount": null,
      "duration": "61:37",
      "size": 59174202
    },
    {
      "id": "00d088bc-ea0c-488f-8360-2cf8ecde4afe",
      "pid": "aacdbf12-1de4-4380-bb81-b29aa01264b2",
      "dblevel": 4,
      "location": "/VGMA/HuanLuyen/GiangGiaiKinh-Ms.DangMinhTri/GiangGiaiKinh-13",
      "isVideo": false,
      "url": "huan-luyen.giang-giai-kinh-ms-dang-minh-tri.giang-giai-kinh-13",
      "name": "Giảng Giải Kinh-13",
      "count": 0,
      "isLeaf": null,
      "keyword": null,
      "hash": "U2FsdGVkX19FhWk6Mo51Ik4NtUJ9z1evE2VQklAxr3kyLVGU3LpArZiAIio6NcyqyjRyMts5fs/56ZwDeOb8PA==",
      "khash": "U2FsdGVkX1/O25gKzWJZCWbmkPW21FRsYKoNxNBEVVMP7UWm1ESOWgdQsXC2cZcezmSnOesCRolt5gDwL/nE/Q==",
      "viewCount": null,
      "duration": "63:21",
      "size": 60828498
    }
  ]
}