{
  "id": "fd7819da-0fc8-4194-8c1f-0838ba0b723d",
  "pid": "d0972ec6-d9c9-4bc3-a6f4-316e8f5341bf",
  "dblevel": 3,
  "location": "/VGMA/Kich/ChuaCuuTheGie-xu",
  "isVideo": false,
  "url": "kich.chua-cuu-the-gie-xu",
  "name": "Chúa Cứu Thế Giê-xu",
  "count": 15,
  "isLeaf": true,
  "keyword": null,
  "hash": null,
  "khash": null,
  "viewCount": null,
  "duration": null,
  "size": null,
  "children": [
    {
      "id": "0e6e5ed2-9ec9-4cfc-a6c0-91b00dcea30c",
      "pid": "fd7819da-0fc8-4194-8c1f-0838ba0b723d",
      "dblevel": 4,
      "location": "/VGMA/Kich/ChuaCuuTheGie-xu/01-LoiHuaVeDangCuuThe",
      "isVideo": false,
      "url": "kich.chua-cuu-the-gie-xu.01-loi-hua-ve-dang-cuu-the",
      "name": "01-Lời Hứa Về Đấng Cứu Thế",
      "count": 0,
      "isLeaf": null,
      "keyword": null,
      "hash": "U2FsdGVkX185Hl6oAVEPvAJSNZq5GzgKGzbxpBG6K65vwn8417DbzYJjGVcYZuAV0/yHjjyRlK0w+vkSDQQuGw==",
      "khash": null,
      "viewCount": null,
      "duration": "23:53",
      "size": 22939612
    },
    {
      "id": "12c0bdd5-607c-4706-a588-ba84d2403229",
      "pid": "fd7819da-0fc8-4194-8c1f-0838ba0b723d",
      "dblevel": 4,
      "location": "/VGMA/Kich/ChuaCuuTheGie-xu/02-MeCuaChuaGie-xu",
      "isVideo": false,
      "url": "kich.chua-cuu-the-gie-xu.02-me-cua-chua-gie-xu",
      "name": "02-Mẹ Của Chúa Giê-xu",
      "count": 0,
      "isLeaf": null,
      "keyword": null,
      "hash": "U2FsdGVkX19gkaZmSDzEPV9vNZOUrmYotKpjLBGBRqlIMz5Ly+YEl46Aap9NWSM3AQIfQo2lJp3XDzDZc612aQ==",
      "khash": null,
      "viewCount": null,
      "duration": "17:20",
      "size": 16654300
    },
    {
      "id": "354f57ee-65a3-4172-a2cd-443e659dfed0",
      "pid": "fd7819da-0fc8-4194-8c1f-0838ba0b723d",
      "dblevel": 4,
      "location": "/VGMA/Kich/ChuaCuuTheGie-xu/03-SuGiangSinhCuaChuaGie-xu",
      "isVideo": false,
      "url": "kich.chua-cuu-the-gie-xu.03-su-giang-sinh-cua-chua-gie-xu",
      "name": "03-Sự Giáng Sinh Của Chúa Giê-xu",
      "count": 0,
      "isLeaf": null,
      "keyword": null,
      "hash": "U2FsdGVkX1+CJVe6PLRNZX0dc3nfTzYU/I0TQM/Kl1mA9ymkIriT72e30JHYO/UC9zjcIlQoS0R/Kk38n+w8JA==",
      "khash": "U2FsdGVkX1+1WeyIfrYlzEgrOdSo0w/1Tg75637G6Hib3YAZqyQxznEABBoaRY/55+a00QVqMPppZKb1al50zQ==",
      "viewCount": null,
      "duration": "19:17",
      "size": 18527452
    },
    {
      "id": "40e5ff71-85f4-4b25-b7d1-dc56ee1f9eba",
      "pid": "fd7819da-0fc8-4194-8c1f-0838ba0b723d",
      "dblevel": 4,
      "location": "/VGMA/Kich/ChuaCuuTheGie-xu/04-GiangBap-tit",
      "isVideo": false,
      "url": "kich.chua-cuu-the-gie-xu.04-giang-bap-tit",
      "name": "04-Giăng Báp-tít",
      "count": 0,
      "isLeaf": null,
      "keyword": null,
      "hash": "U2FsdGVkX1/eQCa8G2ykCNOdMxIVQPMiXoTLvjXOV5tS7hjFiOqr/b9hDHH+IVZ83GzYg1gjXcL8U5GpJweI6w==",
      "khash": null,
      "viewCount": null,
      "duration": "22:11",
      "size": 21297244
    },
    {
      "id": "22e3c76a-9552-4b21-845c-f50c8e1b70cf",
      "pid": "fd7819da-0fc8-4194-8c1f-0838ba0b723d",
      "dblevel": 4,
      "location": "/VGMA/Kich/ChuaCuuTheGie-xu/05-ChuaGie-xuBatDauChucVu",
      "isVideo": false,
      "url": "kich.chua-cuu-the-gie-xu.05-chua-gie-xu-bat-dau-chuc-vu",
      "name": "05-Chúa Giê-xu Bắt Đầu Chức Vụ",
      "count": 0,
      "isLeaf": null,
      "keyword": null,
      "hash": "U2FsdGVkX1/VeRR6grHOqTxi3QHFurChCSWt8i+3At0XVHh2v16sxLI2V2l8sdljJT/eoytVaLLfgE+yFn0TkA==",
      "khash": null,
      "viewCount": null,
      "duration": "20:4",
      "size": 19265500
    },
    {
      "id": "58695a75-2d72-4bf9-a568-8a343ded6fe3",
      "pid": "fd7819da-0fc8-4194-8c1f-0838ba0b723d",
      "dblevel": 4,
      "location": "/VGMA/Kich/ChuaCuuTheGie-xu/06-ChuaGie-xuChamSocMonDo",
      "isVideo": false,
      "url": "kich.chua-cuu-the-gie-xu.06-chua-gie-xu-cham-soc-mon-do",
      "name": "06-Chúa Giê-xu Chăm Sóc Môn Đồ",
      "count": 0,
      "isLeaf": null,
      "keyword": null,
      "hash": "U2FsdGVkX18DPHkIKfyVzS+lncOfJjxR00xVU7WLmI6Hj8V2yb9lRpOTPn4LYqb27sS/Yyi5nwE0lGtzMR19HQ==",
      "khash": null,
      "viewCount": null,
      "duration": "22:14",
      "size": 21354076
    },
    {
      "id": "a51a3580-34ee-45e7-8f94-8f267a22e53e",
      "pid": "fd7819da-0fc8-4194-8c1f-0838ba0b723d",
      "dblevel": 4,
      "location": "/VGMA/Kich/ChuaCuuTheGie-xu/07-ChuaChuaLanhNguoiBai",
      "isVideo": false,
      "url": "kich.chua-cuu-the-gie-xu.07-chua-chua-lanh-nguoi-bai",
      "name": "07-Chúa Chữa Lành Người Bại",
      "count": 0,
      "isLeaf": null,
      "keyword": null,
      "hash": "U2FsdGVkX1/PyzARam7VIUG+3cOz71VH8WkdPPRr0Clt8MMA3jMQQXNL+doYutwte5orkdjc3gTvJ1OnzbzZ4Q==",
      "khash": null,
      "viewCount": null,
      "duration": "16:4",
      "size": 15434716
    },
    {
      "id": "32c5f975-e645-488c-b133-ecff2ddb7c38",
      "pid": "fd7819da-0fc8-4194-8c1f-0838ba0b723d",
      "dblevel": 4,
      "location": "/VGMA/Kich/ChuaCuuTheGie-xu/08-ChuaGie-xuVaNguoiPhung",
      "isVideo": false,
      "url": "kich.chua-cuu-the-gie-xu.08-chua-gie-xu-va-nguoi-phung",
      "name": "08-Chúa Giê-xu Và Người Phung",
      "count": 0,
      "isLeaf": null,
      "keyword": null,
      "hash": "U2FsdGVkX1+4dHCM1+cUQXYj01uqN74jExNeMTccQ5PlzfVI5C964Y1hjDXs8JYmIj4N1dhOSg/5X5CTfJW8Zg==",
      "khash": "U2FsdGVkX19U5zVuavbd9bXokZrRShUGg9YVMeV4Umplu76G4orjQtx7mcwPhkm82jFMEaP0FeCvayhQrZjQZw==",
      "viewCount": null,
      "duration": "20:29",
      "size": 19669468
    },
    {
      "id": "fa83360d-b68c-4cde-993d-b25dee421087",
      "pid": "fd7819da-0fc8-4194-8c1f-0838ba0b723d",
      "dblevel": 4,
      "location": "/VGMA/Kich/ChuaCuuTheGie-xu/09-ChuaGie-xuHoaHinh",
      "isVideo": false,
      "url": "kich.chua-cuu-the-gie-xu.09-chua-gie-xu-hoa-hinh",
      "name": "09-Chúa Giê-xu Hóa Hình",
      "count": 0,
      "isLeaf": null,
      "keyword": null,
      "hash": "U2FsdGVkX1+yRsW6YlvwsodlSQxPcWcIDJbZAvfyQkrdcxkz2NDfd05+C/ltOCX802Kh4erGyLWbbRtnE2EQqg==",
      "khash": null,
      "viewCount": null,
      "duration": "20:59",
      "size": 20146780
    },
    {
      "id": "b447b179-7bad-4bd0-9ad0-e4589efda6b5",
      "pid": "fd7819da-0fc8-4194-8c1f-0838ba0b723d",
      "dblevel": 4,
      "location": "/VGMA/Kich/ChuaCuuTheGie-xu/10-SuSongLaiCuaLa-xa-ro",
      "isVideo": false,
      "url": "kich.chua-cuu-the-gie-xu.10-su-song-lai-cua-la-xa-ro",
      "name": "10-Sự Sống Lại Của La-xa-rơ",
      "count": 0,
      "isLeaf": null,
      "keyword": null,
      "hash": "U2FsdGVkX1/sd3cx9cSnSdjp/3yAxKJsN+9ybnB6CLqg0NNZ8dO0g4mz2c3sa/zqjE+vbEFIT3heP1RdPcwI/g==",
      "khash": "U2FsdGVkX1+pTN0fLqBFbFAiUrcxUaTeroyhX4kyn0t2Tf4XuYpu3H6G5w5e3ALBfW188fhhk26A45iBBOwdXA==",
      "viewCount": null,
      "duration": "19:56",
      "size": 19139548
    },
    {
      "id": "aad0a607-5e54-4f62-bfe8-6fada1b74cd0",
      "pid": "fd7819da-0fc8-4194-8c1f-0838ba0b723d",
      "dblevel": 4,
      "location": "/VGMA/Kich/ChuaCuuTheGie-xu/11-NhungNhaCamQuyenChongLaiChua",
      "isVideo": false,
      "url": "kich.chua-cuu-the-gie-xu.11-nhung-nha-cam-quyen-chong-lai-chua",
      "name": "11-Những Nhà Cầm Quyền Chống Lại Chúa",
      "count": 0,
      "isLeaf": null,
      "keyword": null,
      "hash": "U2FsdGVkX18MQnJ0+oVRcyinLb/PhKxYmMNdSXC+TVvcUWZFV/dnZvzQuOq3OQ8kzVcBxfb+xACz4Amnt2qZdA==",
      "khash": "U2FsdGVkX1/1/q8sZYgga74aGpuf95kRYwU7xbw+ArGLa2pgAOplek+2AL9BPrDQ/DG1aHkH90OiOeWEMiDOmg==",
      "viewCount": null,
      "duration": "23:28",
      "size": 22539868
    },
    {
      "id": "b7af2775-a598-4a33-b49d-d39aea0b22e1",
      "pid": "fd7819da-0fc8-4194-8c1f-0838ba0b723d",
      "dblevel": 4,
      "location": "/VGMA/Kich/ChuaCuuTheGie-xu/12-BuaAnToiCuaChuaGie-xu",
      "isVideo": false,
      "url": "kich.chua-cuu-the-gie-xu.12-bua-an-toi-cua-chua-gie-xu",
      "name": "12-Bữa Ăn Tối Của Chúa Giê-xu",
      "count": 0,
      "isLeaf": null,
      "keyword": null,
      "hash": "U2FsdGVkX1/JZKa5pQ8mnIQltestnkArALNSmr9UQVIyjeQAci8P8y4voo744PioqsdlqR48sHLWogOGI2gUDA==",
      "khash": "U2FsdGVkX19tLXT6+RPfagzcdYD6+FcZh9YluqAv0tz4QwebxELP1kAwYVQ6da5B4g2d1Ri9uro54iKMdXbF/w==",
      "viewCount": null,
      "duration": "23:59",
      "size": 23038684
    },
    {
      "id": "72527ae9-aecb-447c-a6a4-b0ae62737231",
      "pid": "fd7819da-0fc8-4194-8c1f-0838ba0b723d",
      "dblevel": 4,
      "location": "/VGMA/Kich/ChuaCuuTheGie-xu/13-ViecXetXuVaDongDinhChua",
      "isVideo": false,
      "url": "kich.chua-cuu-the-gie-xu.13-viec-xet-xu-va-dong-dinh-chua",
      "name": "13-Việc Xét Xử Và Đóng Đinh Chúa",
      "count": 0,
      "isLeaf": null,
      "keyword": null,
      "hash": "U2FsdGVkX18P3X7U+toMnAwDTYwZDWCrsB4a2RNQ9dRMvyDNIJ0kscCFq/LfL6ZRZy6uPRyLMwn8s0pGFUP0LQ==",
      "khash": "U2FsdGVkX1+x/4YhAyutnnVISGTQM5mBHm8OYS3B5/vkZ3lziIPkBXWucKvrRcdz1AErmdgqNyYdUOfyPwCHQw==",
      "viewCount": null,
      "duration": "25:1",
      "size": 24021724
    },
    {
      "id": "77302f4d-610c-4387-a831-4c3a500e5865",
      "pid": "fd7819da-0fc8-4194-8c1f-0838ba0b723d",
      "dblevel": 4,
      "location": "/VGMA/Kich/ChuaCuuTheGie-xu/14-SuSongLaiCuaChuaGie-xu",
      "isVideo": false,
      "url": "kich.chua-cuu-the-gie-xu.14-su-song-lai-cua-chua-gie-xu",
      "name": "14-Sự Sống Lại Của Chúa Giê-xu",
      "count": 0,
      "isLeaf": null,
      "keyword": null,
      "hash": "U2FsdGVkX1+lvA2u3XvIQuYp9o8fdKmeJcQ5fK5gNHrpKmir8JqkH3yzIxXWaydcJ+i8BNy0KtyE1tXMgTG2ng==",
      "khash": null,
      "viewCount": null,
      "duration": "22:33",
      "size": 21648604
    },
    {
      "id": "1ce34fc3-f633-4158-938d-6e9c421eb29b",
      "pid": "fd7819da-0fc8-4194-8c1f-0838ba0b723d",
      "dblevel": 4,
      "location": "/VGMA/Kich/ChuaCuuTheGie-xu/15-DaiMangLenhVaSuThangThiengCuaChuaGie-xu",
      "isVideo": false,
      "url": "kich.chua-cuu-the-gie-xu.15-dai-mang-lenh-va-su-thang-thieng-cua-chua-gie-xu",
      "name": "15-Đại Mạng Lệnh Và Sự Thăng Thiêng Của Chúa Giê-xu",
      "count": 0,
      "isLeaf": null,
      "keyword": null,
      "hash": "U2FsdGVkX1+L01HLpl6HzK4QSMX+WW15HYdBP17/aw5YDLeKsTc/gEmjDc8FLlHWoQWc0Yyle1T8wMhnT2LSdw==",
      "khash": "U2FsdGVkX19ToK4eLa5O4jVnMB1jgdwkPzccYW+IPyFGzEQWLEwlb0E2j7f3+d9SBP11xCwBsTppRoMM1Izf+A==",
      "viewCount": null,
      "duration": "21:33",
      "size": 20689372
    }
  ]
}