{
  "id": "ba7bc466-9849-40c1-a3ab-025162445c26",
  "pid": "d0972ec6-d9c9-4bc3-a6f4-316e8f5341bf",
  "dblevel": 3,
  "location": "/VGMA/Kich/ChuaCuuTheGie-xuQuyenNang",
  "isVideo": false,
  "url": "kich.chua-cuu-the-gie-xu-quyen-nang",
  "name": "Chúa Cứu Thế Giê-xu Quyền Năng",
  "count": 8,
  "isLeaf": true,
  "keyword": null,
  "hash": null,
  "khash": null,
  "viewCount": null,
  "duration": null,
  "size": null,
  "children": [
    {
      "id": "4c6afde5-8622-4983-bc6e-dc9585d04bf5",
      "pid": "ba7bc466-9849-40c1-a3ab-025162445c26",
      "dblevel": 4,
      "location": "/VGMA/Kich/ChuaCuuTheGie-xuQuyenNang/01_KhiNuocHoaThanhRuou",
      "isVideo": false,
      "url": "kich.chua-cuu-the-gie-xu-quyen-nang.01-khi-nuoc-hoa-thanh-ruou",
      "name": "01_Khi Nước Hóa Thành Rượu",
      "count": 0,
      "isLeaf": null,
      "keyword": null,
      "hash": "U2FsdGVkX18gwN9I8LTj4aZMU7lkGyGglU9V7P+Raf9o1+YGSzwW4I7Ll+zckcZEmEzOm/3AEPZKqCklFTERMg==",
      "khash": "U2FsdGVkX18tmZZ3ge4/toAChkC6sxDZcKs1Tr2DVf+rmfQHPRQVk+Cr9TM/CrUPPOhWMXlOEIGt/y9mOm6yIA==",
      "viewCount": null,
      "duration": "29:26",
      "size": 28262144
    },
    {
      "id": "cc026aa6-b296-45f8-b3ed-c3630cb40b25",
      "pid": "ba7bc466-9849-40c1-a3ab-025162445c26",
      "dblevel": 4,
      "location": "/VGMA/Kich/ChuaCuuTheGie-xuQuyenNang/02_BatNgoTrongTangLe",
      "isVideo": false,
      "url": "kich.chua-cuu-the-gie-xu-quyen-nang.02-bat-ngo-trong-tang-le",
      "name": "02_Bất Ngờ Trong Tang Lễ",
      "count": 0,
      "isLeaf": null,
      "keyword": null,
      "hash": "U2FsdGVkX18fimmd3Er9dpFSXm3QwiP4G22Fwtie+t1H0fXHSd7ealv7IQ7viG8kn40U0S6PJ4CKLCjKMTKFOw==",
      "khash": null,
      "viewCount": null,
      "duration": "30:1",
      "size": 28825856
    },
    {
      "id": "ed72e0c9-bcd0-44b6-ba17-0c9cad3725a7",
      "pid": "ba7bc466-9849-40c1-a3ab-025162445c26",
      "dblevel": 4,
      "location": "/VGMA/Kich/ChuaCuuTheGie-xuQuyenNang/03_ChuaGie-xuLamYenConBao",
      "isVideo": false,
      "url": "kich.chua-cuu-the-gie-xu-quyen-nang.03-chua-gie-xu-lam-yen-con-bao",
      "name": "03_Chúa Giê-xu Làm Yên Cơn Bão",
      "count": 0,
      "isLeaf": null,
      "keyword": null,
      "hash": "U2FsdGVkX18KhIzBGecelJ73Sxr3dwbjGXPLm/YfJzfv2vhch655n61fKMdToYa+0g/8KxrlUWK1EGtsDZq8Bw==",
      "khash": "U2FsdGVkX1+iQF9/n2WjhhlRZN5K0OjmG+7vWeR6Cw96AkfHoNuDJyTWrXebmFAIPxMlRASpwgyH+bkxDlaUrA==",
      "viewCount": null,
      "duration": "25:48",
      "size": 24782720
    },
    {
      "id": "5fa0e9b3-227c-462c-ac78-c69a9a32eaf8",
      "pid": "ba7bc466-9849-40c1-a3ab-025162445c26",
      "dblevel": 4,
      "location": "/VGMA/Kich/ChuaCuuTheGie-xuQuyenNang/04_SuDungChamCuaChua",
      "isVideo": false,
      "url": "kich.chua-cuu-the-gie-xu-quyen-nang.04-su-dung-cham-cua-chua",
      "name": "04_Sự Đụng Chạm Của Chúa",
      "count": 0,
      "isLeaf": null,
      "keyword": null,
      "hash": "U2FsdGVkX1/pYM2mkKGIotmnarcqvJAbHYdTd1cOaOZfrBs4oKDgpgT/lqmX6dg5RZ0O5zl8v5jKoCGuPiYnaw==",
      "khash": "U2FsdGVkX19jJhfo+bD8vPUJr98D6tFEVpc2sL9vbZ/KTTlKgs7PIjph4Q3XPhmOmPwwQ2To2h8vksbl0WK8MQ==",
      "viewCount": null,
      "duration": "30:25",
      "size": 29202176
    },
    {
      "id": "b612cf4e-3af7-4d31-873b-a124ca22894e",
      "pid": "ba7bc466-9849-40c1-a3ab-025162445c26",
      "dblevel": 4,
      "location": "/VGMA/Kich/ChuaCuuTheGie-xuQuyenNang/05_MotTuiThucAnVa5000Nguoi",
      "isVideo": false,
      "url": "kich.chua-cuu-the-gie-xu-quyen-nang.05-mot-tui-thuc-an-va-5000-nguoi",
      "name": "05_Một Túi Thức Ăn Và 5000 Người",
      "count": 0,
      "isLeaf": null,
      "keyword": null,
      "hash": "U2FsdGVkX1/ksDYRADkfxJY5vnmTv4Ov5W2dz1y077mI8Nze25bzBMnX6nCPfcNd1PUC8Dv5zbNUIfBpMbKh4Q==",
      "khash": "U2FsdGVkX18lAuFJy4FjX+CfWY4dekV7wc3h40Yfkw6YJlitMTZ7wM29/E9FYXPtI9noRA9klU49hVN9+083Kw==",
      "viewCount": null,
      "duration": "30:8",
      "size": 28938752
    },
    {
      "id": "4db33107-8951-4956-ad77-cba3e3358caf",
      "pid": "ba7bc466-9849-40c1-a3ab-025162445c26",
      "dblevel": 4,
      "location": "/VGMA/Kich/ChuaCuuTheGie-xuQuyenNang/06_ChuaGie-xuDiTrenMatNuoc",
      "isVideo": false,
      "url": "kich.chua-cuu-the-gie-xu-quyen-nang.06-chua-gie-xu-di-tren-mat-nuoc",
      "name": "06_Chúa Giê-xu Đi Trên Mặt Nước",
      "count": 0,
      "isLeaf": null,
      "keyword": null,
      "hash": "U2FsdGVkX19SfTaVi3S+1kQeUxJRIIUvEPwbp7HQFXw5kCd+XDxeaYruIxs6gVCeweQrCR81CZrwzn1+QvPlCw==",
      "khash": null,
      "viewCount": null,
      "duration": "28:26",
      "size": 27307904
    },
    {
      "id": "23038928-301e-4f16-b6b9-664fb8575447",
      "pid": "ba7bc466-9849-40c1-a3ab-025162445c26",
      "dblevel": 4,
      "location": "/VGMA/Kich/ChuaCuuTheGie-xuQuyenNang/07_BuaAnCho4000Nguoi",
      "isVideo": false,
      "url": "kich.chua-cuu-the-gie-xu-quyen-nang.07-bua-an-cho-4000-nguoi",
      "name": "07_Bữa Ăn Cho 4000 Người",
      "count": 0,
      "isLeaf": null,
      "keyword": null,
      "hash": "U2FsdGVkX18/I+i8U3h1OmNPRwxGRmN2AmeyLMVrVyWCs6TMgC3F7iK3IW/Eu3WsCoVU2n1yk5lCfZjRqnrz2g==",
      "khash": "U2FsdGVkX18sqftVFuXyP/OItUpQmRwT/hmQAfpjICA9pMAdee+mZgW72WXbtP8Vu+zVszmxqib3U0SrZjb/7Q==",
      "viewCount": null,
      "duration": "34:34",
      "size": 33198848
    },
    {
      "id": "36855092-f9d6-49c0-84b3-98942001e827",
      "pid": "ba7bc466-9849-40c1-a3ab-025162445c26",
      "dblevel": 4,
      "location": "/VGMA/Kich/ChuaCuuTheGie-xuQuyenNang/08_ChuaGie-xuGoiLa-xa-roSongLai",
      "isVideo": false,
      "url": "kich.chua-cuu-the-gie-xu-quyen-nang.08-chua-gie-xu-goi-la-xa-ro-song-lai",
      "name": "08_Chúa Giê-xu Gọi La-xa-rơ Sống Lại",
      "count": 0,
      "isLeaf": null,
      "keyword": null,
      "hash": "U2FsdGVkX1+FM9W0Vzd+uq0llkvN7i2l+sy82B5sWNjBGuxwFHKhDjkKY9QeIWR//5V+JvIx5rh73wLWnrgvzQ==",
      "khash": "U2FsdGVkX19ZyLHOZ/m58q65zXCpszl5i+gisQWkjM4WottB/AsZt4Jr/Mnx8takX78I1/WDfffbljGOL0c7dw==",
      "viewCount": null,
      "duration": "29:44",
      "size": 28548608
    }
  ]
}