{
  "id": "978b801d-3bf6-44ad-9fa0-9595fce55f96",
  "pid": "d0972ec6-d9c9-4bc3-a6f4-316e8f5341bf",
  "dblevel": 3,
  "location": "/VGMA/Kich/GapChuaGie-xu",
  "isVideo": false,
  "url": "kich.gap-chua-gie-xu",
  "name": "Gặp Chúa Giê-xu",
  "count": 10,
  "isLeaf": true,
  "keyword": null,
  "hash": null,
  "khash": null,
  "viewCount": null,
  "duration": null,
  "size": null,
  "children": [
    {
      "id": "07d50d39-7529-4050-9013-1fb7755515d3",
      "pid": "978b801d-3bf6-44ad-9fa0-9595fce55f96",
      "dblevel": 4,
      "location": "/VGMA/Kich/GapChuaGie-xu/01_DoiTruongThanhCabenaum",
      "isVideo": false,
      "url": "kich.gap-chua-gie-xu.01-doi-truong-thanh-cabenaum",
      "name": "01_Đội Trưởng Thành Cabenaum",
      "count": 0,
      "isLeaf": null,
      "keyword": null,
      "hash": "U2FsdGVkX19rVJvkOn6IjrYZde6t8l0VZfg9i9lNjHtB4WfQ82XHjFvvOP8ryxo2SgJrn0/k09jZjs12w2x30A==",
      "khash": "U2FsdGVkX1+aAm8+kDErBK3DuKBChXKfxm1Krug64MXAVI2tHwIhgk4uoMO6/QB6xwqjaHkKnxMbd2B62wECOA==",
      "viewCount": null,
      "duration": "16:38",
      "size": 15980378
    },
    {
      "id": "e7c8feee-2d37-412f-8713-b2f314d7702f",
      "pid": "978b801d-3bf6-44ad-9fa0-9595fce55f96",
      "dblevel": 4,
      "location": "/VGMA/Kich/GapChuaGie-xu/02_NguoiBiQuyAmOCabenaum",
      "isVideo": false,
      "url": "kich.gap-chua-gie-xu.02-nguoi-bi-quy-am-o-cabenaum",
      "name": "02_Người Bị Quỷ Ám Ở Cabenaum",
      "count": 0,
      "isLeaf": null,
      "keyword": null,
      "hash": "U2FsdGVkX1+BkfRzkjUoygQky8m+MmK14Tp3YgDUTpGwE9j10PS64VMfFPgAotqxIn23uHy8slm2CHheM0CAmg==",
      "khash": "U2FsdGVkX1+EXVw6FmW7mc/eS68P+f1T2uSXkRcxdr5pEnzczRSffvagM+AKPd9jwmrG0wkHs49a+3g+Js9kPQ==",
      "viewCount": null,
      "duration": "11:56",
      "size": 11463911
    },
    {
      "id": "32b48905-9d05-42b8-b494-19114a2a416c",
      "pid": "978b801d-3bf6-44ad-9fa0-9595fce55f96",
      "dblevel": 4,
      "location": "/VGMA/Kich/GapChuaGie-xu/03_NguoiBiTeoTayVaTamLinhKhaoKhat",
      "isVideo": false,
      "url": "kich.gap-chua-gie-xu.03-nguoi-bi-teo-tay-va-tam-linh-khao-khat",
      "name": "03_Người Bị Teo Tay Và Tâm Linh Khao Khát",
      "count": 0,
      "isLeaf": null,
      "keyword": null,
      "hash": "U2FsdGVkX1/mNCN239D6HR7sLpTbgjl3+Hhm+Or4JuLupKlctCPFyfBH6SipenX2p0WmE5FIivX+neyoCNUrww==",
      "khash": "U2FsdGVkX1+0u2DGOtIIPoexgYYqVHvfuDPf0doKH0itP/DOrBIME/3zxKEAt0dCkDAgpKell3bk8aAQcGzpaw==",
      "viewCount": null,
      "duration": "13:21",
      "size": 12824786
    },
    {
      "id": "476f6be0-a428-441c-9320-573375bb0e37",
      "pid": "978b801d-3bf6-44ad-9fa0-9595fce55f96",
      "dblevel": 4,
      "location": "/VGMA/Kich/GapChuaGie-xu/04_LoiCauNguyenDuocNham",
      "isVideo": false,
      "url": "kich.gap-chua-gie-xu.04-loi-cau-nguyen-duoc-nham",
      "name": "04_Lời Cầu Nguyện Được Nhậm",
      "count": 0,
      "isLeaf": null,
      "keyword": null,
      "hash": "U2FsdGVkX1934cUijsHL4Pd8EJKuduydgJU7qaInxCgDbMLoSUJgWMe6wV647GIn5LqMRf8Pw8LGaBT+VrJExg==",
      "khash": "U2FsdGVkX1/haCOkt6h+MKb7t93Kzzivw+OVbXMAvSyvJ8Y0OjqtpdwqU/inPOlPFOfalsMCb+DObwxNd4R0hg==",
      "viewCount": null,
      "duration": "17:28",
      "size": 16777844
    },
    {
      "id": "998e4d83-a338-4db6-b442-297fbbfcc158",
      "pid": "978b801d-3bf6-44ad-9fa0-9595fce55f96",
      "dblevel": 4,
      "location": "/VGMA/Kich/GapChuaGie-xu/05_GiairuVaConGai",
      "isVideo": false,
      "url": "kich.gap-chua-gie-xu.05-giairu-va-con-gai",
      "name": "05_Giairu Và Con Gái",
      "count": 0,
      "isLeaf": null,
      "keyword": null,
      "hash": "U2FsdGVkX1/qo8Q+RErRAkGNXhFG4c3CMzEVaIuLiXAXHl7yV83GzoqWJobqfhqZcxhGx5ex2t1nnikUbcAaRA==",
      "khash": null,
      "viewCount": null,
      "duration": "13:42",
      "size": 13155810
    },
    {
      "id": "27ded276-5e99-4d8f-8964-6927e75551cd",
      "pid": "978b801d-3bf6-44ad-9fa0-9595fce55f96",
      "dblevel": 4,
      "location": "/VGMA/Kich/GapChuaGie-xu/06_CanThanCuaVuaGapChuaGie-xu",
      "isVideo": false,
      "url": "kich.gap-chua-gie-xu.06-can-than-cua-vua-gap-chua-gie-xu",
      "name": "06_Cận Thần Của Vua Gặp Chúa Giê-xu",
      "count": 0,
      "isLeaf": null,
      "keyword": null,
      "hash": "U2FsdGVkX18Yw2kfGXqCbDAjrW2L62BdZI11cTgv5emXMQnUCLdetzDZdpUIs43R13G3jDUMhLMSVR/wQG65Zg==",
      "khash": null,
      "viewCount": null,
      "duration": "17:31",
      "size": 16825491
    },
    {
      "id": "d55291f9-313e-4755-9e6e-28845482ca28",
      "pid": "978b801d-3bf6-44ad-9fa0-9595fce55f96",
      "dblevel": 4,
      "location": "/VGMA/Kich/GapChuaGie-xu/07_ToiNhanTimDuocBanThat",
      "isVideo": false,
      "url": "kich.gap-chua-gie-xu.07-toi-nhan-tim-duoc-ban-that",
      "name": "07_Tội Nhân Tìm Được Bạn Thật",
      "count": 0,
      "isLeaf": null,
      "keyword": null,
      "hash": "U2FsdGVkX19xnYFHN7cVpeUQpPFrrSQyLWzG6vQI3+HOs5rTTl5E4sU8bM4f4mR5TQjhWhBpCvkSEoMii+4Myg==",
      "khash": null,
      "viewCount": null,
      "duration": "14:31",
      "size": 13949096
    },
    {
      "id": "3bb9fa99-1f11-4b1e-8342-8b387c318e75",
      "pid": "978b801d-3bf6-44ad-9fa0-9595fce55f96",
      "dblevel": 4,
      "location": "/VGMA/Kich/GapChuaGie-xu/08_BatimeGapChua",
      "isVideo": false,
      "url": "kich.gap-chua-gie-xu.08-batime-gap-chua",
      "name": "08_Batime Gặp Chúa",
      "count": 0,
      "isLeaf": null,
      "keyword": null,
      "hash": "U2FsdGVkX18Aw5RYkZUZm2Hw711oPzPdEjdjMXy//smg3STFuO42tfhuFuzcAueJFOEzN1G4pqEISL727GSP8A==",
      "khash": null,
      "viewCount": null,
      "duration": "16:0",
      "size": 15361380
    },
    {
      "id": "0512f7ef-f646-4a58-a861-ed875fb46c68",
      "pid": "978b801d-3bf6-44ad-9fa0-9595fce55f96",
      "dblevel": 4,
      "location": "/VGMA/Kich/GapChuaGie-xu/09_PhilatDanhMatThienDang",
      "isVideo": false,
      "url": "kich.gap-chua-gie-xu.09-philat-danh-mat-thien-dang",
      "name": "09_Philat Đánh Mất Thiên Đàng",
      "count": 0,
      "isLeaf": null,
      "keyword": null,
      "hash": "U2FsdGVkX18kw8mhP943nm4AnhpjmRMcXuvZPkWlIdPo4hkRc0IM8zfWUMfL2ULn04OP0hpzv3MeJf1awYhdNg==",
      "khash": null,
      "viewCount": null,
      "duration": "13:4",
      "size": 12558964
    },
    {
      "id": "1ebf41ec-996c-4f77-b776-519327f0c047",
      "pid": "978b801d-3bf6-44ad-9fa0-9595fce55f96",
      "dblevel": 4,
      "location": "/VGMA/Kich/GapChuaGie-xu/10_GapGoChuaPhucSinh",
      "isVideo": false,
      "url": "kich.gap-chua-gie-xu.10-gap-go-chua-phuc-sinh",
      "name": "10_Gặp Gỡ Chúa Phục Sinh",
      "count": 0,
      "isLeaf": null,
      "keyword": null,
      "hash": "U2FsdGVkX1/XJ9eG0/ol3hwvB/Tk2PDMEAzGdVF2W77B+XKBF/oJbSGiVSdt3VwojhMIxcPEgc4WYXo0MgBWNA==",
      "khash": null,
      "viewCount": null,
      "duration": "10:59",
      "size": 10553178
    }
  ]
}