{
  "id": "085a0632-e392-47d4-878f-4aeb1bf4d86d",
  "pid": "d0972ec6-d9c9-4bc3-a6f4-316e8f5341bf",
  "dblevel": 3,
  "location": "/VGMA/Kich/DoiSongvaChucVuCuaSuDoPhao-lo-P3",
  "isVideo": false,
  "url": "kich.doi-song-va-chuc-vu-cua-su-do-phao-lo-p3",
  "name": "Đời Sống và Chức Vụ Của Sứ Đồ Phao-lô-P3",
  "count": 13,
  "isLeaf": true,
  "keyword": null,
  "hash": null,
  "khash": null,
  "viewCount": null,
  "duration": null,
  "size": null,
  "children": [
    {
      "id": "69a89cba-8e6e-48be-a35b-47eccbc26611",
      "pid": "085a0632-e392-47d4-878f-4aeb1bf4d86d",
      "dblevel": 4,
      "location": "/VGMA/Kich/DoiSongvaChucVuCuaSuDoPhao-lo-P3/01-Phao-LoTaiE-phe-so",
      "isVideo": false,
      "url": "kich.doi-song-va-chuc-vu-cua-su-do-phao-lo-p3.01-phao-lo-tai-e-phe-so",
      "name": "01-Phao-Lô Tại Ê-phê-sô",
      "count": 0,
      "isLeaf": null,
      "keyword": null,
      "hash": "U2FsdGVkX1+jnbfhgIyJmgNMX4ifglHb4i8wL7v7JC6+R4NoN9cVSIcpDH8DZaz6mhS8pyrjX8WopC1GuJwXOQ==",
      "khash": null,
      "viewCount": null,
      "duration": "23:20",
      "size": 22409984
    },
    {
      "id": "b1580664-6dc9-4217-a830-99ffc52da5e4",
      "pid": "085a0632-e392-47d4-878f-4aeb1bf4d86d",
      "dblevel": 4,
      "location": "/VGMA/Kich/DoiSongvaChucVuCuaSuDoPhao-lo-P3/02-ThuGuiNguoiCo-rinh-to",
      "isVideo": false,
      "url": "kich.doi-song-va-chuc-vu-cua-su-do-phao-lo-p3.02-thu-gui-nguoi-co-rinh-to",
      "name": "02-Thư Gửi Người Cô-rinh-tô",
      "count": 0,
      "isLeaf": null,
      "keyword": null,
      "hash": "U2FsdGVkX1+/YQptkWZJ43A1lKyG8NqdCs/tPt5MCQM5Cz8Eu5g5l/zExslN4m5L7KH3rpxLXjf8WbrrAzP11g==",
      "khash": null,
      "viewCount": null,
      "duration": "21:33",
      "size": 20689664
    },
    {
      "id": "c1a97b5f-a912-4ca3-9f51-c8874614009e",
      "pid": "085a0632-e392-47d4-878f-4aeb1bf4d86d",
      "dblevel": 4,
      "location": "/VGMA/Kich/DoiSongvaChucVuCuaSuDoPhao-lo-P3/03-CuocNaoLoanTaiE-phe-so",
      "isVideo": false,
      "url": "kich.doi-song-va-chuc-vu-cua-su-do-phao-lo-p3.03-cuoc-nao-loan-tai-e-phe-so",
      "name": "03-Cuộc Náo Loạn Tại Ê-phê-sô",
      "count": 0,
      "isLeaf": null,
      "keyword": null,
      "hash": "U2FsdGVkX1/P44YQib5W5IhGszMyB5oM7nJeBLp8Ad7z8No+iWd9lYrRHlnIdUHupHNtsJc9orcMG3fGRQICgQ==",
      "khash": null,
      "viewCount": null,
      "duration": "24:3",
      "size": 23100416
    },
    {
      "id": "7d98a035-21cd-45df-bf0b-5739333e4174",
      "pid": "085a0632-e392-47d4-878f-4aeb1bf4d86d",
      "dblevel": 4,
      "location": "/VGMA/Kich/DoiSongvaChucVuCuaSuDoPhao-lo-P3/04-ChienThangNoiThatVong",
      "isVideo": false,
      "url": "kich.doi-song-va-chuc-vu-cua-su-do-phao-lo-p3.04-chien-thang-noi-that-vong",
      "name": "04-Chiến Thắng Nỗi Thất Vọng",
      "count": 0,
      "isLeaf": null,
      "keyword": null,
      "hash": "U2FsdGVkX1+kEC0z8Lf6rF+bJDJ57YHRA57XWNj4wNByBCmqTfz7cdaRy66kScedDcov+BFjZAnDnyk3gjHU/A==",
      "khash": null,
      "viewCount": null,
      "duration": "21:37",
      "size": 20767616
    },
    {
      "id": "8d306ab0-afcf-42fc-92b1-15c2519ccb76",
      "pid": "085a0632-e392-47d4-878f-4aeb1bf4d86d",
      "dblevel": 4,
      "location": "/VGMA/Kich/DoiSongvaChucVuCuaSuDoPhao-lo-P3/05-TuChienThangDenChienThang",
      "isVideo": false,
      "url": "kich.doi-song-va-chuc-vu-cua-su-do-phao-lo-p3.05-tu-chien-thang-den-chien-thang",
      "name": "05-Từ Chiến Thắng Đến Chiến Thắng",
      "count": 0,
      "isLeaf": null,
      "keyword": null,
      "hash": "U2FsdGVkX1/ruB/CzZ8Dm8YlypwubCcGVrkKnHXfO89Ce+QPvHY/DQXYSZyZyqVFvuV3MQEQ7LcHEe7E5M8EOA==",
      "khash": null,
      "viewCount": null,
      "duration": "18:53",
      "size": 18137984
    },
    {
      "id": "f5147cd2-cf35-4732-87f2-281cb1448d4d",
      "pid": "085a0632-e392-47d4-878f-4aeb1bf4d86d",
      "dblevel": 4,
      "location": "/VGMA/Kich/DoiSongvaChucVuCuaSuDoPhao-lo-P3/06-Phao-loVaCacTruongLaoE-phe-so",
      "isVideo": false,
      "url": "kich.doi-song-va-chuc-vu-cua-su-do-phao-lo-p3.06-phao-lo-va-cac-truong-lao-e-phe-so",
      "name": "06-Phao-lô Và Các Trưởng Lão Ê-phê-sô",
      "count": 0,
      "isLeaf": null,
      "keyword": null,
      "hash": "U2FsdGVkX1+Im2VpT2C34n+SK/Srzt6glnNEb4Ds0W5R28kRKf8Cz1CXsFMAuoYnYeD8hHdS6+OyHZmESc2qMA==",
      "khash": null,
      "viewCount": null,
      "duration": "16:14",
      "size": 15593600
    },
    {
      "id": "dc065c08-c4b0-4aaa-a140-70e5db2f4db2",
      "pid": "085a0632-e392-47d4-878f-4aeb1bf4d86d",
      "dblevel": 4,
      "location": "/VGMA/Kich/DoiSongvaChucVuCuaSuDoPhao-lo-P3/07-LanCuoiDenGie-ru-sa-lem",
      "isVideo": false,
      "url": "kich.doi-song-va-chuc-vu-cua-su-do-phao-lo-p3.07-lan-cuoi-den-gie-ru-sa-lem",
      "name": "07-Lần Cuối Đến Giê-ru-sa-lem",
      "count": 0,
      "isLeaf": null,
      "keyword": null,
      "hash": "U2FsdGVkX1/Y33Xk8+OsmsM1xeOuKjHNMsVWRdjfKaHj+rOBPPK7aDES8vVKAxFHWkLu6SNzG84TjMH/E2PZIw==",
      "khash": null,
      "viewCount": null,
      "duration": "20:16",
      "size": 19460096
    },
    {
      "id": "f9593fda-99e1-417d-b4a2-65bfd5fac532",
      "pid": "085a0632-e392-47d4-878f-4aeb1bf4d86d",
      "dblevel": 4,
      "location": "/VGMA/Kich/DoiSongvaChucVuCuaSuDoPhao-lo-P3/08-Phao-loBiXetXuVaLongTrungThanhCuaOng",
      "isVideo": false,
      "url": "kich.doi-song-va-chuc-vu-cua-su-do-phao-lo-p3.08-phao-lo-bi-xet-xu-va-long-trung-thanh-cua-ong",
      "name": "08-Phao-lô Bị Xét Xử Và Lòng Trung Thành Của Ông",
      "count": 0,
      "isLeaf": null,
      "keyword": null,
      "hash": "U2FsdGVkX1+NYfUjoEsfpwiouJvBaxHXz8s4XP3V9S2bjNf1uU+TDXSjpnYMhNbVThpbmqP73ZQufGnGo1EeUg==",
      "khash": null,
      "viewCount": null,
      "duration": "18:50",
      "size": 18083840
    },
    {
      "id": "3611d946-09b9-4d56-864a-78a2a1f59ede",
      "pid": "085a0632-e392-47d4-878f-4aeb1bf4d86d",
      "dblevel": 4,
      "location": "/VGMA/Kich/DoiSongvaChucVuCuaSuDoPhao-lo-P3/09-Phao-loTruocTongDocPhe-lit",
      "isVideo": false,
      "url": "kich.doi-song-va-chuc-vu-cua-su-do-phao-lo-p3.09-phao-lo-truoc-tong-doc-phe-lit",
      "name": "09-Phao-lô Trước Tổng Đốc Phê-lít",
      "count": 0,
      "isLeaf": null,
      "keyword": null,
      "hash": "U2FsdGVkX1+XCx07yyd7IYHP83VJqx8maJxBfvS9uzZCKTE0lFzczL3LDkuHQLzeK/r2WXOjIpjpJPsRYbrdgg==",
      "khash": "U2FsdGVkX1/udimQwcTp4LE6iutHNDISwRklRJt2U6FeavO3wof2A4MWdpjTvHqk8ghBcLgkWHlt//f/yTEEhw==",
      "viewCount": null,
      "duration": "23:2",
      "size": 22118528
    },
    {
      "id": "82fd2900-3174-42f8-ae2a-a3e8e13bb6a4",
      "pid": "085a0632-e392-47d4-878f-4aeb1bf4d86d",
      "dblevel": 4,
      "location": "/VGMA/Kich/DoiSongvaChucVuCuaSuDoPhao-lo-P3/10-Phao-loTruocPhe-tuVaAcRip-ba",
      "isVideo": false,
      "url": "kich.doi-song-va-chuc-vu-cua-su-do-phao-lo-p3.10-phao-lo-truoc-phe-tu-va-ac-rip-ba",
      "name": "10-Phao-lô Trước Phê-tu Và Ạc Ríp-ba",
      "count": 0,
      "isLeaf": null,
      "keyword": null,
      "hash": "U2FsdGVkX19YTsmQnf+wb5FCj2rFgY6RB9Ouh+kwwhEbrNDBoMzLbmYKtvFvsjpZXF+M1kP0B7lnyuwjKlOkEg==",
      "khash": "U2FsdGVkX1/TcmhzClYm1ZSzzhmUlow3sFhW7zCuXoCubv+Ag9dufbGnD2nyVCZ7UBmhWejK709Yjw97xpjHAA==",
      "viewCount": null,
      "duration": "20:15",
      "size": 19451264
    },
    {
      "id": "09f64ebc-3180-4afd-a57f-87cfe2073acd",
      "pid": "085a0632-e392-47d4-878f-4aeb1bf4d86d",
      "dblevel": 4,
      "location": "/VGMA/Kich/DoiSongvaChucVuCuaSuDoPhao-lo-P3/11-DamTau",
      "isVideo": false,
      "url": "kich.doi-song-va-chuc-vu-cua-su-do-phao-lo-p3.11-dam-tau",
      "name": "11-Đắm Tàu",
      "count": 0,
      "isLeaf": null,
      "keyword": null,
      "hash": "U2FsdGVkX19fgIcFY98vqBNa42UF9AklWwmbwkQzxrS108zKsiADE6lWEnJ/s0SIb6zxVCwPr7DGXtwoOp/QJg==",
      "khash": "U2FsdGVkX18lYOQ7vnzGh0LKihAlKjsxWKDfbQFthChcp7Re8X8FxguwWwBAXrSa11xKGRtCbNH+mYMDF7RhxQ==",
      "viewCount": null,
      "duration": "21:19",
      "size": 20480000
    },
    {
      "id": "e1f68997-5ce9-4d67-8925-1491146d1f7d",
      "pid": "085a0632-e392-47d4-878f-4aeb1bf4d86d",
      "dblevel": 4,
      "location": "/VGMA/Kich/DoiSongvaChucVuCuaSuDoPhao-lo-P3/12-DenRo-ma",
      "isVideo": false,
      "url": "kich.doi-song-va-chuc-vu-cua-su-do-phao-lo-p3.12-den-ro-ma",
      "name": "12-Đến Rô-ma",
      "count": 0,
      "isLeaf": null,
      "keyword": null,
      "hash": "U2FsdGVkX19w7ZID+/rya63UR4R/+ISdXIe7i3eKe86revHT7NzEZ7mELb3c3oJtPpxm69JONqBxrAWsI8tuhA==",
      "khash": "U2FsdGVkX19GG2qEYsLGWUeO89a38ujy4FyqZRbOnyj60Hv4cXjACEYHqx5i8K4TEn/xDd/Kmlli1JAse3SLeA==",
      "viewCount": null,
      "duration": "20:18",
      "size": 19502720
    },
    {
      "id": "f502a020-a3b1-4bc7-a47b-bc33b325ec59",
      "pid": "085a0632-e392-47d4-878f-4aeb1bf4d86d",
      "dblevel": 4,
      "location": "/VGMA/Kich/DoiSongvaChucVuCuaSuDoPhao-lo-P3/13-TruocLaNguoiGiu-da-SauLaDanNgoai",
      "isVideo": false,
      "url": "kich.doi-song-va-chuc-vu-cua-su-do-phao-lo-p3.13-truoc-la-nguoi-giu-da-sau-la-dan-ngoai",
      "name": "13-Trước Là Người Giu-đa - Sau Là Dân Ngoại",
      "count": 0,
      "isLeaf": null,
      "keyword": null,
      "hash": "U2FsdGVkX19H0Pg/wDxv+hHk3k+XQz+r9bSwYmql5jhCO4tM7P7rfumN2rRCIjhXtn0PROVF804KbWCxGjvoEg==",
      "khash": "U2FsdGVkX1+a7zfbaQsyLMXIP91kPGe1COgjLF5G91HnZMMRvEly7I9/qfFPOoPNwCXAA/QaqEkz8wSO6XD3eg==",
      "viewCount": null,
      "duration": "21:38",
      "size": 20783360
    }
  ]
}