{
  "id": "0af07c05-3bcb-4297-952e-537348eea09e",
  "pid": "b6259c37-62d4-4adf-a2a3-af086ef34f24",
  "dblevel": 4,
  "location": "/VGMA/NgheKinhThanh/KinhThanhbandichHienDai2017/HD52_1Te-sa-lo-ni-ca",
  "isVideo": false,
  "url": "nghe-kinh-thanh.kinh-thanh-ban-dich-hien-dai-2017.hd52-1te-sa-lo-ni-ca",
  "name": "HD52_1Tê-sa-lô-ni-ca",
  "count": 5,
  "isLeaf": true,
  "keyword": null,
  "hash": null,
  "khash": null,
  "viewCount": null,
  "duration": null,
  "size": null,
  "children": [
    {
      "id": "3419afcc-1d3d-4378-8606-509ccb97278b",
      "pid": "0af07c05-3bcb-4297-952e-537348eea09e",
      "dblevel": 5,
      "location": "/VGMA/NgheKinhThanh/KinhThanhbandichHienDai2017/HD52_1Te-sa-lo-ni-ca/1Te-sa-lo-ni-ca01",
      "isVideo": false,
      "url": "nghe-kinh-thanh.kinh-thanh-ban-dich-hien-dai-2017.hd52-1te-sa-lo-ni-ca.1te-sa-lo-ni-ca-01",
      "name": "1Tê-sa-lô-ni-ca 01",
      "count": 0,
      "isLeaf": null,
      "keyword": null,
      "hash": "U2FsdGVkX1+VVfES7vMzRDLdE9VxvFbq5h3SDhihoZ1WAnYoS9QO9jW4syzEdp88Xw3/fM6c8q7NdmAUbalxsA==",
      "khash": "U2FsdGVkX1+fr6piYVYH4xVAvOZfDZzFBPKa1Tqyc7Cmldqvw6idXYffgehXBQWNr7EM6pl5jYogIL979yNaGQ==",
      "viewCount": null,
      "duration": "2:0",
      "size": 1948880
    },
    {
      "id": "a619a0fe-e407-4d1b-b2d6-bb0939fed220",
      "pid": "0af07c05-3bcb-4297-952e-537348eea09e",
      "dblevel": 5,
      "location": "/VGMA/NgheKinhThanh/KinhThanhbandichHienDai2017/HD52_1Te-sa-lo-ni-ca/1Te-sa-lo-ni-ca02",
      "isVideo": false,
      "url": "nghe-kinh-thanh.kinh-thanh-ban-dich-hien-dai-2017.hd52-1te-sa-lo-ni-ca.1te-sa-lo-ni-ca-02",
      "name": "1Tê-sa-lô-ni-ca 02",
      "count": 0,
      "isLeaf": null,
      "keyword": null,
      "hash": "U2FsdGVkX19OKqFzPCaMuBmUnTX6SPjlN/MYk9rbcMFwoONbCHjLA+FdofWHuvF8YB1ZS10yjlP5PJSjQVdGXg==",
      "khash": "U2FsdGVkX19Mt9n3hVTvcbTZyMw/QX6nCF9uFiPVRLrrWSIi057eYt/zRjMPpg6tb7SRiyy+hOg+VjFETQAMrA==",
      "viewCount": null,
      "duration": "3:33",
      "size": 3437819
    },
    {
      "id": "957c30de-d20d-4f2b-9a50-f921864ba033",
      "pid": "0af07c05-3bcb-4297-952e-537348eea09e",
      "dblevel": 5,
      "location": "/VGMA/NgheKinhThanh/KinhThanhbandichHienDai2017/HD52_1Te-sa-lo-ni-ca/1Te-sa-lo-ni-ca03",
      "isVideo": false,
      "url": "nghe-kinh-thanh.kinh-thanh-ban-dich-hien-dai-2017.hd52-1te-sa-lo-ni-ca.1te-sa-lo-ni-ca-03",
      "name": "1Tê-sa-lô-ni-ca 03",
      "count": 0,
      "isLeaf": null,
      "keyword": null,
      "hash": "U2FsdGVkX1+4bzKbEUPIjSs2twa9QT9lZI6aVBU8UPXTgRfwcqTQ29gTOSUxXlEqO7M26vtXhiCOlEREjdn7hg==",
      "khash": "U2FsdGVkX19L0M+pYbV91N87gfa2x0MLwgxqZDLOe3ffaeSQ/KVmab2edH1dRV85RZXuCFr2zgOEIzj6H6XvfQ==",
      "viewCount": null,
      "duration": "2:13",
      "size": 2147707
    },
    {
      "id": "33e93450-0e5b-4d15-b065-973079ae3df3",
      "pid": "0af07c05-3bcb-4297-952e-537348eea09e",
      "dblevel": 5,
      "location": "/VGMA/NgheKinhThanh/KinhThanhbandichHienDai2017/HD52_1Te-sa-lo-ni-ca/1Te-sa-lo-ni-ca04",
      "isVideo": false,
      "url": "nghe-kinh-thanh.kinh-thanh-ban-dich-hien-dai-2017.hd52-1te-sa-lo-ni-ca.1te-sa-lo-ni-ca-04",
      "name": "1Tê-sa-lô-ni-ca 04",
      "count": 0,
      "isLeaf": null,
      "keyword": null,
      "hash": "U2FsdGVkX1+ojwtGmTNRJArEyjRfNkwQYFGpSv3W9GLZA4H7Y/9qIQbjUIFgmTqAc/1nBXHJycS2bbBJF2qpsA==",
      "khash": "U2FsdGVkX1+c9DSfoTkFxxIN6EqlP41FyngAP/x62uPRRin3i8pWGe2n95D6uj6wpu+LYW0jxjQgbnq6F+A7pg==",
      "viewCount": null,
      "duration": "2:33",
      "size": 2473251
    },
    {
      "id": "eea89713-0ec4-43eb-8bdf-87d754bcb985",
      "pid": "0af07c05-3bcb-4297-952e-537348eea09e",
      "dblevel": 5,
      "location": "/VGMA/NgheKinhThanh/KinhThanhbandichHienDai2017/HD52_1Te-sa-lo-ni-ca/1Te-sa-lo-ni-ca05",
      "isVideo": false,
      "url": "nghe-kinh-thanh.kinh-thanh-ban-dich-hien-dai-2017.hd52-1te-sa-lo-ni-ca.1te-sa-lo-ni-ca-05",
      "name": "1Tê-sa-lô-ni-ca 05",
      "count": 0,
      "isLeaf": null,
      "keyword": null,
      "hash": "U2FsdGVkX1/WcZGU2xApT6GzoKxyMtnq6Vp28ONCya3Np75AlTaANNasiNC+QUV1E2GEXG98d3JjKUjrua7khQ==",
      "khash": "U2FsdGVkX19nv4JHZWGMcfjOuMSvc61oqDjZ6Z3T6V2wfKXefY91mjSwH0SznrOFwBLaIXHzIeNRji5/VC3sqA==",
      "viewCount": null,
      "duration": "2:56",
      "size": 2841512
    }
  ]
}