{
  "id": "3a43888b-703b-4a32-804b-e83793814702",
  "pid": "23541eed-15e9-41d0-8477-67032b0277ec",
  "dblevel": 4,
  "location": "/VGMA/NgheKinhThanh/KinhThanhbandichTruyenThongHieuDinh/60-1Phi",
  "isVideo": false,
  "url": "nghe-kinh-thanh.kinh-thanh-ban-dich-truyen-thong-hieu-dinh.60-1phi",
  "name": "60-1Phi",
  "count": 5,
  "isLeaf": true,
  "keyword": null,
  "hash": null,
  "khash": null,
  "viewCount": null,
  "duration": null,
  "size": null,
  "children": [
    {
      "id": "b8ef6508-ff0a-424b-a110-ac772b1b04be",
      "pid": "3a43888b-703b-4a32-804b-e83793814702",
      "dblevel": 5,
      "location": "/VGMA/NgheKinhThanh/KinhThanhbandichTruyenThongHieuDinh/60-1Phi/1Phi01",
      "isVideo": false,
      "url": "nghe-kinh-thanh.kinh-thanh-ban-dich-truyen-thong-hieu-dinh.60-1phi.1phi01",
      "name": "1Phi01",
      "count": 0,
      "isLeaf": null,
      "keyword": null,
      "hash": "U2FsdGVkX1/EgyFnFr2Af1y7D2P6HvcXI0oMWfU9rKaX6EjWdqQ4cIhdHipgAh2kkP7Gd6TDiPqaSlgXrLRbNw==",
      "khash": "U2FsdGVkX1+Zumg+yJWVJajSRErlImV3S6dgf6PEFeFtZDqj0bIb0eSdeTe6GZHzyENKovDlaHR7QCm/SZv4ug==",
      "viewCount": null,
      "duration": "3:55",
      "size": 5682149
    },
    {
      "id": "bcfb7a86-fb90-47c6-85da-6e0dabbdc1fc",
      "pid": "3a43888b-703b-4a32-804b-e83793814702",
      "dblevel": 5,
      "location": "/VGMA/NgheKinhThanh/KinhThanhbandichTruyenThongHieuDinh/60-1Phi/1Phi02",
      "isVideo": false,
      "url": "nghe-kinh-thanh.kinh-thanh-ban-dich-truyen-thong-hieu-dinh.60-1phi.1phi02",
      "name": "1Phi02",
      "count": 0,
      "isLeaf": null,
      "keyword": null,
      "hash": "U2FsdGVkX18SeNgRwxnjucOL8wPUlVOa4IHMiRKr7iYjITS/W2vAYrUtABK+Jl0eaZyFKljF4vWyXBr98HBsQA==",
      "khash": null,
      "viewCount": null,
      "duration": "3:46",
      "size": 5465442
    },
    {
      "id": "e6ee2abb-2a7a-40ec-81a0-07e1c865e686",
      "pid": "3a43888b-703b-4a32-804b-e83793814702",
      "dblevel": 5,
      "location": "/VGMA/NgheKinhThanh/KinhThanhbandichTruyenThongHieuDinh/60-1Phi/1Phi03",
      "isVideo": false,
      "url": "nghe-kinh-thanh.kinh-thanh-ban-dich-truyen-thong-hieu-dinh.60-1phi.1phi03",
      "name": "1Phi03",
      "count": 0,
      "isLeaf": null,
      "keyword": null,
      "hash": "U2FsdGVkX18UC+B9ub77mwbholYQGalRZFo9LA7/6XmfOrSYpVmp7rgF+H+fjUxv/80HmuoKqR2cOoYJUoFtdw==",
      "khash": null,
      "viewCount": null,
      "duration": "3:21",
      "size": 4848711
    },
    {
      "id": "808ecfdc-cb86-4efb-8864-c1ce0cbbd1e7",
      "pid": "3a43888b-703b-4a32-804b-e83793814702",
      "dblevel": 5,
      "location": "/VGMA/NgheKinhThanh/KinhThanhbandichTruyenThongHieuDinh/60-1Phi/1Phi04",
      "isVideo": false,
      "url": "nghe-kinh-thanh.kinh-thanh-ban-dich-truyen-thong-hieu-dinh.60-1phi.1phi04",
      "name": "1Phi04",
      "count": 0,
      "isLeaf": null,
      "keyword": null,
      "hash": "U2FsdGVkX18ri7FczDWd5Yt8vz3AjIeg3NlKPYYXHWGtdCCOtqKnOGiVkoP7VHSErJ2lP7fznWb47Vz6qcmHNg==",
      "khash": null,
      "viewCount": null,
      "duration": "2:34",
      "size": 3721164
    },
    {
      "id": "453f44ae-3c28-44b0-b00e-af5da4e9627a",
      "pid": "3a43888b-703b-4a32-804b-e83793814702",
      "dblevel": 5,
      "location": "/VGMA/NgheKinhThanh/KinhThanhbandichTruyenThongHieuDinh/60-1Phi/1Phi05",
      "isVideo": false,
      "url": "nghe-kinh-thanh.kinh-thanh-ban-dich-truyen-thong-hieu-dinh.60-1phi.1phi05",
      "name": "1Phi05",
      "count": 0,
      "isLeaf": null,
      "keyword": null,
      "hash": "U2FsdGVkX1/KF5+220IA74OeHikTwRDs73svSmsnGSZQZKI370CF/rqswRGKhs3NjS77ipPPO3XyZ2cat/hXvg==",
      "khash": null,
      "viewCount": null,
      "duration": "1:59",
      "size": 2891302
    }
  ]
}