{
  "id": "b2cf61ba-fd69-44bf-bae4-19fcd9a636b2",
  "pid": "b6259c37-62d4-4adf-a2a3-af086ef34f24",
  "dblevel": 4,
  "location": "/VGMA/NgheKinhThanh/KinhThanhbandichHienDai2017/HD30_A-mot",
  "isVideo": false,
  "url": "nghe-kinh-thanh.kinh-thanh-ban-dich-hien-dai-2017.hd30-a-mot",
  "name": "HD30_A-mốt",
  "count": 9,
  "isLeaf": true,
  "keyword": null,
  "hash": null,
  "khash": null,
  "viewCount": null,
  "duration": null,
  "size": null,
  "children": [
    {
      "id": "6f3e2ef7-3af7-4e7c-9c83-1fb14d0d0fd8",
      "pid": "b2cf61ba-fd69-44bf-bae4-19fcd9a636b2",
      "dblevel": 5,
      "location": "/VGMA/NgheKinhThanh/KinhThanhbandichHienDai2017/HD30_A-mot/A-mot01",
      "isVideo": false,
      "url": "nghe-kinh-thanh.kinh-thanh-ban-dich-hien-dai-2017.hd30-a-mot.a-mot-01",
      "name": "A-mốt 01",
      "count": 0,
      "isLeaf": null,
      "keyword": null,
      "hash": "U2FsdGVkX1+l6cZQ4CAbZ5WOo3d8qHSB72sp4w+fuF6P2fd0kU+IhBgHSOnVHykGSOmSwM+nieCe7quaQsfAfA==",
      "khash": null,
      "viewCount": null,
      "duration": "3:5",
      "size": 2983306
    },
    {
      "id": "1efc806c-e2d6-4935-8462-151190f9d9b8",
      "pid": "b2cf61ba-fd69-44bf-bae4-19fcd9a636b2",
      "dblevel": 5,
      "location": "/VGMA/NgheKinhThanh/KinhThanhbandichHienDai2017/HD30_A-mot/A-mot02",
      "isVideo": false,
      "url": "nghe-kinh-thanh.kinh-thanh-ban-dich-hien-dai-2017.hd30-a-mot.a-mot-02",
      "name": "A-mốt 02",
      "count": 0,
      "isLeaf": null,
      "keyword": null,
      "hash": "U2FsdGVkX19jE1JRBeC52B+32DZFAB9GbGw3XLkQBJLXxLFjTiB5mIgBNZsPcy1YS+iJlqypvLMHfonlGkYH+Q==",
      "khash": "U2FsdGVkX19t1s9Nd621qC6VphLgw/XD7DhRh1/wejWQTUWmfP3opnAZmAIVQG+RapFqb8Wfpldj2ynwJvde+w==",
      "viewCount": null,
      "duration": "2:49",
      "size": 2738905
    },
    {
      "id": "4c9aac95-0a0f-48bc-a604-a71663776e43",
      "pid": "b2cf61ba-fd69-44bf-bae4-19fcd9a636b2",
      "dblevel": 5,
      "location": "/VGMA/NgheKinhThanh/KinhThanhbandichHienDai2017/HD30_A-mot/A-mot03",
      "isVideo": false,
      "url": "nghe-kinh-thanh.kinh-thanh-ban-dich-hien-dai-2017.hd30-a-mot.a-mot-03",
      "name": "A-mốt 03",
      "count": 0,
      "isLeaf": null,
      "keyword": null,
      "hash": "U2FsdGVkX19oejepv3sRdHQjOD/kIHeOc5Z47f25MKLiZVAxys2+6zrMWceWSqxgSdG7fiYexuatYKtHcNpxkg==",
      "khash": null,
      "viewCount": null,
      "duration": "2:30",
      "size": 2427862
    },
    {
      "id": "afe6c56c-1627-42cf-b7c3-279f94a8d796",
      "pid": "b2cf61ba-fd69-44bf-bae4-19fcd9a636b2",
      "dblevel": 5,
      "location": "/VGMA/NgheKinhThanh/KinhThanhbandichHienDai2017/HD30_A-mot/A-mot04",
      "isVideo": false,
      "url": "nghe-kinh-thanh.kinh-thanh-ban-dich-hien-dai-2017.hd30-a-mot.a-mot-04",
      "name": "A-mốt 04",
      "count": 0,
      "isLeaf": null,
      "keyword": null,
      "hash": "U2FsdGVkX1/NUHBZjc+kfJXZUX/wMqJnR0oyuS0XjIK/q7+sS1HaQ5Elo0AhBwhX4tXD6dX5GGpJS+fT/bQ46g==",
      "khash": "U2FsdGVkX18eyMlEGfLFAw6eSMzLGZSp0enHdr6rdKHlpNdV6HxJTCvrwZtc8hMCYwSNq9SOq8CETw4j0tU6Gg==",
      "viewCount": null,
      "duration": "2:48",
      "size": 2707991
    },
    {
      "id": "c1b1374a-27d2-484a-87f0-6e60d485bb67",
      "pid": "b2cf61ba-fd69-44bf-bae4-19fcd9a636b2",
      "dblevel": 5,
      "location": "/VGMA/NgheKinhThanh/KinhThanhbandichHienDai2017/HD30_A-mot/A-mot05",
      "isVideo": false,
      "url": "nghe-kinh-thanh.kinh-thanh-ban-dich-hien-dai-2017.hd30-a-mot.a-mot-05",
      "name": "A-mốt 05",
      "count": 0,
      "isLeaf": null,
      "keyword": null,
      "hash": "U2FsdGVkX19NzpQY5+8yJYN1PZgxYoUoXbZgmlB8NHrfxlZnms8wLSPoQ2H3JsQhfKt4sbH+xGTNrll7C4yNvQ==",
      "khash": "U2FsdGVkX19/lPOleGsSZag41KfRVmUtc8VkM4Vp5gtlf8c+nFEp2GB/sRYx9Au/8adNmRSaVaEpVFJPFRLWzA==",
      "viewCount": null,
      "duration": "4:24",
      "size": 4264026
    },
    {
      "id": "3bf7c51b-2f2d-4604-9b07-cd665d9af921",
      "pid": "b2cf61ba-fd69-44bf-bae4-19fcd9a636b2",
      "dblevel": 5,
      "location": "/VGMA/NgheKinhThanh/KinhThanhbandichHienDai2017/HD30_A-mot/A-mot06",
      "isVideo": false,
      "url": "nghe-kinh-thanh.kinh-thanh-ban-dich-hien-dai-2017.hd30-a-mot.a-mot-06",
      "name": "A-mốt 06",
      "count": 0,
      "isLeaf": null,
      "keyword": null,
      "hash": "U2FsdGVkX19hOMDG1FesnbBjeNaLQ0BrwmU+42UQmT0Sa9GjdCFZMrkq0JMzF4cYIHx+08BZ7HSK4sV7fe7NfA==",
      "khash": "U2FsdGVkX1+vKv7rC/lxupKQ5HCXRt3Mh9pjk0mBAu8RZSmQtrHaMlpmqXMMtfZp58urEbB0Nivg0vSmY/+ORA==",
      "viewCount": null,
      "duration": "2:32",
      "size": 2459783
    },
    {
      "id": "cd254a6e-2aec-43fa-b861-230201903f17",
      "pid": "b2cf61ba-fd69-44bf-bae4-19fcd9a636b2",
      "dblevel": 5,
      "location": "/VGMA/NgheKinhThanh/KinhThanhbandichHienDai2017/HD30_A-mot/A-mot07",
      "isVideo": false,
      "url": "nghe-kinh-thanh.kinh-thanh-ban-dich-hien-dai-2017.hd30-a-mot.a-mot-07",
      "name": "A-mốt 07",
      "count": 0,
      "isLeaf": null,
      "keyword": null,
      "hash": "U2FsdGVkX1/bhvJV//2Bwlbz9McPrJwSpJ8tnOeSXEXDdQlqVMiKuLHSifRqbfOuw74+O49cudvmBM4tPnWvkg==",
      "khash": "U2FsdGVkX18KANIym0P/TqyXnY7jWnBkReiA64uQxZNbr0Xfepn7FxTJbkv8IVXRukbGtpW34cbyAq/HJGcOZg==",
      "viewCount": null,
      "duration": "3:9",
      "size": 3051100
    },
    {
      "id": "6115e4a7-75d2-46dd-9454-4df893e945eb",
      "pid": "b2cf61ba-fd69-44bf-bae4-19fcd9a636b2",
      "dblevel": 5,
      "location": "/VGMA/NgheKinhThanh/KinhThanhbandichHienDai2017/HD30_A-mot/A-mot08",
      "isVideo": false,
      "url": "nghe-kinh-thanh.kinh-thanh-ban-dich-hien-dai-2017.hd30-a-mot.a-mot-08",
      "name": "A-mốt 08",
      "count": 0,
      "isLeaf": null,
      "keyword": null,
      "hash": "U2FsdGVkX1/Gh3KkiUKZ9PYjkPJw4mX/YRD6IaMIwRDd6tH97llErZqYfqa1FgsB+GAqV64mksAy5DI6iwJgYw==",
      "khash": "U2FsdGVkX19aWEq04Cv/caPOmh+KbYdGukOLNglMWcn72etWemzCoq+buKSPV1SfKDJ4DzRDAabdr54SKPIzUw==",
      "viewCount": null,
      "duration": "2:35",
      "size": 2500789
    },
    {
      "id": "ce60ad2d-68c4-45a0-859b-62616b930dbb",
      "pid": "b2cf61ba-fd69-44bf-bae4-19fcd9a636b2",
      "dblevel": 5,
      "location": "/VGMA/NgheKinhThanh/KinhThanhbandichHienDai2017/HD30_A-mot/A-mot09",
      "isVideo": false,
      "url": "nghe-kinh-thanh.kinh-thanh-ban-dich-hien-dai-2017.hd30-a-mot.a-mot-09",
      "name": "A-mốt 09",
      "count": 0,
      "isLeaf": null,
      "keyword": null,
      "hash": "U2FsdGVkX1+FuW4il1ZzFHUxmvp+yNqZJN3KdlvrhJDXyEGOzGwjSaKXJp11z74YJxBLL3dY4fmE96Bk8lKVUw==",
      "khash": null,
      "viewCount": null,
      "duration": "3:2",
      "size": 2938226
    }
  ]
}