{
  "id": "e77ff998-bd93-41fc-8b18-1fd86e52592c",
  "pid": "b4ae5115-2bbc-4f41-8f47-d29299d09bbe",
  "dblevel": 4,
  "location": "/VGMA/NgheKinhThanh/KinhThanhbandichTruyenThong_FCBH/27.Khai-huyen",
  "isVideo": false,
  "url": "nghe-kinh-thanh.kinh-thanh-ban-dich-truyen-thong-fcbh.27--khai-huyen",
  "name": "27. Khải-huyền",
  "count": 22,
  "isLeaf": true,
  "keyword": null,
  "hash": null,
  "khash": null,
  "viewCount": null,
  "duration": null,
  "size": null,
  "children": [
    {
      "id": "814bb210-aca6-421c-8e9b-329e1bb88223",
      "pid": "e77ff998-bd93-41fc-8b18-1fd86e52592c",
      "dblevel": 5,
      "location": "/VGMA/NgheKinhThanh/KinhThanhbandichTruyenThong_FCBH/27.Khai-huyen/Khai-huyen01",
      "isVideo": false,
      "url": "nghe-kinh-thanh.kinh-thanh-ban-dich-truyen-thong-fcbh.27--khai-huyen.khai-huyen-01",
      "name": "Khải-huyền 01",
      "count": 0,
      "isLeaf": null,
      "keyword": null,
      "hash": "U2FsdGVkX18NU3/n1LuLyKzybBOPIcTWys+24xT/zGAQhS1LWzkQG8bZ95cc3IfqBN6pgPe19X0/0YDFcnkIKA==",
      "khash": "U2FsdGVkX1+9idz4r6h0fib8/D439sa3arpQ2lolp8QaxmBSTNiUnEpd/dvnJJqWy+izjGxlvwM9ZHU+e50cMA==",
      "viewCount": null,
      "duration": "3:18",
      "size": 1612480
    },
    {
      "id": "319ba5b8-188f-4c5b-8e44-db6fdb57187e",
      "pid": "e77ff998-bd93-41fc-8b18-1fd86e52592c",
      "dblevel": 5,
      "location": "/VGMA/NgheKinhThanh/KinhThanhbandichTruyenThong_FCBH/27.Khai-huyen/Khai-huyen02",
      "isVideo": false,
      "url": "nghe-kinh-thanh.kinh-thanh-ban-dich-truyen-thong-fcbh.27--khai-huyen.khai-huyen-02",
      "name": "Khải-huyền 02",
      "count": 0,
      "isLeaf": null,
      "keyword": null,
      "hash": "U2FsdGVkX1/n+mipC6mIDGYEj+qjwHlRMRb1ppTrzC/a6eAcKu9sx82oJ/cOG3X8WbUebEuzPqZsIByAZKu5Eg==",
      "khash": null,
      "viewCount": null,
      "duration": "5:18",
      "size": 2572741
    },
    {
      "id": "6d23c378-841b-4593-977f-fe8ae28de7d4",
      "pid": "e77ff998-bd93-41fc-8b18-1fd86e52592c",
      "dblevel": 5,
      "location": "/VGMA/NgheKinhThanh/KinhThanhbandichTruyenThong_FCBH/27.Khai-huyen/Khai-huyen03",
      "isVideo": false,
      "url": "nghe-kinh-thanh.kinh-thanh-ban-dich-truyen-thong-fcbh.27--khai-huyen.khai-huyen-03",
      "name": "Khải-huyền 03",
      "count": 0,
      "isLeaf": null,
      "keyword": null,
      "hash": "U2FsdGVkX18DpCnRHSRu+DnhSento13DbM6+e7GDimGAr/vZLXiH3z7QjRGr+SJ80bUZ3geO1ND9gne5kOu2PQ==",
      "khash": "U2FsdGVkX19W0nq9BYZ0LUZ99zonMXb94vw6gNGDoUXZjciTusuagqhIiJlpWhL752gvL/zm3T/BRV+vbdES6w==",
      "viewCount": null,
      "duration": "4:1",
      "size": 1957923
    },
    {
      "id": "50078e47-22e5-4c6f-9f0f-8f6e160c6896",
      "pid": "e77ff998-bd93-41fc-8b18-1fd86e52592c",
      "dblevel": 5,
      "location": "/VGMA/NgheKinhThanh/KinhThanhbandichTruyenThong_FCBH/27.Khai-huyen/Khai-huyen04",
      "isVideo": false,
      "url": "nghe-kinh-thanh.kinh-thanh-ban-dich-truyen-thong-fcbh.27--khai-huyen.khai-huyen-04",
      "name": "Khải-huyền 04",
      "count": 0,
      "isLeaf": null,
      "keyword": null,
      "hash": "U2FsdGVkX1/MxARx3ppt5dj5N1WFvo7GnuZIaSPHyhTStBR2YdQXkeyoyLAbuB7hre2AdU8vsblaXYei6F4qmw==",
      "khash": "U2FsdGVkX19s3oDivbXhS1dR7jh4YOvQ5d6dA9ECm4+psiiZSTmDLneWiLxbvl4ZN9+F/WErIsKj1kbll8r4mA==",
      "viewCount": null,
      "duration": "2:9",
      "size": 1059938
    },
    {
      "id": "ec2cac94-f316-416b-bdfe-d3d35c962e72",
      "pid": "e77ff998-bd93-41fc-8b18-1fd86e52592c",
      "dblevel": 5,
      "location": "/VGMA/NgheKinhThanh/KinhThanhbandichTruyenThong_FCBH/27.Khai-huyen/Khai-huyen05",
      "isVideo": false,
      "url": "nghe-kinh-thanh.kinh-thanh-ban-dich-truyen-thong-fcbh.27--khai-huyen.khai-huyen-05",
      "name": "Khải-huyền 05",
      "count": 0,
      "isLeaf": null,
      "keyword": null,
      "hash": "U2FsdGVkX1+8TSK+IvodIb3ZVCsCeVOpYMVvZTChgIMZByduSRZnZBSyjFsuAnwdpobN7m6gnXGZx1k83AD7lQ==",
      "khash": "U2FsdGVkX19C9zD2RjyjgcxABa/qqGByt//eoBB/AvTsYfWrqom+lr9FGKmzYuElcVGB9K5z8NPJSPGA9SeRVg==",
      "viewCount": null,
      "duration": "3:3",
      "size": 1493780
    },
    {
      "id": "61015c68-85b0-4070-8244-9d25ae9be917",
      "pid": "e77ff998-bd93-41fc-8b18-1fd86e52592c",
      "dblevel": 5,
      "location": "/VGMA/NgheKinhThanh/KinhThanhbandichTruyenThong_FCBH/27.Khai-huyen/Khai-huyen06",
      "isVideo": false,
      "url": "nghe-kinh-thanh.kinh-thanh-ban-dich-truyen-thong-fcbh.27--khai-huyen.khai-huyen-06",
      "name": "Khải-huyền 06",
      "count": 0,
      "isLeaf": null,
      "keyword": null,
      "hash": "U2FsdGVkX19ANI7GxL7/L0MfaQvbTVXNex/GvWe+Icmp6Kd6zp6CHVVxN//A3GUY4uS69gE3ozURgHIRRcQdOA==",
      "khash": "U2FsdGVkX1+6Veqqy639QVplcB56QPkOwvXL1P4tMAGPZZf2QXpAGc5cQRLz2LckQCUda3pySVyGNs4igW4mUw==",
      "viewCount": null,
      "duration": "2:54",
      "size": 1420010
    },
    {
      "id": "0503430e-2685-41ea-b79d-e2096e8f8692",
      "pid": "e77ff998-bd93-41fc-8b18-1fd86e52592c",
      "dblevel": 5,
      "location": "/VGMA/NgheKinhThanh/KinhThanhbandichTruyenThong_FCBH/27.Khai-huyen/Khai-huyen07",
      "isVideo": false,
      "url": "nghe-kinh-thanh.kinh-thanh-ban-dich-truyen-thong-fcbh.27--khai-huyen.khai-huyen-07",
      "name": "Khải-huyền 07",
      "count": 0,
      "isLeaf": null,
      "keyword": null,
      "hash": "U2FsdGVkX1+lL9AJF3XD+o3ztDC25vAVmMRoMXZskSHgoC82KY0q/AEkl00yPApvrdYj+DN55Fji2ww90GuxzA==",
      "khash": "U2FsdGVkX1/72UIul+uDmPT7ZdSBBzgWxZbRG6VOYCdTMh8RsAMn6U1vPMa9Iw0uM7g6cjdFhPjgbvzylW+8dA==",
      "viewCount": null,
      "duration": "2:58",
      "size": 1454282
    },
    {
      "id": "d62a98d4-2efe-4900-8d13-437191dc47c8",
      "pid": "e77ff998-bd93-41fc-8b18-1fd86e52592c",
      "dblevel": 5,
      "location": "/VGMA/NgheKinhThanh/KinhThanhbandichTruyenThong_FCBH/27.Khai-huyen/Khai-huyen08",
      "isVideo": false,
      "url": "nghe-kinh-thanh.kinh-thanh-ban-dich-truyen-thong-fcbh.27--khai-huyen.khai-huyen-08",
      "name": "Khải-huyền 08",
      "count": 0,
      "isLeaf": null,
      "keyword": null,
      "hash": "U2FsdGVkX1/89tKY65THWn0l+vhjTV8z+9q3Z76wCPW8TXQqa1t4aqpZdz9DI12ddHVCCWyps9qccmpf/uPEQg==",
      "khash": null,
      "viewCount": null,
      "duration": "1:59",
      "size": 982616
    },
    {
      "id": "4ea4de3c-277b-47a6-a0d9-048711cbb6bc",
      "pid": "e77ff998-bd93-41fc-8b18-1fd86e52592c",
      "dblevel": 5,
      "location": "/VGMA/NgheKinhThanh/KinhThanhbandichTruyenThong_FCBH/27.Khai-huyen/Khai-huyen09",
      "isVideo": false,
      "url": "nghe-kinh-thanh.kinh-thanh-ban-dich-truyen-thong-fcbh.27--khai-huyen.khai-huyen-09",
      "name": "Khải-huyền 09",
      "count": 0,
      "isLeaf": null,
      "keyword": null,
      "hash": "U2FsdGVkX19ZIvTlcAyuSCOjEEAqG4z+SM7WR5pLcKZFtp2zGP0bCCEoWVfym57U3d65Ai9hSmOv938R5owUww==",
      "khash": "U2FsdGVkX1+tgl1ofomEMj+u7Qdn0tFPE89lVfJsAFTKZ5CFHh/cN7L/vKnJ7XTomJ6nWNkXVR4XdxPJGLylIA==",
      "viewCount": null,
      "duration": "2:54",
      "size": 1421264
    },
    {
      "id": "df4d8f9e-6620-42bf-a6cd-61d975a55687",
      "pid": "e77ff998-bd93-41fc-8b18-1fd86e52592c",
      "dblevel": 5,
      "location": "/VGMA/NgheKinhThanh/KinhThanhbandichTruyenThong_FCBH/27.Khai-huyen/Khai-huyen10",
      "isVideo": false,
      "url": "nghe-kinh-thanh.kinh-thanh-ban-dich-truyen-thong-fcbh.27--khai-huyen.khai-huyen-10",
      "name": "Khải-huyền 10",
      "count": 0,
      "isLeaf": null,
      "keyword": null,
      "hash": "U2FsdGVkX1+Kkx6tj6XynnRkBgBFQEYyiHSAtwQ99Kg+jp5VFU4OQlYS17rdUlllnFQ6GcZYQIa5UJ7QpcmOiw==",
      "khash": "U2FsdGVkX1//zBbLhO+o7fyzN+x6gos96VIvYNO5LCfb+KDrMe9qxzU7nXrNcmtMofaEwzK5N5dqO9cwo8eJLw==",
      "viewCount": null,
      "duration": "1:48",
      "size": 894008
    },
    {
      "id": "e33d0cac-b1f0-4d07-89f8-48e7852b2fa5",
      "pid": "e77ff998-bd93-41fc-8b18-1fd86e52592c",
      "dblevel": 5,
      "location": "/VGMA/NgheKinhThanh/KinhThanhbandichTruyenThong_FCBH/27.Khai-huyen/Khai-huyen11",
      "isVideo": false,
      "url": "nghe-kinh-thanh.kinh-thanh-ban-dich-truyen-thong-fcbh.27--khai-huyen.khai-huyen-11",
      "name": "Khải-huyền 11",
      "count": 0,
      "isLeaf": null,
      "keyword": null,
      "hash": "U2FsdGVkX1/7nVURQPrHqqbTXAEjr3aeSTtnS0Dmf+htRR5mA5So+KHX+Qc460lLRi2bAH0s21vB5eUgypZZCA==",
      "khash": "U2FsdGVkX1+NhgrylJGNsZLlEYSxWevCoE8K46+LBErjzYqhgu9acdfuLhxsESdFPuLYWYtUWQF+cFjxFtcEXA==",
      "viewCount": null,
      "duration": "3:27",
      "size": 1686668
    },
    {
      "id": "e7c7a109-04a7-4198-b66f-7826a40cb003",
      "pid": "e77ff998-bd93-41fc-8b18-1fd86e52592c",
      "dblevel": 5,
      "location": "/VGMA/NgheKinhThanh/KinhThanhbandichTruyenThong_FCBH/27.Khai-huyen/Khai-huyen12",
      "isVideo": false,
      "url": "nghe-kinh-thanh.kinh-thanh-ban-dich-truyen-thong-fcbh.27--khai-huyen.khai-huyen-12",
      "name": "Khải-huyền 12",
      "count": 0,
      "isLeaf": null,
      "keyword": null,
      "hash": "U2FsdGVkX1+ZVC4eUvGkwnTXOIl8YYrCk3cHH3iK2Qw2sxgD0G9vsbx/tufjwsFojqVWkv2S1Uw9K6vpL83PDQ==",
      "khash": "U2FsdGVkX1+RSthj1w09XqBVpaEm1ojxujYSLhIs3xWyTaeAmj1IF8Dq+Csh1i2KvGcDLvnHHMBXWQ534umNzg==",
      "viewCount": null,
      "duration": "2:39",
      "size": 1300264
    },
    {
      "id": "ce71772c-9857-4797-bb92-371a711a377c",
      "pid": "e77ff998-bd93-41fc-8b18-1fd86e52592c",
      "dblevel": 5,
      "location": "/VGMA/NgheKinhThanh/KinhThanhbandichTruyenThong_FCBH/27.Khai-huyen/Khai-huyen13",
      "isVideo": false,
      "url": "nghe-kinh-thanh.kinh-thanh-ban-dich-truyen-thong-fcbh.27--khai-huyen.khai-huyen-13",
      "name": "Khải-huyền 13",
      "count": 0,
      "isLeaf": null,
      "keyword": null,
      "hash": "U2FsdGVkX18xJGetam5sFQsRJdpv9NnflkVnhAJPHSVBMoQTFByWZy3NYFC59AgPkcuUWwGbB8qrewdtlRJISA==",
      "khash": "U2FsdGVkX18/kwPKpBrbIdpJqaAPp/anRanxhigyDVDo6+OOMnjizDVqqubKjOc6XeYzoj8/sqCRPXyIQvfOTA==",
      "viewCount": null,
      "duration": "2:44",
      "size": 1337881
    },
    {
      "id": "943af2f7-aa11-457c-b3db-e6b39377deee",
      "pid": "e77ff998-bd93-41fc-8b18-1fd86e52592c",
      "dblevel": 5,
      "location": "/VGMA/NgheKinhThanh/KinhThanhbandichTruyenThong_FCBH/27.Khai-huyen/Khai-huyen14",
      "isVideo": false,
      "url": "nghe-kinh-thanh.kinh-thanh-ban-dich-truyen-thong-fcbh.27--khai-huyen.khai-huyen-14",
      "name": "Khải-huyền 14",
      "count": 0,
      "isLeaf": null,
      "keyword": null,
      "hash": "U2FsdGVkX1+eRZFuuhvFJixci+tE4y9EDMzkP6Z3gU3ORIDpeXfANGI4GfwBORfNxthT6kUPwbkb6K42ljafbQ==",
      "khash": "U2FsdGVkX18CVb1rI0jyFUu7Wn6B89oGcxeMvFK6KDKfqrpulN+hCunhQBVsAyRFwQt+KRJlvbZc4u6wFArIMg==",
      "viewCount": null,
      "duration": "3:36",
      "size": 1758975
    },
    {
      "id": "e997ccc9-01e4-452c-830c-c36fc8ae682e",
      "pid": "e77ff998-bd93-41fc-8b18-1fd86e52592c",
      "dblevel": 5,
      "location": "/VGMA/NgheKinhThanh/KinhThanhbandichTruyenThong_FCBH/27.Khai-huyen/Khai-huyen15",
      "isVideo": false,
      "url": "nghe-kinh-thanh.kinh-thanh-ban-dich-truyen-thong-fcbh.27--khai-huyen.khai-huyen-15",
      "name": "Khải-huyền 15",
      "count": 0,
      "isLeaf": null,
      "keyword": null,
      "hash": "U2FsdGVkX1/WQFq264EQdK8nR9FBGyRDdTNL5fwq/KKD4NL3wGtPjBRrsC7ZXZgL8wAJKBJnwziRnqb6Kn/H6w==",
      "khash": "U2FsdGVkX1+06vjeQcNJIW/kCsbsEAQq9R+7umWR6WI9JNRMd1TvKQnN9mH927dq77dCoL8vHkX8jfW44/DMJw==",
      "viewCount": null,
      "duration": "1:28",
      "size": 731004
    },
    {
      "id": "5614548c-a257-4a78-b1d0-e10a03ae8782",
      "pid": "e77ff998-bd93-41fc-8b18-1fd86e52592c",
      "dblevel": 5,
      "location": "/VGMA/NgheKinhThanh/KinhThanhbandichTruyenThong_FCBH/27.Khai-huyen/Khai-huyen16",
      "isVideo": false,
      "url": "nghe-kinh-thanh.kinh-thanh-ban-dich-truyen-thong-fcbh.27--khai-huyen.khai-huyen-16",
      "name": "Khải-huyền 16",
      "count": 0,
      "isLeaf": null,
      "keyword": null,
      "hash": "U2FsdGVkX1818qglGtSFQeNFA+VQkNGmR37gnu10DaTh196kDFd7sYDQvfHV7Qswz5sdm6hzUFMZpxiMr54Nwg==",
      "khash": "U2FsdGVkX18g3cjlf0K7KdiQOKuA3RrsH+stzcptm3I0cV50fyK49Jw3ppEiUMpwLH7PbmLhnsCVW4tmg8+CwQ==",
      "viewCount": null,
      "duration": "3:5",
      "size": 1506109
    },
    {
      "id": "3647b77d-ee57-4e4a-bbce-0d83fb9490dc",
      "pid": "e77ff998-bd93-41fc-8b18-1fd86e52592c",
      "dblevel": 5,
      "location": "/VGMA/NgheKinhThanh/KinhThanhbandichTruyenThong_FCBH/27.Khai-huyen/Khai-huyen17",
      "isVideo": false,
      "url": "nghe-kinh-thanh.kinh-thanh-ban-dich-truyen-thong-fcbh.27--khai-huyen.khai-huyen-17",
      "name": "Khải-huyền 17",
      "count": 0,
      "isLeaf": null,
      "keyword": null,
      "hash": "U2FsdGVkX1+D8TXKm1CiA/gHXTBAIy1Gu3wpHpk0MpyokfZ1ka2hSyp+uAD5qbfpWqixG/hSvZasKARRhOIZVQ==",
      "khash": "U2FsdGVkX18B5RmhXrcOy/6hQmN6Xphbwqr+WBhirly5zvQYA+pwR6dZg7dlMWN2SNzGF+GtARLyl6NAs8ekVw==",
      "viewCount": null,
      "duration": "3:12",
      "size": 1562035
    },
    {
      "id": "109b1a3a-d3ba-4cbf-bb83-5e02c39c958d",
      "pid": "e77ff998-bd93-41fc-8b18-1fd86e52592c",
      "dblevel": 5,
      "location": "/VGMA/NgheKinhThanh/KinhThanhbandichTruyenThong_FCBH/27.Khai-huyen/Khai-huyen18",
      "isVideo": false,
      "url": "nghe-kinh-thanh.kinh-thanh-ban-dich-truyen-thong-fcbh.27--khai-huyen.khai-huyen-18",
      "name": "Khải-huyền 18",
      "count": 0,
      "isLeaf": null,
      "keyword": null,
      "hash": "U2FsdGVkX1+9TiuQpy5nTml50+Y4vpZDPQ9ur3w8PBXvERdKyhc2yss9OwqXtJP142ZNMM1CZ5RUIJKRsfQDEA==",
      "khash": "U2FsdGVkX1/xyGa9zauvbxIphaQEtsJCDCgfszOkAlXOo91/ntFKrAaSdkmWNVGfCYvizlMI6e68KvS/hEYC9A==",
      "viewCount": null,
      "duration": "5:30",
      "size": 2673051
    },
    {
      "id": "2e62c6a4-545c-427a-905a-abf308626615",
      "pid": "e77ff998-bd93-41fc-8b18-1fd86e52592c",
      "dblevel": 5,
      "location": "/VGMA/NgheKinhThanh/KinhThanhbandichTruyenThong_FCBH/27.Khai-huyen/Khai-huyen19",
      "isVideo": false,
      "url": "nghe-kinh-thanh.kinh-thanh-ban-dich-truyen-thong-fcbh.27--khai-huyen.khai-huyen-19",
      "name": "Khải-huyền 19",
      "count": 0,
      "isLeaf": null,
      "keyword": null,
      "hash": "U2FsdGVkX1+d/7WhAkPmgDNsDNDb24wMrZsktKkdVs8UuxXYy41OO9UCvUmWuuO+udMjH9NVNJl3f+OCOOJdRg==",
      "khash": "U2FsdGVkX19lqj08lD2mcsbOP0CFAG0IbkCaagl3Pxv7Xx9aDNL94AYVzsP+m09t+f4PRrGysswEYXK/L45SCw==",
      "viewCount": null,
      "duration": "3:56",
      "size": 1914456
    },
    {
      "id": "e5a32d1e-6545-4c6b-b0d3-296fb7f03bfa",
      "pid": "e77ff998-bd93-41fc-8b18-1fd86e52592c",
      "dblevel": 5,
      "location": "/VGMA/NgheKinhThanh/KinhThanhbandichTruyenThong_FCBH/27.Khai-huyen/Khai-huyen20",
      "isVideo": false,
      "url": "nghe-kinh-thanh.kinh-thanh-ban-dich-truyen-thong-fcbh.27--khai-huyen.khai-huyen-20",
      "name": "Khải-huyền 20",
      "count": 0,
      "isLeaf": null,
      "keyword": null,
      "hash": "U2FsdGVkX1+ZhiVf5SIN3T/8RtJcDyh+bobWRs8M3WUcRJtUe1QGevDA1izSDc3o1Oh29y8OBs7G9PZD3LiA2w==",
      "khash": "U2FsdGVkX1+D0GF5KnT/Xpi510XQBbj5p0BE0DNHbQPiHgE+BQ4bms4gVhybdZj6WJghebTmhaGYgYZvH63ASg==",
      "viewCount": null,
      "duration": "2:42",
      "size": 1321580
    },
    {
      "id": "19c35b1a-7058-4083-80c7-3b58ba580dd4",
      "pid": "e77ff998-bd93-41fc-8b18-1fd86e52592c",
      "dblevel": 5,
      "location": "/VGMA/NgheKinhThanh/KinhThanhbandichTruyenThong_FCBH/27.Khai-huyen/Khai-huyen21",
      "isVideo": false,
      "url": "nghe-kinh-thanh.kinh-thanh-ban-dich-truyen-thong-fcbh.27--khai-huyen.khai-huyen-21",
      "name": "Khải-huyền 21",
      "count": 0,
      "isLeaf": null,
      "keyword": null,
      "hash": "U2FsdGVkX18urkhjgvSE1JktEkx0Tiphc/z3+uBtJJGmRQ3sac2Ljc4+5pRxsHfN2wLpZ95uGH9fv2yUBkt02A==",
      "khash": "U2FsdGVkX1/RwVuHcFWQ1P+KQJUrTTNLsLNs3ivl4+VPVTMYsJv0Gi3HDFLiqUN6FvLOhiHa8bib0hitNtB88g==",
      "viewCount": null,
      "duration": "4:28",
      "size": 2171082
    },
    {
      "id": "d814669e-2109-40ba-9084-c46b411b0691",
      "pid": "e77ff998-bd93-41fc-8b18-1fd86e52592c",
      "dblevel": 5,
      "location": "/VGMA/NgheKinhThanh/KinhThanhbandichTruyenThong_FCBH/27.Khai-huyen/Khai-huyen22",
      "isVideo": false,
      "url": "nghe-kinh-thanh.kinh-thanh-ban-dich-truyen-thong-fcbh.27--khai-huyen.khai-huyen-22",
      "name": "Khải-huyền 22",
      "count": 0,
      "isLeaf": null,
      "keyword": null,
      "hash": "U2FsdGVkX18gpmomL7/mdfXpa8Ypq916xlqqQegaI2v3vNsEXCM4zAX98Ead5soH/qGvYziS7/oftpedi0ao0g==",
      "khash": "U2FsdGVkX1/n3qhooM2zcpywUr1klRVKHHRKcft1nPSEx/3iKa7oQPyRsYlVyFEjIn0pkH45zy03gdHN/YglAg==",
      "viewCount": null,
      "duration": "3:47",
      "size": 1844865
    }
  ]
}