{
  "id": "441c49ab-cbb8-4ef1-9eed-6d85f59298eb",
  "pid": "b6259c37-62d4-4adf-a2a3-af086ef34f24",
  "dblevel": 4,
  "location": "/VGMA/NgheKinhThanh/KinhThanhbandichHienDai2017/HD46_1Co-rinh-to",
  "isVideo": false,
  "url": "nghe-kinh-thanh.kinh-thanh-ban-dich-hien-dai-2017.hd46-1co-rinh-to",
  "name": "HD46_1Cô-rinh-tô",
  "count": 16,
  "isLeaf": true,
  "keyword": null,
  "hash": null,
  "khash": null,
  "viewCount": null,
  "duration": null,
  "size": null,
  "children": [
    {
      "id": "b4da9d2c-9a53-46f2-8db6-acd8cfd1c438",
      "pid": "441c49ab-cbb8-4ef1-9eed-6d85f59298eb",
      "dblevel": 5,
      "location": "/VGMA/NgheKinhThanh/KinhThanhbandichHienDai2017/HD46_1Co-rinh-to/1Co-rinh-to01",
      "isVideo": false,
      "url": "nghe-kinh-thanh.kinh-thanh-ban-dich-hien-dai-2017.hd46-1co-rinh-to.1co-rinh-to-01",
      "name": "1Cô-rinh-tô 01",
      "count": 0,
      "isLeaf": null,
      "keyword": null,
      "hash": "U2FsdGVkX1+tvoK5sUSndkmx9az+y8KwdP6s30N5xLJ6NvVPyXacVST+5Sfdix6nxcsy94FjBQYVKQmR3ey1JA==",
      "khash": "U2FsdGVkX1/HlxGAWYJwefs/pox/k1NHRxzseBhWDfRNj41fLTSEcs6jBfHjZlIm5w2M1UqMCw3Rl5IDBTnZWw==",
      "viewCount": null,
      "duration": "5:4",
      "size": 4905662
    },
    {
      "id": "eb1bf238-a644-4082-89ba-c4b74b000709",
      "pid": "441c49ab-cbb8-4ef1-9eed-6d85f59298eb",
      "dblevel": 5,
      "location": "/VGMA/NgheKinhThanh/KinhThanhbandichHienDai2017/HD46_1Co-rinh-to/1Co-rinh-to02",
      "isVideo": false,
      "url": "nghe-kinh-thanh.kinh-thanh-ban-dich-hien-dai-2017.hd46-1co-rinh-to.1co-rinh-to-02",
      "name": "1Cô-rinh-tô 02",
      "count": 0,
      "isLeaf": null,
      "keyword": null,
      "hash": "U2FsdGVkX1/S2tOeaulECZhGOrfeuU/CY0neNQ1ufhrHoAOlXeVM0ndQ0fIX4ZBxJwqL4QhQxXP0I9hMNoQ5lQ==",
      "khash": "U2FsdGVkX18U/W2U2Al7cPrIH0Izutsa8qnHXIn2uROUdBbOMWShq9D8vFE6fSIS0DsRn7DIuyowo4m7FIdDEA==",
      "viewCount": null,
      "duration": "2:32",
      "size": 2460850
    },
    {
      "id": "fc7af316-9393-4bfd-af0c-bde0bf6df968",
      "pid": "441c49ab-cbb8-4ef1-9eed-6d85f59298eb",
      "dblevel": 5,
      "location": "/VGMA/NgheKinhThanh/KinhThanhbandichHienDai2017/HD46_1Co-rinh-to/1Co-rinh-to03",
      "isVideo": false,
      "url": "nghe-kinh-thanh.kinh-thanh-ban-dich-hien-dai-2017.hd46-1co-rinh-to.1co-rinh-to-03",
      "name": "1Cô-rinh-tô 03",
      "count": 0,
      "isLeaf": null,
      "keyword": null,
      "hash": "U2FsdGVkX1+og2PgLOnNAvSgzN2Js28IHM7SRuX5m9b1FEA7mTNTBXXDFR5NnzYkuDmZdxf6z7gwA3RmW7XrKw==",
      "khash": "U2FsdGVkX1/ImWVPWgtrjQrw9Pen5OJ11LJTPqqCjMxwzMLtrU93T03dKC1m1l9OZUbTIx8GBqQzuFITkJAZmw==",
      "viewCount": null,
      "duration": "3:4",
      "size": 2969919
    },
    {
      "id": "a07d93ee-5352-4e88-b922-e9b06ac39e9a",
      "pid": "441c49ab-cbb8-4ef1-9eed-6d85f59298eb",
      "dblevel": 5,
      "location": "/VGMA/NgheKinhThanh/KinhThanhbandichHienDai2017/HD46_1Co-rinh-to/1Co-rinh-to04",
      "isVideo": false,
      "url": "nghe-kinh-thanh.kinh-thanh-ban-dich-hien-dai-2017.hd46-1co-rinh-to.1co-rinh-to-04",
      "name": "1Cô-rinh-tô 04",
      "count": 0,
      "isLeaf": null,
      "keyword": null,
      "hash": "U2FsdGVkX1+n6z4Mk9Qzndki0tG/fJOppLZ5z8QPr/JTzJ0sBd0VRORcKGVZ1HqjAVhewx15Yg/Wm1j7l7BvXw==",
      "khash": "U2FsdGVkX1/ruMywrsF5523Tq2JOs4u0mWNw25WbwEoDRaLHybBOxVi2n357uA6Jc1Xp0jElLNcsSN1GMLK9gQ==",
      "viewCount": null,
      "duration": "3:8",
      "size": 3031792
    },
    {
      "id": "6e5a0343-ddf3-40c7-baa5-0245a8c0d07b",
      "pid": "441c49ab-cbb8-4ef1-9eed-6d85f59298eb",
      "dblevel": 5,
      "location": "/VGMA/NgheKinhThanh/KinhThanhbandichHienDai2017/HD46_1Co-rinh-to/1Co-rinh-to05",
      "isVideo": false,
      "url": "nghe-kinh-thanh.kinh-thanh-ban-dich-hien-dai-2017.hd46-1co-rinh-to.1co-rinh-to-05",
      "name": "1Cô-rinh-tô 05",
      "count": 0,
      "isLeaf": null,
      "keyword": null,
      "hash": "U2FsdGVkX1/mpXtugyZ7CBuET5iic8HjUIV2gqjkHXnmm4TFZu+iBXq58AnRFwFinVjOx0ZYq5oPEU5N4aI6qg==",
      "khash": "U2FsdGVkX1+NjFGZ3+p/rsC3+CVztTovGRVbljXdVjgqKdj1IoU9SY4JltvAuSVvUbTa+gevFsbNtOWZBngHww==",
      "viewCount": null,
      "duration": "1:59",
      "size": 1926114
    },
    {
      "id": "7d0ae9e9-216b-44ae-9985-85206006e2ce",
      "pid": "441c49ab-cbb8-4ef1-9eed-6d85f59298eb",
      "dblevel": 5,
      "location": "/VGMA/NgheKinhThanh/KinhThanhbandichHienDai2017/HD46_1Co-rinh-to/1Co-rinh-to06",
      "isVideo": false,
      "url": "nghe-kinh-thanh.kinh-thanh-ban-dich-hien-dai-2017.hd46-1co-rinh-to.1co-rinh-to-06",
      "name": "1Cô-rinh-tô 06",
      "count": 0,
      "isLeaf": null,
      "keyword": null,
      "hash": "U2FsdGVkX1+yyCwGcfgBj9iDEH00mIKAVIMDqdzgClTglXW4SR3fc/YFpyxzE4VDbZqOCdwFuOrbPAQdZC/sBg==",
      "khash": "U2FsdGVkX1+cY0F3zVo0ztC8VmuwdOHySxkANnhbbpi3Oo1cbri5wTS1pTpBew15UXvuMZ5QHxV28guaT0nKbg==",
      "viewCount": null,
      "duration": "3:1",
      "size": 2921038
    },
    {
      "id": "fc0a5796-7fb8-41ef-8b7c-e8a094567dcb",
      "pid": "441c49ab-cbb8-4ef1-9eed-6d85f59298eb",
      "dblevel": 5,
      "location": "/VGMA/NgheKinhThanh/KinhThanhbandichHienDai2017/HD46_1Co-rinh-to/1Co-rinh-to07",
      "isVideo": false,
      "url": "nghe-kinh-thanh.kinh-thanh-ban-dich-hien-dai-2017.hd46-1co-rinh-to.1co-rinh-to-07",
      "name": "1Cô-rinh-tô 07",
      "count": 0,
      "isLeaf": null,
      "keyword": null,
      "hash": "U2FsdGVkX1993gAca7EESQcf6fq+XMLzTDt10d2Z7Q/UVmtnynl36bPhliiuBRs8yB+ta195/rWk22RoP8cUNQ==",
      "khash": "U2FsdGVkX1+Qx8PkUbn7uPv2ygGCXjUPAMbpP5RIhrqIk+C2MX2dMMBLukcKOBuNkC3P/F7flsD6059d4FOUCw==",
      "viewCount": null,
      "duration": "5:24",
      "size": 5228288
    },
    {
      "id": "d0b0a56c-faa1-4b11-85a7-58ed4b8d3b75",
      "pid": "441c49ab-cbb8-4ef1-9eed-6d85f59298eb",
      "dblevel": 5,
      "location": "/VGMA/NgheKinhThanh/KinhThanhbandichHienDai2017/HD46_1Co-rinh-to/1Co-rinh-to08",
      "isVideo": false,
      "url": "nghe-kinh-thanh.kinh-thanh-ban-dich-hien-dai-2017.hd46-1co-rinh-to.1co-rinh-to-08",
      "name": "1Cô-rinh-tô 08",
      "count": 0,
      "isLeaf": null,
      "keyword": null,
      "hash": "U2FsdGVkX1/lRQf/SoCtTF/6vHrIgwYS4uhKAxEhdLdNuwmRmB/aNeENQScGTKE189llH7+WXU4joQ4uy/MJ8Q==",
      "khash": "U2FsdGVkX1/tOhQlhYa8d1fOOyM5huuA6BMJ7zPy07J6I+fgooPr6yiHNm1r6IqlYM1qMojQ5s9/S6DKAoCjLg==",
      "viewCount": null,
      "duration": "1:50",
      "size": 1783917
    },
    {
      "id": "25d504af-c6ad-4e08-8382-f1eac47506e3",
      "pid": "441c49ab-cbb8-4ef1-9eed-6d85f59298eb",
      "dblevel": 5,
      "location": "/VGMA/NgheKinhThanh/KinhThanhbandichHienDai2017/HD46_1Co-rinh-to/1Co-rinh-to09",
      "isVideo": false,
      "url": "nghe-kinh-thanh.kinh-thanh-ban-dich-hien-dai-2017.hd46-1co-rinh-to.1co-rinh-to-09",
      "name": "1Cô-rinh-tô 09",
      "count": 0,
      "isLeaf": null,
      "keyword": null,
      "hash": "U2FsdGVkX19LwqfLWw1qe15LJNGr44jaNYG4LUDujnN83tKt/Q2siO++2hC4WeS3jZa7dqD57tFBTPSu2v+guQ==",
      "khash": "U2FsdGVkX18t0wQCEcpOMME0fnv7EEvlR4vEX2lgK+RJextYw7rPhbWAaCd7v9vCvgwIr1B63/uL8rhp/Sbwag==",
      "viewCount": null,
      "duration": "3:46",
      "size": 3643059
    },
    {
      "id": "6629f8e6-a3bc-445d-bc74-338ff2274572",
      "pid": "441c49ab-cbb8-4ef1-9eed-6d85f59298eb",
      "dblevel": 5,
      "location": "/VGMA/NgheKinhThanh/KinhThanhbandichHienDai2017/HD46_1Co-rinh-to/1Co-rinh-to10",
      "isVideo": false,
      "url": "nghe-kinh-thanh.kinh-thanh-ban-dich-hien-dai-2017.hd46-1co-rinh-to.1co-rinh-to-10",
      "name": "1Cô-rinh-tô 10",
      "count": 0,
      "isLeaf": null,
      "keyword": null,
      "hash": "U2FsdGVkX18t78kRL3J1QFEcCwDwRJNvklLTbarZQMqzQ1tgwDvoDqGrd2QGlsPVAFxTjFAvd7iUik8F/bbQBg==",
      "khash": "U2FsdGVkX1/Ky7oSRrAJcROu9oikHG9CXp8Dl2/odcUSP4H1tcnhJvL5gnDUUehxzSyRkWTx/YXeVzvOKDYW5Q==",
      "viewCount": null,
      "duration": "4:8",
      "size": 3996206
    },
    {
      "id": "258b85a1-8544-4f3d-aa2f-24371ff50676",
      "pid": "441c49ab-cbb8-4ef1-9eed-6d85f59298eb",
      "dblevel": 5,
      "location": "/VGMA/NgheKinhThanh/KinhThanhbandichHienDai2017/HD46_1Co-rinh-to/1Co-rinh-to11",
      "isVideo": false,
      "url": "nghe-kinh-thanh.kinh-thanh-ban-dich-hien-dai-2017.hd46-1co-rinh-to.1co-rinh-to-11",
      "name": "1Cô-rinh-tô 11",
      "count": 0,
      "isLeaf": null,
      "keyword": null,
      "hash": "U2FsdGVkX18ssM9sFl6qk/S838VXm247rxA7232Wt8KKVvzdhynV0xsBXJBFGM9CdOnX0S0xj+trYsEZBpn4cQ==",
      "khash": "U2FsdGVkX18zjn4ljAQvMGa7OoRpA1m9lDtNT8zcqhcKrsdQpVI25lR2UnqX/odWIpg9Sx17u2vh3TwqCT9E+A==",
      "viewCount": null,
      "duration": "4:14",
      "size": 4106480
    },
    {
      "id": "bf2337a2-d61a-42cd-9e17-7e2397021394",
      "pid": "441c49ab-cbb8-4ef1-9eed-6d85f59298eb",
      "dblevel": 5,
      "location": "/VGMA/NgheKinhThanh/KinhThanhbandichHienDai2017/HD46_1Co-rinh-to/1Co-rinh-to12",
      "isVideo": false,
      "url": "nghe-kinh-thanh.kinh-thanh-ban-dich-hien-dai-2017.hd46-1co-rinh-to.1co-rinh-to-12",
      "name": "1Cô-rinh-tô 12",
      "count": 0,
      "isLeaf": null,
      "keyword": null,
      "hash": "U2FsdGVkX18WX/Wh/E8CrswhQCuRrHWA0Y8ECo0PL4DQy3F+jcxa8BeH2upL6CRtwqLuGJuTCYymkde7a/tDCQ==",
      "khash": "U2FsdGVkX18uEwSbQE+a4D7g3y34zr2yVirJb23ylD9bUoNr/M0/LlLe3+Ua4+dAPcRDAqvJlV0pXsPH3IcX7w==",
      "viewCount": null,
      "duration": "3:40",
      "size": 3558313
    },
    {
      "id": "d00c4938-8df2-4e14-9576-0a6d78fecc5d",
      "pid": "441c49ab-cbb8-4ef1-9eed-6d85f59298eb",
      "dblevel": 5,
      "location": "/VGMA/NgheKinhThanh/KinhThanhbandichHienDai2017/HD46_1Co-rinh-to/1Co-rinh-to13",
      "isVideo": false,
      "url": "nghe-kinh-thanh.kinh-thanh-ban-dich-hien-dai-2017.hd46-1co-rinh-to.1co-rinh-to-13",
      "name": "1Cô-rinh-tô 13",
      "count": 0,
      "isLeaf": null,
      "keyword": null,
      "hash": "U2FsdGVkX182cbSONHsrIoLIPFqcpUsX3XSz2i07Ef7sJ5GDW0onJlZbqWhvs93U8SZoBPHkGejgJD4gcPBlsw==",
      "khash": "U2FsdGVkX1+cq+XMv8J9SAxfsGKga6YdBFWjhe/FcqdroNEQUWfNIXVgdfPO+bioYy7iKjlzo9x+AtibFfzCQg==",
      "viewCount": null,
      "duration": "1:53",
      "size": 1830205
    },
    {
      "id": "630cd1cd-adef-4500-a295-44b3b933a67d",
      "pid": "441c49ab-cbb8-4ef1-9eed-6d85f59298eb",
      "dblevel": 5,
      "location": "/VGMA/NgheKinhThanh/KinhThanhbandichHienDai2017/HD46_1Co-rinh-to/1Co-rinh-to14",
      "isVideo": false,
      "url": "nghe-kinh-thanh.kinh-thanh-ban-dich-hien-dai-2017.hd46-1co-rinh-to.1co-rinh-to-14",
      "name": "1Cô-rinh-tô 14",
      "count": 0,
      "isLeaf": null,
      "keyword": null,
      "hash": "U2FsdGVkX188Oc20vFW3/LNjeHCU4R2AdnQN1hRVxUTeTtMFklOK+MJH/tjquaiqe8O8pX/zeHqKtlzfHSbvDw==",
      "khash": "U2FsdGVkX1/War1ofSzXy2HTfHLuB4P6c3qNpcO30waE1/l/PwE3rClphUOcAygMyrKkAEuJHsbqLau6KLGkpA==",
      "viewCount": null,
      "duration": "5:14",
      "size": 5061447
    },
    {
      "id": "a2e77e5c-6c11-49e1-8ba7-e8e869dd2faa",
      "pid": "441c49ab-cbb8-4ef1-9eed-6d85f59298eb",
      "dblevel": 5,
      "location": "/VGMA/NgheKinhThanh/KinhThanhbandichHienDai2017/HD46_1Co-rinh-to/1Co-rinh-to15",
      "isVideo": false,
      "url": "nghe-kinh-thanh.kinh-thanh-ban-dich-hien-dai-2017.hd46-1co-rinh-to.1co-rinh-to-15",
      "name": "1Cô-rinh-tô 15",
      "count": 0,
      "isLeaf": null,
      "keyword": null,
      "hash": "U2FsdGVkX1+pZDfvvwDDddhEP4Tb7e+4kRnKmI6RWBI9jzXeFjp60B2xyNfkJLHGq0MhRPcy2e8rjkmnXOloYg==",
      "khash": "U2FsdGVkX18s18da1ANwlRlCdU1UMPKOHwS2DqrO2CYYpM3LSRMsC+Z5zTVg+Bbbqg7lAsviHxPLSZfnowD2rA==",
      "viewCount": null,
      "duration": "7:11",
      "size": 6939861
    },
    {
      "id": "66c9596a-4387-4797-967c-3e74fc4f9bae",
      "pid": "441c49ab-cbb8-4ef1-9eed-6d85f59298eb",
      "dblevel": 5,
      "location": "/VGMA/NgheKinhThanh/KinhThanhbandichHienDai2017/HD46_1Co-rinh-to/1Co-rinh-to16",
      "isVideo": false,
      "url": "nghe-kinh-thanh.kinh-thanh-ban-dich-hien-dai-2017.hd46-1co-rinh-to.1co-rinh-to-16",
      "name": "1Cô-rinh-tô 16",
      "count": 0,
      "isLeaf": null,
      "keyword": null,
      "hash": "U2FsdGVkX1+FWCloj9R0RisufMMrY2w5zNNG58duXEVl5dk7evezzEx3Bc/asBJSi7YoSIjbnqQxjCaRw5JDAg==",
      "khash": "U2FsdGVkX1/NYQAQb6Ea088gZf4kajbvgXVxdF4yBOkahwPq+5ew2QLTaUhqFia9phH5bQ/n4n6JPCWNses1cA==",
      "viewCount": null,
      "duration": "2:59",
      "size": 2890424
    }
  ]
}