{
  "id": "1b823e30-73bf-48f7-8103-aefcb7e2b8ca",
  "pid": "b6259c37-62d4-4adf-a2a3-af086ef34f24",
  "dblevel": 4,
  "location": "/VGMA/NgheKinhThanh/KinhThanhbandichHienDai2017/HD38_Xa-cha-ri",
  "isVideo": false,
  "url": "nghe-kinh-thanh.kinh-thanh-ban-dich-hien-dai-2017.hd38-xa-cha-ri",
  "name": "HD38_Xa-cha-ri",
  "count": 14,
  "isLeaf": true,
  "keyword": null,
  "hash": null,
  "khash": null,
  "viewCount": null,
  "duration": null,
  "size": null,
  "children": [
    {
      "id": "58ffbed7-e0db-43d0-947d-be31c90ee9c6",
      "pid": "1b823e30-73bf-48f7-8103-aefcb7e2b8ca",
      "dblevel": 5,
      "location": "/VGMA/NgheKinhThanh/KinhThanhbandichHienDai2017/HD38_Xa-cha-ri/Xa-cha-ri01",
      "isVideo": false,
      "url": "nghe-kinh-thanh.kinh-thanh-ban-dich-hien-dai-2017.hd38-xa-cha-ri.xa-cha-ri-01",
      "name": "Xa-cha-ri 01",
      "count": 0,
      "isLeaf": null,
      "keyword": null,
      "hash": "U2FsdGVkX19YG/dk3vwo6NhjvrLVGU0/CRQIHKbjNzIZBBwddI2adjH23bWmh20s5FG6c76YMen8je/ieOaZPg==",
      "khash": null,
      "viewCount": null,
      "duration": "3:37",
      "size": 3509104
    },
    {
      "id": "0ca4b689-5780-4bdb-87b4-261012af0f02",
      "pid": "1b823e30-73bf-48f7-8103-aefcb7e2b8ca",
      "dblevel": 5,
      "location": "/VGMA/NgheKinhThanh/KinhThanhbandichHienDai2017/HD38_Xa-cha-ri/Xa-cha-ri02",
      "isVideo": false,
      "url": "nghe-kinh-thanh.kinh-thanh-ban-dich-hien-dai-2017.hd38-xa-cha-ri.xa-cha-ri-02",
      "name": "Xa-cha-ri 02",
      "count": 0,
      "isLeaf": null,
      "keyword": null,
      "hash": "U2FsdGVkX1+emfjIMCzL+1IS81F3OqbQgyrvlPvp+kUvmGyhM2T1RJFqpBVBSo/9VLadLE1Me4vtHdKALd8ZrQ==",
      "khash": "U2FsdGVkX185rCeVJthUke1i5KeYxZUVDmnHHP+/EBp/C2axFdOM4Eey1Ci6cHc6QuX3lPXQhD5+a2tbaHdO5g==",
      "viewCount": null,
      "duration": "1:52",
      "size": 1809993
    },
    {
      "id": "ae93df8e-eef8-48a5-8758-08f575ca6509",
      "pid": "1b823e30-73bf-48f7-8103-aefcb7e2b8ca",
      "dblevel": 5,
      "location": "/VGMA/NgheKinhThanh/KinhThanhbandichHienDai2017/HD38_Xa-cha-ri/Xa-cha-ri03",
      "isVideo": false,
      "url": "nghe-kinh-thanh.kinh-thanh-ban-dich-hien-dai-2017.hd38-xa-cha-ri.xa-cha-ri-03",
      "name": "Xa-cha-ri 03",
      "count": 0,
      "isLeaf": null,
      "keyword": null,
      "hash": "U2FsdGVkX18HaJMMOIDXQWjtl6i4ai3cgJ6eiDABlnWLZCpsYlQ22CNOol3YZpi0Cb3ddcWBU4ZLDTwwTM9UWQ==",
      "khash": "U2FsdGVkX19iA6yhknBMpoYY4UmoxO6VQqtDoVCeKxiEMJ/lwmS/Qihbuqu0WJUfXjt5Y198tC4EuYO3GRVc9A==",
      "viewCount": null,
      "duration": "1:44",
      "size": 1684201
    },
    {
      "id": "a4757899-0f11-4447-b4be-f9886e6a7a52",
      "pid": "1b823e30-73bf-48f7-8103-aefcb7e2b8ca",
      "dblevel": 5,
      "location": "/VGMA/NgheKinhThanh/KinhThanhbandichHienDai2017/HD38_Xa-cha-ri/Xa-cha-ri04",
      "isVideo": false,
      "url": "nghe-kinh-thanh.kinh-thanh-ban-dich-hien-dai-2017.hd38-xa-cha-ri.xa-cha-ri-04",
      "name": "Xa-cha-ri 04",
      "count": 0,
      "isLeaf": null,
      "keyword": null,
      "hash": "U2FsdGVkX194NeDfkY93B+5tdsOwieTibpbyDNUYEklX7usjfIXxzH3+HZbK9TvClQvb3Is7EEW1lqYnnQ+csA==",
      "khash": "U2FsdGVkX19ivr/tAsYK++cosZvTnyXR0S1QcOiHDhI3qlqW4kge/ppzA8WZgkiivzlZsNdp5fvZjc36ZIghTw==",
      "viewCount": null,
      "duration": "1:49",
      "size": 1769788
    },
    {
      "id": "e76408cd-9c8e-4a56-8f4b-e1b3a450419f",
      "pid": "1b823e30-73bf-48f7-8103-aefcb7e2b8ca",
      "dblevel": 5,
      "location": "/VGMA/NgheKinhThanh/KinhThanhbandichHienDai2017/HD38_Xa-cha-ri/Xa-cha-ri05",
      "isVideo": false,
      "url": "nghe-kinh-thanh.kinh-thanh-ban-dich-hien-dai-2017.hd38-xa-cha-ri.xa-cha-ri-05",
      "name": "Xa-cha-ri 05",
      "count": 0,
      "isLeaf": null,
      "keyword": null,
      "hash": "U2FsdGVkX18DPTnSKmatbTRJfDR1KTOPAeoFRE/RaLjVyRwJHB1kic9zk12isfZfx3PBS1w52hv7QM7s4gl2BQ==",
      "khash": "U2FsdGVkX1/fil28oNu1kUwcp92LNChCjl0t5OfRLEobZIBM/4xuxw7HnR3Sx8SBUISbCo7LF3oNUXqY4/RBkg==",
      "viewCount": null,
      "duration": "1:33",
      "size": 1510321
    },
    {
      "id": "50ee1238-1d27-49c0-ae22-d766c13258e2",
      "pid": "1b823e30-73bf-48f7-8103-aefcb7e2b8ca",
      "dblevel": 5,
      "location": "/VGMA/NgheKinhThanh/KinhThanhbandichHienDai2017/HD38_Xa-cha-ri/Xa-cha-ri06",
      "isVideo": false,
      "url": "nghe-kinh-thanh.kinh-thanh-ban-dich-hien-dai-2017.hd38-xa-cha-ri.xa-cha-ri-06",
      "name": "Xa-cha-ri 06",
      "count": 0,
      "isLeaf": null,
      "keyword": null,
      "hash": "U2FsdGVkX19FQvGOkrycCMS14AQyMeTpXgjFeBKevKaGurcE+34bdDK461hvJ+75YT2Wy9fFLe7QlaV/Km0+EA==",
      "khash": "U2FsdGVkX18/at6td6NOXVuZcwtW10j3L2ivqLFFUSjfZ9LdjNKM0D/3Jey6Pk0SsbTv7wmjPqPDFxGVPqp+nw==",
      "viewCount": null,
      "duration": "2:15",
      "size": 2189887
    },
    {
      "id": "5c5f38c3-7500-45d7-ad2b-259ffb4a8ca9",
      "pid": "1b823e30-73bf-48f7-8103-aefcb7e2b8ca",
      "dblevel": 5,
      "location": "/VGMA/NgheKinhThanh/KinhThanhbandichHienDai2017/HD38_Xa-cha-ri/Xa-cha-ri07",
      "isVideo": false,
      "url": "nghe-kinh-thanh.kinh-thanh-ban-dich-hien-dai-2017.hd38-xa-cha-ri.xa-cha-ri-07",
      "name": "Xa-cha-ri 07",
      "count": 0,
      "isLeaf": null,
      "keyword": null,
      "hash": "U2FsdGVkX1+AYN/r2FDFdXUZahBp71mmXtsbAPusMotFHfVitFypOa6pGoUXamepd3XpWhNHBfTF7ubaL2OH6Q==",
      "khash": "U2FsdGVkX1+Q5pDFDjUzowmYZQW56ZoRzIEa0F9AbrhIc60Q0i+xrbA8OMnWE8TIotTpYcBwnkUQgb/egPE6+Q==",
      "viewCount": null,
      "duration": "2:8",
      "size": 2082014
    },
    {
      "id": "b0a9be7c-9395-47dd-941e-9ab1b4288246",
      "pid": "1b823e30-73bf-48f7-8103-aefcb7e2b8ca",
      "dblevel": 5,
      "location": "/VGMA/NgheKinhThanh/KinhThanhbandichHienDai2017/HD38_Xa-cha-ri/Xa-cha-ri08",
      "isVideo": false,
      "url": "nghe-kinh-thanh.kinh-thanh-ban-dich-hien-dai-2017.hd38-xa-cha-ri.xa-cha-ri-08",
      "name": "Xa-cha-ri 08",
      "count": 0,
      "isLeaf": null,
      "keyword": null,
      "hash": "U2FsdGVkX18tpNFKLTl+QgaMraCluNr8dPug0y/nrHp3wYaZ8jnDuOeo+3E3AWfiRjb4ukj2W0X/+iP+IjBafQ==",
      "khash": "U2FsdGVkX1/KvlhvWAFOJBa9TrAkUdeRnabFaWFmhOWYif3zkNXlaqCOFKUHOLKaP9OYmmqf+Goc43wa6x65KQ==",
      "viewCount": null,
      "duration": "3:32",
      "size": 3423701
    },
    {
      "id": "660abab0-7468-4015-a700-f34a1352b6de",
      "pid": "1b823e30-73bf-48f7-8103-aefcb7e2b8ca",
      "dblevel": 5,
      "location": "/VGMA/NgheKinhThanh/KinhThanhbandichHienDai2017/HD38_Xa-cha-ri/Xa-cha-ri09",
      "isVideo": false,
      "url": "nghe-kinh-thanh.kinh-thanh-ban-dich-hien-dai-2017.hd38-xa-cha-ri.xa-cha-ri-09",
      "name": "Xa-cha-ri 09",
      "count": 0,
      "isLeaf": null,
      "keyword": null,
      "hash": "U2FsdGVkX1+C8qNY/MNhKyPdXGqVrjaGTgvdcIkLwH3LuRO14Ngk4WXTDjYi8lRJ0pzaopFXaMZuDmmyhYR3hg==",
      "khash": "U2FsdGVkX18R/Sc5cYhSF/V8nozMMMjOajmwYFof/FdnCRNsjhTHf9paitcUAPsD5ThvL2o1pF/i5StMuJ7/mw==",
      "viewCount": null,
      "duration": "3:1",
      "size": 2925154
    },
    {
      "id": "3b912e19-cd69-4b5c-a628-2d5114ff967a",
      "pid": "1b823e30-73bf-48f7-8103-aefcb7e2b8ca",
      "dblevel": 5,
      "location": "/VGMA/NgheKinhThanh/KinhThanhbandichHienDai2017/HD38_Xa-cha-ri/Xa-cha-ri10",
      "isVideo": false,
      "url": "nghe-kinh-thanh.kinh-thanh-ban-dich-hien-dai-2017.hd38-xa-cha-ri.xa-cha-ri-10",
      "name": "Xa-cha-ri 10",
      "count": 0,
      "isLeaf": null,
      "keyword": null,
      "hash": "U2FsdGVkX1+9PEFg0RwIh3I19HCA1ZBVV704ZQtSn9tuu00WumBoOL/RwjmckAqBxJl1xymYWnvXmh/uqHt8fw==",
      "khash": "U2FsdGVkX1+XZkqOVrv+6PYuPeXklHIzQo4huw6/oy6XTXmvVrFOxNy+PTMoFMBmRueKFeEo58hINFFWNxLOjw==",
      "viewCount": null,
      "duration": "2:13",
      "size": 2155419
    },
    {
      "id": "3337864f-3848-4478-88a1-726bcb9c143a",
      "pid": "1b823e30-73bf-48f7-8103-aefcb7e2b8ca",
      "dblevel": 5,
      "location": "/VGMA/NgheKinhThanh/KinhThanhbandichHienDai2017/HD38_Xa-cha-ri/Xa-cha-ri11",
      "isVideo": false,
      "url": "nghe-kinh-thanh.kinh-thanh-ban-dich-hien-dai-2017.hd38-xa-cha-ri.xa-cha-ri-11",
      "name": "Xa-cha-ri 11",
      "count": 0,
      "isLeaf": null,
      "keyword": null,
      "hash": "U2FsdGVkX19maSmZoeYZI41IivQxl9T/onXzeeh9Th49jclvj8vrfdxp7CWHNTEv0H1W2FdqgiVBVqqE/Bziqg==",
      "khash": "U2FsdGVkX1/lz7VPGi0TUKKMfEym9bzApnZXsL5rPeLzjhm9FSwz72Mo7fMMm4n2Cd994LdfJauwNTCbGJNaOw==",
      "viewCount": null,
      "duration": "2:50",
      "size": 2751547
    },
    {
      "id": "cb58c16d-f9ce-4354-a308-6e6308d78a26",
      "pid": "1b823e30-73bf-48f7-8103-aefcb7e2b8ca",
      "dblevel": 5,
      "location": "/VGMA/NgheKinhThanh/KinhThanhbandichHienDai2017/HD38_Xa-cha-ri/Xa-cha-ri12",
      "isVideo": false,
      "url": "nghe-kinh-thanh.kinh-thanh-ban-dich-hien-dai-2017.hd38-xa-cha-ri.xa-cha-ri-12",
      "name": "Xa-cha-ri 12",
      "count": 0,
      "isLeaf": null,
      "keyword": null,
      "hash": "U2FsdGVkX1+qumZtBUg3xWMp1WFUDDzS/OSeGbANhKJpJBBcl1sMMLAQvsn2xDkiejIqU7gDmZtDWTzpzbUqVA==",
      "khash": "U2FsdGVkX1/hKad8EPcji1FHoHM3bEUbyBUnoE9EI09vID9j1CbgpRxE36NTE+azrmpWXUa0Tq9fl2Wv8cNXng==",
      "viewCount": null,
      "duration": "2:21",
      "size": 2279865
    },
    {
      "id": "13ee1562-702e-4c26-a679-6463f9522441",
      "pid": "1b823e30-73bf-48f7-8103-aefcb7e2b8ca",
      "dblevel": 5,
      "location": "/VGMA/NgheKinhThanh/KinhThanhbandichHienDai2017/HD38_Xa-cha-ri/Xa-cha-ri13",
      "isVideo": false,
      "url": "nghe-kinh-thanh.kinh-thanh-ban-dich-hien-dai-2017.hd38-xa-cha-ri.xa-cha-ri-13",
      "name": "Xa-cha-ri 13",
      "count": 0,
      "isLeaf": null,
      "keyword": null,
      "hash": "U2FsdGVkX1/PKOLzeL0rCz0dvKhwJyQVFt8sJ0W7e4Dp/z66DibtgKYizrCTFKgmt6Zwt18eBD3tscxqm4YuAQ==",
      "khash": "U2FsdGVkX1+8iZD35wkdSC+wvNaDqs0/PPkJJ2djO4Z8ks4CqDC5zn1FIy4bJYnYJm+WGniYVHcbnqA4WSlo+A==",
      "viewCount": null,
      "duration": "1:44",
      "size": 1686791
    },
    {
      "id": "6c3a93f6-e795-41b6-baa5-ab6e83ff632e",
      "pid": "1b823e30-73bf-48f7-8103-aefcb7e2b8ca",
      "dblevel": 5,
      "location": "/VGMA/NgheKinhThanh/KinhThanhbandichHienDai2017/HD38_Xa-cha-ri/Xa-cha-ri14",
      "isVideo": false,
      "url": "nghe-kinh-thanh.kinh-thanh-ban-dich-hien-dai-2017.hd38-xa-cha-ri.xa-cha-ri-14",
      "name": "Xa-cha-ri 14",
      "count": 0,
      "isLeaf": null,
      "keyword": null,
      "hash": "U2FsdGVkX1+OjW8Gb35VaB7b/Y8xBOTG4VO8nZx6A3Z9n8hQiSGYWtujJkuck7y8+Rdvke7spULWJ2eCREGDHw==",
      "khash": "U2FsdGVkX1/SF2rE3ZOWm3c/Wk991tn7fzJMGymKNtguLZXdksNiwCFh+iwSB5exI7760M5NVAa9IUeNlBYpeQ==",
      "viewCount": null,
      "duration": "3:35",
      "size": 3468558
    }
  ]
}