{
  "id": "b41d3618-f0b5-4081-8576-da47617fbf69",
  "pid": "23541eed-15e9-41d0-8477-67032b0277ec",
  "dblevel": 4,
  "location": "/VGMA/NgheKinhThanh/KinhThanhbandichTruyenThongHieuDinh/57-Phil",
  "isVideo": false,
  "url": "nghe-kinh-thanh.kinh-thanh-ban-dich-truyen-thong-hieu-dinh.57-phil",
  "name": "57-Phil",
  "count": 1,
  "isLeaf": true,
  "keyword": null,
  "hash": null,
  "khash": null,
  "viewCount": null,
  "duration": null,
  "size": null,
  "children": [
    {
      "id": "cd2d72fb-253d-4270-a06a-83dd8580de4a",
      "pid": "b41d3618-f0b5-4081-8576-da47617fbf69",
      "dblevel": 5,
      "location": "/VGMA/NgheKinhThanh/KinhThanhbandichTruyenThongHieuDinh/57-Phil/Phil01",
      "isVideo": false,
      "url": "nghe-kinh-thanh.kinh-thanh-ban-dich-truyen-thong-hieu-dinh.57-phil.phil01",
      "name": "Phil01",
      "count": 0,
      "isLeaf": null,
      "keyword": null,
      "hash": "U2FsdGVkX1+zLQAsLVjMNcvgVt5DKy2ZIoAtWn2UmvE+B4H99Mdnz2nN56aUIEDn5sHQmxe3qTKim87zvks/5Q==",
      "khash": null,
      "viewCount": null,
      "duration": "3:20",
      "size": 4842117
    }
  ]
}