{
  "id": "28c45f9f-a774-4944-b023-c5bc85405a23",
  "pid": "23541eed-15e9-41d0-8477-67032b0277ec",
  "dblevel": 4,
  "location": "/VGMA/NgheKinhThanh/KinhThanhbandichTruyenThongHieuDinh/10-2Sa",
  "isVideo": false,
  "url": "nghe-kinh-thanh.kinh-thanh-ban-dich-truyen-thong-hieu-dinh.10-2sa",
  "name": "10-2Sa",
  "count": 24,
  "isLeaf": true,
  "keyword": null,
  "hash": null,
  "khash": null,
  "viewCount": null,
  "duration": null,
  "size": null,
  "children": [
    {
      "id": "c3d292aa-6d21-4d72-b7e3-e0bbfa216d6d",
      "pid": "28c45f9f-a774-4944-b023-c5bc85405a23",
      "dblevel": 5,
      "location": "/VGMA/NgheKinhThanh/KinhThanhbandichTruyenThongHieuDinh/10-2Sa/2Sa01",
      "isVideo": false,
      "url": "nghe-kinh-thanh.kinh-thanh-ban-dich-truyen-thong-hieu-dinh.10-2sa.2sa01",
      "name": "2Sa01",
      "count": 0,
      "isLeaf": null,
      "keyword": null,
      "hash": "U2FsdGVkX1/I7DMPKyrr79QiHY4PrZXvzK7+k7zF+mhlgTrJr8XOjXDtahXfXSeo0ixlhNP8efsxrgxerVAykQ==",
      "khash": "U2FsdGVkX19JwEQFsNGza0w6qof5L+rxLyAE68LsZCjAp9voL43MAh3HczF09RWZ6Jn73sYnEvDi3rDc/Qq88Q==",
      "viewCount": null,
      "duration": "3:54",
      "size": 5654809
    },
    {
      "id": "4f62a035-64ad-49c3-9f7a-4a7d9a81c8c7",
      "pid": "28c45f9f-a774-4944-b023-c5bc85405a23",
      "dblevel": 5,
      "location": "/VGMA/NgheKinhThanh/KinhThanhbandichTruyenThongHieuDinh/10-2Sa/2Sa02",
      "isVideo": false,
      "url": "nghe-kinh-thanh.kinh-thanh-ban-dich-truyen-thong-hieu-dinh.10-2sa.2sa02",
      "name": "2Sa02",
      "count": 0,
      "isLeaf": null,
      "keyword": null,
      "hash": "U2FsdGVkX18CYNeXB4iWyk69rRpGufxa4C7W3PzfhgQJg8YAp4t8CWIDnT1vDqzS261NSOg4RLdA0LQ/Vb+b7w==",
      "khash": "U2FsdGVkX183ylYfwzApUpoGQogDOxrAPzY1GtaIRuWTFeEKzr+80xpjZfmALgTYC28z9sAMCAuvkJawq+dT2Q==",
      "viewCount": null,
      "duration": "5:3",
      "size": 7316638
    },
    {
      "id": "8e3cb1cc-6690-4af2-a4bf-85964bbda8b4",
      "pid": "28c45f9f-a774-4944-b023-c5bc85405a23",
      "dblevel": 5,
      "location": "/VGMA/NgheKinhThanh/KinhThanhbandichTruyenThongHieuDinh/10-2Sa/2Sa03",
      "isVideo": false,
      "url": "nghe-kinh-thanh.kinh-thanh-ban-dich-truyen-thong-hieu-dinh.10-2sa.2sa03",
      "name": "2Sa03",
      "count": 0,
      "isLeaf": null,
      "keyword": null,
      "hash": "U2FsdGVkX1+JHHUHMfaeZByp0xKVF3SA46a9R1diBPHLvocnLHm/MsgLvvEtdk3LJgWM4HmB3Iif3eEG0wYiEA==",
      "khash": "U2FsdGVkX19769h/VlHVzq4vPb0caVDocaphD9+ANaXe81tSRcQsPFmsOLOdcMXcPGynxIssbfoHRWy1hU67Vw==",
      "viewCount": null,
      "duration": "6:59",
      "size": 10093664
    },
    {
      "id": "d3b69b54-4d8c-494a-b2f9-460639f87087",
      "pid": "28c45f9f-a774-4944-b023-c5bc85405a23",
      "dblevel": 5,
      "location": "/VGMA/NgheKinhThanh/KinhThanhbandichTruyenThongHieuDinh/10-2Sa/2Sa04",
      "isVideo": false,
      "url": "nghe-kinh-thanh.kinh-thanh-ban-dich-truyen-thong-hieu-dinh.10-2sa.2sa04",
      "name": "2Sa04",
      "count": 0,
      "isLeaf": null,
      "keyword": null,
      "hash": "U2FsdGVkX1+oDTQbvYqpM5rshvEYNyKAiOTV4bQr0MhaYrXnbgSi8ir2AlMDEcfZjbKYgiqzMz2cEca7/cvlcQ==",
      "khash": "U2FsdGVkX1+D0AFJwENbNiX0RmkJfhzleys6lL0pEQZAEE1e4DG1Eo60ck+m6BPAl2abk2F445KZ827uZoG8+A==",
      "viewCount": null,
      "duration": "2:26",
      "size": 3530791
    },
    {
      "id": "5890df3b-b9ba-45a8-83ab-76ada325eef0",
      "pid": "28c45f9f-a774-4944-b023-c5bc85405a23",
      "dblevel": 5,
      "location": "/VGMA/NgheKinhThanh/KinhThanhbandichTruyenThongHieuDinh/10-2Sa/2Sa05",
      "isVideo": false,
      "url": "nghe-kinh-thanh.kinh-thanh-ban-dich-truyen-thong-hieu-dinh.10-2sa.2sa05",
      "name": "2Sa05",
      "count": 0,
      "isLeaf": null,
      "keyword": null,
      "hash": "U2FsdGVkX1958uSwZhsZ2gncsrDOhwxPc1aH3veI6iE3DBfkDMUr7vPI4x78TUI4rbp8gAaa2+24ZnEynnbRyw==",
      "khash": "U2FsdGVkX19KJe0W76ddpiYArxQ8/3cwAoi22W2CT/ee3FmMCs7gtE6DhppkajQZxtiGq8hzJYmn5HmIOlCPfw==",
      "viewCount": null,
      "duration": "3:41",
      "size": 5332751
    },
    {
      "id": "ac91a7df-4921-46dd-a699-ef6188db3ed6",
      "pid": "28c45f9f-a774-4944-b023-c5bc85405a23",
      "dblevel": 5,
      "location": "/VGMA/NgheKinhThanh/KinhThanhbandichTruyenThongHieuDinh/10-2Sa/2Sa06",
      "isVideo": false,
      "url": "nghe-kinh-thanh.kinh-thanh-ban-dich-truyen-thong-hieu-dinh.10-2sa.2sa06",
      "name": "2Sa06",
      "count": 0,
      "isLeaf": null,
      "keyword": null,
      "hash": "U2FsdGVkX19e6abW/sOoGrYAoFpJ55iCTdxhkxuEC1oU3GZcNwwkG6iCY9WgeC1PocS0DQJROJsZORphZHTBPA==",
      "khash": "U2FsdGVkX1/Dq8cg2qZlsquHXHTJ1i3kuUDx3BCRxb6HGeV4klkq+xuan/w8IfgQzIXHN69p+E0dAnvLNB6pdQ==",
      "viewCount": null,
      "duration": "3:46",
      "size": 5452025
    },
    {
      "id": "55d62032-ff39-4055-8e7b-8dac11e276cb",
      "pid": "28c45f9f-a774-4944-b023-c5bc85405a23",
      "dblevel": 5,
      "location": "/VGMA/NgheKinhThanh/KinhThanhbandichTruyenThongHieuDinh/10-2Sa/2Sa07",
      "isVideo": false,
      "url": "nghe-kinh-thanh.kinh-thanh-ban-dich-truyen-thong-hieu-dinh.10-2sa.2sa07",
      "name": "2Sa07",
      "count": 0,
      "isLeaf": null,
      "keyword": null,
      "hash": "U2FsdGVkX18SbH1zA/JBz9JmQyS02oZ9KvBVidnygThTESuwDwPDalUkefSXd6wbtObgzqgF0TP4g+lQ9fiVrA==",
      "khash": "U2FsdGVkX1+rH9DXhqB5fZ0vWUDeJqS7Q3OBQcZ/sZ1s8NDrisoYAJp8Ea2MyGnBymsFpfm4QcxCVXlb0xMd6A==",
      "viewCount": null,
      "duration": "4:54",
      "size": 7094906
    },
    {
      "id": "b5b5bd69-82db-4423-83ff-d2723df95819",
      "pid": "28c45f9f-a774-4944-b023-c5bc85405a23",
      "dblevel": 5,
      "location": "/VGMA/NgheKinhThanh/KinhThanhbandichTruyenThongHieuDinh/10-2Sa/2Sa08",
      "isVideo": false,
      "url": "nghe-kinh-thanh.kinh-thanh-ban-dich-truyen-thong-hieu-dinh.10-2sa.2sa08",
      "name": "2Sa08",
      "count": 0,
      "isLeaf": null,
      "keyword": null,
      "hash": "U2FsdGVkX1+xnyYXHTbrN27owHpempcUU3DimaOV8kIsbCJrMY0lsJnllC6CSTz6VBwePSQwfa+ecb3SJ0sILg==",
      "khash": "U2FsdGVkX1/kmMW1xfVkbidBp+Htq2/K7KKdQ9+26KElEe1++mYrDtZn/6NPkm5j74uTDggoN6SwEeH82Re0Lw==",
      "viewCount": null,
      "duration": "2:50",
      "size": 4106335
    },
    {
      "id": "43c5c67b-ad48-4f0e-bb8d-519e0beb44ac",
      "pid": "28c45f9f-a774-4944-b023-c5bc85405a23",
      "dblevel": 5,
      "location": "/VGMA/NgheKinhThanh/KinhThanhbandichTruyenThongHieuDinh/10-2Sa/2Sa09",
      "isVideo": false,
      "url": "nghe-kinh-thanh.kinh-thanh-ban-dich-truyen-thong-hieu-dinh.10-2sa.2sa09",
      "name": "2Sa09",
      "count": 0,
      "isLeaf": null,
      "keyword": null,
      "hash": "U2FsdGVkX18tM/rZOIx8uEefnWFW/pblVu7w+uq90uvgH5DqaUrf1UAaPV0qKXT9SgyBwd44b5x0mamAqnElIw==",
      "khash": "U2FsdGVkX1/Ho0QF5P+tkepkYZVVt2pMcnjQobA7IRay+hkYrf2yWujiZ2PIFBptATwmSx9bn9cAw7/iPEFDwA==",
      "viewCount": null,
      "duration": "2:23",
      "size": 3452375
    },
    {
      "id": "cc63431b-1763-4fb5-b532-75b11275e45e",
      "pid": "28c45f9f-a774-4944-b023-c5bc85405a23",
      "dblevel": 5,
      "location": "/VGMA/NgheKinhThanh/KinhThanhbandichTruyenThongHieuDinh/10-2Sa/2Sa10",
      "isVideo": false,
      "url": "nghe-kinh-thanh.kinh-thanh-ban-dich-truyen-thong-hieu-dinh.10-2sa.2sa10",
      "name": "2Sa10",
      "count": 0,
      "isLeaf": null,
      "keyword": null,
      "hash": "U2FsdGVkX1/Tg/W9x5YCuM4ydmUWzOeRVe+CABLErAEWNlYW0x9VVk7Q48qMk4vohj8y2CXo98pckzWFAVY+OA==",
      "khash": "U2FsdGVkX19sRxWVBEYUUqEMxoW9hv7PMZ/glVf/U51KEBz4sLkrMRlAnKAhXSO3Qqxlq9xj5K+nS9+G6cleJA==",
      "viewCount": null,
      "duration": "3:16",
      "size": 4738429
    },
    {
      "id": "252ed96a-4831-40bc-b5ec-88f349c7adcb",
      "pid": "28c45f9f-a774-4944-b023-c5bc85405a23",
      "dblevel": 5,
      "location": "/VGMA/NgheKinhThanh/KinhThanhbandichTruyenThongHieuDinh/10-2Sa/2Sa11",
      "isVideo": false,
      "url": "nghe-kinh-thanh.kinh-thanh-ban-dich-truyen-thong-hieu-dinh.10-2sa.2sa11",
      "name": "2Sa11",
      "count": 0,
      "isLeaf": null,
      "keyword": null,
      "hash": "U2FsdGVkX1+N7VoOjQBUVvlItIi/6bywpYuHUxl6E8Gy9dQBSM7GgbowXeaOXY7WO6MpKFZ7XXBDhU+Ha1LbSg==",
      "khash": "U2FsdGVkX1/2Z0iw0kuWR3tY3ROaSl2aF+dDTuug2DpblGzF2/i61LlFmdHchbf+QZtmcHFZtJ00KGiumrLASA==",
      "viewCount": null,
      "duration": "4:22",
      "size": 6311487
    },
    {
      "id": "93bc5b3c-3c06-45d1-ab1e-6cbc01de0f3d",
      "pid": "28c45f9f-a774-4944-b023-c5bc85405a23",
      "dblevel": 5,
      "location": "/VGMA/NgheKinhThanh/KinhThanhbandichTruyenThongHieuDinh/10-2Sa/2Sa12",
      "isVideo": false,
      "url": "nghe-kinh-thanh.kinh-thanh-ban-dich-truyen-thong-hieu-dinh.10-2sa.2sa12",
      "name": "2Sa12",
      "count": 0,
      "isLeaf": null,
      "keyword": null,
      "hash": "U2FsdGVkX182XJRDt5wHI+quCnIokJFxmUY7J6q9pZwFDrMgHBRUqZ1RSUxpzIYL+MqUlKgmGd5plUn/zcC1Bg==",
      "khash": "U2FsdGVkX1/tVtvHOz3nSIIChpGHtG3KFeDY0nuhidnfU7iVTGrVEYWsc66WabV0VrZWayGsWz2Vx7pUZxevgA==",
      "viewCount": null,
      "duration": "5:10",
      "size": 7465335
    },
    {
      "id": "63361891-6ecf-485f-a7a7-d1471cf995da",
      "pid": "28c45f9f-a774-4944-b023-c5bc85405a23",
      "dblevel": 5,
      "location": "/VGMA/NgheKinhThanh/KinhThanhbandichTruyenThongHieuDinh/10-2Sa/2Sa13",
      "isVideo": false,
      "url": "nghe-kinh-thanh.kinh-thanh-ban-dich-truyen-thong-hieu-dinh.10-2sa.2sa13",
      "name": "2Sa13",
      "count": 0,
      "isLeaf": null,
      "keyword": null,
      "hash": "U2FsdGVkX1+wXCETEdfgwmE9i2DuKQ8E8kvAZ/KkY0V6Oo6O0aF4A3OOhCl5cnmTSyHwwA/H7dU+xBU8spDo9Q==",
      "khash": "U2FsdGVkX19ecPG072t9iOu0KRNI9t4cp3pU6Bh8Xed+4G+pyMfyhA8LFbBveLu9Uce9+qUPRYdqameVLL44Dg==",
      "viewCount": null,
      "duration": "6:33",
      "size": 9481439
    },
    {
      "id": "acb3e397-0ef7-4596-a31f-6b56397077c9",
      "pid": "28c45f9f-a774-4944-b023-c5bc85405a23",
      "dblevel": 5,
      "location": "/VGMA/NgheKinhThanh/KinhThanhbandichTruyenThongHieuDinh/10-2Sa/2Sa14",
      "isVideo": false,
      "url": "nghe-kinh-thanh.kinh-thanh-ban-dich-truyen-thong-hieu-dinh.10-2sa.2sa14",
      "name": "2Sa14",
      "count": 0,
      "isLeaf": null,
      "keyword": null,
      "hash": "U2FsdGVkX19hCyZMzcJqSKD1vAMlAD4abplwu5LTsfwwftQRsYlAdCmY5tMzGXUqowNXiqkF3LeiyEjVyTej5A==",
      "khash": "U2FsdGVkX18aiHB7VZAK1tSZyCmgUEFFd8DQCooPREX68sRIqfsja8eyNi9Kr25Sen2bNAKKoCPoV+soPAQvLg==",
      "viewCount": null,
      "duration": "6:13",
      "size": 8980385
    },
    {
      "id": "9912ce21-8776-4495-bde7-d92a3cddb212",
      "pid": "28c45f9f-a774-4944-b023-c5bc85405a23",
      "dblevel": 5,
      "location": "/VGMA/NgheKinhThanh/KinhThanhbandichTruyenThongHieuDinh/10-2Sa/2Sa15",
      "isVideo": false,
      "url": "nghe-kinh-thanh.kinh-thanh-ban-dich-truyen-thong-hieu-dinh.10-2sa.2sa15",
      "name": "2Sa15",
      "count": 0,
      "isLeaf": null,
      "keyword": null,
      "hash": "U2FsdGVkX18psUck9iWdZbglrpwtIazWtKjyjw97nDj3U1OWYrKi0EACaXg+/HU/U+6lizmjpo1+PWJmM2rlKw==",
      "khash": "U2FsdGVkX1+9KYfHyXfG7n/37YlfZM5/0+yeGdUK8HP8h4D+SxdqPJfZaMGNNvfo39V/8M1DxtggoVFmMv/dpg==",
      "viewCount": null,
      "duration": "6:10",
      "size": 8918370
    },
    {
      "id": "db9cec25-6c8b-4942-896c-fde5291426fb",
      "pid": "28c45f9f-a774-4944-b023-c5bc85405a23",
      "dblevel": 5,
      "location": "/VGMA/NgheKinhThanh/KinhThanhbandichTruyenThongHieuDinh/10-2Sa/2Sa16",
      "isVideo": false,
      "url": "nghe-kinh-thanh.kinh-thanh-ban-dich-truyen-thong-hieu-dinh.10-2sa.2sa16",
      "name": "2Sa16",
      "count": 0,
      "isLeaf": null,
      "keyword": null,
      "hash": "U2FsdGVkX1/qq1OdlSa3a2QKr70pvUqDhhu7II9cTBYjJa4DmBHYhu9v2ZPjZYYMb/H8VCPcQ/OKv4FzSfHe5g==",
      "khash": "U2FsdGVkX19p22xejMZ2lAQdO1lNNX1RlMfzXtdRPiT6THvX4ZwztMezwrYiHCevqG3PMkUhDTbaD75GlyxPQQ==",
      "viewCount": null,
      "duration": "4:3",
      "size": 5873953
    },
    {
      "id": "500d08ac-4919-4693-ab2f-2a4e6c6b6d70",
      "pid": "28c45f9f-a774-4944-b023-c5bc85405a23",
      "dblevel": 5,
      "location": "/VGMA/NgheKinhThanh/KinhThanhbandichTruyenThongHieuDinh/10-2Sa/2Sa17",
      "isVideo": false,
      "url": "nghe-kinh-thanh.kinh-thanh-ban-dich-truyen-thong-hieu-dinh.10-2sa.2sa17",
      "name": "2Sa17",
      "count": 0,
      "isLeaf": null,
      "keyword": null,
      "hash": "U2FsdGVkX18PUQ7FYfXUmGZmGBSBVHAFkQbUB5STDl3980Mx1GiHwSaeG4FPrxMc5Fv/tKOWJOLhJJ3eFswmzg==",
      "khash": "U2FsdGVkX19Wb+UOBhmuhMtQXurITi87QQwAIAPbCIcdKikCs++m2GG001Rwe0WCzJ3HhsS/kppn/TUggnVLCw==",
      "viewCount": null,
      "duration": "5:18",
      "size": 7662065
    },
    {
      "id": "020550dd-b81f-4ddd-8cce-67852665bf6d",
      "pid": "28c45f9f-a774-4944-b023-c5bc85405a23",
      "dblevel": 5,
      "location": "/VGMA/NgheKinhThanh/KinhThanhbandichTruyenThongHieuDinh/10-2Sa/2Sa18",
      "isVideo": false,
      "url": "nghe-kinh-thanh.kinh-thanh-ban-dich-truyen-thong-hieu-dinh.10-2sa.2sa18",
      "name": "2Sa18",
      "count": 0,
      "isLeaf": null,
      "keyword": null,
      "hash": "U2FsdGVkX181aHQ/h2wn7Wh/20AfGE6y6c6sUV5ooyca6GSoIO+t0eO2Hj1PhhvZn+PepdppVI3O+ZU4xtFhnA==",
      "khash": "U2FsdGVkX18oFeQOYgUM3gv5WU3ioSuqh0muD0qWjZ7i/pqzHnYBHtYXy03UJXYGa/RCWS62nnyBCqmddouvzQ==",
      "viewCount": null,
      "duration": "6:0",
      "size": 8681781
    },
    {
      "id": "1cf1fcb2-0b6d-4f5f-b2fe-da3088fb40c4",
      "pid": "28c45f9f-a774-4944-b023-c5bc85405a23",
      "dblevel": 5,
      "location": "/VGMA/NgheKinhThanh/KinhThanhbandichTruyenThongHieuDinh/10-2Sa/2Sa19",
      "isVideo": false,
      "url": "nghe-kinh-thanh.kinh-thanh-ban-dich-truyen-thong-hieu-dinh.10-2sa.2sa19",
      "name": "2Sa19",
      "count": 0,
      "isLeaf": null,
      "keyword": null,
      "hash": "U2FsdGVkX1/gZ2n+idSLQDFxpCgNGEv3KyJ2jA2v8rMR4aEjwir545e507NWsq1jK8whvUHBfIXgwjixujZs1A==",
      "khash": "U2FsdGVkX1995aWwcRIcDzYQ3RhqFMiK9m6MCcXQvbWYCoVCljNErrldPGFHdM881tqHerHJMpY9mrlTS0Z02A==",
      "viewCount": null,
      "duration": "8:40",
      "size": 12525641
    },
    {
      "id": "d7f775e0-7f7c-4e09-95a0-bbd6810293f4",
      "pid": "28c45f9f-a774-4944-b023-c5bc85405a23",
      "dblevel": 5,
      "location": "/VGMA/NgheKinhThanh/KinhThanhbandichTruyenThongHieuDinh/10-2Sa/2Sa20",
      "isVideo": false,
      "url": "nghe-kinh-thanh.kinh-thanh-ban-dich-truyen-thong-hieu-dinh.10-2sa.2sa20",
      "name": "2Sa20",
      "count": 0,
      "isLeaf": null,
      "keyword": null,
      "hash": "U2FsdGVkX1+IOOqV/2sEz0hL9bfKgLqEJJ1/0hNPNX+oAJzxcsm0TK1GYJExqnp/eAKcB+z6nSMNzOxUaHK+5g==",
      "khash": "U2FsdGVkX1/ZOplomyfvoT/1UqXhaNm2cZ/g/NGgJE4Io5JSEfMXqKyyCLsIOncMYWuiW35V6v4YF4592xqR/A==",
      "viewCount": null,
      "duration": "4:53",
      "size": 7065987
    },
    {
      "id": "8e50fc9e-f746-4621-a1df-4309922c32fe",
      "pid": "28c45f9f-a774-4944-b023-c5bc85405a23",
      "dblevel": 5,
      "location": "/VGMA/NgheKinhThanh/KinhThanhbandichTruyenThongHieuDinh/10-2Sa/2Sa21",
      "isVideo": false,
      "url": "nghe-kinh-thanh.kinh-thanh-ban-dich-truyen-thong-hieu-dinh.10-2sa.2sa21",
      "name": "2Sa21",
      "count": 0,
      "isLeaf": null,
      "keyword": null,
      "hash": "U2FsdGVkX1+X1oMYiz1ZBvJ6x3TYPqT43VTSNTkTYV9FJoylUc9OpWwWIvT8sBMyOY7Y+iUQp22T62ILp9VT/g==",
      "khash": "U2FsdGVkX1/oKBHKNEi3d9MhEQVYIAGqccrws39xFGv4o3cMMXonVAmzrRZLKjvvd5mY24/z6GRRq9Nr/ANvwQ==",
      "viewCount": null,
      "duration": "4:46",
      "size": 6903894
    },
    {
      "id": "2479e96c-da76-4022-a260-235fddcc5568",
      "pid": "28c45f9f-a774-4944-b023-c5bc85405a23",
      "dblevel": 5,
      "location": "/VGMA/NgheKinhThanh/KinhThanhbandichTruyenThongHieuDinh/10-2Sa/2Sa22",
      "isVideo": false,
      "url": "nghe-kinh-thanh.kinh-thanh-ban-dich-truyen-thong-hieu-dinh.10-2sa.2sa22",
      "name": "2Sa22",
      "count": 0,
      "isLeaf": null,
      "keyword": null,
      "hash": "U2FsdGVkX18Ha6E4y3nlQBj99OudkKap2bSRj3MVKEMdLDWllBxthezq5LWzjyj0gwtl0nILi3WqKqSxJ0NkPA==",
      "khash": "U2FsdGVkX1+yYvAIJRd13bp5wx+fygjJKnNAu4Z+SgfteXYyDOJ8yPWongcI9asvv4q/BRWc9f3noR9n7g4WSg==",
      "viewCount": null,
      "duration": "5:40",
      "size": 8198012
    },
    {
      "id": "5ddc3dac-0dc3-41dd-bacb-ecab380c6c80",
      "pid": "28c45f9f-a774-4944-b023-c5bc85405a23",
      "dblevel": 5,
      "location": "/VGMA/NgheKinhThanh/KinhThanhbandichTruyenThongHieuDinh/10-2Sa/2Sa23",
      "isVideo": false,
      "url": "nghe-kinh-thanh.kinh-thanh-ban-dich-truyen-thong-hieu-dinh.10-2sa.2sa23",
      "name": "2Sa23",
      "count": 0,
      "isLeaf": null,
      "keyword": null,
      "hash": "U2FsdGVkX1+daBKfNAjhy+RB/yfzeZq3rs0nfz3eseZRCJ5rti+4ZBYuEKUcRatbBYqeNyNAzbJBwPHmDhx0nw==",
      "khash": "U2FsdGVkX19mIrJp76RmHrVd2piyi0KVuUg5szqOMD43CoD2syM7pURiovgiNbqPmoZj5G87I1Nu+Uds0ZOdFA==",
      "viewCount": null,
      "duration": "5:46",
      "size": 8349006
    },
    {
      "id": "589465c2-a4af-44b1-b14e-328ceb259438",
      "pid": "28c45f9f-a774-4944-b023-c5bc85405a23",
      "dblevel": 5,
      "location": "/VGMA/NgheKinhThanh/KinhThanhbandichTruyenThongHieuDinh/10-2Sa/2Sa24",
      "isVideo": false,
      "url": "nghe-kinh-thanh.kinh-thanh-ban-dich-truyen-thong-hieu-dinh.10-2sa.2sa24",
      "name": "2Sa24",
      "count": 0,
      "isLeaf": null,
      "keyword": null,
      "hash": "U2FsdGVkX1/29RcZI7xK4dThCTVbshJoDnAEGEgRAi2vugw3lVvE91P5dFlLDSYPl/TghjOM/CZJuw0VfiyICg==",
      "khash": null,
      "viewCount": null,
      "duration": "4:59",
      "size": 7211386
    }
  ]
}