{
  "id": "78284cda-f72d-4555-8c73-e031e231e3db",
  "pid": "23541eed-15e9-41d0-8477-67032b0277ec",
  "dblevel": 4,
  "location": "/VGMA/NgheKinhThanh/KinhThanhbandichTruyenThongHieuDinh/02-Xu",
  "isVideo": false,
  "url": "nghe-kinh-thanh.kinh-thanh-ban-dich-truyen-thong-hieu-dinh.02-xu",
  "name": "02-Xu",
  "count": 40,
  "isLeaf": true,
  "keyword": null,
  "hash": null,
  "khash": null,
  "viewCount": null,
  "duration": null,
  "size": null,
  "children": [
    {
      "id": "10ec6c47-b308-41af-a3d6-d2a9710bc784",
      "pid": "78284cda-f72d-4555-8c73-e031e231e3db",
      "dblevel": 5,
      "location": "/VGMA/NgheKinhThanh/KinhThanhbandichTruyenThongHieuDinh/02-Xu/Xu01",
      "isVideo": false,
      "url": "nghe-kinh-thanh.kinh-thanh-ban-dich-truyen-thong-hieu-dinh.02-xu.xu01",
      "name": "Xu01",
      "count": 0,
      "isLeaf": null,
      "keyword": null,
      "hash": "U2FsdGVkX1/IP+537yNxDZwFz6hyxVxRdLNBHBHj6eU8gbdhytJNJcJrqZD3QaqZpSM+hrgjzC4j2ShdtmSzoA==",
      "khash": "U2FsdGVkX1/p0H753lrnaiplQnI2+bShadrs057IDRPabBPg/ODQZyRcoB8q9/K/KkRplbjjfKajNqTml+In5w==",
      "viewCount": null,
      "duration": "3:7",
      "size": 4508786
    },
    {
      "id": "5a280695-844e-4812-bdab-c040d5eb452d",
      "pid": "78284cda-f72d-4555-8c73-e031e231e3db",
      "dblevel": 5,
      "location": "/VGMA/NgheKinhThanh/KinhThanhbandichTruyenThongHieuDinh/02-Xu/Xu02",
      "isVideo": false,
      "url": "nghe-kinh-thanh.kinh-thanh-ban-dich-truyen-thong-hieu-dinh.02-xu.xu02",
      "name": "Xu02",
      "count": 0,
      "isLeaf": null,
      "keyword": null,
      "hash": "U2FsdGVkX1+LM4xpOBW0KQ0Wq4rEIRUaZKyj9inrgqMdtfr0etHjKdPeAVJWmFu3wNQ3E7AN/FozAbKE1Ci7Gw==",
      "khash": "U2FsdGVkX192dWS2uuCJ6+RHosyPsOYOF7IWW83wVJ48MeAHOJnNrhUlMCh7lQ54h28hNoi+zBXIIubpu+lTIA==",
      "viewCount": null,
      "duration": "4:9",
      "size": 6000671
    },
    {
      "id": "fa8ed549-65c8-4afc-9ee0-ff8f541233de",
      "pid": "78284cda-f72d-4555-8c73-e031e231e3db",
      "dblevel": 5,
      "location": "/VGMA/NgheKinhThanh/KinhThanhbandichTruyenThongHieuDinh/02-Xu/Xu03",
      "isVideo": false,
      "url": "nghe-kinh-thanh.kinh-thanh-ban-dich-truyen-thong-hieu-dinh.02-xu.xu03",
      "name": "Xu03",
      "count": 0,
      "isLeaf": null,
      "keyword": null,
      "hash": "U2FsdGVkX19feAA1CgXUYfcMDYM6Wh/er7AwCnBVSm6yfAnHYYLYcrq8nYO14RbbbhqBfsXlGToG0FkWU2szCw==",
      "khash": null,
      "viewCount": null,
      "duration": "5:13",
      "size": 7538009
    },
    {
      "id": "cd099eb1-6bc6-44e9-9e75-76e049c9f460",
      "pid": "78284cda-f72d-4555-8c73-e031e231e3db",
      "dblevel": 5,
      "location": "/VGMA/NgheKinhThanh/KinhThanhbandichTruyenThongHieuDinh/02-Xu/Xu04",
      "isVideo": false,
      "url": "nghe-kinh-thanh.kinh-thanh-ban-dich-truyen-thong-hieu-dinh.02-xu.xu04",
      "name": "Xu04",
      "count": 0,
      "isLeaf": null,
      "keyword": null,
      "hash": "U2FsdGVkX19sdiuGe8I258/z0K/lPbcyUXlbo8Yapp8P5aOjbh/Bur5sx2zbxSSfpnajski3qwcEhfH4JvZ0wA==",
      "khash": "U2FsdGVkX19wYq9/Yh4Z5/NUAg4gUTGOgonBThvklDiUcf3Udrs990tS5r8jML5uyaKYsOsfEB/b2a3zgD10lw==",
      "viewCount": null,
      "duration": "5:35",
      "size": 8075488
    },
    {
      "id": "89fc19bd-6766-4b2f-8993-03718cba266a",
      "pid": "78284cda-f72d-4555-8c73-e031e231e3db",
      "dblevel": 5,
      "location": "/VGMA/NgheKinhThanh/KinhThanhbandichTruyenThongHieuDinh/02-Xu/Xu05",
      "isVideo": false,
      "url": "nghe-kinh-thanh.kinh-thanh-ban-dich-truyen-thong-hieu-dinh.02-xu.xu05",
      "name": "Xu05",
      "count": 0,
      "isLeaf": null,
      "keyword": null,
      "hash": "U2FsdGVkX1/taCSd8k2RQFYdhLJaVHhIrK1SRxH1htCvADIFz4ubQP91qUZvuGpM7VwfOc9vBonoO3oYdyBPIw==",
      "khash": "U2FsdGVkX18bIeFScqCM7quHK0OeGtI+CTjfhLi+Pm5VNGzgMsnik74dVTfcDlPg/upGPed9hoJRtm7aSuJheA==",
      "viewCount": null,
      "duration": "4:6",
      "size": 5940912
    },
    {
      "id": "5d085138-e0f8-42f2-baee-97a126682ca0",
      "pid": "78284cda-f72d-4555-8c73-e031e231e3db",
      "dblevel": 5,
      "location": "/VGMA/NgheKinhThanh/KinhThanhbandichTruyenThongHieuDinh/02-Xu/Xu06",
      "isVideo": false,
      "url": "nghe-kinh-thanh.kinh-thanh-ban-dich-truyen-thong-hieu-dinh.02-xu.xu06",
      "name": "Xu06",
      "count": 0,
      "isLeaf": null,
      "keyword": null,
      "hash": "U2FsdGVkX1/EKiKCtPoIlRCsI+GF2J7F/iAuOLJdErO1kGJCWCvfIMpezHKSFTMPwVX5ZvZfKT/ir8ymyN9iwA==",
      "khash": "U2FsdGVkX1/XHt5WUiY3rGVvOZcoe971qSe6faXf32a/61ZUZzNlz9mZ0Meby+BIC1lKPrm5hEOngYSPeZvpCA==",
      "viewCount": null,
      "duration": "5:18",
      "size": 7669548
    },
    {
      "id": "911a05a6-f3cf-4970-ad77-901308b16610",
      "pid": "78284cda-f72d-4555-8c73-e031e231e3db",
      "dblevel": 5,
      "location": "/VGMA/NgheKinhThanh/KinhThanhbandichTruyenThongHieuDinh/02-Xu/Xu07",
      "isVideo": false,
      "url": "nghe-kinh-thanh.kinh-thanh-ban-dich-truyen-thong-hieu-dinh.02-xu.xu07",
      "name": "Xu07",
      "count": 0,
      "isLeaf": null,
      "keyword": null,
      "hash": "U2FsdGVkX1/ZB42+PWqPjR9Ir2gmE0qRNu1ZgBZ0d23RVYjcIsZY+poddRpLdxJcK/NeK02iJHhiA5IYXNr05Q==",
      "khash": "U2FsdGVkX1/gTaywxqqih6Lcb97GkmVCZhjKGrQKgWoomCadrVr4d5mkqt3QC1ElQPOB89JdmcCbkXTC7+uldQ==",
      "viewCount": null,
      "duration": "4:24",
      "size": 6361876
    },
    {
      "id": "33b6572b-1f2b-4fa5-a2ab-bf7aa6631aed",
      "pid": "78284cda-f72d-4555-8c73-e031e231e3db",
      "dblevel": 5,
      "location": "/VGMA/NgheKinhThanh/KinhThanhbandichTruyenThongHieuDinh/02-Xu/Xu08",
      "isVideo": false,
      "url": "nghe-kinh-thanh.kinh-thanh-ban-dich-truyen-thong-hieu-dinh.02-xu.xu08",
      "name": "Xu08",
      "count": 0,
      "isLeaf": null,
      "keyword": null,
      "hash": "U2FsdGVkX19eFHxkjUztX3+EGnY9pDGnkMnyCsE/PvJKPkVTzdl2GCYM7EZE2NZ0Qlr/TWZxfuHaqPAWixWLPQ==",
      "khash": "U2FsdGVkX1+YAjWlMu33miqmE+qcq7ncs5AtR8y1cnE1dzvwgPCeFQ1S+/+sJ3UOsSRjC7FDNt+1zP8QdmKaxQ==",
      "viewCount": null,
      "duration": "6:0",
      "size": 8665639
    },
    {
      "id": "6238c63e-de7d-4488-ac5d-2ca30d425971",
      "pid": "78284cda-f72d-4555-8c73-e031e231e3db",
      "dblevel": 5,
      "location": "/VGMA/NgheKinhThanh/KinhThanhbandichTruyenThongHieuDinh/02-Xu/Xu09",
      "isVideo": false,
      "url": "nghe-kinh-thanh.kinh-thanh-ban-dich-truyen-thong-hieu-dinh.02-xu.xu09",
      "name": "Xu09",
      "count": 0,
      "isLeaf": null,
      "keyword": null,
      "hash": "U2FsdGVkX1+8s8ycqMP6xkv35hq6aGPzex3eFbITTKHJDF5KlrC4bioMPMH1TLAZXRNLZkzXApslqa7JeyQmww==",
      "khash": null,
      "viewCount": null,
      "duration": "6:2",
      "size": 8717094
    },
    {
      "id": "a2f24b53-1712-46bd-8b3f-11768bab525d",
      "pid": "78284cda-f72d-4555-8c73-e031e231e3db",
      "dblevel": 5,
      "location": "/VGMA/NgheKinhThanh/KinhThanhbandichTruyenThongHieuDinh/02-Xu/Xu10",
      "isVideo": false,
      "url": "nghe-kinh-thanh.kinh-thanh-ban-dich-truyen-thong-hieu-dinh.02-xu.xu10",
      "name": "Xu10",
      "count": 0,
      "isLeaf": null,
      "keyword": null,
      "hash": "U2FsdGVkX1/eFLWIN8rwGobY8cy9VHYAMi4IFKzumIlw70VPT1oDfSz2gNp/1gMgxVRu4YzdBpkHeHX2Dx3gLA==",
      "khash": "U2FsdGVkX1+b8wULF7UEP3BPxFIwCBFCdiToV5Ldzj6fmmhnCN9oAZWkt8Cx5zNgQsPHfRCxHsF9YIrsgb2Z9Q==",
      "viewCount": null,
      "duration": "5:52",
      "size": 8478970
    },
    {
      "id": "40953c93-e89f-46cb-90f1-376a378cf392",
      "pid": "78284cda-f72d-4555-8c73-e031e231e3db",
      "dblevel": 5,
      "location": "/VGMA/NgheKinhThanh/KinhThanhbandichTruyenThongHieuDinh/02-Xu/Xu11",
      "isVideo": false,
      "url": "nghe-kinh-thanh.kinh-thanh-ban-dich-truyen-thong-hieu-dinh.02-xu.xu11",
      "name": "Xu11",
      "count": 0,
      "isLeaf": null,
      "keyword": null,
      "hash": "U2FsdGVkX18W2NJQ6jNMWJz7tqJdil0bhmOcmMgC66O30ONOD0L2UE5gWgj4lhhcRQESI93aGLaWPAA2EiX6KQ==",
      "khash": "U2FsdGVkX19ef5wUp+YihU3qe1mMEfq4CXaz7jDMfcaVxLTE3Oc6DqwjKxvCHuNp6NaEyHt+zVAQahGcmsecKw==",
      "viewCount": null,
      "duration": "2:10",
      "size": 3151134
    },
    {
      "id": "5431de6c-f689-45c7-a6b3-1f2fe2890165",
      "pid": "78284cda-f72d-4555-8c73-e031e231e3db",
      "dblevel": 5,
      "location": "/VGMA/NgheKinhThanh/KinhThanhbandichTruyenThongHieuDinh/02-Xu/Xu12",
      "isVideo": false,
      "url": "nghe-kinh-thanh.kinh-thanh-ban-dich-truyen-thong-hieu-dinh.02-xu.xu12",
      "name": "Xu12",
      "count": 0,
      "isLeaf": null,
      "keyword": null,
      "hash": "U2FsdGVkX1/as2aLFl5qmSmX6NdvfBZyphy6heiFxeZBA5yXwJHA+5MSvfDZ6PgaOpGmLHAyG2hhyeN6Xb2GDw==",
      "khash": "U2FsdGVkX1/a036vyupzwKwwQ2QPK3T9Tzu3/lQBljok3uU9RK1vs7+AjiPDOQkcMfMHmJRb62e7odNr5WiNWw==",
      "viewCount": null,
      "duration": "8:41",
      "size": 12549300
    },
    {
      "id": "f2e57cc9-62e3-4ef5-92e0-5049b61b3f0e",
      "pid": "78284cda-f72d-4555-8c73-e031e231e3db",
      "dblevel": 5,
      "location": "/VGMA/NgheKinhThanh/KinhThanhbandichTruyenThongHieuDinh/02-Xu/Xu13",
      "isVideo": false,
      "url": "nghe-kinh-thanh.kinh-thanh-ban-dich-truyen-thong-hieu-dinh.02-xu.xu13",
      "name": "Xu13",
      "count": 0,
      "isLeaf": null,
      "keyword": null,
      "hash": "U2FsdGVkX1+UQjeL93IKivONO+e8Q60CuZXzbY9exWirmL9X3NZQ9+c1Sh9GEB68NYZC9A6Ex9LNbFJS7Xwnmw==",
      "khash": "U2FsdGVkX18tO//yUxMWP+wkhwnZ49vRUxILlpgT7dSuat9maggy1uPG7IIXj1uyszbL3QgHuGgTtWkUNh9SRw==",
      "viewCount": null,
      "duration": "4:13",
      "size": 6098833
    },
    {
      "id": "b3c64a3c-1827-44ae-a46d-76e39f4fc0b0",
      "pid": "78284cda-f72d-4555-8c73-e031e231e3db",
      "dblevel": 5,
      "location": "/VGMA/NgheKinhThanh/KinhThanhbandichTruyenThongHieuDinh/02-Xu/Xu14",
      "isVideo": false,
      "url": "nghe-kinh-thanh.kinh-thanh-ban-dich-truyen-thong-hieu-dinh.02-xu.xu14",
      "name": "Xu14",
      "count": 0,
      "isLeaf": null,
      "keyword": null,
      "hash": "U2FsdGVkX1/4MON3pz1YHWWE+Nsp64zpI7VU3VKp3tqX9FxPw6rx2Qb8ZqaTr8/maBTQsjeL4dO/Xmf3uvMGtg==",
      "khash": "U2FsdGVkX1/NsVUaRrgsIfuwiLmYDxKuBX0DrxaSL7HOhuvUf8xu0bzvMLj+Por4WynIoQ3+dl5i961oUct3nQ==",
      "viewCount": null,
      "duration": "5:29",
      "size": 7929630
    },
    {
      "id": "ba3d6d84-c4bd-407c-bb2a-d7990ed1e8ff",
      "pid": "78284cda-f72d-4555-8c73-e031e231e3db",
      "dblevel": 5,
      "location": "/VGMA/NgheKinhThanh/KinhThanhbandichTruyenThongHieuDinh/02-Xu/Xu15",
      "isVideo": false,
      "url": "nghe-kinh-thanh.kinh-thanh-ban-dich-truyen-thong-hieu-dinh.02-xu.xu15",
      "name": "Xu15",
      "count": 0,
      "isLeaf": null,
      "keyword": null,
      "hash": "U2FsdGVkX1/XptFRCtCOrpXDA1tBQuUyEYjcA706gkauI0odTrGY2gzD2L8uLJ1jMuvR5WJmj8AsCTiAlrIMvw==",
      "khash": "U2FsdGVkX1/VZPymiYlInNQWbICFa2zE5l8JX0S87+5I3CTEP8AchRzRPU+N/Q8LEoaAEygtBKzFmbhtm7zopA==",
      "viewCount": null,
      "duration": "4:52",
      "size": 7038081
    },
    {
      "id": "c6e2a025-d9ba-4147-9def-0e2d852a02dd",
      "pid": "78284cda-f72d-4555-8c73-e031e231e3db",
      "dblevel": 5,
      "location": "/VGMA/NgheKinhThanh/KinhThanhbandichTruyenThongHieuDinh/02-Xu/Xu16",
      "isVideo": false,
      "url": "nghe-kinh-thanh.kinh-thanh-ban-dich-truyen-thong-hieu-dinh.02-xu.xu16",
      "name": "Xu16",
      "count": 0,
      "isLeaf": null,
      "keyword": null,
      "hash": "U2FsdGVkX1+Z3/YKdjCBhCwx5ue9axJ4q/44ML47BrVFSWJEQD5Tg94xg3zopAtzrTIQzmrH8EhExsa1+WP8cA==",
      "khash": "U2FsdGVkX18y5pWhLQlB25++ipFqLL/1XeFwEn92UGKTEnYSt2EqDsYaFt4pIr/3KrsYbe2mFji23vobVcj8MQ==",
      "viewCount": null,
      "duration": "6:16",
      "size": 9052464
    },
    {
      "id": "47359e66-77f5-4498-abe6-78248bacd481",
      "pid": "78284cda-f72d-4555-8c73-e031e231e3db",
      "dblevel": 5,
      "location": "/VGMA/NgheKinhThanh/KinhThanhbandichTruyenThongHieuDinh/02-Xu/Xu17",
      "isVideo": false,
      "url": "nghe-kinh-thanh.kinh-thanh-ban-dich-truyen-thong-hieu-dinh.02-xu.xu17",
      "name": "Xu17",
      "count": 0,
      "isLeaf": null,
      "keyword": null,
      "hash": "U2FsdGVkX1/jeZpzut3grCq2ajsXcFyg3lOkcthRNhxtzhL/J8F/sJG76siYBeSGieba+97/HTjxg6laLiCITg==",
      "khash": "U2FsdGVkX18NWltYHSsXwu2iUJFffnoK8HtZR7Lszeaz45TM/G2aEnkE1TCT3/HNiN5Tnq4fsNlqRjgfU2eUDg==",
      "viewCount": null,
      "duration": "2:57",
      "size": 4269894
    },
    {
      "id": "93978521-186c-474a-a7a7-6a0620994079",
      "pid": "78284cda-f72d-4555-8c73-e031e231e3db",
      "dblevel": 5,
      "location": "/VGMA/NgheKinhThanh/KinhThanhbandichTruyenThongHieuDinh/02-Xu/Xu18",
      "isVideo": false,
      "url": "nghe-kinh-thanh.kinh-thanh-ban-dich-truyen-thong-hieu-dinh.02-xu.xu18",
      "name": "Xu18",
      "count": 0,
      "isLeaf": null,
      "keyword": null,
      "hash": "U2FsdGVkX19dbyLG/OpZoL735x/gaGluV0hjgqRl7xApp7gds4Y8VS0zDe/NQJIsV+RTw+nk4kxR3NOWNOtTdA==",
      "khash": "U2FsdGVkX1+5V+HRkaA38xEP7/gHWYb4hlf8VEYoUbxmRL06PSmvum//sVCXcdiFDW2VLW81OUjy84ZKIV5ANA==",
      "viewCount": null,
      "duration": "4:46",
      "size": 6901638
    },
    {
      "id": "85edf04c-d222-4e37-a77a-b9df63fa9fed",
      "pid": "78284cda-f72d-4555-8c73-e031e231e3db",
      "dblevel": 5,
      "location": "/VGMA/NgheKinhThanh/KinhThanhbandichTruyenThongHieuDinh/02-Xu/Xu19",
      "isVideo": false,
      "url": "nghe-kinh-thanh.kinh-thanh-ban-dich-truyen-thong-hieu-dinh.02-xu.xu19",
      "name": "Xu19",
      "count": 0,
      "isLeaf": null,
      "keyword": null,
      "hash": "U2FsdGVkX18qAt5kcuCSIz2X8Ys0mgRuqBXpf49US90EmGnhKUlJYvRDENzPZndrFtYTpianubskRzn8hUW5KA==",
      "khash": "U2FsdGVkX1+aQ2psDpN0xm8YBZcQzQZImF0ngFjO8i+MSAwUEURvEAC9UjmhXmWh3tsKLcIxPziAjBaJQ7Nd0w==",
      "viewCount": null,
      "duration": "4:20",
      "size": 6284111
    },
    {
      "id": "84028db4-aac7-4800-83ed-3a59f7538c2c",
      "pid": "78284cda-f72d-4555-8c73-e031e231e3db",
      "dblevel": 5,
      "location": "/VGMA/NgheKinhThanh/KinhThanhbandichTruyenThongHieuDinh/02-Xu/Xu20",
      "isVideo": false,
      "url": "nghe-kinh-thanh.kinh-thanh-ban-dich-truyen-thong-hieu-dinh.02-xu.xu20",
      "name": "Xu20",
      "count": 0,
      "isLeaf": null,
      "keyword": null,
      "hash": "U2FsdGVkX18KLCU6ZK7E3+eIMLLgrVArKZ5FltLUkjETs6eHiu6sTp3W7OobcHd7Yypl/YkINXmde6Q+6TAcWw==",
      "khash": "U2FsdGVkX19Ysxnq0fnstvHRwaux8YeZIE8ina4T7Nl0XYzotTTbqDiZF4XZVQtWnlSv7jItSNZxo8CaC1GrZg==",
      "viewCount": null,
      "duration": "3:46",
      "size": 5466383
    },
    {
      "id": "960e9f31-56b4-4594-afe2-2b71702e190d",
      "pid": "78284cda-f72d-4555-8c73-e031e231e3db",
      "dblevel": 5,
      "location": "/VGMA/NgheKinhThanh/KinhThanhbandichTruyenThongHieuDinh/02-Xu/Xu21",
      "isVideo": false,
      "url": "nghe-kinh-thanh.kinh-thanh-ban-dich-truyen-thong-hieu-dinh.02-xu.xu21",
      "name": "Xu21",
      "count": 0,
      "isLeaf": null,
      "keyword": null,
      "hash": "U2FsdGVkX1/csmczYb9mpw4sPGrqjRCtZ2OeLDNxUMpYHCdQAHDEV1FfJ6v4cYqB/a0xB0iixmc0i1HYMZF2wA==",
      "khash": "U2FsdGVkX1+RewpskC2nUFvCyiFe8VJVClSrq+eCPTfny1nmrcLF69HQmnCe9DqC8W3bLlYMA6ec+2H3Ci6wtw==",
      "viewCount": null,
      "duration": "5:12",
      "size": 7522514
    },
    {
      "id": "267ec7df-9758-4a9d-9f0a-a215a442fe90",
      "pid": "78284cda-f72d-4555-8c73-e031e231e3db",
      "dblevel": 5,
      "location": "/VGMA/NgheKinhThanh/KinhThanhbandichTruyenThongHieuDinh/02-Xu/Xu22",
      "isVideo": false,
      "url": "nghe-kinh-thanh.kinh-thanh-ban-dich-truyen-thong-hieu-dinh.02-xu.xu22",
      "name": "Xu22",
      "count": 0,
      "isLeaf": null,
      "keyword": null,
      "hash": "U2FsdGVkX18uC7OpUxD1ab881Bbosr42SafF+5W4W0L9BUVJboW4J8r2xJQ3jU77JCv2GCheUNvke2pb/X+m4A==",
      "khash": "U2FsdGVkX1/rsqgoQ19KpBFdk7iasXXrlzTc95RNDgRd7sT7/Q30jJi0fJuogract8luw5x4NTlZMJtcg7uw3A==",
      "viewCount": null,
      "duration": "4:49",
      "size": 6977480
    },
    {
      "id": "e368aa68-3307-43f8-a9b3-6bdf4d108cff",
      "pid": "78284cda-f72d-4555-8c73-e031e231e3db",
      "dblevel": 5,
      "location": "/VGMA/NgheKinhThanh/KinhThanhbandichTruyenThongHieuDinh/02-Xu/Xu23",
      "isVideo": false,
      "url": "nghe-kinh-thanh.kinh-thanh-ban-dich-truyen-thong-hieu-dinh.02-xu.xu23",
      "name": "Xu23",
      "count": 0,
      "isLeaf": null,
      "keyword": null,
      "hash": "U2FsdGVkX1/0wKjqz0QFLG8Lw2TP/xZH6ASDJj7HMlRYN5fb1hS6wMeQiuQxDODB9UsiLae3ZsBNf618ktE2vA==",
      "khash": "U2FsdGVkX19q8UXE5nFg1GaYLIxSduclY7llai+svdGKJcovW1T5ceKDN/hqFgKfG0L03+t/2z8UKn+d7j5ezQ==",
      "viewCount": null,
      "duration": "5:11",
      "size": 7510499
    },
    {
      "id": "8a1bab1b-221d-4796-a6c1-1900eca68011",
      "pid": "78284cda-f72d-4555-8c73-e031e231e3db",
      "dblevel": 5,
      "location": "/VGMA/NgheKinhThanh/KinhThanhbandichTruyenThongHieuDinh/02-Xu/Xu24",
      "isVideo": false,
      "url": "nghe-kinh-thanh.kinh-thanh-ban-dich-truyen-thong-hieu-dinh.02-xu.xu24",
      "name": "Xu24",
      "count": 0,
      "isLeaf": null,
      "keyword": null,
      "hash": "U2FsdGVkX180oa1SZD+obPFHq+pTSY8ePrQ311YlERb1uJOskw7Y1CS0j+ppQvBN/xMEZoFfuBk9jxBtdYemdQ==",
      "khash": "U2FsdGVkX1/WJFLs7AM7Q6vH5om9YsVhisbnsE7poP9paUbK38ixHRLUqwQLt3qDsIx7wtv7CD+xJSG8RXUZXQ==",
      "viewCount": null,
      "duration": "2:48",
      "size": 4061872
    },
    {
      "id": "4b171550-3a0f-4f99-9515-3ec25e444514",
      "pid": "78284cda-f72d-4555-8c73-e031e231e3db",
      "dblevel": 5,
      "location": "/VGMA/NgheKinhThanh/KinhThanhbandichTruyenThongHieuDinh/02-Xu/Xu25",
      "isVideo": false,
      "url": "nghe-kinh-thanh.kinh-thanh-ban-dich-truyen-thong-hieu-dinh.02-xu.xu25",
      "name": "Xu25",
      "count": 0,
      "isLeaf": null,
      "keyword": null,
      "hash": "U2FsdGVkX18N020MueWzYzDxHREZvvUhj/EhiSRQs1s9HWFF5yTQN9L9rGOUOVwcDD2HogEWHzExBvaGGF2q+w==",
      "khash": "U2FsdGVkX18F9IQX6noQGvxBs/1AS95D4CRl8l+gAzvzp8nsSppJt2v2wZEQelxMwDzz/JHo8X991rDg9TCsXw==",
      "viewCount": null,
      "duration": "4:18",
      "size": 6230399
    },
    {
      "id": "3ecf7b58-a56c-4af0-aff6-722744606070",
      "pid": "78284cda-f72d-4555-8c73-e031e231e3db",
      "dblevel": 5,
      "location": "/VGMA/NgheKinhThanh/KinhThanhbandichTruyenThongHieuDinh/02-Xu/Xu26",
      "isVideo": false,
      "url": "nghe-kinh-thanh.kinh-thanh-ban-dich-truyen-thong-hieu-dinh.02-xu.xu26",
      "name": "Xu26",
      "count": 0,
      "isLeaf": null,
      "keyword": null,
      "hash": "U2FsdGVkX1/P8YK/RUe34AdO6Tr0ZQAYFwW0HD55oaWmg9gQbGM93UWvIjKZtGg3n7EmlGzuaU172zys/aPYZA==",
      "khash": "U2FsdGVkX19YKjdvuUSTvva6bo0lo7QIK1DEDrvm4g/3seHoHtIHxvg0TJfZuIvKCQAJLZt+yRtoh1MGKVtCLQ==",
      "viewCount": null,
      "duration": "4:55",
      "size": 7111064
    },
    {
      "id": "285bc342-4309-4779-a65e-029a499a2d50",
      "pid": "78284cda-f72d-4555-8c73-e031e231e3db",
      "dblevel": 5,
      "location": "/VGMA/NgheKinhThanh/KinhThanhbandichTruyenThongHieuDinh/02-Xu/Xu27",
      "isVideo": false,
      "url": "nghe-kinh-thanh.kinh-thanh-ban-dich-truyen-thong-hieu-dinh.02-xu.xu27",
      "name": "Xu27",
      "count": 0,
      "isLeaf": null,
      "keyword": null,
      "hash": "U2FsdGVkX19x+wYvAMrj1CDUybc59ReCfVDjWIPjx1W6jX3kcXad4h7mIBZHSFOSoQ22B8u4yiGkSbwAqCyzuA==",
      "khash": "U2FsdGVkX19YT6oKIEKjAZK2dSK/xGrxlLbK8xinlZcVUoImF5dV531J4jyQL5YfbNMRRgXB/1ZmhSx1JZZeNQ==",
      "viewCount": null,
      "duration": "3:3",
      "size": 4426325
    },
    {
      "id": "551c7b65-02ee-4818-a6db-61b769b1b07f",
      "pid": "78284cda-f72d-4555-8c73-e031e231e3db",
      "dblevel": 5,
      "location": "/VGMA/NgheKinhThanh/KinhThanhbandichTruyenThongHieuDinh/02-Xu/Xu28",
      "isVideo": false,
      "url": "nghe-kinh-thanh.kinh-thanh-ban-dich-truyen-thong-hieu-dinh.02-xu.xu28",
      "name": "Xu28",
      "count": 0,
      "isLeaf": null,
      "keyword": null,
      "hash": "U2FsdGVkX18IP+qQ2p+4fKGW78N1Rzd5ieN1BSi3jPAnMOvjCknlH0dFxxpfdcC1pL3ZHRFdJzIs5xmjJ27ylg==",
      "khash": "U2FsdGVkX194O2FYBjljSpC8L7VSDxsfYjxOPoG86Svurl49KTt7xfTpx5YFkpqAYH0ECt8J7S10Z5scNen1uQ==",
      "viewCount": null,
      "duration": "6:50",
      "size": 9881994
    },
    {
      "id": "d039d5cf-d699-44ee-8ad8-155f3ac447dc",
      "pid": "78284cda-f72d-4555-8c73-e031e231e3db",
      "dblevel": 5,
      "location": "/VGMA/NgheKinhThanh/KinhThanhbandichTruyenThongHieuDinh/02-Xu/Xu29",
      "isVideo": false,
      "url": "nghe-kinh-thanh.kinh-thanh-ban-dich-truyen-thong-hieu-dinh.02-xu.xu29",
      "name": "Xu29",
      "count": 0,
      "isLeaf": null,
      "keyword": null,
      "hash": "U2FsdGVkX19q32CwwbUhLQdKhScGPs0tcqK3YTRNHs6n+2Rn7kNl5wrw1vEXGgAAEaylugEG1FiXyq4R6WLq3w==",
      "khash": "U2FsdGVkX18ywfuNn9lP86jc75CBtEgcolyD7pimvzit3I/UcVxwTMHkjA+neferVM2OAd70ma0sm82r6mEthA==",
      "viewCount": null,
      "duration": "7:20",
      "size": 10603273
    },
    {
      "id": "897b1081-ee3a-441f-851a-c35fc06c9f40",
      "pid": "78284cda-f72d-4555-8c73-e031e231e3db",
      "dblevel": 5,
      "location": "/VGMA/NgheKinhThanh/KinhThanhbandichTruyenThongHieuDinh/02-Xu/Xu30",
      "isVideo": false,
      "url": "nghe-kinh-thanh.kinh-thanh-ban-dich-truyen-thong-hieu-dinh.02-xu.xu30",
      "name": "Xu30",
      "count": 0,
      "isLeaf": null,
      "keyword": null,
      "hash": "U2FsdGVkX18egdH2Jr34Crm5U/YFfLZt7yZ+X10zyvF23gfmC6owk2R5QqtePK0258ked70+KNQ9qS/Ud/Bu7Q==",
      "khash": "U2FsdGVkX1+fdicncXnQ4RHjSXji/WmDuFhFKsoV1+XHQk6CQEPkX24uzOacZfzI2SHdwvSmulfEa9dOz8ACvw==",
      "viewCount": null,
      "duration": "5:26",
      "size": 7869611
    },
    {
      "id": "187b3c5b-6634-44d2-9135-273582fd889d",
      "pid": "78284cda-f72d-4555-8c73-e031e231e3db",
      "dblevel": 5,
      "location": "/VGMA/NgheKinhThanh/KinhThanhbandichTruyenThongHieuDinh/02-Xu/Xu31",
      "isVideo": false,
      "url": "nghe-kinh-thanh.kinh-thanh-ban-dich-truyen-thong-hieu-dinh.02-xu.xu31",
      "name": "Xu31",
      "count": 0,
      "isLeaf": null,
      "keyword": null,
      "hash": "U2FsdGVkX18ZLzLp9iDuTn9PwBh5IZLb6iNn5fBo3v00rP8MQx/TlwnWo9YKPyG3DTrWGrKIZBlZPIbhf1jVHQ==",
      "khash": "U2FsdGVkX1/CNCxE6nLwimfiy8WB2sevhVnYpl1xAHIto/27U6bGdMZSqGE76eeceQwZkJSsL4BH9GWK7vT2ig==",
      "viewCount": null,
      "duration": "2:45",
      "size": 3984244
    },
    {
      "id": "75684de0-0cd0-4119-94c1-ad3364859819",
      "pid": "78284cda-f72d-4555-8c73-e031e231e3db",
      "dblevel": 5,
      "location": "/VGMA/NgheKinhThanh/KinhThanhbandichTruyenThongHieuDinh/02-Xu/Xu32",
      "isVideo": false,
      "url": "nghe-kinh-thanh.kinh-thanh-ban-dich-truyen-thong-hieu-dinh.02-xu.xu32",
      "name": "Xu32",
      "count": 0,
      "isLeaf": null,
      "keyword": null,
      "hash": "U2FsdGVkX19lqsnUIUKw0a9pnLIa3AL+kStai2jyv88IYbL1GKeQdZfciD/Z8MWogeCkRUk5r+4n4RL++w9N+A==",
      "khash": "U2FsdGVkX18l6CC+vZQPScPbOxUGBnPCvDF0Cx3pa6dySAeI6c9l9UYZTnxvy5X4qesKm05u6HtmVvtxyjLW9Q==",
      "viewCount": null,
      "duration": "6:18",
      "size": 9116485
    },
    {
      "id": "a0723a04-a0db-479e-842d-ee0e0d53fd78",
      "pid": "78284cda-f72d-4555-8c73-e031e231e3db",
      "dblevel": 5,
      "location": "/VGMA/NgheKinhThanh/KinhThanhbandichTruyenThongHieuDinh/02-Xu/Xu33",
      "isVideo": false,
      "url": "nghe-kinh-thanh.kinh-thanh-ban-dich-truyen-thong-hieu-dinh.02-xu.xu33",
      "name": "Xu33",
      "count": 0,
      "isLeaf": null,
      "keyword": null,
      "hash": "U2FsdGVkX19uajAGL4duEMuUbBYVER3lvVR016Jcab2pQ8uqYPAUzy/18F+ECQ+WlDzuGFnH1Bdi0hqvut0GeA==",
      "khash": "U2FsdGVkX1/IrXo/v+Kl8mLZzecQgSAi3vPZ5+dwi3nIbwhG4Wmm6loouTh2qSUh6VA+fG8tz+rQsjwetyI6Qw==",
      "viewCount": null,
      "duration": "4:13",
      "size": 6108682
    },
    {
      "id": "a7df49cb-64bc-42e2-a8bc-5884770e221d",
      "pid": "78284cda-f72d-4555-8c73-e031e231e3db",
      "dblevel": 5,
      "location": "/VGMA/NgheKinhThanh/KinhThanhbandichTruyenThongHieuDinh/02-Xu/Xu34",
      "isVideo": false,
      "url": "nghe-kinh-thanh.kinh-thanh-ban-dich-truyen-thong-hieu-dinh.02-xu.xu34",
      "name": "Xu34",
      "count": 0,
      "isLeaf": null,
      "keyword": null,
      "hash": "U2FsdGVkX18WKmBwonj83O8Mi4Igd4HX0aJDmRiNAzfahvZU0axFj0/gQftl9MiUPQH6DBa7N3/my/jTTUvGBQ==",
      "khash": "U2FsdGVkX1/VnAjstrJA2AlhyNM2JrK7gV8aHMjI5rk19hfrLI5QJAtJafHmTwuys+UKcxoyhpmy9KJqW8mrPA==",
      "viewCount": null,
      "duration": "6:9",
      "size": 8902393
    },
    {
      "id": "a25dd836-8c49-4a31-9072-b3da8001b138",
      "pid": "78284cda-f72d-4555-8c73-e031e231e3db",
      "dblevel": 5,
      "location": "/VGMA/NgheKinhThanh/KinhThanhbandichTruyenThongHieuDinh/02-Xu/Xu35",
      "isVideo": false,
      "url": "nghe-kinh-thanh.kinh-thanh-ban-dich-truyen-thong-hieu-dinh.02-xu.xu35",
      "name": "Xu35",
      "count": 0,
      "isLeaf": null,
      "keyword": null,
      "hash": "U2FsdGVkX18NRqGdLtnVnBpsvwHxMIF9yP1GpKpRdumSLwm00+eRdhXjDWxiDOVyT0DDqRgg6hqeX9X2tAmIgQ==",
      "khash": "U2FsdGVkX18vk1ec+uyCgU7Erb4tYGGCKTUKVW0w4uLi+ikqFdV7UwkOLSmEj4+dVZc2Ybb7kLH2QzxD8LLDBw==",
      "viewCount": null,
      "duration": "4:34",
      "size": 6624370
    },
    {
      "id": "f25f196c-f247-4a93-8921-c47701d79a4f",
      "pid": "78284cda-f72d-4555-8c73-e031e231e3db",
      "dblevel": 5,
      "location": "/VGMA/NgheKinhThanh/KinhThanhbandichTruyenThongHieuDinh/02-Xu/Xu36",
      "isVideo": false,
      "url": "nghe-kinh-thanh.kinh-thanh-ban-dich-truyen-thong-hieu-dinh.02-xu.xu36",
      "name": "Xu36",
      "count": 0,
      "isLeaf": null,
      "keyword": null,
      "hash": "U2FsdGVkX1/wIOhOGZHmZAUPijGll4BhZM6qR9Qd7qfEFVXxtLwoMw+YEeiNScEfnclEtJxd4AWHDoYZqhBIpg==",
      "khash": "U2FsdGVkX1/OKpbTDhC5fqK9xgHEGSiKNBBHg/qdcl2+suwI1lZt5HZMjVpseiq4As+wAcjzunWjmKkOxYzTOA==",
      "viewCount": null,
      "duration": "5:25",
      "size": 7840191
    },
    {
      "id": "36fad8b2-0ba5-4104-96d0-f80028bbc07d",
      "pid": "78284cda-f72d-4555-8c73-e031e231e3db",
      "dblevel": 5,
      "location": "/VGMA/NgheKinhThanh/KinhThanhbandichTruyenThongHieuDinh/02-Xu/Xu37",
      "isVideo": false,
      "url": "nghe-kinh-thanh.kinh-thanh-ban-dich-truyen-thong-hieu-dinh.02-xu.xu37",
      "name": "Xu37",
      "count": 0,
      "isLeaf": null,
      "keyword": null,
      "hash": "U2FsdGVkX1+UfL3ewfLin0gIpeT/eobcJtH1s8saO1kHA0NzZZhtg/ckUqlm0t++qpnMwh8/fZA0GIOI2L9DYw==",
      "khash": "U2FsdGVkX18kyG2MXMSG20T/Xk3/fVY2xcsjhLsVh2EDsBujB5SlqLoNScPqk68CPjTMqHo/ukB0PZI/TEUmkA==",
      "viewCount": null,
      "duration": "3:26",
      "size": 4978991
    },
    {
      "id": "ee915210-760c-4635-90ef-eaa4adf85b4b",
      "pid": "78284cda-f72d-4555-8c73-e031e231e3db",
      "dblevel": 5,
      "location": "/VGMA/NgheKinhThanh/KinhThanhbandichTruyenThongHieuDinh/02-Xu/Xu38",
      "isVideo": false,
      "url": "nghe-kinh-thanh.kinh-thanh-ban-dich-truyen-thong-hieu-dinh.02-xu.xu38",
      "name": "Xu38",
      "count": 0,
      "isLeaf": null,
      "keyword": null,
      "hash": "U2FsdGVkX1+YjORg+P66BASpZlP8YMSK0DN6QG+5PdXlHfwVCH1vW57hjSCSO9kv/fzAbBL73Jt5IIkcCNbJKA==",
      "khash": "U2FsdGVkX1+OUvFDpm2AcIzDLqyKME3a+j+ssAV9BcFpyYekp+lBMm3IFo3ta9Qtjjh3HJ2qIbSfzsuy1EbVqQ==",
      "viewCount": null,
      "duration": "4:37",
      "size": 6675747
    },
    {
      "id": "7a05cc78-17d2-4309-a7cd-96c8086d2dcb",
      "pid": "78284cda-f72d-4555-8c73-e031e231e3db",
      "dblevel": 5,
      "location": "/VGMA/NgheKinhThanh/KinhThanhbandichTruyenThongHieuDinh/02-Xu/Xu39",
      "isVideo": false,
      "url": "nghe-kinh-thanh.kinh-thanh-ban-dich-truyen-thong-hieu-dinh.02-xu.xu39",
      "name": "Xu39",
      "count": 0,
      "isLeaf": null,
      "keyword": null,
      "hash": "U2FsdGVkX1+sERfWXe00Um5Del9Sd2cT4aKSrk6ecuF8rBCwlPKmu0c4PPKyTFl2Im95X3dXjceVOfu4vgE1WQ==",
      "khash": "U2FsdGVkX1/NbO2ESAzxX037Vjkq3krN/FDLeyv9GUG5G/NFBXSlqyNqD9F6oGEJGR0vtOybr4HfnED6qBnqSQ==",
      "viewCount": null,
      "duration": "6:13",
      "size": 8993074
    },
    {
      "id": "f44f4e82-ce70-4f84-b289-c8f6d51b90bc",
      "pid": "78284cda-f72d-4555-8c73-e031e231e3db",
      "dblevel": 5,
      "location": "/VGMA/NgheKinhThanh/KinhThanhbandichTruyenThongHieuDinh/02-Xu/Xu40",
      "isVideo": false,
      "url": "nghe-kinh-thanh.kinh-thanh-ban-dich-truyen-thong-hieu-dinh.02-xu.xu40",
      "name": "Xu40",
      "count": 0,
      "isLeaf": null,
      "keyword": null,
      "hash": "U2FsdGVkX1/2AG38RSQFxPu7lofUfWJr4K1OupSOWXlA5bIkpm8MjcKy9pZPwafIes73IpQh1dzCN9nqHaIkWg==",
      "khash": "U2FsdGVkX19inWynwMEFVUJEVoUCQ08Xt62tyt1bIOrLf+dMgo7zAQdE2TS+2P0bTO/yq32v2b5Um1UmjcauKA==",
      "viewCount": null,
      "duration": "4:44",
      "size": 6845469
    }
  ]
}