{
  "id": "f331271a-2801-45ab-b93d-ecf990064b81",
  "pid": "12721143-da46-463e-9f7e-8e2834f7ea2c",
  "dblevel": 4,
  "location": "/VGMA/NgheKinhThanh/KinhThanhbandichTruyenThongHieuDinhTU-MB/TTHD-Phi-le-mon",
  "isVideo": false,
  "url": "nghe-kinh-thanh.kinh-thanh-ban-dich-truyen-thong-hieu-dinh-tu-mb.tthd-phi-le-mon",
  "name": "TTHD-Phi-lê-môn",
  "count": 1,
  "isLeaf": true,
  "keyword": null,
  "hash": null,
  "khash": null,
  "viewCount": null,
  "duration": null,
  "size": null,
  "children": [
    {
      "id": "c75217dc-c5d1-484e-b215-6f99b38f193b",
      "pid": "f331271a-2801-45ab-b93d-ecf990064b81",
      "dblevel": 5,
      "location": "/VGMA/NgheKinhThanh/KinhThanhbandichTruyenThongHieuDinhTU-MB/TTHD-Phi-le-mon/TTHD-Phil(MB)",
      "isVideo": false,
      "url": "nghe-kinh-thanh.kinh-thanh-ban-dich-truyen-thong-hieu-dinh-tu-mb.tthd-phi-le-mon.tthd-phil-mb-",
      "name": "TTHD-Phil(MB)",
      "count": 0,
      "isLeaf": null,
      "keyword": null,
      "hash": "U2FsdGVkX1/vJNjSYxi1MslszCnrvTJi1DqleVnTqbNoZHfntfzv4C2HEB+Bx9MgBZqP34thAtEmSeOYWWjs0Q==",
      "khash": "U2FsdGVkX1/8g1IhOFyP2edgO9qnmSAKKN9tFf202KYagrYtmdkZ404bcGJWPJLnzY1T+rqWN7Ne7twxBZpCfA==",
      "viewCount": null,
      "duration": "4:23",
      "size": 8442922
    }
  ]
}