{
  "id": "9eb105a2-ea9c-4630-873a-6b454b4389cb",
  "pid": "12721143-da46-463e-9f7e-8e2834f7ea2c",
  "dblevel": 4,
  "location": "/VGMA/NgheKinhThanh/KinhThanhbandichTruyenThongHieuDinhTU-MB/TTHD-1Co-rinh-to",
  "isVideo": false,
  "url": "nghe-kinh-thanh.kinh-thanh-ban-dich-truyen-thong-hieu-dinh-tu-mb.tthd-1co-rinh-to",
  "name": "TTHD-1Cô-rinh-tô",
  "count": 16,
  "isLeaf": true,
  "keyword": null,
  "hash": null,
  "khash": null,
  "viewCount": null,
  "duration": null,
  "size": null,
  "children": [
    {
      "id": "22ec641f-3594-4874-b87a-451ffa02d9a5",
      "pid": "9eb105a2-ea9c-4630-873a-6b454b4389cb",
      "dblevel": 5,
      "location": "/VGMA/NgheKinhThanh/KinhThanhbandichTruyenThongHieuDinhTU-MB/TTHD-1Co-rinh-to/TTHD-1Co01(MB)",
      "isVideo": false,
      "url": "nghe-kinh-thanh.kinh-thanh-ban-dich-truyen-thong-hieu-dinh-tu-mb.tthd-1co-rinh-to.tthd-1co01-mb-",
      "name": "TTHD-1Co01(MB)",
      "count": 0,
      "isLeaf": null,
      "keyword": null,
      "hash": "U2FsdGVkX19Mx6T6tV4EgRj3Zv3ZGOR/fyTniWvGCnQvCv8oCzM55U/WDCpxlluU7kRhwo8CftBV2yMRdnshSw==",
      "khash": "U2FsdGVkX1+Xf2k8Tin4EgpwplsoQRp7bRGFA56Mr7OcR96dMggVRFR37KcoctX4aq22VT9zVw2jthL880iUcA==",
      "viewCount": null,
      "duration": "6:3",
      "size": 11647833
    },
    {
      "id": "8c4a0c5f-ffe5-4d77-af25-3537859495fc",
      "pid": "9eb105a2-ea9c-4630-873a-6b454b4389cb",
      "dblevel": 5,
      "location": "/VGMA/NgheKinhThanh/KinhThanhbandichTruyenThongHieuDinhTU-MB/TTHD-1Co-rinh-to/TTHD-1Co02(MB)",
      "isVideo": false,
      "url": "nghe-kinh-thanh.kinh-thanh-ban-dich-truyen-thong-hieu-dinh-tu-mb.tthd-1co-rinh-to.tthd-1co02-mb-",
      "name": "TTHD-1Co02(MB)",
      "count": 0,
      "isLeaf": null,
      "keyword": null,
      "hash": "U2FsdGVkX1+NW2w5ZOLey6p0J1angbo2ei+G+6PcZvy22lZXGZQyPaVIuE+HxalSkG9JOxXenHO1GB283DxNhA==",
      "khash": null,
      "viewCount": null,
      "duration": "3:12",
      "size": 6163373
    },
    {
      "id": "4c995701-1e97-4541-b128-0594ac27fb58",
      "pid": "9eb105a2-ea9c-4630-873a-6b454b4389cb",
      "dblevel": 5,
      "location": "/VGMA/NgheKinhThanh/KinhThanhbandichTruyenThongHieuDinhTU-MB/TTHD-1Co-rinh-to/TTHD-1Co03(MB)",
      "isVideo": false,
      "url": "nghe-kinh-thanh.kinh-thanh-ban-dich-truyen-thong-hieu-dinh-tu-mb.tthd-1co-rinh-to.tthd-1co03-mb-",
      "name": "TTHD-1Co03(MB)",
      "count": 0,
      "isLeaf": null,
      "keyword": null,
      "hash": "U2FsdGVkX18+pK9sWDyvELYNGGdY5cFZzL+wU9/6tep4q65idwgADQYpW1X1tQthefXVfZvdBqTVYqakubZ9mA==",
      "khash": "U2FsdGVkX1+EaeMl9BlJJ6H/xqubgv1BKePx5JTqQ8gSMqUWIl9UBOE5w19L9XA7xa8gBWG+NCZH+REHAh0GFQ==",
      "viewCount": null,
      "duration": "4:11",
      "size": 8061743
    },
    {
      "id": "0d57bf90-9c22-4fda-9201-a439c03d5b10",
      "pid": "9eb105a2-ea9c-4630-873a-6b454b4389cb",
      "dblevel": 5,
      "location": "/VGMA/NgheKinhThanh/KinhThanhbandichTruyenThongHieuDinhTU-MB/TTHD-1Co-rinh-to/TTHD-1Co04(MB)",
      "isVideo": false,
      "url": "nghe-kinh-thanh.kinh-thanh-ban-dich-truyen-thong-hieu-dinh-tu-mb.tthd-1co-rinh-to.tthd-1co04-mb-",
      "name": "TTHD-1Co04(MB)",
      "count": 0,
      "isLeaf": null,
      "keyword": null,
      "hash": "U2FsdGVkX187TwOX8asAlhvFDtAwX+AKDVmFJp1tfnDQLqOXOPXy4qt4QdrppGDyzyCD0g+EEtvWIKnVTeryRg==",
      "khash": "U2FsdGVkX1/W+YoVhlHSVwXwwEcLqX2W0hKf6ymf57HKOWEn0sHzg+GPDduLJdOsZQPtpDSvokusWJ+XK7VGXA==",
      "viewCount": null,
      "duration": "4:36",
      "size": 8833296
    },
    {
      "id": "683ba832-e403-4852-8e1a-e4e9c8425688",
      "pid": "9eb105a2-ea9c-4630-873a-6b454b4389cb",
      "dblevel": 5,
      "location": "/VGMA/NgheKinhThanh/KinhThanhbandichTruyenThongHieuDinhTU-MB/TTHD-1Co-rinh-to/TTHD-1Co05(MB)",
      "isVideo": false,
      "url": "nghe-kinh-thanh.kinh-thanh-ban-dich-truyen-thong-hieu-dinh-tu-mb.tthd-1co-rinh-to.tthd-1co05-mb-",
      "name": "TTHD-1Co05(MB)",
      "count": 0,
      "isLeaf": null,
      "keyword": null,
      "hash": "U2FsdGVkX19ongdZfgZIvcPGR/YywtkfQhMaQXjnY6/KjYetgOktSfH0uycr8+nht8hOgDKgyu6/M2WWK36tBQ==",
      "khash": "U2FsdGVkX1+Cs3sJdWcX8dMDY7Ii1lSELHT0OUkQ04O+Dnrp4sDggeU9OO3p/ob4D97lehXjGbW55JEPtKLslw==",
      "viewCount": null,
      "duration": "2:48",
      "size": 5384297
    },
    {
      "id": "da9f9d55-a70c-4401-99af-dc12e0c95a0e",
      "pid": "9eb105a2-ea9c-4630-873a-6b454b4389cb",
      "dblevel": 5,
      "location": "/VGMA/NgheKinhThanh/KinhThanhbandichTruyenThongHieuDinhTU-MB/TTHD-1Co-rinh-to/TTHD-1Co06(MB)",
      "isVideo": false,
      "url": "nghe-kinh-thanh.kinh-thanh-ban-dich-truyen-thong-hieu-dinh-tu-mb.tthd-1co-rinh-to.tthd-1co06-mb-",
      "name": "TTHD-1Co06(MB)",
      "count": 0,
      "isLeaf": null,
      "keyword": null,
      "hash": "U2FsdGVkX1/Hn6c6mNM46Pd/KIuWytp4EvsGidrvwoascTL7qzoP+4l5NbTPDfaBjhdg74KsbkkpfFsZLM7aCw==",
      "khash": null,
      "viewCount": null,
      "duration": "3:58",
      "size": 7647964
    },
    {
      "id": "a1d86608-57e1-4617-b2b6-b57f480968eb",
      "pid": "9eb105a2-ea9c-4630-873a-6b454b4389cb",
      "dblevel": 5,
      "location": "/VGMA/NgheKinhThanh/KinhThanhbandichTruyenThongHieuDinhTU-MB/TTHD-1Co-rinh-to/TTHD-1Co07(MB)",
      "isVideo": false,
      "url": "nghe-kinh-thanh.kinh-thanh-ban-dich-truyen-thong-hieu-dinh-tu-mb.tthd-1co-rinh-to.tthd-1co07-mb-",
      "name": "TTHD-1Co07(MB)",
      "count": 0,
      "isLeaf": null,
      "keyword": null,
      "hash": "U2FsdGVkX1+e89ahwyg0Yc+HMBGGCINAhWQmz0ZIvOK1txcXqgwvdWjf3Pj/g6NTTzW9p13pFOFJaQTdhQfxug==",
      "khash": "U2FsdGVkX18jC67xaTZHrd0J7Gy3JTQv/WgdYfnx1Er3chsh8eSY1jhXoVSh6/72RYubLm/PbjyuX5VX0GlshA==",
      "viewCount": null,
      "duration": "7:42",
      "size": 14790886
    },
    {
      "id": "567299b9-db69-43a8-8077-e543d7fc27c2",
      "pid": "9eb105a2-ea9c-4630-873a-6b454b4389cb",
      "dblevel": 5,
      "location": "/VGMA/NgheKinhThanh/KinhThanhbandichTruyenThongHieuDinhTU-MB/TTHD-1Co-rinh-to/TTHD-1Co08(MB)",
      "isVideo": false,
      "url": "nghe-kinh-thanh.kinh-thanh-ban-dich-truyen-thong-hieu-dinh-tu-mb.tthd-1co-rinh-to.tthd-1co08-mb-",
      "name": "TTHD-1Co08(MB)",
      "count": 0,
      "isLeaf": null,
      "keyword": null,
      "hash": "U2FsdGVkX19nncZcyhpaeBe/2nsGslKPjW4JfzeBVARU5EW6fv1h9w+1mS0O2QmF0s2pdLTc0OPFJ/4nIxMcpg==",
      "khash": "U2FsdGVkX1+CZqMDse9SjwEgH+YON+4f/0BMyCzIjxujF5Cct8x5i5wKH4WEFSdDprS8Ffb3uaJg3ztrSMayeA==",
      "viewCount": null,
      "duration": "2:32",
      "size": 4875223
    },
    {
      "id": "8f356dfc-4940-4696-975b-9f63f05d19e3",
      "pid": "9eb105a2-ea9c-4630-873a-6b454b4389cb",
      "dblevel": 5,
      "location": "/VGMA/NgheKinhThanh/KinhThanhbandichTruyenThongHieuDinhTU-MB/TTHD-1Co-rinh-to/TTHD-1Co09(MB)",
      "isVideo": false,
      "url": "nghe-kinh-thanh.kinh-thanh-ban-dich-truyen-thong-hieu-dinh-tu-mb.tthd-1co-rinh-to.tthd-1co09-mb-",
      "name": "TTHD-1Co09(MB)",
      "count": 0,
      "isLeaf": null,
      "keyword": null,
      "hash": "U2FsdGVkX19cAAAVnD4kuXfno9hJligNc6cEzBDI98S4JDaak+sP6iEJqvMScIJ02Fmluz+W65EfzuJTD58S8Q==",
      "khash": null,
      "viewCount": null,
      "duration": "5:22",
      "size": 10321231
    },
    {
      "id": "f1a48db6-5c84-468e-b73d-0f4323682ed8",
      "pid": "9eb105a2-ea9c-4630-873a-6b454b4389cb",
      "dblevel": 5,
      "location": "/VGMA/NgheKinhThanh/KinhThanhbandichTruyenThongHieuDinhTU-MB/TTHD-1Co-rinh-to/TTHD-1Co10(MB)",
      "isVideo": false,
      "url": "nghe-kinh-thanh.kinh-thanh-ban-dich-truyen-thong-hieu-dinh-tu-mb.tthd-1co-rinh-to.tthd-1co10-mb-",
      "name": "TTHD-1Co10(MB)",
      "count": 0,
      "isLeaf": null,
      "keyword": null,
      "hash": "U2FsdGVkX19Rts9n19oNxiMblRt0HeF9ubbduYtglWnOK6gB1niUsxUzd/bdNZBGT2YnqTMNvVaspl38XJUoOQ==",
      "khash": null,
      "viewCount": null,
      "duration": "5:18",
      "size": 10179125
    },
    {
      "id": "94c1a4ab-8889-417d-ab99-d8e254cdaeae",
      "pid": "9eb105a2-ea9c-4630-873a-6b454b4389cb",
      "dblevel": 5,
      "location": "/VGMA/NgheKinhThanh/KinhThanhbandichTruyenThongHieuDinhTU-MB/TTHD-1Co-rinh-to/TTHD-1Co11(MB)",
      "isVideo": false,
      "url": "nghe-kinh-thanh.kinh-thanh-ban-dich-truyen-thong-hieu-dinh-tu-mb.tthd-1co-rinh-to.tthd-1co11-mb-",
      "name": "TTHD-1Co11(MB)",
      "count": 0,
      "isLeaf": null,
      "keyword": null,
      "hash": "U2FsdGVkX19WtQc85SxkxlRWWbqY+vLRGc2xNgAXyLbWZybO2z58DPUa+RRGCAvoMuY5KAXpjRFE5lUBcUm1oQ==",
      "khash": "U2FsdGVkX18lLMSmxtVhWrOD6okCCzvuG7dQyrGVG1YXRj7LZrxFsAH+vDCaehVhj/SeOjLlmh5XawITRPDvwA==",
      "viewCount": null,
      "duration": "5:29",
      "size": 10531046
    },
    {
      "id": "d8a4780e-c160-4b10-837f-03ba34441579",
      "pid": "9eb105a2-ea9c-4630-873a-6b454b4389cb",
      "dblevel": 5,
      "location": "/VGMA/NgheKinhThanh/KinhThanhbandichTruyenThongHieuDinhTU-MB/TTHD-1Co-rinh-to/TTHD-1Co12(MB)",
      "isVideo": false,
      "url": "nghe-kinh-thanh.kinh-thanh-ban-dich-truyen-thong-hieu-dinh-tu-mb.tthd-1co-rinh-to.tthd-1co12-mb-",
      "name": "TTHD-1Co12(MB)",
      "count": 0,
      "isLeaf": null,
      "keyword": null,
      "hash": "U2FsdGVkX188GKADedK9gn05MqhKISkQxjiGKUpjahnXXPxq80uH0NnoTmEIZJ2B7e8xZpo2mWDN00FkS0iDWw==",
      "khash": null,
      "viewCount": null,
      "duration": "5:15",
      "size": 10093861
    },
    {
      "id": "c0633e36-49f5-4b2a-852d-9b2f9cc08086",
      "pid": "9eb105a2-ea9c-4630-873a-6b454b4389cb",
      "dblevel": 5,
      "location": "/VGMA/NgheKinhThanh/KinhThanhbandichTruyenThongHieuDinhTU-MB/TTHD-1Co-rinh-to/TTHD-1Co13(MB)",
      "isVideo": false,
      "url": "nghe-kinh-thanh.kinh-thanh-ban-dich-truyen-thong-hieu-dinh-tu-mb.tthd-1co-rinh-to.tthd-1co13-mb-",
      "name": "TTHD-1Co13(MB)",
      "count": 0,
      "isLeaf": null,
      "keyword": null,
      "hash": "U2FsdGVkX19bpIuQUxW95duqY+SQiyW8J/S2asOG1UmqvDKFtuw4U+MpkqPQvy1S+W0oLXsL7GLsWlYa2RtouQ==",
      "khash": "U2FsdGVkX19a9BG2O9rZu1eoLO30jyCoOc9L9rV7pGqF+v7cdpYcmJZGecZjrn/nBRnAJCxKpDbMYmAaQK3QNQ==",
      "viewCount": null,
      "duration": "2:22",
      "size": 4550050
    },
    {
      "id": "0580b4f2-9aac-4aee-ad29-f7e56d702e94",
      "pid": "9eb105a2-ea9c-4630-873a-6b454b4389cb",
      "dblevel": 5,
      "location": "/VGMA/NgheKinhThanh/KinhThanhbandichTruyenThongHieuDinhTU-MB/TTHD-1Co-rinh-to/TTHD-1Co14(MB)",
      "isVideo": false,
      "url": "nghe-kinh-thanh.kinh-thanh-ban-dich-truyen-thong-hieu-dinh-tu-mb.tthd-1co-rinh-to.tthd-1co14-mb-",
      "name": "TTHD-1Co14(MB)",
      "count": 0,
      "isLeaf": null,
      "keyword": null,
      "hash": "U2FsdGVkX1+vtn2u1P99ZRrwtpV618QuEvC/2YMrDqgEo/emLK1lddKKiKjhRoFO/iQh7BoijP9dOIvxcgGgJA==",
      "khash": null,
      "viewCount": null,
      "duration": "7:3",
      "size": 13563758
    },
    {
      "id": "2f561dd7-eb56-4620-bdfb-eeac29ea256c",
      "pid": "9eb105a2-ea9c-4630-873a-6b454b4389cb",
      "dblevel": 5,
      "location": "/VGMA/NgheKinhThanh/KinhThanhbandichTruyenThongHieuDinhTU-MB/TTHD-1Co-rinh-to/TTHD-1Co15(MB)",
      "isVideo": false,
      "url": "nghe-kinh-thanh.kinh-thanh-ban-dich-truyen-thong-hieu-dinh-tu-mb.tthd-1co-rinh-to.tthd-1co15-mb-",
      "name": "TTHD-1Co15(MB)",
      "count": 0,
      "isLeaf": null,
      "keyword": null,
      "hash": "U2FsdGVkX193uSNy3PJxsSXz5dEadd7PeGj1Hlqndf38h3mh/4BelW9Ctqh0SkpzP724w1TI7ADYNaiS7PXuAg==",
      "khash": null,
      "viewCount": null,
      "duration": "10:27",
      "size": 20076398
    },
    {
      "id": "a66718b7-154a-47ed-bada-8f4c809b2241",
      "pid": "9eb105a2-ea9c-4630-873a-6b454b4389cb",
      "dblevel": 5,
      "location": "/VGMA/NgheKinhThanh/KinhThanhbandichTruyenThongHieuDinhTU-MB/TTHD-1Co-rinh-to/TTHD-1Co16(MB)",
      "isVideo": false,
      "url": "nghe-kinh-thanh.kinh-thanh-ban-dich-truyen-thong-hieu-dinh-tu-mb.tthd-1co-rinh-to.tthd-1co16-mb-",
      "name": "TTHD-1Co16(MB)",
      "count": 0,
      "isLeaf": null,
      "keyword": null,
      "hash": "U2FsdGVkX1/IbehcJ2O/dteaD12i1Bu5evIv7/wYHY4Lap01VOVzR+3ewne8ds2wdbpVxxPI9BcoHeS+tvsUpQ==",
      "khash": null,
      "viewCount": null,
      "duration": "3:45",
      "size": 7209107
    }
  ]
}