{
  "id": "e19d5757-657f-4b6f-b7dc-df87564a355d",
  "pid": "23541eed-15e9-41d0-8477-67032b0277ec",
  "dblevel": 4,
  "location": "/VGMA/NgheKinhThanh/KinhThanhbandichTruyenThongHieuDinh/49-Eph",
  "isVideo": false,
  "url": "nghe-kinh-thanh.kinh-thanh-ban-dich-truyen-thong-hieu-dinh.49-eph",
  "name": "49-Eph",
  "count": 6,
  "isLeaf": true,
  "keyword": null,
  "hash": null,
  "khash": null,
  "viewCount": null,
  "duration": null,
  "size": null,
  "children": [
    {
      "id": "8e2164e7-9011-4fbd-bffb-f5bdd08f6d2e",
      "pid": "e19d5757-657f-4b6f-b7dc-df87564a355d",
      "dblevel": 5,
      "location": "/VGMA/NgheKinhThanh/KinhThanhbandichTruyenThongHieuDinh/49-Eph/Eph01",
      "isVideo": false,
      "url": "nghe-kinh-thanh.kinh-thanh-ban-dich-truyen-thong-hieu-dinh.49-eph.eph01",
      "name": "Eph01",
      "count": 0,
      "isLeaf": null,
      "keyword": null,
      "hash": "U2FsdGVkX1+4gW1ycAuvd1popsIJUqJW9vJkRChPfT60EPW84j+KrqtX/866AcVUIjiuMGRpZd8Aq3xxbHiHXg==",
      "khash": null,
      "viewCount": null,
      "duration": "3:8",
      "size": 4533492
    },
    {
      "id": "8728efbe-3961-445f-90cb-39a60c9b27e7",
      "pid": "e19d5757-657f-4b6f-b7dc-df87564a355d",
      "dblevel": 5,
      "location": "/VGMA/NgheKinhThanh/KinhThanhbandichTruyenThongHieuDinh/49-Eph/Eph02",
      "isVideo": false,
      "url": "nghe-kinh-thanh.kinh-thanh-ban-dich-truyen-thong-hieu-dinh.49-eph.eph02",
      "name": "Eph02",
      "count": 0,
      "isLeaf": null,
      "keyword": null,
      "hash": "U2FsdGVkX1/ixmWk4zDbkGkpE2MfNfgHHsZ19gkBFD2zQEDWX5d60Vzk6WOC6CwDe6nSZ7ZKUa1bIRcjCftuVQ==",
      "khash": null,
      "viewCount": null,
      "duration": "3:0",
      "size": 4354165
    },
    {
      "id": "24783884-0de6-4f6a-b620-35e289677c33",
      "pid": "e19d5757-657f-4b6f-b7dc-df87564a355d",
      "dblevel": 5,
      "location": "/VGMA/NgheKinhThanh/KinhThanhbandichTruyenThongHieuDinh/49-Eph/Eph03",
      "isVideo": false,
      "url": "nghe-kinh-thanh.kinh-thanh-ban-dich-truyen-thong-hieu-dinh.49-eph.eph03",
      "name": "Eph03",
      "count": 0,
      "isLeaf": null,
      "keyword": null,
      "hash": "U2FsdGVkX18yqAkMK45XOa10P/KZWLY6cQBgC0F1OuNOr/8vKMrTVHWutp+Lh+z6dZWohApqkyB6bmpH1XLA/w==",
      "khash": null,
      "viewCount": null,
      "duration": "2:44",
      "size": 3976855
    },
    {
      "id": "0b60b2c6-5269-4a08-b490-6c185f3c00bd",
      "pid": "e19d5757-657f-4b6f-b7dc-df87564a355d",
      "dblevel": 5,
      "location": "/VGMA/NgheKinhThanh/KinhThanhbandichTruyenThongHieuDinh/49-Eph/Eph04",
      "isVideo": false,
      "url": "nghe-kinh-thanh.kinh-thanh-ban-dich-truyen-thong-hieu-dinh.49-eph.eph04",
      "name": "Eph04",
      "count": 0,
      "isLeaf": null,
      "keyword": null,
      "hash": "U2FsdGVkX196U709HpP5joCPvqtEpEkJ6SNsYH83DEIhuqpHfLAYc7p21sM11tSqygdP07LZIHK064jOAB7OuA==",
      "khash": null,
      "viewCount": null,
      "duration": "3:50",
      "size": 5549504
    },
    {
      "id": "6980ada1-33b5-4366-ab3a-72f71fc62690",
      "pid": "e19d5757-657f-4b6f-b7dc-df87564a355d",
      "dblevel": 5,
      "location": "/VGMA/NgheKinhThanh/KinhThanhbandichTruyenThongHieuDinh/49-Eph/Eph05",
      "isVideo": false,
      "url": "nghe-kinh-thanh.kinh-thanh-ban-dich-truyen-thong-hieu-dinh.49-eph.eph05",
      "name": "Eph05",
      "count": 0,
      "isLeaf": null,
      "keyword": null,
      "hash": "U2FsdGVkX1+USKs0T3z3UGZS+3as0Wo7sOJ1Xf8tkVRLN3/RjNGNkvE1cAuTC70cHWO3Y+f564rRaA78VnOqGQ==",
      "khash": null,
      "viewCount": null,
      "duration": "3:25",
      "size": 4967672
    },
    {
      "id": "8124f21a-b5be-4979-a8d7-64d32539c155",
      "pid": "e19d5757-657f-4b6f-b7dc-df87564a355d",
      "dblevel": 5,
      "location": "/VGMA/NgheKinhThanh/KinhThanhbandichTruyenThongHieuDinh/49-Eph/Eph06",
      "isVideo": false,
      "url": "nghe-kinh-thanh.kinh-thanh-ban-dich-truyen-thong-hieu-dinh.49-eph.eph06",
      "name": "Eph06",
      "count": 0,
      "isLeaf": null,
      "keyword": null,
      "hash": "U2FsdGVkX1+cqorbqAjriZDIFk7r8xB/f9RE/GbDp/mn/rlHnMY+rjZcdMduosNyR8x05k4jWK8SSeCIYyZAnw==",
      "khash": null,
      "viewCount": null,
      "duration": "3:0",
      "size": 4341934
    }
  ]
}