{
  "id": "8b5a9fc3-b2e7-4144-8362-900bacf7064c",
  "pid": "23541eed-15e9-41d0-8477-67032b0277ec",
  "dblevel": 4,
  "location": "/VGMA/NgheKinhThanh/KinhThanhbandichTruyenThongHieuDinh/05-Phu",
  "isVideo": false,
  "url": "nghe-kinh-thanh.kinh-thanh-ban-dich-truyen-thong-hieu-dinh.05-phu",
  "name": "05-Phu",
  "count": 34,
  "isLeaf": true,
  "keyword": null,
  "hash": null,
  "khash": null,
  "viewCount": null,
  "duration": null,
  "size": null,
  "children": [
    {
      "id": "b48647e2-b42a-45e6-836b-2875d57efe9b",
      "pid": "8b5a9fc3-b2e7-4144-8362-900bacf7064c",
      "dblevel": 5,
      "location": "/VGMA/NgheKinhThanh/KinhThanhbandichTruyenThongHieuDinh/05-Phu/Phu1",
      "isVideo": false,
      "url": "nghe-kinh-thanh.kinh-thanh-ban-dich-truyen-thong-hieu-dinh.05-phu.phu1",
      "name": "Phu1",
      "count": 0,
      "isLeaf": null,
      "keyword": null,
      "hash": "U2FsdGVkX19SlZYZXkEr7ZG//hWg0K15tzkB+ZB9KNQqioJJxRBaj/cfGZOqx1AyOivNN92gfziUzJyMJHyneA==",
      "khash": "U2FsdGVkX18vgTMktsaVG6uoFTU1oASHfbc/BaEtBs2Jyfg3cZ/b4qRqunmOI+aCdVfivpoAht+/osuMiFRTAQ==",
      "viewCount": null,
      "duration": "7:47",
      "size": 11261561
    },
    {
      "id": "71871612-b8b1-40a0-829a-e0f4a0919e2d",
      "pid": "8b5a9fc3-b2e7-4144-8362-900bacf7064c",
      "dblevel": 5,
      "location": "/VGMA/NgheKinhThanh/KinhThanhbandichTruyenThongHieuDinh/05-Phu/Phu10",
      "isVideo": false,
      "url": "nghe-kinh-thanh.kinh-thanh-ban-dich-truyen-thong-hieu-dinh.05-phu.phu10",
      "name": "Phu10",
      "count": 0,
      "isLeaf": null,
      "keyword": null,
      "hash": "U2FsdGVkX1+gKe4qkb+cQhLnJzhB7KnC5qDPHTT1GCfB5VmfjcccUy3096PNSjtjMD7v1XzzB6x0KOaYmph5ug==",
      "khash": "U2FsdGVkX19PozPyChOjAcDg59ILgnLfny3OISbVEo/gmktAJ5o/aKPRud5aYPMVHa/z49uJfpjaWmnw17lMsg==",
      "viewCount": null,
      "duration": "3:32",
      "size": 5108519
    },
    {
      "id": "d05a2459-1251-4bfd-99c4-edef3f1ecd71",
      "pid": "8b5a9fc3-b2e7-4144-8362-900bacf7064c",
      "dblevel": 5,
      "location": "/VGMA/NgheKinhThanh/KinhThanhbandichTruyenThongHieuDinh/05-Phu/Phu11",
      "isVideo": false,
      "url": "nghe-kinh-thanh.kinh-thanh-ban-dich-truyen-thong-hieu-dinh.05-phu.phu11",
      "name": "Phu11",
      "count": 0,
      "isLeaf": null,
      "keyword": null,
      "hash": "U2FsdGVkX1+JkUGqwAro/CF2n/0kNAAECwDRww9rAdOpHhDu0MP6MsCrbMdXfIrf4z3cwS18Taq1z2pOFIp5xA==",
      "khash": "U2FsdGVkX1/aQDHLXwZuWPF2Za7aapl/f9kEY+EmJpR2+L6g4lIxzTtsVzHub3rm1g9q8B5QuiiW5zcfiQC2oQ==",
      "viewCount": null,
      "duration": "5:13",
      "size": 7557024
    },
    {
      "id": "598a1428-8dae-4090-bdfd-d7c1b75f8edc",
      "pid": "8b5a9fc3-b2e7-4144-8362-900bacf7064c",
      "dblevel": 5,
      "location": "/VGMA/NgheKinhThanh/KinhThanhbandichTruyenThongHieuDinh/05-Phu/Phu12",
      "isVideo": false,
      "url": "nghe-kinh-thanh.kinh-thanh-ban-dich-truyen-thong-hieu-dinh.05-phu.phu12",
      "name": "Phu12",
      "count": 0,
      "isLeaf": null,
      "keyword": null,
      "hash": "U2FsdGVkX1/Yr5faixYfGrm+mjFPPqrc/OH8qjlF3xh7X3aMAzksDA6Sst4Su9utAIojBo7PANgsSD5xA0OTjQ==",
      "khash": "U2FsdGVkX19K27hwVu6DbM03pI4S9hhK3AFpCB8XDjMzXJI7LHcNAvBEpn6q8WkjezpFBW6iFcnHzPyo5OurQQ==",
      "viewCount": null,
      "duration": "5:38",
      "size": 8153604
    },
    {
      "id": "1c8b0587-fc24-43fc-9bbf-7d06773a0591",
      "pid": "8b5a9fc3-b2e7-4144-8362-900bacf7064c",
      "dblevel": 5,
      "location": "/VGMA/NgheKinhThanh/KinhThanhbandichTruyenThongHieuDinh/05-Phu/Phu13",
      "isVideo": false,
      "url": "nghe-kinh-thanh.kinh-thanh-ban-dich-truyen-thong-hieu-dinh.05-phu.phu13",
      "name": "Phu13",
      "count": 0,
      "isLeaf": null,
      "keyword": null,
      "hash": "U2FsdGVkX1/bHN7bdeFiAiyFpVajLPlokcO8CuoJRdawGIRCsowIQgX5BOc03sodttFf24uh2XJqOAgMvHHATg==",
      "khash": "U2FsdGVkX1+y04bxeALfmT/p7YDuFmLTl/gay096kJYmigk+bxfIgpKQJQ1wJ3p7y1MZv0JZbGWQLo8HMaky3w==",
      "viewCount": null,
      "duration": "3:28",
      "size": 5011532
    },
    {
      "id": "6d02d6eb-0eeb-4a31-a46e-a06a51141fcd",
      "pid": "8b5a9fc3-b2e7-4144-8362-900bacf7064c",
      "dblevel": 5,
      "location": "/VGMA/NgheKinhThanh/KinhThanhbandichTruyenThongHieuDinh/05-Phu/Phu14",
      "isVideo": false,
      "url": "nghe-kinh-thanh.kinh-thanh-ban-dich-truyen-thong-hieu-dinh.05-phu.phu14",
      "name": "Phu14",
      "count": 0,
      "isLeaf": null,
      "keyword": null,
      "hash": "U2FsdGVkX1/Y7eh7PM1VEb5gx5bBQqCH5GQ9E1nKzwCplNpnLfHnj5CSEbkYpXe7bfk/jHdWqBR8h615/igIfQ==",
      "khash": null,
      "viewCount": null,
      "duration": "3:46",
      "size": 5446643
    },
    {
      "id": "429da746-9a60-4a19-8383-8e171d0b021e",
      "pid": "8b5a9fc3-b2e7-4144-8362-900bacf7064c",
      "dblevel": 5,
      "location": "/VGMA/NgheKinhThanh/KinhThanhbandichTruyenThongHieuDinh/05-Phu/Phu15",
      "isVideo": false,
      "url": "nghe-kinh-thanh.kinh-thanh-ban-dich-truyen-thong-hieu-dinh.05-phu.phu15",
      "name": "Phu15",
      "count": 0,
      "isLeaf": null,
      "keyword": null,
      "hash": "U2FsdGVkX1897T9c/6hp8crnaq4Oq4rVVacTnrYPdBkdP9hgzxgbgDusQv5KiJ9ToPogIQbuLzppB1aahbKyXQ==",
      "khash": "U2FsdGVkX1+ywNILR+uLOc3JsXyHK6A2KSXL7VS5BKALvpsGCAWj5VbNsBS/aoTvEV/MBFeeA6Hkzd6yg+rKmQ==",
      "viewCount": null,
      "duration": "4:2",
      "size": 5832012
    },
    {
      "id": "a9dd31af-8146-4417-8f05-89a8935e33b6",
      "pid": "8b5a9fc3-b2e7-4144-8362-900bacf7064c",
      "dblevel": 5,
      "location": "/VGMA/NgheKinhThanh/KinhThanhbandichTruyenThongHieuDinh/05-Phu/Phu16",
      "isVideo": false,
      "url": "nghe-kinh-thanh.kinh-thanh-ban-dich-truyen-thong-hieu-dinh.05-phu.phu16",
      "name": "Phu16",
      "count": 0,
      "isLeaf": null,
      "keyword": null,
      "hash": "U2FsdGVkX19uVTXnxKbC+JVoQrEW0xom/lNaOOyR0Ba/ecsukITPpTPAUx3tRgwRJDKmC98fbcYtPQmq9aCqlQ==",
      "khash": "U2FsdGVkX1+B5k3e/xgNZX/fA1BDh37h/Ad1TzkwnBRv4Mfcv/Xr8S30C3vjRObIM2Pie03pApIgxCtZEBx7KA==",
      "viewCount": null,
      "duration": "3:55",
      "size": 5665035
    },
    {
      "id": "69f2da6e-036b-40b0-921a-1edc0cd1f4b3",
      "pid": "8b5a9fc3-b2e7-4144-8362-900bacf7064c",
      "dblevel": 5,
      "location": "/VGMA/NgheKinhThanh/KinhThanhbandichTruyenThongHieuDinh/05-Phu/Phu17",
      "isVideo": false,
      "url": "nghe-kinh-thanh.kinh-thanh-ban-dich-truyen-thong-hieu-dinh.05-phu.phu17",
      "name": "Phu17",
      "count": 0,
      "isLeaf": null,
      "keyword": null,
      "hash": "U2FsdGVkX1/nW7bhtnyzTdu8AR2g2XN+S4jLg6ku091/HB7Q7DUo3u/HuOO1IIk7NHgddXbJBLcb8PVCzl9DXg==",
      "khash": "U2FsdGVkX1/zhZgUpqo3LjmrFb/NS50cShSXhHAaQbbYKq/elSG9Q6EYci2VOLF3hWOCIrafI9MdfMPfCtmEoA==",
      "viewCount": null,
      "duration": "3:34",
      "size": 5176569
    },
    {
      "id": "626733b7-c545-4a28-a3b4-02b4540baf5d",
      "pid": "8b5a9fc3-b2e7-4144-8362-900bacf7064c",
      "dblevel": 5,
      "location": "/VGMA/NgheKinhThanh/KinhThanhbandichTruyenThongHieuDinh/05-Phu/Phu18",
      "isVideo": false,
      "url": "nghe-kinh-thanh.kinh-thanh-ban-dich-truyen-thong-hieu-dinh.05-phu.phu18",
      "name": "Phu18",
      "count": 0,
      "isLeaf": null,
      "keyword": null,
      "hash": "U2FsdGVkX18LeSdKOCsq6MSTDeRoKL6JGx8ry9x3ANqONchl0BU6WoYDwGQfCmbyfSUQUPnYcZiY5pHZQgg06w==",
      "khash": "U2FsdGVkX1+PciE5gRfx9d3vX9esOTazhahrwabdqgrHqXi6ERfLJyjUVo3yCKFg5FXmNoFJZrAhsBidfKoVPg==",
      "viewCount": null,
      "duration": "3:29",
      "size": 5035904
    },
    {
      "id": "8435c4b9-58dd-4627-a71a-cfe9619441c4",
      "pid": "8b5a9fc3-b2e7-4144-8362-900bacf7064c",
      "dblevel": 5,
      "location": "/VGMA/NgheKinhThanh/KinhThanhbandichTruyenThongHieuDinh/05-Phu/Phu19",
      "isVideo": false,
      "url": "nghe-kinh-thanh.kinh-thanh-ban-dich-truyen-thong-hieu-dinh.05-phu.phu19",
      "name": "Phu19",
      "count": 0,
      "isLeaf": null,
      "keyword": null,
      "hash": "U2FsdGVkX18j6UF68263HPwE33UZ9vn3X1mv3l3gvRW7dI6G3hESevQP18MkcPvLRMDkmiVFMjB4f7Z3PqSybA==",
      "khash": "U2FsdGVkX1/JwQ2BgYNXYi4x4KAtAPiO0YTWMyNC1TVkJPYXjKUSeK9CDBOO4VAaF7zVIEWyg71u/guKFQEvbg==",
      "viewCount": null,
      "duration": "3:18",
      "size": 4783167
    },
    {
      "id": "97eaab8f-abc1-4908-81ec-e01b3df85ebc",
      "pid": "8b5a9fc3-b2e7-4144-8362-900bacf7064c",
      "dblevel": 5,
      "location": "/VGMA/NgheKinhThanh/KinhThanhbandichTruyenThongHieuDinh/05-Phu/Phu2",
      "isVideo": false,
      "url": "nghe-kinh-thanh.kinh-thanh-ban-dich-truyen-thong-hieu-dinh.05-phu.phu2",
      "name": "Phu2",
      "count": 0,
      "isLeaf": null,
      "keyword": null,
      "hash": "U2FsdGVkX1/0UF7hwOeoPJF+Je3FEbW9Y4hlaVi37UTkaGLjtpnYZZ4wlZPUkNrrQ7FxGfDQ6IZmwW/XDG1HMQ==",
      "khash": "U2FsdGVkX1+4OCEP/4Xk3m+XZLtuZVWi+t4HJcUl2nwrFVjQtVvKgmYfMBQNb6H6wyoxkW0aNbVEXoI0syLmaA==",
      "viewCount": null,
      "duration": "6:3",
      "size": 8756431
    },
    {
      "id": "667a0cb7-153d-46a6-a469-df57a59e242f",
      "pid": "8b5a9fc3-b2e7-4144-8362-900bacf7064c",
      "dblevel": 5,
      "location": "/VGMA/NgheKinhThanh/KinhThanhbandichTruyenThongHieuDinh/05-Phu/Phu20",
      "isVideo": false,
      "url": "nghe-kinh-thanh.kinh-thanh-ban-dich-truyen-thong-hieu-dinh.05-phu.phu20",
      "name": "Phu20",
      "count": 0,
      "isLeaf": null,
      "keyword": null,
      "hash": "U2FsdGVkX18N/gvQyEIyVGSh0YV8zzauPrJKFyTgiMf1c8URFI4y2GtE830u3DFVIE6CTpw6ao+GrhhtOMu5zA==",
      "khash": "U2FsdGVkX19dj4ltrcVUcWFAJ/Lw1BHTkxtGK4bX8s5b1R7fNzfidpEAueSzxBSXi6atrbAYIevSEEoO4Rj7Rg==",
      "viewCount": null,
      "duration": "2:58",
      "size": 4309160
    },
    {
      "id": "8a2f0ba1-631b-4cae-af00-f01f89a0acf6",
      "pid": "8b5a9fc3-b2e7-4144-8362-900bacf7064c",
      "dblevel": 5,
      "location": "/VGMA/NgheKinhThanh/KinhThanhbandichTruyenThongHieuDinh/05-Phu/Phu21",
      "isVideo": false,
      "url": "nghe-kinh-thanh.kinh-thanh-ban-dich-truyen-thong-hieu-dinh.05-phu.phu21",
      "name": "Phu21",
      "count": 0,
      "isLeaf": null,
      "keyword": null,
      "hash": "U2FsdGVkX18pEY1Me6TDCHL/xe8gGo7dMsNNMFBHoE+X6v/83/uZJ3vd8GqCvoATKj9IXPxfcs2r4QBmjokTPw==",
      "khash": "U2FsdGVkX1+yQWpcdA6Fx5+IOqRb8FjUJh77kWktND5Zl7X/r6a2Hiat35b4e3xuKyKpkwNZtQTlgxHwcz4fJg==",
      "viewCount": null,
      "duration": "3:49",
      "size": 5519635
    },
    {
      "id": "dac4d807-707b-44e5-8e07-4c1d701e80ad",
      "pid": "8b5a9fc3-b2e7-4144-8362-900bacf7064c",
      "dblevel": 5,
      "location": "/VGMA/NgheKinhThanh/KinhThanhbandichTruyenThongHieuDinh/05-Phu/Phu22",
      "isVideo": false,
      "url": "nghe-kinh-thanh.kinh-thanh-ban-dich-truyen-thong-hieu-dinh.05-phu.phu22",
      "name": "Phu22",
      "count": 0,
      "isLeaf": null,
      "keyword": null,
      "hash": "U2FsdGVkX1+8kWWcDleubMtLTcVi9qSVHE9Ex2RVD6yW05l+upfTVJwP6afBT1+7umd4K9AbzFRDAxT0+YWbuw==",
      "khash": null,
      "viewCount": null,
      "duration": "4:32",
      "size": 6567021
    },
    {
      "id": "a3f8cbed-66a2-4f35-bbf8-cf79ff28f014",
      "pid": "8b5a9fc3-b2e7-4144-8362-900bacf7064c",
      "dblevel": 5,
      "location": "/VGMA/NgheKinhThanh/KinhThanhbandichTruyenThongHieuDinh/05-Phu/Phu23",
      "isVideo": false,
      "url": "nghe-kinh-thanh.kinh-thanh-ban-dich-truyen-thong-hieu-dinh.05-phu.phu23",
      "name": "Phu23",
      "count": 0,
      "isLeaf": null,
      "keyword": null,
      "hash": "U2FsdGVkX1+a1NU6VnwAYvyPYZDIxCBXQCd1KLG/wgVLORhMTwl/qQtic+x4BR2pWsmuSigiFcIvk6Y2vT/AZw==",
      "khash": "U2FsdGVkX18A0ritPuM2dh8/Mw491Idk1PBPoVprxqdFDJ1ZJEPeAyRrcbduhYbjEundIiQMbhrN35AuTxdoZg==",
      "viewCount": null,
      "duration": "3:44",
      "size": 5406620
    },
    {
      "id": "6cd2392a-fd17-404a-83c4-495e9f39bdce",
      "pid": "8b5a9fc3-b2e7-4144-8362-900bacf7064c",
      "dblevel": 5,
      "location": "/VGMA/NgheKinhThanh/KinhThanhbandichTruyenThongHieuDinh/05-Phu/Phu24",
      "isVideo": false,
      "url": "nghe-kinh-thanh.kinh-thanh-ban-dich-truyen-thong-hieu-dinh.05-phu.phu24",
      "name": "Phu24",
      "count": 0,
      "isLeaf": null,
      "keyword": null,
      "hash": "U2FsdGVkX1/EgYeVXzUyIkStNfmuOJ/NvuNn35fkMqD0DBfiVTrRaxqaSrzD8KsiAwCbE5OxpMuoX+UoOdnj9A==",
      "khash": "U2FsdGVkX18nRzbx83AlBDoZeJzL53CoEcEvXaed0zJUB2g6g1N5Sik9q8KHGc8nkM17PefgNb+UvjGKqxqLbA==",
      "viewCount": null,
      "duration": "3:41",
      "size": 5340139
    },
    {
      "id": "27bcb0b5-7aaa-4c76-8b76-32d6952ef199",
      "pid": "8b5a9fc3-b2e7-4144-8362-900bacf7064c",
      "dblevel": 5,
      "location": "/VGMA/NgheKinhThanh/KinhThanhbandichTruyenThongHieuDinh/05-Phu/Phu25",
      "isVideo": false,
      "url": "nghe-kinh-thanh.kinh-thanh-ban-dich-truyen-thong-hieu-dinh.05-phu.phu25",
      "name": "Phu25",
      "count": 0,
      "isLeaf": null,
      "keyword": null,
      "hash": "U2FsdGVkX1+x8PTkWZ4Fhmh8MTm1ilZ+PNlwM1SnO5tA1NO5TRdmWVRH2di3LlAUGo3z+lA53pdcvcXVBjbGbw==",
      "khash": "U2FsdGVkX19+jL7KPxppeIbei4VA0UH3Md0yjaI/N3QLfC66Uo2Z6DuIQLTfbpwwehwhl8Q0YD7onYaRH2q7Fw==",
      "viewCount": null,
      "duration": "2:53",
      "size": 4179411
    },
    {
      "id": "02b23ed0-bd55-40f1-ba6e-7edb6337261d",
      "pid": "8b5a9fc3-b2e7-4144-8362-900bacf7064c",
      "dblevel": 5,
      "location": "/VGMA/NgheKinhThanh/KinhThanhbandichTruyenThongHieuDinh/05-Phu/Phu26",
      "isVideo": false,
      "url": "nghe-kinh-thanh.kinh-thanh-ban-dich-truyen-thong-hieu-dinh.05-phu.phu26",
      "name": "Phu26",
      "count": 0,
      "isLeaf": null,
      "keyword": null,
      "hash": "U2FsdGVkX18B0SG01yJyref7Htt6mBh44mNZjusPkvTWNFaFyPlaY13SOdXv5Vc7nDaVFN99XhEj7NerxFyDoQ==",
      "khash": "U2FsdGVkX1/Vi0rTy+pgX+f3rzQuAiDih1FXLQQqWJHeA2A/g0iitH/USM9lg1hklGE0i+cpg98cGyn9+IREFA==",
      "viewCount": null,
      "duration": "3:39",
      "size": 5291187
    },
    {
      "id": "f2b9b2ac-02c3-4f59-9478-b3e5dd58e045",
      "pid": "8b5a9fc3-b2e7-4144-8362-900bacf7064c",
      "dblevel": 5,
      "location": "/VGMA/NgheKinhThanh/KinhThanhbandichTruyenThongHieuDinh/05-Phu/Phu27",
      "isVideo": false,
      "url": "nghe-kinh-thanh.kinh-thanh-ban-dich-truyen-thong-hieu-dinh.05-phu.phu27",
      "name": "Phu27",
      "count": 0,
      "isLeaf": null,
      "keyword": null,
      "hash": "U2FsdGVkX1/A987hNPytnUnT+jjfCWOf7qk5efFyyOcz92biFdSMOnqIJugDzl8ZvubjR2PLmJU1mlzd3E1fqw==",
      "khash": "U2FsdGVkX1+ab3eiX1+v3IvpB69udEC3rVEcZdayHZpm48RNPoiKsPPGUZ7pVVRT5YFpE7dAxtL1VwwdZnYYHQ==",
      "viewCount": null,
      "duration": "3:30",
      "size": 5071544
    },
    {
      "id": "1fa69d2f-49db-4372-b929-d46553ac6c0e",
      "pid": "8b5a9fc3-b2e7-4144-8362-900bacf7064c",
      "dblevel": 5,
      "location": "/VGMA/NgheKinhThanh/KinhThanhbandichTruyenThongHieuDinh/05-Phu/Phu28",
      "isVideo": false,
      "url": "nghe-kinh-thanh.kinh-thanh-ban-dich-truyen-thong-hieu-dinh.05-phu.phu28",
      "name": "Phu28",
      "count": 0,
      "isLeaf": null,
      "keyword": null,
      "hash": "U2FsdGVkX18FhLywWKwggSj7sg07Rk3VXDjPwnqVWohFNwDC0Z539lS2g6mG+MQpkZuCtMkzPEtpFIWYACIjPQ==",
      "khash": "U2FsdGVkX1/WTEfQKvPRWYT2odtVQoSk6/7XGFElGWvO16RO3+93Ppcp3IqD/iiWiRRsitnszARPgu2PN75geg==",
      "viewCount": null,
      "duration": "10:51",
      "size": 15683412
    },
    {
      "id": "110aec1f-f124-4970-aab2-27d66a794cf8",
      "pid": "8b5a9fc3-b2e7-4144-8362-900bacf7064c",
      "dblevel": 5,
      "location": "/VGMA/NgheKinhThanh/KinhThanhbandichTruyenThongHieuDinh/05-Phu/Phu29",
      "isVideo": false,
      "url": "nghe-kinh-thanh.kinh-thanh-ban-dich-truyen-thong-hieu-dinh.05-phu.phu29",
      "name": "Phu29",
      "count": 0,
      "isLeaf": null,
      "keyword": null,
      "hash": "U2FsdGVkX1/EyWu8uHeokqXYi/t/fdNGduqVbuyvoi7zEAwcYAcya5hw4wLVJhPOxB/+43IJrpb7z80ie3RAEA==",
      "khash": "U2FsdGVkX1/ZaXuwTvikXghVz6HflzF1d8eQK7K1qX/g2eOv+y1UTb8g5blDOtUk+sC2iP8I5Z1GtaHhxucRSQ==",
      "viewCount": null,
      "duration": "5:3",
      "size": 7300236
    },
    {
      "id": "7db0d47d-6cae-4a22-83d6-e7008c1b6f60",
      "pid": "8b5a9fc3-b2e7-4144-8362-900bacf7064c",
      "dblevel": 5,
      "location": "/VGMA/NgheKinhThanh/KinhThanhbandichTruyenThongHieuDinh/05-Phu/Phu3",
      "isVideo": false,
      "url": "nghe-kinh-thanh.kinh-thanh-ban-dich-truyen-thong-hieu-dinh.05-phu.phu3",
      "name": "Phu3",
      "count": 0,
      "isLeaf": null,
      "keyword": null,
      "hash": "U2FsdGVkX1/vnhkzsInWoWMo/ERwppJCTmEUMC5fq/En+R8QQjmctfCkIDcNBzfmKBeJaaoe6YgK3RYiotYE1Q==",
      "khash": "U2FsdGVkX18Cv2sVVVVbilkC5KejJPUyQtJ7/mupdNGHXtI63VVeDGkduNkjWVI3jt+W+rwPdvPm5syosyud/A==",
      "viewCount": null,
      "duration": "5:29",
      "size": 7931872
    },
    {
      "id": "f984b9e4-9389-4b68-be2c-484486edfeff",
      "pid": "8b5a9fc3-b2e7-4144-8362-900bacf7064c",
      "dblevel": 5,
      "location": "/VGMA/NgheKinhThanh/KinhThanhbandichTruyenThongHieuDinh/05-Phu/Phu30",
      "isVideo": false,
      "url": "nghe-kinh-thanh.kinh-thanh-ban-dich-truyen-thong-hieu-dinh.05-phu.phu30",
      "name": "Phu30",
      "count": 0,
      "isLeaf": null,
      "keyword": null,
      "hash": "U2FsdGVkX1/WwqpcoGmjI7OHjs0hZg7Bs60PbgLKHKDNCoiWk6xFEYfyHVFfbirYlYix4VS8Pp4kQncZwK8RgQ==",
      "khash": "U2FsdGVkX191YPvjXZ63w4i/e/zxMftKOoLXgDVbRa32Dpf+pJsLaXOqunPdKzWBt+0vqZDNgtcuXtNYPT8wIw==",
      "viewCount": null,
      "duration": "3:49",
      "size": 5519511
    },
    {
      "id": "55c6a556-565f-4cc5-a2a8-dea0df45335e",
      "pid": "8b5a9fc3-b2e7-4144-8362-900bacf7064c",
      "dblevel": 5,
      "location": "/VGMA/NgheKinhThanh/KinhThanhbandichTruyenThongHieuDinh/05-Phu/Phu31",
      "isVideo": false,
      "url": "nghe-kinh-thanh.kinh-thanh-ban-dich-truyen-thong-hieu-dinh.05-phu.phu31",
      "name": "Phu31",
      "count": 0,
      "isLeaf": null,
      "keyword": null,
      "hash": "U2FsdGVkX19mMqWuJQGwnStDVOzZMXvp8iN7USiSxxVcRT4v4Q8IW04zOJqGhrxOKOadErsvUkJvknuWjKh5vA==",
      "khash": "U2FsdGVkX19BHKMweSBcTFOJ0zpR7gdUPJcTYZHJP0xCt1gXQHhy/kJVmemC1wbGAK7VXAih/wvAMom2B7TFMA==",
      "viewCount": null,
      "duration": "5:57",
      "size": 8597147
    },
    {
      "id": "b878f43a-ece2-43a0-978a-518772f42600",
      "pid": "8b5a9fc3-b2e7-4144-8362-900bacf7064c",
      "dblevel": 5,
      "location": "/VGMA/NgheKinhThanh/KinhThanhbandichTruyenThongHieuDinh/05-Phu/Phu32",
      "isVideo": false,
      "url": "nghe-kinh-thanh.kinh-thanh-ban-dich-truyen-thong-hieu-dinh.05-phu.phu32",
      "name": "Phu32",
      "count": 0,
      "isLeaf": null,
      "keyword": null,
      "hash": "U2FsdGVkX1+MQkcWNzzFmhE52shazK/3xy/RpnlldoOis+akqyudmFi1m9+LOJaw0Mb93vLa6RQudOi/MeGFqg==",
      "khash": "U2FsdGVkX1/EGffwJPky3jXNb6qxKHZDaj6ie2dTopHyme/A/CNNRrUlDTRC/E5dq1H2D+5wP5+8tOC3ciSeNQ==",
      "viewCount": null,
      "duration": "8:10",
      "size": 11797362
    },
    {
      "id": "e567f48b-6715-4b42-af99-713bbb7be6bc",
      "pid": "8b5a9fc3-b2e7-4144-8362-900bacf7064c",
      "dblevel": 5,
      "location": "/VGMA/NgheKinhThanh/KinhThanhbandichTruyenThongHieuDinh/05-Phu/Phu33",
      "isVideo": false,
      "url": "nghe-kinh-thanh.kinh-thanh-ban-dich-truyen-thong-hieu-dinh.05-phu.phu33",
      "name": "Phu33",
      "count": 0,
      "isLeaf": null,
      "keyword": null,
      "hash": "U2FsdGVkX19zRrGbFNsI7/bA+In+02ymL4v7RlNO7JRyyjzaDAETbkKIayEgqrxvFgGABvXGQhswD1aKH+9wWg==",
      "khash": "U2FsdGVkX1+KiZekb/H+Bv0vMXLTuNyUDoAcYiKh5wGr8bf4cvZTtgJyoB11ZL8q3mHh3fWRlBz+TRAhdvgyrw==",
      "viewCount": null,
      "duration": "5:4",
      "size": 7333522
    },
    {
      "id": "2464cd32-e555-477a-891b-d7c231deca2e",
      "pid": "8b5a9fc3-b2e7-4144-8362-900bacf7064c",
      "dblevel": 5,
      "location": "/VGMA/NgheKinhThanh/KinhThanhbandichTruyenThongHieuDinh/05-Phu/Phu34",
      "isVideo": false,
      "url": "nghe-kinh-thanh.kinh-thanh-ban-dich-truyen-thong-hieu-dinh.05-phu.phu34",
      "name": "Phu34",
      "count": 0,
      "isLeaf": null,
      "keyword": null,
      "hash": "U2FsdGVkX1/T6C+dRxsTzzRLGTwYAVqV9HHKgtjbPGL6ZosNONSim0HMaOWgZ/LvLOGrrIRAWTB2GFh3QLO83g==",
      "khash": "U2FsdGVkX192CrdFU6ynleg3q9maWAdTIrj8gTtygLbAyTsNlbKwHqDnLLaP7LcGDZwO3wMJd4spqyv39MtfvQ==",
      "viewCount": null,
      "duration": "1:59",
      "size": 2891645
    },
    {
      "id": "08802816-9c19-47e4-80e7-290e26c08ec4",
      "pid": "8b5a9fc3-b2e7-4144-8362-900bacf7064c",
      "dblevel": 5,
      "location": "/VGMA/NgheKinhThanh/KinhThanhbandichTruyenThongHieuDinh/05-Phu/Phu4",
      "isVideo": false,
      "url": "nghe-kinh-thanh.kinh-thanh-ban-dich-truyen-thong-hieu-dinh.05-phu.phu4",
      "name": "Phu4",
      "count": 0,
      "isLeaf": null,
      "keyword": null,
      "hash": "U2FsdGVkX1+oIuWWqL2ND6WrfTDhlmYBtHogTJpkmeWlDRdYHpB70NtJdAo3jKOf0dWdKsLr03dBLSjdQSQgnQ==",
      "khash": "U2FsdGVkX1/G6xwCQ///ROD9a+e+yONoh7+W+uuKqbaeFlARXq9f2+sBH60pj/xhhUSRFkw+IsZ68N1fHMG0rg==",
      "viewCount": null,
      "duration": "9:32",
      "size": 13771636
    },
    {
      "id": "99ab7d42-ff3a-406c-8c64-c1f4676dedc9",
      "pid": "8b5a9fc3-b2e7-4144-8362-900bacf7064c",
      "dblevel": 5,
      "location": "/VGMA/NgheKinhThanh/KinhThanhbandichTruyenThongHieuDinh/05-Phu/Phu5",
      "isVideo": false,
      "url": "nghe-kinh-thanh.kinh-thanh-ban-dich-truyen-thong-hieu-dinh.05-phu.phu5",
      "name": "Phu5",
      "count": 0,
      "isLeaf": null,
      "keyword": null,
      "hash": "U2FsdGVkX19mN6xyzK8KeFWuPNzLW0OCQNbd3zIjXHamL/FSQ6zTLtwXCSIIclzGMHMTLIigbEZSibLFepmTmA==",
      "khash": "U2FsdGVkX1+a09+ZTOWIGtyOOKpv4vBEwcYnU1gwIcOr89dIw+Wo/NtuoQ75aTfImUv0OmKIDhYYlGFE1PoNhw==",
      "viewCount": null,
      "duration": "5:13",
      "size": 7546840
    },
    {
      "id": "2c990436-b1e8-4959-a5e5-37892f55267f",
      "pid": "8b5a9fc3-b2e7-4144-8362-900bacf7064c",
      "dblevel": 5,
      "location": "/VGMA/NgheKinhThanh/KinhThanhbandichTruyenThongHieuDinh/05-Phu/Phu6",
      "isVideo": false,
      "url": "nghe-kinh-thanh.kinh-thanh-ban-dich-truyen-thong-hieu-dinh.05-phu.phu6",
      "name": "Phu6",
      "count": 0,
      "isLeaf": null,
      "keyword": null,
      "hash": "U2FsdGVkX19LyeqxotiBhlORk8p4fRlLgrjjZp2Syu47B9/NMf4VnyuiH8SbwQjMxaV2DCrMOLemoJ/K37eMKg==",
      "khash": "U2FsdGVkX1+BW+dhDh7XCBFdMU55qJBrRvaMPXIz/N9WxZ4BjtKKLWrkr5g45vcrsNXHByPnmaeCUEW/rbq+yg==",
      "viewCount": null,
      "duration": "3:59",
      "size": 5773457
    },
    {
      "id": "0fa9fb38-7be6-4d1c-b1e3-86dfc9b8b235",
      "pid": "8b5a9fc3-b2e7-4144-8362-900bacf7064c",
      "dblevel": 5,
      "location": "/VGMA/NgheKinhThanh/KinhThanhbandichTruyenThongHieuDinh/05-Phu/Phu7",
      "isVideo": false,
      "url": "nghe-kinh-thanh.kinh-thanh-ban-dich-truyen-thong-hieu-dinh.05-phu.phu7",
      "name": "Phu7",
      "count": 0,
      "isLeaf": null,
      "keyword": null,
      "hash": "U2FsdGVkX19A4KOYoBiUZfQS0Wy9Q2KL1+AyduYVIG6VzEGloDyayaBkPxdIytkTdjr3stXNE+PYgu629KEcKA==",
      "khash": "U2FsdGVkX19Fr9dNMGK5pICiBZ5IkFGAw9nEbQXyev11aQee2HRIxgz1kG65ui7csDZtEe2sahcmOLrcOjGa0Q==",
      "viewCount": null,
      "duration": "5:15",
      "size": 7582438
    },
    {
      "id": "4dc472a5-254e-4fa6-880b-b58846d2e07a",
      "pid": "8b5a9fc3-b2e7-4144-8362-900bacf7064c",
      "dblevel": 5,
      "location": "/VGMA/NgheKinhThanh/KinhThanhbandichTruyenThongHieuDinh/05-Phu/Phu8",
      "isVideo": false,
      "url": "nghe-kinh-thanh.kinh-thanh-ban-dich-truyen-thong-hieu-dinh.05-phu.phu8",
      "name": "Phu8",
      "count": 0,
      "isLeaf": null,
      "keyword": null,
      "hash": "U2FsdGVkX19bcR/cdz327aP3skHH+yTeOWuvEX7K9BDB/ZubJtXP7vMjJ1jziiex0zbpohkuY+lBaaoOWVmg/g==",
      "khash": "U2FsdGVkX19fWODjLQCpjylKQns8Yk5bDJkpjDgLVAIYWh33jeXVVIVi3Vtekn97EGhYB/Erz0iiO3RNDMPr5w==",
      "viewCount": null,
      "duration": "3:10",
      "size": 4578631
    },
    {
      "id": "13b2f60b-2600-4c14-8710-a4619fdc6774",
      "pid": "8b5a9fc3-b2e7-4144-8362-900bacf7064c",
      "dblevel": 5,
      "location": "/VGMA/NgheKinhThanh/KinhThanhbandichTruyenThongHieuDinh/05-Phu/Phu9",
      "isVideo": false,
      "url": "nghe-kinh-thanh.kinh-thanh-ban-dich-truyen-thong-hieu-dinh.05-phu.phu9",
      "name": "Phu9",
      "count": 0,
      "isLeaf": null,
      "keyword": null,
      "hash": "U2FsdGVkX198xBFdPN1+Pa195u0LZI4g3eBWjuuSVwGokKxYz6vH3d8FaXAVduf6mvWQG/AcxOQuB9tiJIKF5A==",
      "khash": "U2FsdGVkX1+d3r9rQrgbdCVVwFjaV3RTiKOU6OQ1iqxbwHGddj65DiFPj2bKnssxvAHdtyM0t2BLe8/KA8Hq/Q==",
      "viewCount": null,
      "duration": "5:25",
      "size": 7842980
    }
  ]
}