{
  "id": "397fe2a4-5c2e-4366-adc8-dcf2dd5c3e9d",
  "pid": "23541eed-15e9-41d0-8477-67032b0277ec",
  "dblevel": 4,
  "location": "/VGMA/NgheKinhThanh/KinhThanhbandichTruyenThongHieuDinh/16-Ne",
  "isVideo": false,
  "url": "nghe-kinh-thanh.kinh-thanh-ban-dich-truyen-thong-hieu-dinh.16-ne",
  "name": "16-Ne",
  "count": 13,
  "isLeaf": true,
  "keyword": null,
  "hash": null,
  "khash": null,
  "viewCount": null,
  "duration": null,
  "size": null,
  "children": [
    {
      "id": "d4045479-3aef-42c2-ac4e-8d279fed5e40",
      "pid": "397fe2a4-5c2e-4366-adc8-dcf2dd5c3e9d",
      "dblevel": 5,
      "location": "/VGMA/NgheKinhThanh/KinhThanhbandichTruyenThongHieuDinh/16-Ne/Ne01",
      "isVideo": false,
      "url": "nghe-kinh-thanh.kinh-thanh-ban-dich-truyen-thong-hieu-dinh.16-ne.ne01",
      "name": "Ne01",
      "count": 0,
      "isLeaf": null,
      "keyword": null,
      "hash": "U2FsdGVkX18nPEi+VL7tI4d399OQUYddMw9Vdc4d8tyPH69AM0sX8zvlKKje42MO1apzrqpNI8pMZj99v2Yk1Q==",
      "khash": "U2FsdGVkX1/IKKSTzUVtdErxznnzAuCLbE83Q4dyIwVNdRbS1WcDns2TxEA1Qv7qBeOwRt29Y8axOwlv107YYw==",
      "viewCount": null,
      "duration": "2:17",
      "size": 3305592
    },
    {
      "id": "2b16d4b7-f4bd-4033-b160-58ecdc6a5c4b",
      "pid": "397fe2a4-5c2e-4366-adc8-dcf2dd5c3e9d",
      "dblevel": 5,
      "location": "/VGMA/NgheKinhThanh/KinhThanhbandichTruyenThongHieuDinh/16-Ne/Ne02",
      "isVideo": false,
      "url": "nghe-kinh-thanh.kinh-thanh-ban-dich-truyen-thong-hieu-dinh.16-ne.ne02",
      "name": "Ne02",
      "count": 0,
      "isLeaf": null,
      "keyword": null,
      "hash": "U2FsdGVkX196pijnON8u5YjGkBrwKioBeR2whByS1keY07ZEUARRdICglJfHFLk/tCbjS2Z1LuXOeaUTdDHg6g==",
      "khash": "U2FsdGVkX1+iwMgfkwxR0N6tEW6z32qfEVr6k3wwiSchuQ/hCUFXxrh8ZHrwCtbpf29EfrmEg9r/0ljfwW8yOw==",
      "viewCount": null,
      "duration": "3:44",
      "size": 5403685
    },
    {
      "id": "743564da-f52c-49a5-a24f-d21c190a54ad",
      "pid": "397fe2a4-5c2e-4366-adc8-dcf2dd5c3e9d",
      "dblevel": 5,
      "location": "/VGMA/NgheKinhThanh/KinhThanhbandichTruyenThongHieuDinh/16-Ne/Ne03",
      "isVideo": false,
      "url": "nghe-kinh-thanh.kinh-thanh-ban-dich-truyen-thong-hieu-dinh.16-ne.ne03",
      "name": "Ne03",
      "count": 0,
      "isLeaf": null,
      "keyword": null,
      "hash": "U2FsdGVkX1+eqROFuYCHZgjiJw4S3J/EHdSWDoLy0NMNFdDSTNgEwiSt4U5OEp+44GFuUQjoBu98n8zKOZHbWQ==",
      "khash": null,
      "viewCount": null,
      "duration": "5:21",
      "size": 7743547
    },
    {
      "id": "d123e301-511a-4611-841b-ed2f8fddab19",
      "pid": "397fe2a4-5c2e-4366-adc8-dcf2dd5c3e9d",
      "dblevel": 5,
      "location": "/VGMA/NgheKinhThanh/KinhThanhbandichTruyenThongHieuDinh/16-Ne/Ne04",
      "isVideo": false,
      "url": "nghe-kinh-thanh.kinh-thanh-ban-dich-truyen-thong-hieu-dinh.16-ne.ne04",
      "name": "Ne04",
      "count": 0,
      "isLeaf": null,
      "keyword": null,
      "hash": "U2FsdGVkX1+4UYC5+tjbnsvxPL6dk1gqxHel9q3T/CPS3vvnlEWbxgJacoWLClAnWroqnFIpqCJTZ27mucYt1w==",
      "khash": "U2FsdGVkX1888Q1wU6Ysgrlwpj5rq/WRSciIYXbNkcxRcc7eQpKtvlffxGBrZ62jUduAezQwkJBz/xpxn99yGA==",
      "viewCount": null,
      "duration": "3:34",
      "size": 5175942
    },
    {
      "id": "133b4b27-07d0-4383-85e0-52603259fa93",
      "pid": "397fe2a4-5c2e-4366-adc8-dcf2dd5c3e9d",
      "dblevel": 5,
      "location": "/VGMA/NgheKinhThanh/KinhThanhbandichTruyenThongHieuDinh/16-Ne/Ne05",
      "isVideo": false,
      "url": "nghe-kinh-thanh.kinh-thanh-ban-dich-truyen-thong-hieu-dinh.16-ne.ne05",
      "name": "Ne05",
      "count": 0,
      "isLeaf": null,
      "keyword": null,
      "hash": "U2FsdGVkX1/www2pnkTo/9kEfS1H07O8riYRkOOpl4W4eNZzYJEXANr1719m0dJ3ryWKLYapdBWDM0Nq71ucuQ==",
      "khash": "U2FsdGVkX19kXHok27/GAt4ce9oeHUVx9FSTacGNQqxv3XrDYTgNqjxVSrX8k5zDn5Fa7lkn+utaGBbH1mGnrg==",
      "viewCount": null,
      "duration": "3:15",
      "size": 4714625
    },
    {
      "id": "ee73df65-eca5-4e0b-8098-03ac0e5d8ddc",
      "pid": "397fe2a4-5c2e-4366-adc8-dcf2dd5c3e9d",
      "dblevel": 5,
      "location": "/VGMA/NgheKinhThanh/KinhThanhbandichTruyenThongHieuDinh/16-Ne/Ne06",
      "isVideo": false,
      "url": "nghe-kinh-thanh.kinh-thanh-ban-dich-truyen-thong-hieu-dinh.16-ne.ne06",
      "name": "Ne06",
      "count": 0,
      "isLeaf": null,
      "keyword": null,
      "hash": "U2FsdGVkX1/6gLurYiukYekCMu9r5Ch1vkvQMNRA3QxtXESP9RNH4ir6k3C29xQieCH7XW5xkwDOKIVjEjcEOg==",
      "khash": "U2FsdGVkX18eq25su+u95zhdWqAXynTmEBUlXlLv+wZsK+9nx5sE/jaQP09NYw9ZI8VJv50N+KL5IyJQ0T8gGw==",
      "viewCount": null,
      "duration": "3:5",
      "size": 4460464
    },
    {
      "id": "3383e0e6-e1b4-4cb8-96ad-b6f81503160c",
      "pid": "397fe2a4-5c2e-4366-adc8-dcf2dd5c3e9d",
      "dblevel": 5,
      "location": "/VGMA/NgheKinhThanh/KinhThanhbandichTruyenThongHieuDinh/16-Ne/Ne07",
      "isVideo": false,
      "url": "nghe-kinh-thanh.kinh-thanh-ban-dich-truyen-thong-hieu-dinh.16-ne.ne07",
      "name": "Ne07",
      "count": 0,
      "isLeaf": null,
      "keyword": null,
      "hash": "U2FsdGVkX198kKZtxEy+AfWU+3kMG7oLI6piCAJ6b8Q38n9Ak0XKmFWjtkDpLapc4V+SpELaiN0iP8jWagk+JA==",
      "khash": "U2FsdGVkX19JFK45exXiEuzDblRf4YraLI4JKt8ZHfxkSnvfzkKcSWCwQQRpLTng+RZPNGxp+ZnUYBZD5lMkYQ==",
      "viewCount": null,
      "duration": "6:54",
      "size": 9990902
    },
    {
      "id": "3e8d74d6-d482-4c9e-8300-1467403c790b",
      "pid": "397fe2a4-5c2e-4366-adc8-dcf2dd5c3e9d",
      "dblevel": 5,
      "location": "/VGMA/NgheKinhThanh/KinhThanhbandichTruyenThongHieuDinh/16-Ne/Ne08",
      "isVideo": false,
      "url": "nghe-kinh-thanh.kinh-thanh-ban-dich-truyen-thong-hieu-dinh.16-ne.ne08",
      "name": "Ne08",
      "count": 0,
      "isLeaf": null,
      "keyword": null,
      "hash": "U2FsdGVkX18TLCIvGgyu0X2MdKts6fjBmSN9glyKAdj4U8wYlqe+kAknVC3HM/Nirj1w0yi96bNAQbbUjZFl1w==",
      "khash": "U2FsdGVkX1+VuIOo9KLZpWv7jI5BN4uMKXi6vCXIXWAXzszz648nPcqB7HzV4b3HJkjRQHtRpeS5Ojyk9XX+kQ==",
      "viewCount": null,
      "duration": "3:36",
      "size": 5202449
    },
    {
      "id": "4774c696-6eea-4483-986a-12a7368f7107",
      "pid": "397fe2a4-5c2e-4366-adc8-dcf2dd5c3e9d",
      "dblevel": 5,
      "location": "/VGMA/NgheKinhThanh/KinhThanhbandichTruyenThongHieuDinh/16-Ne/Ne09",
      "isVideo": false,
      "url": "nghe-kinh-thanh.kinh-thanh-ban-dich-truyen-thong-hieu-dinh.16-ne.ne09",
      "name": "Ne09",
      "count": 0,
      "isLeaf": null,
      "keyword": null,
      "hash": "U2FsdGVkX1+e31U0HKkh8wyjzhG4WGI1fyaeTxh52uOy82eQ4qrDax67nD9qduohTB8GJxoYQrfEwkQj14HIHw==",
      "khash": null,
      "viewCount": null,
      "duration": "7:23",
      "size": 10678484
    },
    {
      "id": "fa081e5a-7e99-45ed-a5e3-daa213e8e8a6",
      "pid": "397fe2a4-5c2e-4366-adc8-dcf2dd5c3e9d",
      "dblevel": 5,
      "location": "/VGMA/NgheKinhThanh/KinhThanhbandichTruyenThongHieuDinh/16-Ne/Ne10",
      "isVideo": false,
      "url": "nghe-kinh-thanh.kinh-thanh-ban-dich-truyen-thong-hieu-dinh.16-ne.ne10",
      "name": "Ne10",
      "count": 0,
      "isLeaf": null,
      "keyword": null,
      "hash": "U2FsdGVkX1+lcLsIlP7CP8tdq75BtxnlnV9dU+VBZBrfWz77dvxi2kLkWd9cB6S9CBoQLw3xyIWwScuTG9kP1g==",
      "khash": null,
      "viewCount": null,
      "duration": "4:47",
      "size": 6917920
    },
    {
      "id": "5a7aec09-083b-4161-a061-a000296618f5",
      "pid": "397fe2a4-5c2e-4366-adc8-dcf2dd5c3e9d",
      "dblevel": 5,
      "location": "/VGMA/NgheKinhThanh/KinhThanhbandichTruyenThongHieuDinh/16-Ne/Ne11",
      "isVideo": false,
      "url": "nghe-kinh-thanh.kinh-thanh-ban-dich-truyen-thong-hieu-dinh.16-ne.ne11",
      "name": "Ne11",
      "count": 0,
      "isLeaf": null,
      "keyword": null,
      "hash": "U2FsdGVkX1//x+DmXfaKuipxZqzD90R272PyIJNcjSZndBYEld0ZzuYjzB9UyJW3QKyVD09hmKmkC2Y+iPmMHQ==",
      "khash": "U2FsdGVkX1+XHAFzuGE3ZNrup2W8ugZHwR7r4aIHYSY2+mrx+RCKaoyfNl1mFYBGgpPVUy6q6LXlMdt3cLjMjQ==",
      "viewCount": null,
      "duration": "4:57",
      "size": 7172592
    },
    {
      "id": "eb92c5ba-546a-4485-86e4-7d2fdedb8651",
      "pid": "397fe2a4-5c2e-4366-adc8-dcf2dd5c3e9d",
      "dblevel": 5,
      "location": "/VGMA/NgheKinhThanh/KinhThanhbandichTruyenThongHieuDinh/16-Ne/Ne12",
      "isVideo": false,
      "url": "nghe-kinh-thanh.kinh-thanh-ban-dich-truyen-thong-hieu-dinh.16-ne.ne12",
      "name": "Ne12",
      "count": 0,
      "isLeaf": null,
      "keyword": null,
      "hash": "U2FsdGVkX187wlttYFLRRKk6igqh5AY+T6n8+KqEiSDZrJxF1EVHjMtZavIJTGLGFy1IhgWcNXMiw923YF8ucw==",
      "khash": "U2FsdGVkX19r2RK7nM5tzzkC7T4yBmZ5kxYhsv4oOyVItIoOQaOKxMMeGir+nhNDiXeblZZCnXQlUwAi68/MyA==",
      "viewCount": null,
      "duration": "6:16",
      "size": 9061891
    },
    {
      "id": "1bbe8448-0712-4512-8b96-c5e3e3217299",
      "pid": "397fe2a4-5c2e-4366-adc8-dcf2dd5c3e9d",
      "dblevel": 5,
      "location": "/VGMA/NgheKinhThanh/KinhThanhbandichTruyenThongHieuDinh/16-Ne/Ne13",
      "isVideo": false,
      "url": "nghe-kinh-thanh.kinh-thanh-ban-dich-truyen-thong-hieu-dinh.16-ne.ne13",
      "name": "Ne13",
      "count": 0,
      "isLeaf": null,
      "keyword": null,
      "hash": "U2FsdGVkX1+NuPI/cig8/IvPC9BhlHwanx01Ik6FyT2l9KtV050zs4rTTcpyKsIApWB+Mn559eVFIOtTGLFFyw==",
      "khash": null,
      "viewCount": null,
      "duration": "5:2",
      "size": 7278594
    }
  ]
}