{
  "id": "cf2d604c-4237-4b25-bc33-aba94b0af2d4",
  "pid": "23541eed-15e9-41d0-8477-67032b0277ec",
  "dblevel": 4,
  "location": "/VGMA/NgheKinhThanh/KinhThanhbandichTruyenThongHieuDinh/07-Cac",
  "isVideo": false,
  "url": "nghe-kinh-thanh.kinh-thanh-ban-dich-truyen-thong-hieu-dinh.07-cac",
  "name": "07-Cac",
  "count": 21,
  "isLeaf": true,
  "keyword": null,
  "hash": null,
  "khash": null,
  "viewCount": null,
  "duration": null,
  "size": null,
  "children": [
    {
      "id": "d63842a1-3c53-4710-a5ef-18ce00191228",
      "pid": "cf2d604c-4237-4b25-bc33-aba94b0af2d4",
      "dblevel": 5,
      "location": "/VGMA/NgheKinhThanh/KinhThanhbandichTruyenThongHieuDinh/07-Cac/Cac01",
      "isVideo": false,
      "url": "nghe-kinh-thanh.kinh-thanh-ban-dich-truyen-thong-hieu-dinh.07-cac.cac01",
      "name": "Cac01",
      "count": 0,
      "isLeaf": null,
      "keyword": null,
      "hash": "U2FsdGVkX19UJOgJfqc4y57X7lPgaZhmtXQ2BLDcmGcV8BuezCmlnzqLlT8QjemuiPF8b3ObgBDBkw8pQanuRw==",
      "khash": "U2FsdGVkX1+nPWZeo9pENNwV94Eib+sw33RXuUkP7RIIuO+D5D7v9nve8UtJXXMiyww9CupujRwQY8CahmQHqg==",
      "viewCount": null,
      "duration": "5:40",
      "size": 8203015
    },
    {
      "id": "461d1ff7-fb0b-40ac-8f9b-d2f93209cea2",
      "pid": "cf2d604c-4237-4b25-bc33-aba94b0af2d4",
      "dblevel": 5,
      "location": "/VGMA/NgheKinhThanh/KinhThanhbandichTruyenThongHieuDinh/07-Cac/Cac02",
      "isVideo": false,
      "url": "nghe-kinh-thanh.kinh-thanh-ban-dich-truyen-thong-hieu-dinh.07-cac.cac02",
      "name": "Cac02",
      "count": 0,
      "isLeaf": null,
      "keyword": null,
      "hash": "U2FsdGVkX1+GVw+05VF+YHfv5uplVHdgIftfnBUXSDZ47xAJHT8VZgoA4bDFwIsV/rBabwc3rdH5HPggAj/Ohg==",
      "khash": "U2FsdGVkX1+fjbmwdl1LtsJ/hEbl1CCLDqnXp2C5ZfruW8Gpm9VDabU6ffpafUrfq8LMPlxjvVvTfHRbxu02kA==",
      "viewCount": null,
      "duration": "3:54",
      "size": 5652973
    },
    {
      "id": "5ed8568d-27f4-43c1-a57a-31e0828e5d13",
      "pid": "cf2d604c-4237-4b25-bc33-aba94b0af2d4",
      "dblevel": 5,
      "location": "/VGMA/NgheKinhThanh/KinhThanhbandichTruyenThongHieuDinh/07-Cac/Cac03",
      "isVideo": false,
      "url": "nghe-kinh-thanh.kinh-thanh-ban-dich-truyen-thong-hieu-dinh.07-cac.cac03",
      "name": "Cac03",
      "count": 0,
      "isLeaf": null,
      "keyword": null,
      "hash": "U2FsdGVkX19XrcyWVW/TWqBUW87PVoLRcVAQ/ChJFJlDgJLowtPjBlKTjCDd+bSn6bJqyzSVid/yoFACV690zw==",
      "khash": "U2FsdGVkX19XmellJ+77XEZj5JLexBLYVqlp14EQuaGv8rsR/D6YyiVdfLZPVPYRuCHV0sS+rdiEfxL7BtLPIQ==",
      "viewCount": null,
      "duration": "5:6",
      "size": 7386915
    },
    {
      "id": "1d6deec8-9b18-404e-bd51-9bca77735d6b",
      "pid": "cf2d604c-4237-4b25-bc33-aba94b0af2d4",
      "dblevel": 5,
      "location": "/VGMA/NgheKinhThanh/KinhThanhbandichTruyenThongHieuDinh/07-Cac/Cac04",
      "isVideo": false,
      "url": "nghe-kinh-thanh.kinh-thanh-ban-dich-truyen-thong-hieu-dinh.07-cac.cac04",
      "name": "Cac04",
      "count": 0,
      "isLeaf": null,
      "keyword": null,
      "hash": "U2FsdGVkX1+Q4pAZVpRBzcoIKLX2ee4KCuZ8cyzWcpWJpQeoepeXtPLFyPi8EnGhx0LQ39mZb7EFg5TNZ8Xmkg==",
      "khash": "U2FsdGVkX1+exD7yKHSu4fPyCHBbe4DyVEciiZevLyot+wGCqcRa893fJdhra6ItAPXERGCg9xh53IKUAoqJCQ==",
      "viewCount": null,
      "duration": "4:14",
      "size": 6126063
    },
    {
      "id": "2a621151-2a29-4938-8a40-f37889732826",
      "pid": "cf2d604c-4237-4b25-bc33-aba94b0af2d4",
      "dblevel": 5,
      "location": "/VGMA/NgheKinhThanh/KinhThanhbandichTruyenThongHieuDinh/07-Cac/Cac05",
      "isVideo": false,
      "url": "nghe-kinh-thanh.kinh-thanh-ban-dich-truyen-thong-hieu-dinh.07-cac.cac05",
      "name": "Cac05",
      "count": 0,
      "isLeaf": null,
      "keyword": null,
      "hash": "U2FsdGVkX18JCHdMmmqqphgfmwtFbmf/NLgpLc3brCPASg/GRLJuk7flLnoYFhm/xVlmkGzKUxfSVgLyJ71K4Q==",
      "khash": "U2FsdGVkX18HsiWF80mtTxTr+8zZ3yzh97Dr/tMrmKI0nNW2EiiuPwzGWDmlgJS6Xf/nNlklyy0tlEdePhvkgQ==",
      "viewCount": null,
      "duration": "5:1",
      "size": 7261714
    },
    {
      "id": "356504de-11b1-420d-8d54-b6fb25cb1636",
      "pid": "cf2d604c-4237-4b25-bc33-aba94b0af2d4",
      "dblevel": 5,
      "location": "/VGMA/NgheKinhThanh/KinhThanhbandichTruyenThongHieuDinh/07-Cac/Cac06",
      "isVideo": false,
      "url": "nghe-kinh-thanh.kinh-thanh-ban-dich-truyen-thong-hieu-dinh.07-cac.cac06",
      "name": "Cac06",
      "count": 0,
      "isLeaf": null,
      "keyword": null,
      "hash": "U2FsdGVkX1+Ves/j9cKisTncnNjjUCP53C1grtUJdFFEmN4sk4sPFvyc83trOSKCtDWbp3ED87Ogb1wmibNM7g==",
      "khash": "U2FsdGVkX1+k0V+oVYhtLxYbZ5o5v0MxyCL1WvX6OZYw2+/Wnr1jnFFWgDFDWrT8YxsA84OYbH/Tv7U5KQETrQ==",
      "viewCount": null,
      "duration": "7:8",
      "size": 10305712
    },
    {
      "id": "60db80a5-d93c-42f6-a353-b5c530fb7329",
      "pid": "cf2d604c-4237-4b25-bc33-aba94b0af2d4",
      "dblevel": 5,
      "location": "/VGMA/NgheKinhThanh/KinhThanhbandichTruyenThongHieuDinh/07-Cac/Cac07",
      "isVideo": false,
      "url": "nghe-kinh-thanh.kinh-thanh-ban-dich-truyen-thong-hieu-dinh.07-cac.cac07",
      "name": "Cac07",
      "count": 0,
      "isLeaf": null,
      "keyword": null,
      "hash": "U2FsdGVkX19/dM6+typTScm7TT6EEmP9ZYu0TxUyRnMZJ/xEMy80LGzHTvivB+oCTwgfjKZiC5yWuJV2D39d5w==",
      "khash": "U2FsdGVkX18WHr++1dusvJOSSoPW77NJbWf0JnZgHeZGPF3vYUDNi0oAUYOBgqH3RT2b+L4xNr2KribMobj1XQ==",
      "viewCount": null,
      "duration": "5:8",
      "size": 7421094
    },
    {
      "id": "7520a729-e64e-415f-95a2-7e2b63ffe756",
      "pid": "cf2d604c-4237-4b25-bc33-aba94b0af2d4",
      "dblevel": 5,
      "location": "/VGMA/NgheKinhThanh/KinhThanhbandichTruyenThongHieuDinh/07-Cac/Cac08",
      "isVideo": false,
      "url": "nghe-kinh-thanh.kinh-thanh-ban-dich-truyen-thong-hieu-dinh.07-cac.cac08",
      "name": "Cac08",
      "count": 0,
      "isLeaf": null,
      "keyword": null,
      "hash": "U2FsdGVkX1/K1xNRlxF9XYvBE+KLp2DLUCuj4vwpTQ+dzTr1Fw/VS1GrIVC3fUEZvHf2xiLOlHDked5tNVbC0A==",
      "khash": "U2FsdGVkX195HlqKtobS4MTW7kaZLGLReQQ8yzeUmkFuxpQnAAeo9lhYOPUAsq7PXapRf1eHNxZYVWdXxaExTQ==",
      "viewCount": null,
      "duration": "5:49",
      "size": 8414146
    },
    {
      "id": "1762c3f3-1bcf-4ec0-9ec6-6bbf7ac7aa3f",
      "pid": "cf2d604c-4237-4b25-bc33-aba94b0af2d4",
      "dblevel": 5,
      "location": "/VGMA/NgheKinhThanh/KinhThanhbandichTruyenThongHieuDinh/07-Cac/Cac09",
      "isVideo": false,
      "url": "nghe-kinh-thanh.kinh-thanh-ban-dich-truyen-thong-hieu-dinh.07-cac.cac09",
      "name": "Cac09",
      "count": 0,
      "isLeaf": null,
      "keyword": null,
      "hash": "U2FsdGVkX1/5Ge8nU4FcdqqO8yRqPP0lIYSNGnXCnTUPxi2ShrNfIkEym7b4jusFrgE5zA5GtLIJL5ns2EX9RQ==",
      "khash": "U2FsdGVkX1/Bg/B5w6HGTIDjEgwwzvmGK6TV4t3EV3JB7HZUKnonQNEtDZ578x6dGH06qxYT1O9nyv+XSSctTA==",
      "viewCount": null,
      "duration": "9:4",
      "size": 13103611
    },
    {
      "id": "11d15ab1-4b22-4bc8-b060-d7fdde6fd6f5",
      "pid": "cf2d604c-4237-4b25-bc33-aba94b0af2d4",
      "dblevel": 5,
      "location": "/VGMA/NgheKinhThanh/KinhThanhbandichTruyenThongHieuDinh/07-Cac/Cac10",
      "isVideo": false,
      "url": "nghe-kinh-thanh.kinh-thanh-ban-dich-truyen-thong-hieu-dinh.07-cac.cac10",
      "name": "Cac10",
      "count": 0,
      "isLeaf": null,
      "keyword": null,
      "hash": "U2FsdGVkX1+PGQyBtQH3Au0LVefrhbbTUmpmnm1JOFi91zE28WHGxTq3JglciGbBLX5hqK/vP48ZcrQv3T4GVg==",
      "khash": "U2FsdGVkX1/+yjXkghtA0dzh9lWRqN1WBIlnfkOHWu5+DDsamU0BQm9wLqn78wn3Y9wyYF7QNWc7h1RsgzUI6Q==",
      "viewCount": null,
      "duration": "2:54",
      "size": 4202738
    },
    {
      "id": "29e16ab3-050c-4618-b0b5-94a95a552afb",
      "pid": "cf2d604c-4237-4b25-bc33-aba94b0af2d4",
      "dblevel": 5,
      "location": "/VGMA/NgheKinhThanh/KinhThanhbandichTruyenThongHieuDinh/07-Cac/Cac11",
      "isVideo": false,
      "url": "nghe-kinh-thanh.kinh-thanh-ban-dich-truyen-thong-hieu-dinh.07-cac.cac11",
      "name": "Cac11",
      "count": 0,
      "isLeaf": null,
      "keyword": null,
      "hash": "U2FsdGVkX1+0pouPrSFSS4bxc/lBojxg1tOiWjszaDJfW90hI4mSyzE27KRkKJR3U8CdMxdWWZyNjpLsocPS3w==",
      "khash": "U2FsdGVkX1+5Vsv5z81oiTO1QArW0gfKgWnoCPtAHRfBQC5tzD+BDaXiJm9Qer++7TI9ECWl8Qm1b7fPDc4Alw==",
      "viewCount": null,
      "duration": "6:48",
      "size": 9840596
    },
    {
      "id": "fbd56d7c-d9e4-43fb-9584-4b051b2d012b",
      "pid": "cf2d604c-4237-4b25-bc33-aba94b0af2d4",
      "dblevel": 5,
      "location": "/VGMA/NgheKinhThanh/KinhThanhbandichTruyenThongHieuDinh/07-Cac/Cac12",
      "isVideo": false,
      "url": "nghe-kinh-thanh.kinh-thanh-ban-dich-truyen-thong-hieu-dinh.07-cac.cac12",
      "name": "Cac12",
      "count": 0,
      "isLeaf": null,
      "keyword": null,
      "hash": "U2FsdGVkX1/JDrZ8VjgkX0X5KSgwmvPiuUkxEbcKRcIWgld4E1+sErIpSy4/yqOtQCw//8iBvUe3FC4AfVhyeQ==",
      "khash": "U2FsdGVkX19qeG9u0Qv+KDbp2INdCHe+mdXt/pnbPyJf7XAp1H6Du8LmckoS/ILBaz3MDTAFMwYDtKV5/2febw==",
      "viewCount": null,
      "duration": "2:32",
      "size": 3681157
    },
    {
      "id": "39263761-eefd-45b7-ab74-8c3b9bcb4a9e",
      "pid": "cf2d604c-4237-4b25-bc33-aba94b0af2d4",
      "dblevel": 5,
      "location": "/VGMA/NgheKinhThanh/KinhThanhbandichTruyenThongHieuDinh/07-Cac/Cac13",
      "isVideo": false,
      "url": "nghe-kinh-thanh.kinh-thanh-ban-dich-truyen-thong-hieu-dinh.07-cac.cac13",
      "name": "Cac13",
      "count": 0,
      "isLeaf": null,
      "keyword": null,
      "hash": "U2FsdGVkX1/k2PkIrapoUOjo0+RIPUA6LyyW7YNtJwHQIKV39PqWhGcRi52PkCtRZLfDf+JbRp5irhcTmV8o0w==",
      "khash": "U2FsdGVkX1/TGnw3f1ImLl8BkRfi2j2Hu92ZdKDUhQ/QXcoU7Gf3I/orHRXN32UTS4dCNeQPoJqmOvuSRhvQbQ==",
      "viewCount": null,
      "duration": "4:23",
      "size": 6350003
    },
    {
      "id": "e4b20ab7-575f-437b-a9a8-9591d35abc72",
      "pid": "cf2d604c-4237-4b25-bc33-aba94b0af2d4",
      "dblevel": 5,
      "location": "/VGMA/NgheKinhThanh/KinhThanhbandichTruyenThongHieuDinh/07-Cac/Cac14",
      "isVideo": false,
      "url": "nghe-kinh-thanh.kinh-thanh-ban-dich-truyen-thong-hieu-dinh.07-cac.cac14",
      "name": "Cac14",
      "count": 0,
      "isLeaf": null,
      "keyword": null,
      "hash": "U2FsdGVkX1/q4YamOJUFW3sbgi7EFwLQLwU5SfQpGHo++Rz6CTkIss8S2qbHNXb3c7g1oS5+PvNPvjH9ItV1Tw==",
      "khash": "U2FsdGVkX1/QYG/iKCbPnHM8vgXJqFfA2banlaneqltPuFWkvYHPt3owKAFpAcvHhhmcYTzIDNkfHxjcCPyiwA==",
      "viewCount": null,
      "duration": "3:43",
      "size": 5374277
    },
    {
      "id": "ffc36435-e0dc-4e64-b392-32779b257746",
      "pid": "cf2d604c-4237-4b25-bc33-aba94b0af2d4",
      "dblevel": 5,
      "location": "/VGMA/NgheKinhThanh/KinhThanhbandichTruyenThongHieuDinh/07-Cac/Cac15",
      "isVideo": false,
      "url": "nghe-kinh-thanh.kinh-thanh-ban-dich-truyen-thong-hieu-dinh.07-cac.cac15",
      "name": "Cac15",
      "count": 0,
      "isLeaf": null,
      "keyword": null,
      "hash": "U2FsdGVkX19gZHY9A4AYXTmaJ8D7SiUaKgeN7Uk18QW5tfCv4MBzj8PKCo9R5Wu5am7XQCt6dgmbwn693cuTiw==",
      "khash": "U2FsdGVkX1/B8jgaeGGD8nTimGlhAy21dE3MyhnNaOj1LN1eYP341qHChXzFLR9/25MDxo0aHhSoLxrij1V9cA==",
      "viewCount": null,
      "duration": "3:28",
      "size": 5031231
    },
    {
      "id": "f2b7fd7a-27d0-4550-bf27-5e50b838ab10",
      "pid": "cf2d604c-4237-4b25-bc33-aba94b0af2d4",
      "dblevel": 5,
      "location": "/VGMA/NgheKinhThanh/KinhThanhbandichTruyenThongHieuDinh/07-Cac/Cac16",
      "isVideo": false,
      "url": "nghe-kinh-thanh.kinh-thanh-ban-dich-truyen-thong-hieu-dinh.07-cac.cac16",
      "name": "Cac16",
      "count": 0,
      "isLeaf": null,
      "keyword": null,
      "hash": "U2FsdGVkX1/FNUMsdyRn6OphhbU7AYyEUSaKYA2yY7LexFbcqwKFjS4owIOyvJnEmrCCt27KziYXIbuXr9okIQ==",
      "khash": "U2FsdGVkX1/gAWzCOk7jURTvsgfZwFDgFLussU7C9aiJsW+vqjN3enu9idTTtfy6y9DoEdQ35I9ZhOowycDk8w==",
      "viewCount": null,
      "duration": "6:19",
      "size": 9130957
    },
    {
      "id": "3acb754f-61f4-48bb-94b0-dec1a18eb8c1",
      "pid": "cf2d604c-4237-4b25-bc33-aba94b0af2d4",
      "dblevel": 5,
      "location": "/VGMA/NgheKinhThanh/KinhThanhbandichTruyenThongHieuDinh/07-Cac/Cac17",
      "isVideo": false,
      "url": "nghe-kinh-thanh.kinh-thanh-ban-dich-truyen-thong-hieu-dinh.07-cac.cac17",
      "name": "Cac17",
      "count": 0,
      "isLeaf": null,
      "keyword": null,
      "hash": "U2FsdGVkX1/nNWnWw+4zecKY1LciH4NtPfvrM2d7v5HYGvEo6BisxC2uqFstJF2d7RdSdd8y+soBjoNJYWAd1w==",
      "khash": "U2FsdGVkX19j0hZhDjiuiIEjIgmjmR+s1F59oGNHlK+gOhyhl5eYuYsb6iF/c4TlDnDni8W1sFRbxoICsJRYtQ==",
      "viewCount": null,
      "duration": "2:3",
      "size": 2975989
    },
    {
      "id": "a54f0c27-9ec2-494a-91ab-1c91c870d23b",
      "pid": "cf2d604c-4237-4b25-bc33-aba94b0af2d4",
      "dblevel": 5,
      "location": "/VGMA/NgheKinhThanh/KinhThanhbandichTruyenThongHieuDinh/07-Cac/Cac18",
      "isVideo": false,
      "url": "nghe-kinh-thanh.kinh-thanh-ban-dich-truyen-thong-hieu-dinh.07-cac.cac18",
      "name": "Cac18",
      "count": 0,
      "isLeaf": null,
      "keyword": null,
      "hash": "U2FsdGVkX19+/nqmnGaLdIZdsg2T5xdCCKTtpRuX0p+ZqyhdsVIpe+5Tow1PKJzmR9r9T8yCpjJftqcRqdgSTg==",
      "khash": "U2FsdGVkX1+zSPg4HEzaaoJEKZFXptf2Y1wDeIfR5T/zZlfi8h7Z4B+l4XrBFL77SJUQAnt2Ic3p2PZIopQNKg==",
      "viewCount": null,
      "duration": "4:58",
      "size": 7179711
    },
    {
      "id": "09713069-7f0a-464e-9934-166cc8e395f1",
      "pid": "cf2d604c-4237-4b25-bc33-aba94b0af2d4",
      "dblevel": 5,
      "location": "/VGMA/NgheKinhThanh/KinhThanhbandichTruyenThongHieuDinh/07-Cac/Cac19",
      "isVideo": false,
      "url": "nghe-kinh-thanh.kinh-thanh-ban-dich-truyen-thong-hieu-dinh.07-cac.cac19",
      "name": "Cac19",
      "count": 0,
      "isLeaf": null,
      "keyword": null,
      "hash": "U2FsdGVkX18pdALNEdpsR6hRsAHp5Gz3+mcICj2G51CSpgVxnDWW/fObLOnurqrCb0GB92iPZknApicrgkYChg==",
      "khash": "U2FsdGVkX1+4yxg/BDbbnfQULloNS5bDgl3JwIxx+Cy0+PyMbfwhclVnF5KQgTDJBmmvylf5tG3Qv8svoXG71Q==",
      "viewCount": null,
      "duration": "5:13",
      "size": 7544211
    },
    {
      "id": "9385e87e-1426-4c20-9fa8-2b966d27f9ab",
      "pid": "cf2d604c-4237-4b25-bc33-aba94b0af2d4",
      "dblevel": 5,
      "location": "/VGMA/NgheKinhThanh/KinhThanhbandichTruyenThongHieuDinh/07-Cac/Cac20",
      "isVideo": false,
      "url": "nghe-kinh-thanh.kinh-thanh-ban-dich-truyen-thong-hieu-dinh.07-cac.cac20",
      "name": "Cac20",
      "count": 0,
      "isLeaf": null,
      "keyword": null,
      "hash": "U2FsdGVkX19AUE5w0/kQLplqAxneUM8gcf2oOSfcZDQFGUMcLf4c1hkEjWTps17wwJEDxC4N+5b//6k4al9BCw==",
      "khash": "U2FsdGVkX1+U9fo7JTEGERxtwo54Bo4WmQBXhhxkKmOm1hDeiCZlzMFK9lxXzKGNW7XX8HFWnOE24pfevAFvaw==",
      "viewCount": null,
      "duration": "7:41",
      "size": 11108792
    },
    {
      "id": "994c09fd-e5dc-4833-ba6e-677e0965bbec",
      "pid": "cf2d604c-4237-4b25-bc33-aba94b0af2d4",
      "dblevel": 5,
      "location": "/VGMA/NgheKinhThanh/KinhThanhbandichTruyenThongHieuDinh/07-Cac/Cac21",
      "isVideo": false,
      "url": "nghe-kinh-thanh.kinh-thanh-ban-dich-truyen-thong-hieu-dinh.07-cac.cac21",
      "name": "Cac21",
      "count": 0,
      "isLeaf": null,
      "keyword": null,
      "hash": "U2FsdGVkX18E9UPSJeOLBlQgwASsnSU8KmK1Xe7OBklSPD7KWvoCecR8sEAWkdOg8bbKPKvx1YWj15tPXWd6LA==",
      "khash": "U2FsdGVkX19tKBpJ5Jh7YfLa9PxOTlbL1dblsN2xh5KNImNVDgRTvIVOT4/q1ejHxWjNHP31TY7c8e7Ig9x/vw==",
      "viewCount": null,
      "duration": "3:54",
      "size": 5653725
    }
  ]
}