{
  "id": "05ff93fb-dc83-43e8-97b6-3f5a13ff1716",
  "pid": "b4ae5115-2bbc-4f41-8f47-d29299d09bbe",
  "dblevel": 4,
  "location": "/VGMA/NgheKinhThanh/KinhThanhbandichTruyenThong_FCBH/24.IIGiang",
  "isVideo": false,
  "url": "nghe-kinh-thanh.kinh-thanh-ban-dich-truyen-thong-fcbh.24--ii-giang",
  "name": "24. II Giăng",
  "count": 1,
  "isLeaf": true,
  "keyword": null,
  "hash": null,
  "khash": null,
  "viewCount": null,
  "duration": null,
  "size": null,
  "children": [
    {
      "id": "41dc8eb8-b94d-4699-8f2e-ecb5065047d3",
      "pid": "05ff93fb-dc83-43e8-97b6-3f5a13ff1716",
      "dblevel": 5,
      "location": "/VGMA/NgheKinhThanh/KinhThanhbandichTruyenThong_FCBH/24.IIGiang/2Giang",
      "isVideo": false,
      "url": "nghe-kinh-thanh.kinh-thanh-ban-dich-truyen-thong-fcbh.24--ii-giang.2giang",
      "name": "2Giăng",
      "count": 0,
      "isLeaf": null,
      "keyword": null,
      "hash": "U2FsdGVkX1/cT8QlAmWEjxFrAs+WBUOA3o2HgAQ3r+Ck+Lc7dtM5wp2DUmzYfKDa7zBYs+JmHDKpFH7Vs7+RHg==",
      "khash": "U2FsdGVkX1/jjO8GN/RtJl8YieV1vW9cZf4RCNEYA046BbtInZc60YrxUQjAuJ48OKy0/ToHLU466+mJKiAnPQ==",
      "viewCount": null,
      "duration": "1:58",
      "size": 972998
    }
  ]
}