{
  "id": "04d26475-90de-4bc7-8438-d6b56d4e14b9",
  "pid": "b6259c37-62d4-4adf-a2a3-af086ef34f24",
  "dblevel": 4,
  "location": "/VGMA/NgheKinhThanh/KinhThanhbandichHienDai2017/HD24_Gie-re-mi",
  "isVideo": false,
  "url": "nghe-kinh-thanh.kinh-thanh-ban-dich-hien-dai-2017.hd24-gie-re-mi",
  "name": "HD24_Giê-rê-mi",
  "count": 52,
  "isLeaf": true,
  "keyword": null,
  "hash": null,
  "khash": null,
  "viewCount": null,
  "duration": null,
  "size": null,
  "children": [
    {
      "id": "ef5c6483-c685-4aef-a5b6-b6e91029cee8",
      "pid": "04d26475-90de-4bc7-8438-d6b56d4e14b9",
      "dblevel": 5,
      "location": "/VGMA/NgheKinhThanh/KinhThanhbandichHienDai2017/HD24_Gie-re-mi/Gie-re-mi01",
      "isVideo": false,
      "url": "nghe-kinh-thanh.kinh-thanh-ban-dich-hien-dai-2017.hd24-gie-re-mi.gie-re-mi-01",
      "name": "Giê-rê-mi 01",
      "count": 0,
      "isLeaf": null,
      "keyword": null,
      "hash": "U2FsdGVkX19T86+tdHlxEFEi/cc9waWUYtstmm7F0wdCkS+QNnyK09lJAJY/StX+4sAXWfiQCuEGy/Ozw4E1Pg==",
      "khash": null,
      "viewCount": null,
      "duration": "3:20",
      "size": 3231939
    },
    {
      "id": "bf51fa47-78b9-4c0f-bb8d-71c58c00352f",
      "pid": "04d26475-90de-4bc7-8438-d6b56d4e14b9",
      "dblevel": 5,
      "location": "/VGMA/NgheKinhThanh/KinhThanhbandichHienDai2017/HD24_Gie-re-mi/Gie-re-mi02",
      "isVideo": false,
      "url": "nghe-kinh-thanh.kinh-thanh-ban-dich-hien-dai-2017.hd24-gie-re-mi.gie-re-mi-02",
      "name": "Giê-rê-mi 02",
      "count": 0,
      "isLeaf": null,
      "keyword": null,
      "hash": "U2FsdGVkX19LWQMEbeUW+QTpQS6vDWRJiUlk5Ybqvtvpp3CHwuMkaeo40crfv/r5xE8bR6VzEtruL5A9QpqF+w==",
      "khash": null,
      "viewCount": null,
      "duration": "7:1",
      "size": 6773146
    },
    {
      "id": "48eeeaaa-3642-4361-bbcb-76ca6afb1355",
      "pid": "04d26475-90de-4bc7-8438-d6b56d4e14b9",
      "dblevel": 5,
      "location": "/VGMA/NgheKinhThanh/KinhThanhbandichHienDai2017/HD24_Gie-re-mi/Gie-re-mi03",
      "isVideo": false,
      "url": "nghe-kinh-thanh.kinh-thanh-ban-dich-hien-dai-2017.hd24-gie-re-mi.gie-re-mi-03",
      "name": "Giê-rê-mi 03",
      "count": 0,
      "isLeaf": null,
      "keyword": null,
      "hash": "U2FsdGVkX19rXKJkG/8u/J45DNi4VOs4n9lI586jBppuNc/Giw7dl02Txa3y6wWRYHis65HgPmvqsod0WK5DKg==",
      "khash": null,
      "viewCount": null,
      "duration": "5:22",
      "size": 5181337
    },
    {
      "id": "f83a04d5-69f9-4a79-b513-2f1c31312a44",
      "pid": "04d26475-90de-4bc7-8438-d6b56d4e14b9",
      "dblevel": 5,
      "location": "/VGMA/NgheKinhThanh/KinhThanhbandichHienDai2017/HD24_Gie-re-mi/Gie-re-mi04",
      "isVideo": false,
      "url": "nghe-kinh-thanh.kinh-thanh-ban-dich-hien-dai-2017.hd24-gie-re-mi.gie-re-mi-04",
      "name": "Giê-rê-mi 04",
      "count": 0,
      "isLeaf": null,
      "keyword": null,
      "hash": "U2FsdGVkX19lK9MEqRNZ5NBljWLBrNVlNjW6M8Jj62Va1LfZky3+7Qr6i2gSzAPMntrPm1h6hl+/lLy2CvjcTA==",
      "khash": null,
      "viewCount": null,
      "duration": "5:41",
      "size": 5500255
    },
    {
      "id": "15303f3b-912d-47dc-a1e9-c1b50354415d",
      "pid": "04d26475-90de-4bc7-8438-d6b56d4e14b9",
      "dblevel": 5,
      "location": "/VGMA/NgheKinhThanh/KinhThanhbandichHienDai2017/HD24_Gie-re-mi/Gie-re-mi05",
      "isVideo": false,
      "url": "nghe-kinh-thanh.kinh-thanh-ban-dich-hien-dai-2017.hd24-gie-re-mi.gie-re-mi-05",
      "name": "Giê-rê-mi 05",
      "count": 0,
      "isLeaf": null,
      "keyword": null,
      "hash": "U2FsdGVkX1+mc0cHq3lSEA17CU46Au64xnpd3BgKNar5cjB1V0dGq1FqVSFY1z6y+RXCnZn2NCMTL5IDiDNWJw==",
      "khash": null,
      "viewCount": null,
      "duration": "5:27",
      "size": 5263771
    },
    {
      "id": "241f7530-664c-460e-8f5d-df7a84b52c19",
      "pid": "04d26475-90de-4bc7-8438-d6b56d4e14b9",
      "dblevel": 5,
      "location": "/VGMA/NgheKinhThanh/KinhThanhbandichHienDai2017/HD24_Gie-re-mi/Gie-re-mi06",
      "isVideo": false,
      "url": "nghe-kinh-thanh.kinh-thanh-ban-dich-hien-dai-2017.hd24-gie-re-mi.gie-re-mi-06",
      "name": "Giê-rê-mi 06",
      "count": 0,
      "isLeaf": null,
      "keyword": null,
      "hash": "U2FsdGVkX1/w/nUR2mYNb9To/QKudP7X64LTqfxVU8gdXMlvUxndJm296e+89Y2sB/xhqGNzyH8hhnsUmCxd4w==",
      "khash": "U2FsdGVkX19iMYjH59Yrb8BViG7ZuB/rGAmv2ZOcw+j4U4yNIMWZF+d0dzeSMU6VZzlUQ7ffk8CWK2J+EkNLow==",
      "viewCount": null,
      "duration": "5:36",
      "size": 5407972
    },
    {
      "id": "8d586389-a678-438b-989d-898a074b2bf9",
      "pid": "04d26475-90de-4bc7-8438-d6b56d4e14b9",
      "dblevel": 5,
      "location": "/VGMA/NgheKinhThanh/KinhThanhbandichHienDai2017/HD24_Gie-re-mi/Gie-re-mi07",
      "isVideo": false,
      "url": "nghe-kinh-thanh.kinh-thanh-ban-dich-hien-dai-2017.hd24-gie-re-mi.gie-re-mi-07",
      "name": "Giê-rê-mi 07",
      "count": 0,
      "isLeaf": null,
      "keyword": null,
      "hash": "U2FsdGVkX19M90itZZWeUyAOy5fX0CRxNxXYWKa03hX7MP51EMOtLtlOX0rCBg0Yws2bveekMCPPT7oNG/2RmA==",
      "khash": "U2FsdGVkX182bYIXkJGNrS8Oyy3fPXLc+ISiStCzT28tvJ032vu3lMVuK7DbJC1Y3rNeaD60rfRWwaZv0R/Rlg==",
      "viewCount": null,
      "duration": "5:59",
      "size": 5788459
    },
    {
      "id": "47e23355-b5fe-4105-a794-61cf7ca90591",
      "pid": "04d26475-90de-4bc7-8438-d6b56d4e14b9",
      "dblevel": 5,
      "location": "/VGMA/NgheKinhThanh/KinhThanhbandichHienDai2017/HD24_Gie-re-mi/Gie-re-mi08",
      "isVideo": false,
      "url": "nghe-kinh-thanh.kinh-thanh-ban-dich-hien-dai-2017.hd24-gie-re-mi.gie-re-mi-08",
      "name": "Giê-rê-mi 08",
      "count": 0,
      "isLeaf": null,
      "keyword": null,
      "hash": "U2FsdGVkX1+To1mu/ogOzfICkWZ5x1eSLOnhokqbb+i3DFzRldpnC/ZN93+c2DLZnlkeofgYlh8BWfyF7FW5pw==",
      "khash": "U2FsdGVkX1/tw/fkrn2TMet6pRePn8KhQBgC5ij0lCdGMtTYQA9yF38BXJeASCSoPoc0X1tkc79LPbFuTFF+eA==",
      "viewCount": null,
      "duration": "4:38",
      "size": 4485222
    },
    {
      "id": "32da9fbe-5832-40b9-a2f1-29dcaf373f8a",
      "pid": "04d26475-90de-4bc7-8438-d6b56d4e14b9",
      "dblevel": 5,
      "location": "/VGMA/NgheKinhThanh/KinhThanhbandichHienDai2017/HD24_Gie-re-mi/Gie-re-mi09",
      "isVideo": false,
      "url": "nghe-kinh-thanh.kinh-thanh-ban-dich-hien-dai-2017.hd24-gie-re-mi.gie-re-mi-09",
      "name": "Giê-rê-mi 09",
      "count": 0,
      "isLeaf": null,
      "keyword": null,
      "hash": "U2FsdGVkX18DDXGQR2MPdbUTr5kMXQ6hJ3e0lTmKiYeECP59iDu1d9DAPAdtqC4O7eIwADtIvXLoSWsobYmqiA==",
      "khash": "U2FsdGVkX1/Vvs/7HVrZCWcvuCyscvt3gkpOotmJRWeKe39ng7wrb5bv5vX+rLyGH/TjpNf8zomWnUyKurh0tw==",
      "viewCount": null,
      "duration": "4:43",
      "size": 4559256
    },
    {
      "id": "5ad04e67-b4ec-4182-b7e4-4c126434fe57",
      "pid": "04d26475-90de-4bc7-8438-d6b56d4e14b9",
      "dblevel": 5,
      "location": "/VGMA/NgheKinhThanh/KinhThanhbandichHienDai2017/HD24_Gie-re-mi/Gie-re-mi10",
      "isVideo": false,
      "url": "nghe-kinh-thanh.kinh-thanh-ban-dich-hien-dai-2017.hd24-gie-re-mi.gie-re-mi-10",
      "name": "Giê-rê-mi 10",
      "count": 0,
      "isLeaf": null,
      "keyword": null,
      "hash": "U2FsdGVkX19SPWHzdPLXnupaMP0gPteav43hqep3rQ1jp6P6m3qb1C1AXcWGgP6BXiUMotVLiR50a2l39x4q0g==",
      "khash": "U2FsdGVkX19wcR0yiWgA9NWCdwvbP0AuOD6C2is2TtGDSKqGG4IUeyRhP+5l7MFMJX4rqXxWtkU0EeDDM/Gu1A==",
      "viewCount": null,
      "duration": "4:18",
      "size": 4165654
    },
    {
      "id": "0026c192-dda5-402b-8d0c-0b553704337e",
      "pid": "04d26475-90de-4bc7-8438-d6b56d4e14b9",
      "dblevel": 5,
      "location": "/VGMA/NgheKinhThanh/KinhThanhbandichHienDai2017/HD24_Gie-re-mi/Gie-re-mi11",
      "isVideo": false,
      "url": "nghe-kinh-thanh.kinh-thanh-ban-dich-hien-dai-2017.hd24-gie-re-mi.gie-re-mi-11",
      "name": "Giê-rê-mi 11",
      "count": 0,
      "isLeaf": null,
      "keyword": null,
      "hash": "U2FsdGVkX1/yG3CMKIAyKSGnpfbEDPez8SxTjMomM/APu6WMg5nBZ19djYOKSR7DhhJx3S9BX2EYCpMMcp5Hgw==",
      "khash": null,
      "viewCount": null,
      "duration": "4:19",
      "size": 4173851
    },
    {
      "id": "9d50ef11-3294-4c51-ad78-dc98e790be09",
      "pid": "04d26475-90de-4bc7-8438-d6b56d4e14b9",
      "dblevel": 5,
      "location": "/VGMA/NgheKinhThanh/KinhThanhbandichHienDai2017/HD24_Gie-re-mi/Gie-re-mi12",
      "isVideo": false,
      "url": "nghe-kinh-thanh.kinh-thanh-ban-dich-hien-dai-2017.hd24-gie-re-mi.gie-re-mi-12",
      "name": "Giê-rê-mi 12",
      "count": 0,
      "isLeaf": null,
      "keyword": null,
      "hash": "U2FsdGVkX18ZBFDt6tBxPLN+yoqiWZ208Jqu+3xBQTg8eJzkPyM8DXF0F7zXYR1Rz+0I1l6t7pdh3m9lUs+9Ug==",
      "khash": "U2FsdGVkX1/PeLBNoByNHPPSEdOpkGpHrEb/pc5aBrzKEL2gjFtaNbHHJvwsbYbYsQ/ekhhrfBLgxXmS+Q7MEA==",
      "viewCount": null,
      "duration": "3:13",
      "size": 3118060
    },
    {
      "id": "9d37dd65-b035-4aa3-b86a-188fb9ce7ddf",
      "pid": "04d26475-90de-4bc7-8438-d6b56d4e14b9",
      "dblevel": 5,
      "location": "/VGMA/NgheKinhThanh/KinhThanhbandichHienDai2017/HD24_Gie-re-mi/Gie-re-mi13",
      "isVideo": false,
      "url": "nghe-kinh-thanh.kinh-thanh-ban-dich-hien-dai-2017.hd24-gie-re-mi.gie-re-mi-13",
      "name": "Giê-rê-mi 13",
      "count": 0,
      "isLeaf": null,
      "keyword": null,
      "hash": "U2FsdGVkX1/0WJ972J5FX1bVuIlberZv5VRHfgZBOfdCKscsnU6oelL+62xKeoYArk9wz0UE9nyzrj/6nd0rrQ==",
      "khash": "U2FsdGVkX1+2iIzYAG2BctIrQfHyTITmCvwMD4ZSrcVsK+clD//hppuFSAOlJIWIXPHUafGRwzDDuTWAQW3vGw==",
      "viewCount": null,
      "duration": "4:20",
      "size": 4190627
    },
    {
      "id": "71b96250-28b7-4859-8c50-69aaaadef915",
      "pid": "04d26475-90de-4bc7-8438-d6b56d4e14b9",
      "dblevel": 5,
      "location": "/VGMA/NgheKinhThanh/KinhThanhbandichHienDai2017/HD24_Gie-re-mi/Gie-re-mi14",
      "isVideo": false,
      "url": "nghe-kinh-thanh.kinh-thanh-ban-dich-hien-dai-2017.hd24-gie-re-mi.gie-re-mi-14",
      "name": "Giê-rê-mi 14",
      "count": 0,
      "isLeaf": null,
      "keyword": null,
      "hash": "U2FsdGVkX18FA0Sn6gmbKCe+wlY4EfUTuZQmKp72s1LZXIN5YJklqrvjElqjT5/qnUCCx2J6ZlI7ZE06AEhYeg==",
      "khash": "U2FsdGVkX1/eFRc59ieyyO1hSoTNBtFq3WiZrAK3mPxf9hzzEytLnF9yXud3K18W2la5NFU3cB+8YyEPt2cWwQ==",
      "viewCount": null,
      "duration": "4:45",
      "size": 4599107
    },
    {
      "id": "d1ba6840-18e1-4d02-bf8d-f1cba1b0ea67",
      "pid": "04d26475-90de-4bc7-8438-d6b56d4e14b9",
      "dblevel": 5,
      "location": "/VGMA/NgheKinhThanh/KinhThanhbandichHienDai2017/HD24_Gie-re-mi/Gie-re-mi15",
      "isVideo": false,
      "url": "nghe-kinh-thanh.kinh-thanh-ban-dich-hien-dai-2017.hd24-gie-re-mi.gie-re-mi-15",
      "name": "Giê-rê-mi 15",
      "count": 0,
      "isLeaf": null,
      "keyword": null,
      "hash": "U2FsdGVkX1+SzxcOQ8jtAuN7gwlutVY/Hr5gHkeY3raROlx2bqfX0mp0ElrqYYtM7IfiJUcN+jQD/FOFABJcsg==",
      "khash": "U2FsdGVkX1+u/bLpZCe+4NJZZNmVYNdolHIivX1ywtTicM/EtKciMtdSWfEG47mTdy4uCjccKnuXTPFMgQOvPQ==",
      "viewCount": null,
      "duration": "4:15",
      "size": 4108202
    },
    {
      "id": "0e23af4e-b7f7-4870-9d13-dc5899fe687f",
      "pid": "04d26475-90de-4bc7-8438-d6b56d4e14b9",
      "dblevel": 5,
      "location": "/VGMA/NgheKinhThanh/KinhThanhbandichHienDai2017/HD24_Gie-re-mi/Gie-re-mi16",
      "isVideo": false,
      "url": "nghe-kinh-thanh.kinh-thanh-ban-dich-hien-dai-2017.hd24-gie-re-mi.gie-re-mi-16",
      "name": "Giê-rê-mi 16",
      "count": 0,
      "isLeaf": null,
      "keyword": null,
      "hash": "U2FsdGVkX1/9J68W6GYE0WQZkw0sssnD6WdMLAn34oXYs76JpjWikmsioO2dCpm/ZWKI/TdaCFFxbyUesmwCMQ==",
      "khash": "U2FsdGVkX19JkS3gACuJHAdEn62VG+7m/rizPaPRmgBfA/3CrZXE48bYwV1FIUmghmFYjTvNjYadRgTylSrlwA==",
      "viewCount": null,
      "duration": "3:59",
      "size": 3850590
    },
    {
      "id": "32606321-5e0c-4822-8be2-2e43dd6fbf1c",
      "pid": "04d26475-90de-4bc7-8438-d6b56d4e14b9",
      "dblevel": 5,
      "location": "/VGMA/NgheKinhThanh/KinhThanhbandichHienDai2017/HD24_Gie-re-mi/Gie-re-mi17",
      "isVideo": false,
      "url": "nghe-kinh-thanh.kinh-thanh-ban-dich-hien-dai-2017.hd24-gie-re-mi.gie-re-mi-17",
      "name": "Giê-rê-mi 17",
      "count": 0,
      "isLeaf": null,
      "keyword": null,
      "hash": "U2FsdGVkX19C9TLNuCwiV9Rkb9Mh3zMa56gayCrCbHya4fB9YvrKjr172VnJd45IzmXzdlzYq7kJmN7Bm0ABYw==",
      "khash": "U2FsdGVkX18lPr1o5kfKnu7VC/KndNsLpSYmH9T7vE5bCWBMNq+z0kQGJGp9uTQaaQyKI7OVvNFVQj6uopp7GQ==",
      "viewCount": null,
      "duration": "5:4",
      "size": 4900468
    },
    {
      "id": "610278d0-8c2e-4068-ba82-dbc3e6a5c491",
      "pid": "04d26475-90de-4bc7-8438-d6b56d4e14b9",
      "dblevel": 5,
      "location": "/VGMA/NgheKinhThanh/KinhThanhbandichHienDai2017/HD24_Gie-re-mi/Gie-re-mi18",
      "isVideo": false,
      "url": "nghe-kinh-thanh.kinh-thanh-ban-dich-hien-dai-2017.hd24-gie-re-mi.gie-re-mi-18",
      "name": "Giê-rê-mi 18",
      "count": 0,
      "isLeaf": null,
      "keyword": null,
      "hash": "U2FsdGVkX19lHM6+Sg66I4jqn++CAcCO02Z0EzBJXG2teo7IUc3+1Ro3czbrVlaKS5Ncoj6+xjELeUn0vu4e9Q==",
      "khash": "U2FsdGVkX1/5gVUxZE0ZX3Q8DxP//hXtRjF9DbqG//qiS1hOtZ1GKcX7LILQlEKLj4SH6vIQX/1ZkA7VTtmmZQ==",
      "viewCount": null,
      "duration": "3:40",
      "size": 3556600
    },
    {
      "id": "02985651-f94b-4cce-a195-4ed16a3ac0a2",
      "pid": "04d26475-90de-4bc7-8438-d6b56d4e14b9",
      "dblevel": 5,
      "location": "/VGMA/NgheKinhThanh/KinhThanhbandichHienDai2017/HD24_Gie-re-mi/Gie-re-mi19",
      "isVideo": false,
      "url": "nghe-kinh-thanh.kinh-thanh-ban-dich-hien-dai-2017.hd24-gie-re-mi.gie-re-mi-19",
      "name": "Giê-rê-mi 19",
      "count": 0,
      "isLeaf": null,
      "keyword": null,
      "hash": "U2FsdGVkX1+Gv6ZRvcGFIldG87Z+jC+HCV2BRu0fgsJENNPlcAM00p7jl8MCuued+s8EaHaWqui3ZHxN95jpfQ==",
      "khash": "U2FsdGVkX1+HyP1gmliuBKbNrkFpNdiPLF6d1oj7uD2h+scbXse86ncZ4d9s91d+caN2/GqnAmU5L3Y3jn365A==",
      "viewCount": null,
      "duration": "3:7",
      "size": 3018578
    },
    {
      "id": "ba25c491-1178-4ec8-9945-71bb60072c7c",
      "pid": "04d26475-90de-4bc7-8438-d6b56d4e14b9",
      "dblevel": 5,
      "location": "/VGMA/NgheKinhThanh/KinhThanhbandichHienDai2017/HD24_Gie-re-mi/Gie-re-mi20",
      "isVideo": false,
      "url": "nghe-kinh-thanh.kinh-thanh-ban-dich-hien-dai-2017.hd24-gie-re-mi.gie-re-mi-20",
      "name": "Giê-rê-mi 20",
      "count": 0,
      "isLeaf": null,
      "keyword": null,
      "hash": "U2FsdGVkX19VERc3u+ZB/OKXaAFElU01SjY3gWHz6KXZ0NvOvOUj3VFV9O69NUt6ib1UJ8spg6I4X3Vh856mBw==",
      "khash": "U2FsdGVkX1/TQLP2fz3Hk50CxYXEg1uwJES/YgatBYFggfylrqs+gW0vod50m8JWXKiXKFGVomBU9wu1WA1UEg==",
      "viewCount": null,
      "duration": "3:30",
      "size": 3382980
    },
    {
      "id": "49b9ba78-090b-458e-9b20-589cb99035dc",
      "pid": "04d26475-90de-4bc7-8438-d6b56d4e14b9",
      "dblevel": 5,
      "location": "/VGMA/NgheKinhThanh/KinhThanhbandichHienDai2017/HD24_Gie-re-mi/Gie-re-mi21",
      "isVideo": false,
      "url": "nghe-kinh-thanh.kinh-thanh-ban-dich-hien-dai-2017.hd24-gie-re-mi.gie-re-mi-21",
      "name": "Giê-rê-mi 21",
      "count": 0,
      "isLeaf": null,
      "keyword": null,
      "hash": "U2FsdGVkX19GSDwuA+MYbhEi0k65oXMVTtZeEChEUDQpEf/p6B6n/7ktQAKyaH5PdzB/44g5oKL6NUY7xm0vgQ==",
      "khash": "U2FsdGVkX1+02biyjOxLf1wPGQbBf8hQdDESNmUZJbZWcI2IdhzwpR2UUDr0dFqHxbc5WZDUXgoETSUemkjw0A==",
      "viewCount": null,
      "duration": "2:48",
      "size": 2723516
    },
    {
      "id": "c3e4139d-0462-44ee-a4d7-e2c0df1411eb",
      "pid": "04d26475-90de-4bc7-8438-d6b56d4e14b9",
      "dblevel": 5,
      "location": "/VGMA/NgheKinhThanh/KinhThanhbandichHienDai2017/HD24_Gie-re-mi/Gie-re-mi22",
      "isVideo": false,
      "url": "nghe-kinh-thanh.kinh-thanh-ban-dich-hien-dai-2017.hd24-gie-re-mi.gie-re-mi-22",
      "name": "Giê-rê-mi 22",
      "count": 0,
      "isLeaf": null,
      "keyword": null,
      "hash": "U2FsdGVkX18yVvSg4VRBdwvsxoJ9AOUGS5ZqjHQQTZZB2CPRNxoSKJ47ME+iiGqevddWfYjQW21fjwN1TPeevg==",
      "khash": "U2FsdGVkX19AL359H9b57t61rufpoG4elHIghtdBexpEfMr584ExKJYMAdRqqbIk97U93vvmyAolnUGg3JVgdw==",
      "viewCount": null,
      "duration": "5:22",
      "size": 5191313
    },
    {
      "id": "975f798b-93a2-46c6-9994-fb9567d0958b",
      "pid": "04d26475-90de-4bc7-8438-d6b56d4e14b9",
      "dblevel": 5,
      "location": "/VGMA/NgheKinhThanh/KinhThanhbandichHienDai2017/HD24_Gie-re-mi/Gie-re-mi23",
      "isVideo": false,
      "url": "nghe-kinh-thanh.kinh-thanh-ban-dich-hien-dai-2017.hd24-gie-re-mi.gie-re-mi-23",
      "name": "Giê-rê-mi 23",
      "count": 0,
      "isLeaf": null,
      "keyword": null,
      "hash": "U2FsdGVkX1+VRaAi9N5F0RvPtJv7MRmMvkrY/9oInOFCV7MsvrEvdpv4PHEnc5i7/mz1H34w1HX9HBZFUgHpKg==",
      "khash": "U2FsdGVkX19BDIgX+l9Jf1Q+vLKenJi1Conih+Ixmd/HshVsoLUCRRuvln/eC/mNTs3ogNzkFhB9jdHRyCtUGQ==",
      "viewCount": null,
      "duration": "7:17",
      "size": 7027748
    },
    {
      "id": "aa45d6c4-b941-49dd-9596-c8cb699da751",
      "pid": "04d26475-90de-4bc7-8438-d6b56d4e14b9",
      "dblevel": 5,
      "location": "/VGMA/NgheKinhThanh/KinhThanhbandichHienDai2017/HD24_Gie-re-mi/Gie-re-mi24",
      "isVideo": false,
      "url": "nghe-kinh-thanh.kinh-thanh-ban-dich-hien-dai-2017.hd24-gie-re-mi.gie-re-mi-24",
      "name": "Giê-rê-mi 24",
      "count": 0,
      "isLeaf": null,
      "keyword": null,
      "hash": "U2FsdGVkX18DQkjVrXnFKwwSQvLZYvd4gGUjEeMD7F8GHgWZhkEHXmOI/eIFNJX4GqMh5S6VPZVbexgY/wjeDA==",
      "khash": "U2FsdGVkX1/11os5AYHj17GfKiJ4ZWobAs5TbJ7ZElYTVY0vxFh4bsAgjERy2NnBF1YTeEJwoY390o4lzgPO+A==",
      "viewCount": null,
      "duration": "1:58",
      "size": 1914717
    },
    {
      "id": "6aa7c053-c27d-40fd-bbc6-8d9c735cde3f",
      "pid": "04d26475-90de-4bc7-8438-d6b56d4e14b9",
      "dblevel": 5,
      "location": "/VGMA/NgheKinhThanh/KinhThanhbandichHienDai2017/HD24_Gie-re-mi/Gie-re-mi25",
      "isVideo": false,
      "url": "nghe-kinh-thanh.kinh-thanh-ban-dich-hien-dai-2017.hd24-gie-re-mi.gie-re-mi-25",
      "name": "Giê-rê-mi 25",
      "count": 0,
      "isLeaf": null,
      "keyword": null,
      "hash": "U2FsdGVkX1+Uvg08hKWPnrEUbJJ8E4kApv2fWn61AG3Y4Rnlti4uDdI6JAEXMemM7Ij0N8YUiX7H15nt4ytQ4Q==",
      "khash": "U2FsdGVkX1+ZTPpVqxSFp1XNQCq4OMRds/e63uzcqkUOo8NFpQxmeI2WWoDco0DBqUQZoNtDm3VPwibaug5l2g==",
      "viewCount": null,
      "duration": "6:41",
      "size": 6450052
    },
    {
      "id": "bc593ed4-1971-4134-9473-87c8089300a0",
      "pid": "04d26475-90de-4bc7-8438-d6b56d4e14b9",
      "dblevel": 5,
      "location": "/VGMA/NgheKinhThanh/KinhThanhbandichHienDai2017/HD24_Gie-re-mi/Gie-re-mi26",
      "isVideo": false,
      "url": "nghe-kinh-thanh.kinh-thanh-ban-dich-hien-dai-2017.hd24-gie-re-mi.gie-re-mi-26",
      "name": "Giê-rê-mi 26",
      "count": 0,
      "isLeaf": null,
      "keyword": null,
      "hash": "U2FsdGVkX1+dgIN0x0gOVLEyI3kdtVyOGLQxzIHIRLXQ0Me/STMfUv211HuvJSIYnDcYIU27a+yHnmUrlvJU5w==",
      "khash": "U2FsdGVkX1+a3FUI63phB0oEGsjFZpCxRs9jWn83/mmS4BdmuLogFTTv+oZPVgeiUizapwZk6/se4lm0ewlPWQ==",
      "viewCount": null,
      "duration": "4:40",
      "size": 4510040
    },
    {
      "id": "4cc8134e-39e3-4b90-a55a-b8fe196d9382",
      "pid": "04d26475-90de-4bc7-8438-d6b56d4e14b9",
      "dblevel": 5,
      "location": "/VGMA/NgheKinhThanh/KinhThanhbandichHienDai2017/HD24_Gie-re-mi/Gie-re-mi27",
      "isVideo": false,
      "url": "nghe-kinh-thanh.kinh-thanh-ban-dich-hien-dai-2017.hd24-gie-re-mi.gie-re-mi-27",
      "name": "Giê-rê-mi 27",
      "count": 0,
      "isLeaf": null,
      "keyword": null,
      "hash": "U2FsdGVkX18SiNCJEjn2lhS9lYr7grzrSVAyOsPT02p8YjKKwTmiONHe3ZNg/7dHWdeO6/Ktglp/U20s2P47BA==",
      "khash": "U2FsdGVkX1/2fzEy8C3iA9wEYKuSOnJ5RWQYLzbprTvvWmMCypUs5PcDGvOwyjtbK2HIOvtXVOH+1JVMR7hYgw==",
      "viewCount": null,
      "duration": "4:9",
      "size": 4016545
    },
    {
      "id": "8a351b79-37d1-4eaf-8f95-075e442d7c32",
      "pid": "04d26475-90de-4bc7-8438-d6b56d4e14b9",
      "dblevel": 5,
      "location": "/VGMA/NgheKinhThanh/KinhThanhbandichHienDai2017/HD24_Gie-re-mi/Gie-re-mi28",
      "isVideo": false,
      "url": "nghe-kinh-thanh.kinh-thanh-ban-dich-hien-dai-2017.hd24-gie-re-mi.gie-re-mi-28",
      "name": "Giê-rê-mi 28",
      "count": 0,
      "isLeaf": null,
      "keyword": null,
      "hash": "U2FsdGVkX1/avXoGdQdTwqJ6YYTUAOOkTrNOoaRCAL2mTUOYifQTeoatp/xiGEztT1vWSz9xi6qs9SR/Pl7ybQ==",
      "khash": "U2FsdGVkX18AZ4+JDurVPgFvDS4a2eN5RBU5WOLn20m579VCabPmPdq0RMjjfbknaibNidQBsx3vonuDO4DSjA==",
      "viewCount": null,
      "duration": "2:58",
      "size": 2874894
    },
    {
      "id": "824deb24-113c-4b7c-9018-485e084bec21",
      "pid": "04d26475-90de-4bc7-8438-d6b56d4e14b9",
      "dblevel": 5,
      "location": "/VGMA/NgheKinhThanh/KinhThanhbandichHienDai2017/HD24_Gie-re-mi/Gie-re-mi29",
      "isVideo": false,
      "url": "nghe-kinh-thanh.kinh-thanh-ban-dich-hien-dai-2017.hd24-gie-re-mi.gie-re-mi-29",
      "name": "Giê-rê-mi 29",
      "count": 0,
      "isLeaf": null,
      "keyword": null,
      "hash": "U2FsdGVkX19oeko3cyxf0eaeUfC9lUUq8KCaGrQ2lCcODu4Wy/LYzZSmJEJx670Se8PSyXIlvJT8jauAE803gA==",
      "khash": "U2FsdGVkX18LcXext0F5cgKas59/hOXhImxbSPPwNkIrTOp18yF3e8g2Y3Ln/a0yB2fMS4JARBIbdzemUiqAnw==",
      "viewCount": null,
      "duration": "5:41",
      "size": 5485331
    },
    {
      "id": "c31e379f-ae6d-4713-b8f6-4482479dedb7",
      "pid": "04d26475-90de-4bc7-8438-d6b56d4e14b9",
      "dblevel": 5,
      "location": "/VGMA/NgheKinhThanh/KinhThanhbandichHienDai2017/HD24_Gie-re-mi/Gie-re-mi30",
      "isVideo": false,
      "url": "nghe-kinh-thanh.kinh-thanh-ban-dich-hien-dai-2017.hd24-gie-re-mi.gie-re-mi-30",
      "name": "Giê-rê-mi 30",
      "count": 0,
      "isLeaf": null,
      "keyword": null,
      "hash": "U2FsdGVkX19adXkfA1xXvTuZjD/LTnBdPu7vZXRoepJUXL41Ci/noq2NgMsKTru3Kp2lCDDj25mawZrrv/WhsA==",
      "khash": "U2FsdGVkX1/5SBuyCDVd+GiTv89QzmT8BNTc4TQBLDAFtMOSpz8J0fcKsV0UXdWStnzHi4/Rzy/l/C3AfaEFNQ==",
      "viewCount": null,
      "duration": "4:17",
      "size": 4142488
    },
    {
      "id": "45e59327-9103-4189-b34d-ea20e867f31d",
      "pid": "04d26475-90de-4bc7-8438-d6b56d4e14b9",
      "dblevel": 5,
      "location": "/VGMA/NgheKinhThanh/KinhThanhbandichHienDai2017/HD24_Gie-re-mi/Gie-re-mi31",
      "isVideo": false,
      "url": "nghe-kinh-thanh.kinh-thanh-ban-dich-hien-dai-2017.hd24-gie-re-mi.gie-re-mi-31",
      "name": "Giê-rê-mi 31",
      "count": 0,
      "isLeaf": null,
      "keyword": null,
      "hash": "U2FsdGVkX1+8/U6sbGgLA3hTatGejRi9Eo4wUwCb3Zfwmck4dSW6fOHyeWiyDWMvL/kuoLSXgfe99eIS0ppuOw==",
      "khash": null,
      "viewCount": null,
      "duration": "7:14",
      "size": 6991086
    },
    {
      "id": "3c43ab29-7040-4c0f-b027-f110370f1e1c",
      "pid": "04d26475-90de-4bc7-8438-d6b56d4e14b9",
      "dblevel": 5,
      "location": "/VGMA/NgheKinhThanh/KinhThanhbandichHienDai2017/HD24_Gie-re-mi/Gie-re-mi32",
      "isVideo": false,
      "url": "nghe-kinh-thanh.kinh-thanh-ban-dich-hien-dai-2017.hd24-gie-re-mi.gie-re-mi-32",
      "name": "Giê-rê-mi 32",
      "count": 0,
      "isLeaf": null,
      "keyword": null,
      "hash": "U2FsdGVkX1/QVqAjVZjWe/MvyETadasPO7WEHok8/5MJZnTXm60elUoLxQJkBZ/kA5aYb6SYbmmTOz7WSZh9Jg==",
      "khash": null,
      "viewCount": null,
      "duration": "7:26",
      "size": 7185691
    },
    {
      "id": "1faaeff1-e816-4672-b126-f42bf62cd132",
      "pid": "04d26475-90de-4bc7-8438-d6b56d4e14b9",
      "dblevel": 5,
      "location": "/VGMA/NgheKinhThanh/KinhThanhbandichHienDai2017/HD24_Gie-re-mi/Gie-re-mi33",
      "isVideo": false,
      "url": "nghe-kinh-thanh.kinh-thanh-ban-dich-hien-dai-2017.hd24-gie-re-mi.gie-re-mi-33",
      "name": "Giê-rê-mi 33",
      "count": 0,
      "isLeaf": null,
      "keyword": null,
      "hash": "U2FsdGVkX19W0KxlZArmVWvZQG8VYSnUwfoO7mgaA2toAokMVWcF+3WnYwMgidwO3nnSXF36QOVWd/EbvcNgCg==",
      "khash": null,
      "viewCount": null,
      "duration": "4:28",
      "size": 4316554
    },
    {
      "id": "622f99ee-4d9b-4fd0-b1e9-75fd795d1553",
      "pid": "04d26475-90de-4bc7-8438-d6b56d4e14b9",
      "dblevel": 5,
      "location": "/VGMA/NgheKinhThanh/KinhThanhbandichHienDai2017/HD24_Gie-re-mi/Gie-re-mi34",
      "isVideo": false,
      "url": "nghe-kinh-thanh.kinh-thanh-ban-dich-hien-dai-2017.hd24-gie-re-mi.gie-re-mi-34",
      "name": "Giê-rê-mi 34",
      "count": 0,
      "isLeaf": null,
      "keyword": null,
      "hash": "U2FsdGVkX1+nNhQpHKPiuBBm3yK5UcGWKiiUqm17Rq8eHWwOWG6BK61fVZngnU9ecbGfDNmaBhWgQbN/NGlPfA==",
      "khash": null,
      "viewCount": null,
      "duration": "3:46",
      "size": 3654465
    },
    {
      "id": "4c053060-14e6-4da3-be9b-29d3feb5f19a",
      "pid": "04d26475-90de-4bc7-8438-d6b56d4e14b9",
      "dblevel": 5,
      "location": "/VGMA/NgheKinhThanh/KinhThanhbandichHienDai2017/HD24_Gie-re-mi/Gie-re-mi35",
      "isVideo": false,
      "url": "nghe-kinh-thanh.kinh-thanh-ban-dich-hien-dai-2017.hd24-gie-re-mi.gie-re-mi-35",
      "name": "Giê-rê-mi 35",
      "count": 0,
      "isLeaf": null,
      "keyword": null,
      "hash": "U2FsdGVkX19O2FhYsiVFo557+ZtarSLyRyivKeeoYB03K58lr6E9MCX7jB7RFvq4nzTxHBCHfi1EqqqWODD4vg==",
      "khash": "U2FsdGVkX18D3qpZP05+StjsUxgKgJRcDyEKLNQm50ISA15wOFyBMZm2aUCfMb2NrZuOiPd3FN8rH+IkQvNIkQ==",
      "viewCount": null,
      "duration": "3:31",
      "size": 3407496
    },
    {
      "id": "55175ea1-c8cc-49e8-8af9-46e8675b5608",
      "pid": "04d26475-90de-4bc7-8438-d6b56d4e14b9",
      "dblevel": 5,
      "location": "/VGMA/NgheKinhThanh/KinhThanhbandichHienDai2017/HD24_Gie-re-mi/Gie-re-mi36",
      "isVideo": false,
      "url": "nghe-kinh-thanh.kinh-thanh-ban-dich-hien-dai-2017.hd24-gie-re-mi.gie-re-mi-36",
      "name": "Giê-rê-mi 36",
      "count": 0,
      "isLeaf": null,
      "keyword": null,
      "hash": "U2FsdGVkX1/m2UqYrB9rtygmaI89R9a3mdJPOkgftKsEsMKnctyHgfEOd1BAjKbNxIAgp+4BjlDb8XQxoIRSVw==",
      "khash": null,
      "viewCount": null,
      "duration": "5:29",
      "size": 5300648
    },
    {
      "id": "c9810ace-3358-4efa-aed6-c526125798cb",
      "pid": "04d26475-90de-4bc7-8438-d6b56d4e14b9",
      "dblevel": 5,
      "location": "/VGMA/NgheKinhThanh/KinhThanhbandichHienDai2017/HD24_Gie-re-mi/Gie-re-mi37",
      "isVideo": false,
      "url": "nghe-kinh-thanh.kinh-thanh-ban-dich-hien-dai-2017.hd24-gie-re-mi.gie-re-mi-37",
      "name": "Giê-rê-mi 37",
      "count": 0,
      "isLeaf": null,
      "keyword": null,
      "hash": "U2FsdGVkX19mlUbSMb98Z10eqesMqc+A4bmmkgk39GrZxGxm32AG5vw6MBFZjKuk6CIHjtKUHbjopd9vdo1hjw==",
      "khash": "U2FsdGVkX196Q5an93mjHAcb6s1OrG67msrmfDOQkhW4GQDjzjp8jOVuExFBKpmuoWdbTYcs+cYHvD8IDXDUKA==",
      "viewCount": null,
      "duration": "3:23",
      "size": 3274285
    },
    {
      "id": "6c06bfd9-9853-458d-82bb-e5ddcd1a6ea4",
      "pid": "04d26475-90de-4bc7-8438-d6b56d4e14b9",
      "dblevel": 5,
      "location": "/VGMA/NgheKinhThanh/KinhThanhbandichHienDai2017/HD24_Gie-re-mi/Gie-re-mi38",
      "isVideo": false,
      "url": "nghe-kinh-thanh.kinh-thanh-ban-dich-hien-dai-2017.hd24-gie-re-mi.gie-re-mi-38",
      "name": "Giê-rê-mi 38",
      "count": 0,
      "isLeaf": null,
      "keyword": null,
      "hash": "U2FsdGVkX1/cFjf3McNcjTvrR2VK/HU1pDktIfuMr2JEQlxP7DxRJvZMEqd5sRoWQNPz7gKsJWHnN9sF/vKVCA==",
      "khash": null,
      "viewCount": null,
      "duration": "5:0",
      "size": 4829528
    },
    {
      "id": "85301640-1a22-493a-94f0-a3cb317f7f13",
      "pid": "04d26475-90de-4bc7-8438-d6b56d4e14b9",
      "dblevel": 5,
      "location": "/VGMA/NgheKinhThanh/KinhThanhbandichHienDai2017/HD24_Gie-re-mi/Gie-re-mi39",
      "isVideo": false,
      "url": "nghe-kinh-thanh.kinh-thanh-ban-dich-hien-dai-2017.hd24-gie-re-mi.gie-re-mi-39",
      "name": "Giê-rê-mi 39",
      "count": 0,
      "isLeaf": null,
      "keyword": null,
      "hash": "U2FsdGVkX18D6M/cngYhlaLLTy9QgzgvkV3oXF9UthOVSOdBgDHa4YOIDN05EMmRi39HLN10fe66CIfUVm75zQ==",
      "khash": "U2FsdGVkX1/0MFGOdLY5CesyXd8fkFm/mcUWEghCX/a3vw4FOs75hDBYsl7amVRV12z88VBqkrMH6le4Xg0rLg==",
      "viewCount": null,
      "duration": "3:8",
      "size": 3035534
    },
    {
      "id": "2adda015-285b-4f0f-8de6-3165724243e8",
      "pid": "04d26475-90de-4bc7-8438-d6b56d4e14b9",
      "dblevel": 5,
      "location": "/VGMA/NgheKinhThanh/KinhThanhbandichHienDai2017/HD24_Gie-re-mi/Gie-re-mi40",
      "isVideo": false,
      "url": "nghe-kinh-thanh.kinh-thanh-ban-dich-hien-dai-2017.hd24-gie-re-mi.gie-re-mi-40",
      "name": "Giê-rê-mi 40",
      "count": 0,
      "isLeaf": null,
      "keyword": null,
      "hash": "U2FsdGVkX18HRgg/JDKeeIb8QqDmNJrAuyJFUMAwHm/DvZ+B17WiB/bzZc4M8kkKw+i8kurXkw9q0CKh90aeLA==",
      "khash": "U2FsdGVkX1+ejL5tnoEI/e+IJhLVISykgpy9ZjMDlOEe43GZ+gQ07K+NMy6R9jJ2ptiL3D3np8SP+89f+q2WBw==",
      "viewCount": null,
      "duration": "3:44",
      "size": 3604818
    },
    {
      "id": "f9238f2d-626d-4938-ae93-817e330f9c6a",
      "pid": "04d26475-90de-4bc7-8438-d6b56d4e14b9",
      "dblevel": 5,
      "location": "/VGMA/NgheKinhThanh/KinhThanhbandichHienDai2017/HD24_Gie-re-mi/Gie-re-mi41",
      "isVideo": false,
      "url": "nghe-kinh-thanh.kinh-thanh-ban-dich-hien-dai-2017.hd24-gie-re-mi.gie-re-mi-41",
      "name": "Giê-rê-mi 41",
      "count": 0,
      "isLeaf": null,
      "keyword": null,
      "hash": "U2FsdGVkX18q7ga0Y5TyblxVH47aZKAm08GAAPw4jRuqldWCT9zJ/PmyYRDvEd9GngO6gmRUDm+pq61TDOhpDQ==",
      "khash": "U2FsdGVkX1/5msKxt4HyjGTY4eY+j2hYCbo4lclqYWb+sXIuzEdpMAzzZTna72+GrICy19+y2BsssepbPR52nA==",
      "viewCount": null,
      "duration": "3:2",
      "size": 2937901
    },
    {
      "id": "50130c36-1e14-4cf2-b9ba-d76c6ea146b2",
      "pid": "04d26475-90de-4bc7-8438-d6b56d4e14b9",
      "dblevel": 5,
      "location": "/VGMA/NgheKinhThanh/KinhThanhbandichHienDai2017/HD24_Gie-re-mi/Gie-re-mi42",
      "isVideo": false,
      "url": "nghe-kinh-thanh.kinh-thanh-ban-dich-hien-dai-2017.hd24-gie-re-mi.gie-re-mi-42",
      "name": "Giê-rê-mi 42",
      "count": 0,
      "isLeaf": null,
      "keyword": null,
      "hash": "U2FsdGVkX18nHooVw3vOfY9e/UQqw2TNphkc8iGGS0WSX1XpgLbbg8EZCcSmLOM0MUT1q193RNarGhSN7v1aFw==",
      "khash": "U2FsdGVkX1/lXrc+3r0JDdxpjNh4D3t1/jX7jeq4aXxJcXqeqOKiC4lGmGsjyUrxBOH734+EKyvGLW1xpC0zDQ==",
      "viewCount": null,
      "duration": "3:55",
      "size": 3788028
    },
    {
      "id": "fd237472-9e40-4c62-95ca-44e7456fd26d",
      "pid": "04d26475-90de-4bc7-8438-d6b56d4e14b9",
      "dblevel": 5,
      "location": "/VGMA/NgheKinhThanh/KinhThanhbandichHienDai2017/HD24_Gie-re-mi/Gie-re-mi43",
      "isVideo": false,
      "url": "nghe-kinh-thanh.kinh-thanh-ban-dich-hien-dai-2017.hd24-gie-re-mi.gie-re-mi-43",
      "name": "Giê-rê-mi 43",
      "count": 0,
      "isLeaf": null,
      "keyword": null,
      "hash": "U2FsdGVkX198kYqucA/h9mwwkFzgA10fvsQRt0aSZFeYuKsusmNLn+folid0ksP+Msp0nhHIUEkSLpdfJIgPTA==",
      "khash": "U2FsdGVkX18Jr9mrLbopFtsrmijgM2sl5nb0DM5xyG4NtY6zzJjZjDGKmgtLs4aISzWjgYx1aptzQ83V+Ork8g==",
      "viewCount": null,
      "duration": "2:21",
      "size": 2277561
    },
    {
      "id": "8d7396d7-d74a-4e5f-9b01-e131780823cd",
      "pid": "04d26475-90de-4bc7-8438-d6b56d4e14b9",
      "dblevel": 5,
      "location": "/VGMA/NgheKinhThanh/KinhThanhbandichHienDai2017/HD24_Gie-re-mi/Gie-re-mi44",
      "isVideo": false,
      "url": "nghe-kinh-thanh.kinh-thanh-ban-dich-hien-dai-2017.hd24-gie-re-mi.gie-re-mi-44",
      "name": "Giê-rê-mi 44",
      "count": 0,
      "isLeaf": null,
      "keyword": null,
      "hash": "U2FsdGVkX1+kwAtR45Qm8Y5qf+eFF5wW/BTwnTW03dEV2jCeWvtjw5HDFZXTBEDPzG5agM0IMsDQPdfl3Ij+qw==",
      "khash": "U2FsdGVkX18TQ9aiUXYeM1THw/54vQhQRXt0xEA7j1Y9IBv68X6HyzElbtkRWe6GArl8nY34snk4sMnzCNEnCg==",
      "viewCount": null,
      "duration": "6:19",
      "size": 6093199
    },
    {
      "id": "537c6c9f-9997-45d2-b4b4-53af57513bf7",
      "pid": "04d26475-90de-4bc7-8438-d6b56d4e14b9",
      "dblevel": 5,
      "location": "/VGMA/NgheKinhThanh/KinhThanhbandichHienDai2017/HD24_Gie-re-mi/Gie-re-mi45",
      "isVideo": false,
      "url": "nghe-kinh-thanh.kinh-thanh-ban-dich-hien-dai-2017.hd24-gie-re-mi.gie-re-mi-45",
      "name": "Giê-rê-mi 45",
      "count": 0,
      "isLeaf": null,
      "keyword": null,
      "hash": "U2FsdGVkX18ThUlXwAWiS4VENgIFwQ6ZCHJ+TpENpQmB89Jw4cairQojh5kzt3L1be/s4o6dX+P8FTdsz5/VIQ==",
      "khash": "U2FsdGVkX1+v4RlSbhZoypMGaRgSplOXfjkyZfLT7adGDY4ckQyNj833xv3PflR3NXNJl8/V0ZacVqVMagK0Fw==",
      "viewCount": null,
      "duration": "1:0",
      "size": 985160
    },
    {
      "id": "b184fd83-449e-4dd5-891f-4cdf3761beb1",
      "pid": "04d26475-90de-4bc7-8438-d6b56d4e14b9",
      "dblevel": 5,
      "location": "/VGMA/NgheKinhThanh/KinhThanhbandichHienDai2017/HD24_Gie-re-mi/Gie-re-mi46",
      "isVideo": false,
      "url": "nghe-kinh-thanh.kinh-thanh-ban-dich-hien-dai-2017.hd24-gie-re-mi.gie-re-mi-46",
      "name": "Giê-rê-mi 46",
      "count": 0,
      "isLeaf": null,
      "keyword": null,
      "hash": "U2FsdGVkX1+GNPFvxx0qqvMMa3nJvKlCLKmWnjJvHGDIA4TjMYCVQ+vbe5tNdzgEMCVWfVNHRFf+BK/WYIx5XQ==",
      "khash": "U2FsdGVkX1+YsMQa1SFGTN1T4qpO9AYm7puuCewX88KIt0kXUsgfufihtiNEfFZIP8Xt0BWziYV7SU+88wrpMA==",
      "viewCount": null,
      "duration": "5:1",
      "size": 4845213
    },
    {
      "id": "cf24c89b-2280-479a-acd0-19a0be0c0239",
      "pid": "04d26475-90de-4bc7-8438-d6b56d4e14b9",
      "dblevel": 5,
      "location": "/VGMA/NgheKinhThanh/KinhThanhbandichHienDai2017/HD24_Gie-re-mi/Gie-re-mi47",
      "isVideo": false,
      "url": "nghe-kinh-thanh.kinh-thanh-ban-dich-hien-dai-2017.hd24-gie-re-mi.gie-re-mi-47",
      "name": "Giê-rê-mi 47",
      "count": 0,
      "isLeaf": null,
      "keyword": null,
      "hash": "U2FsdGVkX19tFw6nQJ4rt8aJFST5A5sngC93l4yzytN44PceKnG0/S6uBTM3pqwez4C4/z0AYimdx5ZpyTFTXA==",
      "khash": "U2FsdGVkX1+swWTA6ghTJoqi1Bx9mMDxJGqaacZTMl5VOfGm7hkzdyXrTPKV7A1UUBNzcffKFHHKu07cmGEYrA==",
      "viewCount": null,
      "duration": "1:21",
      "size": 1325440
    },
    {
      "id": "c699740d-8ce0-4648-95b1-c2217b4957db",
      "pid": "04d26475-90de-4bc7-8438-d6b56d4e14b9",
      "dblevel": 5,
      "location": "/VGMA/NgheKinhThanh/KinhThanhbandichHienDai2017/HD24_Gie-re-mi/Gie-re-mi48",
      "isVideo": false,
      "url": "nghe-kinh-thanh.kinh-thanh-ban-dich-hien-dai-2017.hd24-gie-re-mi.gie-re-mi-48",
      "name": "Giê-rê-mi 48",
      "count": 0,
      "isLeaf": null,
      "keyword": null,
      "hash": "U2FsdGVkX1+xJbNFd8kqlK6yzYMicxDjK1HZnsTWD3B1ct+qPrtrMklssgeBGzO+WlO9A+quPduG8aNXonWiyw==",
      "khash": "U2FsdGVkX19meVj6PhJjXn0uh39WTIKMV9UXXqD9B+NS+vaA6/xClfAq9pmyoifbQxw/D8+g+1kV/ZexnTLSmQ==",
      "viewCount": null,
      "duration": "6:50",
      "size": 6606058
    },
    {
      "id": "72c76a81-114a-4a93-8c9e-9e5a5b893b94",
      "pid": "04d26475-90de-4bc7-8438-d6b56d4e14b9",
      "dblevel": 5,
      "location": "/VGMA/NgheKinhThanh/KinhThanhbandichHienDai2017/HD24_Gie-re-mi/Gie-re-mi49",
      "isVideo": false,
      "url": "nghe-kinh-thanh.kinh-thanh-ban-dich-hien-dai-2017.hd24-gie-re-mi.gie-re-mi-49",
      "name": "Giê-rê-mi 49",
      "count": 0,
      "isLeaf": null,
      "keyword": null,
      "hash": "U2FsdGVkX19+i7uNvB+J6xDVazcVs71TLgni8AOg8lb3dsN8U6X8vxVraJBGVqZ7RQ5M69UZcQ127c0xgLfb9A==",
      "khash": null,
      "viewCount": null,
      "duration": "7:16",
      "size": 7013612
    },
    {
      "id": "d2029382-f4cf-455d-add6-93f9621476b6",
      "pid": "04d26475-90de-4bc7-8438-d6b56d4e14b9",
      "dblevel": 5,
      "location": "/VGMA/NgheKinhThanh/KinhThanhbandichHienDai2017/HD24_Gie-re-mi/Gie-re-mi50",
      "isVideo": false,
      "url": "nghe-kinh-thanh.kinh-thanh-ban-dich-hien-dai-2017.hd24-gie-re-mi.gie-re-mi-50",
      "name": "Giê-rê-mi 50",
      "count": 0,
      "isLeaf": null,
      "keyword": null,
      "hash": "U2FsdGVkX1+/NmWu3yLcjNSRK89qsAavrgE3+CIw1k4XxDeX8FRUElzwseHjqAOsnmr5PkqzZtzwE1SAABWpSw==",
      "khash": "U2FsdGVkX1994JfEtCSYfTb37byv0BVn1Xt7sVTdrFSlQnkcMQDBHEvLngoDCQ0F93LT+ZknBY0z6TSatQG3AQ==",
      "viewCount": null,
      "duration": "8:26",
      "size": 8134433
    },
    {
      "id": "7316ccd0-1b18-4a4c-b06a-63a89a6de76a",
      "pid": "04d26475-90de-4bc7-8438-d6b56d4e14b9",
      "dblevel": 5,
      "location": "/VGMA/NgheKinhThanh/KinhThanhbandichHienDai2017/HD24_Gie-re-mi/Gie-re-mi51",
      "isVideo": false,
      "url": "nghe-kinh-thanh.kinh-thanh-ban-dich-hien-dai-2017.hd24-gie-re-mi.gie-re-mi-51",
      "name": "Giê-rê-mi 51",
      "count": 0,
      "isLeaf": null,
      "keyword": null,
      "hash": "U2FsdGVkX18lU6UiqeFYtRAZ20Ur2g9zOF9KFSJxKEWs248iPWDVXv53AjnT+OUSjDrzW6Nm6vU9vGIJ4x9pHg==",
      "khash": "U2FsdGVkX1/hq+q37h+CgjSDeMeVwe2IVGcDPT1ecOiqfkAxTLHUW2ilZcTqsmJaf+lv23FsZUnPGbehjlt1cA==",
      "viewCount": null,
      "duration": "11:8",
      "size": 10735004
    },
    {
      "id": "45635aa1-76f1-4e3c-92fa-b49e13a2b3b8",
      "pid": "04d26475-90de-4bc7-8438-d6b56d4e14b9",
      "dblevel": 5,
      "location": "/VGMA/NgheKinhThanh/KinhThanhbandichHienDai2017/HD24_Gie-re-mi/Gie-re-mi52",
      "isVideo": false,
      "url": "nghe-kinh-thanh.kinh-thanh-ban-dich-hien-dai-2017.hd24-gie-re-mi.gie-re-mi-52",
      "name": "Giê-rê-mi 52",
      "count": 0,
      "isLeaf": null,
      "keyword": null,
      "hash": "U2FsdGVkX1/+4BC6txwLdEm/pBfVCIDsPunv6mTdfVBVMXtLmFSsrkGWfEKs6SNHWbLR0ttOQalGKe+I1wefvA==",
      "khash": "U2FsdGVkX19zuXdfyPHParqwq4rAd/9zZgZl7PnlSFMqJRsXJ1qpoSHEcnnrSQVwN/Lc4pzgdXNoxxqsVQP7Mg==",
      "viewCount": null,
      "duration": "5:20",
      "size": 5151455
    }
  ]
}