{
  "id": "49da4178-c180-4e89-b47c-341532dd6e26",
  "pid": "23541eed-15e9-41d0-8477-67032b0277ec",
  "dblevel": 4,
  "location": "/VGMA/NgheKinhThanh/KinhThanhbandichTruyenThongHieuDinh/64-3Gi",
  "isVideo": false,
  "url": "nghe-kinh-thanh.kinh-thanh-ban-dich-truyen-thong-hieu-dinh.64-3gi",
  "name": "64-3Gi",
  "count": 1,
  "isLeaf": true,
  "keyword": null,
  "hash": null,
  "khash": null,
  "viewCount": null,
  "duration": null,
  "size": null,
  "children": [
    {
      "id": "5691c010-a190-4d51-b067-9a03690cba67",
      "pid": "49da4178-c180-4e89-b47c-341532dd6e26",
      "dblevel": 5,
      "location": "/VGMA/NgheKinhThanh/KinhThanhbandichTruyenThongHieuDinh/64-3Gi/3Gi01",
      "isVideo": false,
      "url": "nghe-kinh-thanh.kinh-thanh-ban-dich-truyen-thong-hieu-dinh.64-3gi.3gi01",
      "name": "3Gi01",
      "count": 0,
      "isLeaf": null,
      "keyword": null,
      "hash": "U2FsdGVkX19+vSX7ukSH28AfuxSXkgmuxWqaH3dlOVYrKMHqGuvOMx4dc+9TDxmqbcb6MGTyRZCQeMz74fiCxQ==",
      "khash": "U2FsdGVkX183OsCBqnL+rfLH67oAUUSUUfR8RPUIuNdl9lpS7jaTpEVtwp/ksnEVw5mQWxJsy+wdDxWxgcc7cw==",
      "viewCount": null,
      "duration": "2:7",
      "size": 3073468
    }
  ]
}