{
  "id": "cd577d4e-3be2-4ebe-9ed7-a19f0f6a3cba",
  "pid": "b4ae5115-2bbc-4f41-8f47-d29299d09bbe",
  "dblevel": 4,
  "location": "/VGMA/NgheKinhThanh/KinhThanhbandichTruyenThong_FCBH/15.ITi-mo-the",
  "isVideo": false,
  "url": "nghe-kinh-thanh.kinh-thanh-ban-dich-truyen-thong-fcbh.15--i-ti-mo-the",
  "name": "15. I Ti-mô-thê",
  "count": 6,
  "isLeaf": true,
  "keyword": null,
  "hash": null,
  "khash": null,
  "viewCount": null,
  "duration": null,
  "size": null,
  "children": [
    {
      "id": "f2c519a6-bc99-4b11-9d87-90be4b0e1919",
      "pid": "cd577d4e-3be2-4ebe-9ed7-a19f0f6a3cba",
      "dblevel": 5,
      "location": "/VGMA/NgheKinhThanh/KinhThanhbandichTruyenThong_FCBH/15.ITi-mo-the/1Ti-mo-the_01",
      "isVideo": false,
      "url": "nghe-kinh-thanh.kinh-thanh-ban-dich-truyen-thong-fcbh.15--i-ti-mo-the.1ti-mo-the-01",
      "name": "1Ti-mô-thê_01",
      "count": 0,
      "isLeaf": null,
      "keyword": null,
      "hash": "U2FsdGVkX19SThSXKqXBfKKj9RDzWnx+IT3Q7PDNUJ6QFYrzYe2EQ+4POZVzJkQAVrkH2STCU9sW4J07op6ELQ==",
      "khash": "U2FsdGVkX18c1o8MZl8wxdxkQupG9qZtZMmSwf2hIF9ACUftV+kH8uil10RJFhkz6THlbXNw4qSddwFwCksBfA==",
      "viewCount": null,
      "duration": "3:17",
      "size": 1605374
    },
    {
      "id": "8753d1da-9eb7-4b7c-b47a-828d76b6ae0b",
      "pid": "cd577d4e-3be2-4ebe-9ed7-a19f0f6a3cba",
      "dblevel": 5,
      "location": "/VGMA/NgheKinhThanh/KinhThanhbandichTruyenThong_FCBH/15.ITi-mo-the/1Ti-mo-the_02",
      "isVideo": false,
      "url": "nghe-kinh-thanh.kinh-thanh-ban-dich-truyen-thong-fcbh.15--i-ti-mo-the.1ti-mo-the-02",
      "name": "1Ti-mô-thê_02",
      "count": 0,
      "isLeaf": null,
      "keyword": null,
      "hash": "U2FsdGVkX19c3JPeZU2YlBO5CDOo2QpYnOHMXVGtrxY7qaE9+q5TzL8dzG0iIzOnmNPJGPdPZGFtuRI7RVJecA==",
      "khash": "U2FsdGVkX1+BMBOQgDvNQSD+b4UuAZjRu9C4BeDb5L/U/XnPlcjyAe2oGzIc32TdpTQZDDJ2wUbYdQL48dLPqg==",
      "viewCount": null,
      "duration": "1:48",
      "size": 889828
    },
    {
      "id": "ca223e68-ac9f-4b49-850f-029f7ec2777b",
      "pid": "cd577d4e-3be2-4ebe-9ed7-a19f0f6a3cba",
      "dblevel": 5,
      "location": "/VGMA/NgheKinhThanh/KinhThanhbandichTruyenThong_FCBH/15.ITi-mo-the/1Ti-mo-the_03",
      "isVideo": false,
      "url": "nghe-kinh-thanh.kinh-thanh-ban-dich-truyen-thong-fcbh.15--i-ti-mo-the.1ti-mo-the-03",
      "name": "1Ti-mô-thê_03",
      "count": 0,
      "isLeaf": null,
      "keyword": null,
      "hash": "U2FsdGVkX1/NDITRQt/Ff5Zw4fejtglweduYe8FWn+yBM8bG9eSejmsnbekNl4iZLifZjeLnXrYL9oEO8BCBnw==",
      "khash": "U2FsdGVkX1/5T/BZxf1aJJGYoy3t757G3ci982HA5S1yC/Erl5yBNtMBMfKShfvsRzm2fTHddaeIuLNiNuXnJQ==",
      "viewCount": null,
      "duration": "2:2",
      "size": 1008946
    },
    {
      "id": "d4f3ecc4-3654-4a43-9f48-b7a8e2260597",
      "pid": "cd577d4e-3be2-4ebe-9ed7-a19f0f6a3cba",
      "dblevel": 5,
      "location": "/VGMA/NgheKinhThanh/KinhThanhbandichTruyenThong_FCBH/15.ITi-mo-the/1Ti-mo-the_04",
      "isVideo": false,
      "url": "nghe-kinh-thanh.kinh-thanh-ban-dich-truyen-thong-fcbh.15--i-ti-mo-the.1ti-mo-the-04",
      "name": "1Ti-mô-thê_04",
      "count": 0,
      "isLeaf": null,
      "keyword": null,
      "hash": "U2FsdGVkX1+tqsOfwf8pO3bd9lUpfeF1ruE0E1G6AMVlYjlzvxR4N+0MKByicwaaj03IiWuHC3I9FiEGs+8aqQ==",
      "khash": "U2FsdGVkX1881c4yUanhkvwIyBv7l6FiJKy65SMZtf73nXVBqEbTvNvmMnbZ4/Ps241SbUjKqD4RxMkDnvC+KQ==",
      "viewCount": null,
      "duration": "2:6",
      "size": 1033188
    },
    {
      "id": "5381006a-07f2-4c22-9b45-66cb96feb72d",
      "pid": "cd577d4e-3be2-4ebe-9ed7-a19f0f6a3cba",
      "dblevel": 5,
      "location": "/VGMA/NgheKinhThanh/KinhThanhbandichTruyenThong_FCBH/15.ITi-mo-the/1Ti-mo-the_05",
      "isVideo": false,
      "url": "nghe-kinh-thanh.kinh-thanh-ban-dich-truyen-thong-fcbh.15--i-ti-mo-the.1ti-mo-the-05",
      "name": "1Ti-mô-thê_05",
      "count": 0,
      "isLeaf": null,
      "keyword": null,
      "hash": "U2FsdGVkX1+2FIEYrIrqwyCwmd7fjiZpmvaZfPbpJBeP8Z9LwMUKDYIPWRbvTNuCPhz4Efs+GSfDgwwVvptc4w==",
      "khash": "U2FsdGVkX18zsJG4UGz1kGP6zLgLBftp4LTB8xXM6RYtqVTUaTLVJN8mB8GrNWJDR0mH6ezJkUYzI6t9N3oNig==",
      "viewCount": null,
      "duration": "3:7",
      "size": 1521573
    },
    {
      "id": "c05f91d0-83b8-4b4b-842b-04ede158fc41",
      "pid": "cd577d4e-3be2-4ebe-9ed7-a19f0f6a3cba",
      "dblevel": 5,
      "location": "/VGMA/NgheKinhThanh/KinhThanhbandichTruyenThong_FCBH/15.ITi-mo-the/1Ti-mo-the_06",
      "isVideo": false,
      "url": "nghe-kinh-thanh.kinh-thanh-ban-dich-truyen-thong-fcbh.15--i-ti-mo-the.1ti-mo-the-06",
      "name": "1Ti-mô-thê_06",
      "count": 0,
      "isLeaf": null,
      "keyword": null,
      "hash": "U2FsdGVkX1/3LuHVuXSsrnvS48BVBc4ClFtxzZ7AXA8EEi1SQaG3rSwiP+7Juei1xcTeP93WH3csLSD5fe4i0g==",
      "khash": "U2FsdGVkX1864/tTGArxwNUw+i53QFLk8b2tc90l2g2IKw87t79A2GkQ78WEm8bHC15jqDi7DbDz0OwUpypDqw==",
      "viewCount": null,
      "duration": "3:24",
      "size": 1662216
    }
  ]
}