{
  "id": "c5fad8ad-03bc-48f1-9188-2f2c98395a9d",
  "pid": "b6259c37-62d4-4adf-a2a3-af086ef34f24",
  "dblevel": 4,
  "location": "/VGMA/NgheKinhThanh/KinhThanhbandichHienDai2017/HD28_O-se",
  "isVideo": false,
  "url": "nghe-kinh-thanh.kinh-thanh-ban-dich-hien-dai-2017.hd28-o-se",
  "name": "HD28_Ô-sê",
  "count": 14,
  "isLeaf": true,
  "keyword": null,
  "hash": null,
  "khash": null,
  "viewCount": null,
  "duration": null,
  "size": null,
  "children": [
    {
      "id": "80bc3c7f-0a40-4abc-a274-8a6cad752c2a",
      "pid": "c5fad8ad-03bc-48f1-9188-2f2c98395a9d",
      "dblevel": 5,
      "location": "/VGMA/NgheKinhThanh/KinhThanhbandichHienDai2017/HD28_O-se/O-se01",
      "isVideo": false,
      "url": "nghe-kinh-thanh.kinh-thanh-ban-dich-hien-dai-2017.hd28-o-se.o-se-01",
      "name": "Ô-sê 01",
      "count": 0,
      "isLeaf": null,
      "keyword": null,
      "hash": "U2FsdGVkX1/oLMNy0QppKsD5aprsO/FZUjBu8f2k1R1E07BVOdZa7Edhnrjwor1X7vG1WfV518WxYDS0BhDVkw==",
      "khash": "U2FsdGVkX19rde4OcCKYBUF5OD2F61yFzsVNu6R3M/7DFj2i1fAjYeqeEa8yTBXdSfq/9nDUlXnLSYDHCWzN/A==",
      "viewCount": null,
      "duration": "2:27",
      "size": 2377366
    },
    {
      "id": "1da21ec3-181d-4a08-84a6-8dd768ceb593",
      "pid": "c5fad8ad-03bc-48f1-9188-2f2c98395a9d",
      "dblevel": 5,
      "location": "/VGMA/NgheKinhThanh/KinhThanhbandichHienDai2017/HD28_O-se/O-se02",
      "isVideo": false,
      "url": "nghe-kinh-thanh.kinh-thanh-ban-dich-hien-dai-2017.hd28-o-se.o-se-02",
      "name": "Ô-sê 02",
      "count": 0,
      "isLeaf": null,
      "keyword": null,
      "hash": "U2FsdGVkX1/JVej8Ae0Nyn4yFMUosyMIny4RdC2z3Dr6rLEs/t0e7m3kYhTYBiL9cnt/YNWWTfxtqDqApJ87uw==",
      "khash": "U2FsdGVkX19c51rBdT5ZgZ18Xw3sEoAEnfufpsQBxpx0/tdUURVNfZK20th9CqfTgnxAdyT5m4LLmrH5opAd7g==",
      "viewCount": null,
      "duration": "4:18",
      "size": 4157833
    },
    {
      "id": "3987e1a2-5e69-4c03-8ef2-56aa0b45b495",
      "pid": "c5fad8ad-03bc-48f1-9188-2f2c98395a9d",
      "dblevel": 5,
      "location": "/VGMA/NgheKinhThanh/KinhThanhbandichHienDai2017/HD28_O-se/O-se03",
      "isVideo": false,
      "url": "nghe-kinh-thanh.kinh-thanh-ban-dich-hien-dai-2017.hd28-o-se.o-se-03",
      "name": "Ô-sê 03",
      "count": 0,
      "isLeaf": null,
      "keyword": null,
      "hash": "U2FsdGVkX186Sg8YYFmIArvnbKWHDKxzvzhOg5tggFiaVaJ0+ME16OlQhn1rC2bLmNeuqFPdY1I895oH13pN1Q==",
      "khash": null,
      "viewCount": null,
      "duration": "1:7",
      "size": 1095077
    },
    {
      "id": "0d108d78-d9b3-45ef-a490-17d1edef53ce",
      "pid": "c5fad8ad-03bc-48f1-9188-2f2c98395a9d",
      "dblevel": 5,
      "location": "/VGMA/NgheKinhThanh/KinhThanhbandichHienDai2017/HD28_O-se/O-se04",
      "isVideo": false,
      "url": "nghe-kinh-thanh.kinh-thanh-ban-dich-hien-dai-2017.hd28-o-se.o-se-04",
      "name": "Ô-sê 04",
      "count": 0,
      "isLeaf": null,
      "keyword": null,
      "hash": "U2FsdGVkX1/TQeP7/PbaX9nTcnuXpYbMA2T8lwq0OUqAGoDPRHsgT0dRuGDKCqS64INh8kiQNB7+lUnEZFG/Fg==",
      "khash": null,
      "viewCount": null,
      "duration": "3:21",
      "size": 3245369
    },
    {
      "id": "2badf93e-faf3-49a2-95b9-c335f90625f9",
      "pid": "c5fad8ad-03bc-48f1-9188-2f2c98395a9d",
      "dblevel": 5,
      "location": "/VGMA/NgheKinhThanh/KinhThanhbandichHienDai2017/HD28_O-se/O-se05",
      "isVideo": false,
      "url": "nghe-kinh-thanh.kinh-thanh-ban-dich-hien-dai-2017.hd28-o-se.o-se-05",
      "name": "Ô-sê 05",
      "count": 0,
      "isLeaf": null,
      "keyword": null,
      "hash": "U2FsdGVkX1+fEVLqOD3IAyUJ9doSeThQsKfGOQpSw/QEh295U/NfKwcvNAlbvQTPapp13zLd1pEaSAHqwiPbiw==",
      "khash": "U2FsdGVkX181OluGWr9zTONvewe5SAOPCHgBc8CMh/2NBv2vxxcYkG8J4qmZUra2HEwopcBCUzg1S4ZPpz6upQ==",
      "viewCount": null,
      "duration": "2:31",
      "size": 2445376
    },
    {
      "id": "5e582e69-7ed3-473f-9453-ccfc2189af32",
      "pid": "c5fad8ad-03bc-48f1-9188-2f2c98395a9d",
      "dblevel": 5,
      "location": "/VGMA/NgheKinhThanh/KinhThanhbandichHienDai2017/HD28_O-se/O-se06",
      "isVideo": false,
      "url": "nghe-kinh-thanh.kinh-thanh-ban-dich-hien-dai-2017.hd28-o-se.o-se-06",
      "name": "Ô-sê 06",
      "count": 0,
      "isLeaf": null,
      "keyword": null,
      "hash": "U2FsdGVkX19dECgtPoKbROjkpaomjE1Hxc/utdBbQcVXwArjkOZ4JN7WZbDDVRU2nJzDjrrMK0MtA2Casp6GXQ==",
      "khash": "U2FsdGVkX1+gMu6n4jpSUpSf0a4NIJUDD6dDYYQqJg/U6TcVPwZ55m/Ydz8nb2C0l7QhOzKWFaHV5BkGRNS4OQ==",
      "viewCount": null,
      "duration": "1:42",
      "size": 1664563
    },
    {
      "id": "88495495-257a-4787-bb13-74f757f89825",
      "pid": "c5fad8ad-03bc-48f1-9188-2f2c98395a9d",
      "dblevel": 5,
      "location": "/VGMA/NgheKinhThanh/KinhThanhbandichHienDai2017/HD28_O-se/O-se07",
      "isVideo": false,
      "url": "nghe-kinh-thanh.kinh-thanh-ban-dich-hien-dai-2017.hd28-o-se.o-se-07",
      "name": "Ô-sê 07",
      "count": 0,
      "isLeaf": null,
      "keyword": null,
      "hash": "U2FsdGVkX18PGe0I1Sp0lOdC2py952GRkLc8AYYO1Lu3wY5ZFLfuClFdF0zw9cY7edR7bgXiwVn4Acb59V0Cbw==",
      "khash": null,
      "viewCount": null,
      "duration": "2:30",
      "size": 2427405
    },
    {
      "id": "ebf3752a-9392-42de-9a09-78fc9d06ed6c",
      "pid": "c5fad8ad-03bc-48f1-9188-2f2c98395a9d",
      "dblevel": 5,
      "location": "/VGMA/NgheKinhThanh/KinhThanhbandichHienDai2017/HD28_O-se/O-se08",
      "isVideo": false,
      "url": "nghe-kinh-thanh.kinh-thanh-ban-dich-hien-dai-2017.hd28-o-se.o-se-08",
      "name": "Ô-sê 08",
      "count": 0,
      "isLeaf": null,
      "keyword": null,
      "hash": "U2FsdGVkX19Ahb6W/FPjztFGDcwXFWNFD+pxeTo0g15Li474FSaa0kaXctOP59vXVbGb9Cl0JwVE5N/0HLTMJQ==",
      "khash": "U2FsdGVkX19BUyBh8QGo9o2+iwnatNOhZ1ij8+zjh/QJ6smqTG6dQYzhDF+GlICeqxpf88m1WBHSdYLeEyRE1A==",
      "viewCount": null,
      "duration": "2:24",
      "size": 2330984
    },
    {
      "id": "74ae4b3c-d6f2-4634-b1f7-3573963f2b0b",
      "pid": "c5fad8ad-03bc-48f1-9188-2f2c98395a9d",
      "dblevel": 5,
      "location": "/VGMA/NgheKinhThanh/KinhThanhbandichHienDai2017/HD28_O-se/O-se09",
      "isVideo": false,
      "url": "nghe-kinh-thanh.kinh-thanh-ban-dich-hien-dai-2017.hd28-o-se.o-se-09",
      "name": "Ô-sê 09",
      "count": 0,
      "isLeaf": null,
      "keyword": null,
      "hash": "U2FsdGVkX1/uNDpIzJdE/ueLtb0nmrbS93hujBBKZVBy+XLCnZx5uBZL/9x1Drn+TOmfY61mvqycRPjyGMroCA==",
      "khash": "U2FsdGVkX195ZXxGvlRNEi98VWTuzrP3tW9piBU5zFJny217ieag6MI+Xr8ZSVZSbsmCzV6atWqv/NJsionHDg==",
      "viewCount": null,
      "duration": "3:22",
      "size": 3267707
    },
    {
      "id": "fbc76008-f7fd-40e9-b63d-5d2ee3736b65",
      "pid": "c5fad8ad-03bc-48f1-9188-2f2c98395a9d",
      "dblevel": 5,
      "location": "/VGMA/NgheKinhThanh/KinhThanhbandichHienDai2017/HD28_O-se/O-se10",
      "isVideo": false,
      "url": "nghe-kinh-thanh.kinh-thanh-ban-dich-hien-dai-2017.hd28-o-se.o-se-10",
      "name": "Ô-sê 10",
      "count": 0,
      "isLeaf": null,
      "keyword": null,
      "hash": "U2FsdGVkX1/FqwLqLYtW3sdtSVazFNMx+CtIpeXV1aKfxgA9lZn/r2gOLQbcC3vRj5KDJiiYnxShMtc+PHOhhQ==",
      "khash": "U2FsdGVkX18BMy8xHXsRYauooiZ6ybeEvV5fphiHmn8ftSs3jJEP3FdQdlb1GF/+oK9eaRN6NPRS+RdGM5lfnA==",
      "viewCount": null,
      "duration": "3:14",
      "size": 3126250
    },
    {
      "id": "55a4daa5-0394-468e-a2c9-6c1c7691ab4e",
      "pid": "c5fad8ad-03bc-48f1-9188-2f2c98395a9d",
      "dblevel": 5,
      "location": "/VGMA/NgheKinhThanh/KinhThanhbandichHienDai2017/HD28_O-se/O-se11",
      "isVideo": false,
      "url": "nghe-kinh-thanh.kinh-thanh-ban-dich-hien-dai-2017.hd28-o-se.o-se-11",
      "name": "Ô-sê 11",
      "count": 0,
      "isLeaf": null,
      "keyword": null,
      "hash": "U2FsdGVkX19l2HG2te95qeSo3+FH6xAc1MQw2itWzC4pHx6fxuTIaOnrwu/iXtxm/232qua2bgg5cfgB/H94RQ==",
      "khash": "U2FsdGVkX19+Ute2Z49GvQb5JrbM8168q3rghZIIl01WW1+AojxOObXzdYGW5Qaw4xLDt6HZ3M8JWo4Ks0OUFw==",
      "viewCount": null,
      "duration": "2:8",
      "size": 2073232
    },
    {
      "id": "3edb7b22-97e5-428d-83f1-043e8207f493",
      "pid": "c5fad8ad-03bc-48f1-9188-2f2c98395a9d",
      "dblevel": 5,
      "location": "/VGMA/NgheKinhThanh/KinhThanhbandichHienDai2017/HD28_O-se/O-se12",
      "isVideo": false,
      "url": "nghe-kinh-thanh.kinh-thanh-ban-dich-hien-dai-2017.hd28-o-se.o-se-12",
      "name": "Ô-sê 12",
      "count": 0,
      "isLeaf": null,
      "keyword": null,
      "hash": "U2FsdGVkX19ZDmeJaz5yjLjlMGP9exZZ8yu5uMmhbEjMaqvd5QnItlM4LqRGrAGrV0Lxs17iePbbgOZDfx8xiw==",
      "khash": null,
      "viewCount": null,
      "duration": "2:10",
      "size": 2105511
    },
    {
      "id": "7219b33d-26dc-429b-b3f9-dd4b183aea8c",
      "pid": "c5fad8ad-03bc-48f1-9188-2f2c98395a9d",
      "dblevel": 5,
      "location": "/VGMA/NgheKinhThanh/KinhThanhbandichHienDai2017/HD28_O-se/O-se13",
      "isVideo": false,
      "url": "nghe-kinh-thanh.kinh-thanh-ban-dich-hien-dai-2017.hd28-o-se.o-se-13",
      "name": "Ô-sê 13",
      "count": 0,
      "isLeaf": null,
      "keyword": null,
      "hash": "U2FsdGVkX18ajbEmbSKcJxKTSj7+gMC19LjdjoZf9PPFJKP7tKtz8Q2WBzx5+pkxXwW6/g3fAL1LGR1GegxuDg==",
      "khash": "U2FsdGVkX19KVChe7Ckv6HnAoQTHZgIelKmoH0Bm1AaFEG+xn+6486QV40Kyh6wahi3SemYuR2nZawf2QogqRg==",
      "viewCount": null,
      "duration": "2:50",
      "size": 2741995
    },
    {
      "id": "f19da7d6-5311-465f-ada8-5dca76501b55",
      "pid": "c5fad8ad-03bc-48f1-9188-2f2c98395a9d",
      "dblevel": 5,
      "location": "/VGMA/NgheKinhThanh/KinhThanhbandichHienDai2017/HD28_O-se/O-se14",
      "isVideo": false,
      "url": "nghe-kinh-thanh.kinh-thanh-ban-dich-hien-dai-2017.hd28-o-se.o-se-14",
      "name": "Ô-sê 14",
      "count": 0,
      "isLeaf": null,
      "keyword": null,
      "hash": "U2FsdGVkX1/iAep9ONvGzYfjKB0Dh6mCBTuteHdxjm2rBORGuKYLhBp0P3kQSxmYXJsXAesgzqjCdY6YBgTEHw==",
      "khash": "U2FsdGVkX1+wCp7pYpbbVRKQzETnkHapnOaVODSmFkz0Uu31haPvaAIJppHzUeaeH4jDhwyWnB3jpfT7pgszOg==",
      "viewCount": null,
      "duration": "1:47",
      "size": 1732437
    }
  ]
}