{
  "id": "dc4e6e7f-99fa-46d1-a4e8-19a987dda45b",
  "pid": "b6259c37-62d4-4adf-a2a3-af086ef34f24",
  "dblevel": 4,
  "location": "/VGMA/NgheKinhThanh/KinhThanhbandichHienDai2017/HD18_Giop",
  "isVideo": false,
  "url": "nghe-kinh-thanh.kinh-thanh-ban-dich-hien-dai-2017.hd18-giop",
  "name": "HD18_Gióp",
  "count": 42,
  "isLeaf": true,
  "keyword": null,
  "hash": null,
  "khash": null,
  "viewCount": null,
  "duration": null,
  "size": null,
  "children": [
    {
      "id": "4c5d4697-67d9-4a06-bbce-f38301ee583f",
      "pid": "dc4e6e7f-99fa-46d1-a4e8-19a987dda45b",
      "dblevel": 5,
      "location": "/VGMA/NgheKinhThanh/KinhThanhbandichHienDai2017/HD18_Giop/Giop01",
      "isVideo": false,
      "url": "nghe-kinh-thanh.kinh-thanh-ban-dich-hien-dai-2017.hd18-giop.giop-01",
      "name": "Gióp 01",
      "count": 0,
      "isLeaf": null,
      "keyword": null,
      "hash": "U2FsdGVkX188uY+5B8qgSIwBDvR1pxw+1bK8HvUxqd6L9ZRwaCjOzCbuE1AiTw45hMSc1Md/7Wrh0NGhV0cPYw==",
      "khash": "U2FsdGVkX19UlTUVBhdcV6fsahZbBziBzBv/oNYwu6knS5taeo9TpClXWToJVr3E5dFAGA7h1PGs3sVRsbL9Fg==",
      "viewCount": null,
      "duration": "3:40",
      "size": 3550802
    },
    {
      "id": "9ce0110c-b16d-418e-a162-07bb4f5f1d0a",
      "pid": "dc4e6e7f-99fa-46d1-a4e8-19a987dda45b",
      "dblevel": 5,
      "location": "/VGMA/NgheKinhThanh/KinhThanhbandichHienDai2017/HD18_Giop/Giop02",
      "isVideo": false,
      "url": "nghe-kinh-thanh.kinh-thanh-ban-dich-hien-dai-2017.hd18-giop.giop-02",
      "name": "Gióp 02",
      "count": 0,
      "isLeaf": null,
      "keyword": null,
      "hash": "U2FsdGVkX18+p9iGLJ6Cpg4sUsdAK8E0DVztSawkIXceU9cX4BXfPoxrfl8KkF2doAvmeJ4RSsrLl1wL9irlYg==",
      "khash": "U2FsdGVkX1/Vu9BQvh2uJvxSvjwEgeXtRmc2v4BPRhto/peq05gMpscloM2RJdieix2ECq++CyP9wyeHRrow6Q==",
      "viewCount": null,
      "duration": "2:12",
      "size": 2146009
    },
    {
      "id": "305796b7-5a7c-489c-ae59-34feb3d3117c",
      "pid": "dc4e6e7f-99fa-46d1-a4e8-19a987dda45b",
      "dblevel": 5,
      "location": "/VGMA/NgheKinhThanh/KinhThanhbandichHienDai2017/HD18_Giop/Giop03",
      "isVideo": false,
      "url": "nghe-kinh-thanh.kinh-thanh-ban-dich-hien-dai-2017.hd18-giop.giop-03",
      "name": "Gióp 03",
      "count": 0,
      "isLeaf": null,
      "keyword": null,
      "hash": "U2FsdGVkX1+OByD+++VsAI1KHJNmd9oTzNv2vVP7CkWu8LiKovyV/nrHXJFK5JoYch0uIqQRog+e/yOfb5/MCA==",
      "khash": "U2FsdGVkX18qSPDfL6Mm5iSO1hvwKR1rF/jspEKeLPh9uTqce9t8ZURzYoBktVrre9HDw+bQzHRBtmhTmJVYzQ==",
      "viewCount": null,
      "duration": "2:45",
      "size": 2674234
    },
    {
      "id": "41dac403-a980-409b-9e86-13469333bd04",
      "pid": "dc4e6e7f-99fa-46d1-a4e8-19a987dda45b",
      "dblevel": 5,
      "location": "/VGMA/NgheKinhThanh/KinhThanhbandichHienDai2017/HD18_Giop/Giop04",
      "isVideo": false,
      "url": "nghe-kinh-thanh.kinh-thanh-ban-dich-hien-dai-2017.hd18-giop.giop-04",
      "name": "Gióp 04",
      "count": 0,
      "isLeaf": null,
      "keyword": null,
      "hash": "U2FsdGVkX18rslVwmQ0WfjbTuFzXe4fme6c49NqpjvtHLTPNwH1pNAxiDtDHJJBtYyUlparS2fi8CjPn8WaaPg==",
      "khash": "U2FsdGVkX19ocUyC1xxFdSCX1cK6XwUL4d7nhhsXTUanaZi1MVNZK+d4CiGcfsnXS5JYgYCtZfSOZH2CRnSjVQ==",
      "viewCount": null,
      "duration": "2:21",
      "size": 2287195
    },
    {
      "id": "f8c18175-afb3-4381-b9bb-5ea989f267b0",
      "pid": "dc4e6e7f-99fa-46d1-a4e8-19a987dda45b",
      "dblevel": 5,
      "location": "/VGMA/NgheKinhThanh/KinhThanhbandichHienDai2017/HD18_Giop/Giop05",
      "isVideo": false,
      "url": "nghe-kinh-thanh.kinh-thanh-ban-dich-hien-dai-2017.hd18-giop.giop-05",
      "name": "Gióp 05",
      "count": 0,
      "isLeaf": null,
      "keyword": null,
      "hash": "U2FsdGVkX19nnZIbQ5/uI69rosnwT04JToKSWB0uLeVf1veGrFqwSvRQDgrQmEDrQWJlGQ8N617C63dk/7zhmw==",
      "khash": "U2FsdGVkX1/kCu80wB6euSryfTSf1OTBlx+fH0eDQtwUIQ1NdtrfRQ3jJbShy6FVmhEABxeuOJDP75nxAUCbVQ==",
      "viewCount": null,
      "duration": "2:43",
      "size": 2641094
    },
    {
      "id": "240faeba-3dfa-4d5f-ace4-5766362c1466",
      "pid": "dc4e6e7f-99fa-46d1-a4e8-19a987dda45b",
      "dblevel": 5,
      "location": "/VGMA/NgheKinhThanh/KinhThanhbandichHienDai2017/HD18_Giop/Giop06",
      "isVideo": false,
      "url": "nghe-kinh-thanh.kinh-thanh-ban-dich-hien-dai-2017.hd18-giop.giop-06",
      "name": "Gióp 06",
      "count": 0,
      "isLeaf": null,
      "keyword": null,
      "hash": "U2FsdGVkX18e9lmp6Z9vNwtMCzwOwSWtmcxUmlImLmPjgLdhUz+B/PZgCQnecL5vAajE8YZf0NyxZAYuzOv7VA==",
      "khash": "U2FsdGVkX19rX3YoQYnbdFjqe1xkiGWJ8/BtzIKZawl/wFf1Em7dRKmiHyIkY+UtbOpKUDO2wex5/2I8osd7ng==",
      "viewCount": null,
      "duration": "3:1",
      "size": 2930546
    },
    {
      "id": "83755ce9-973a-432a-96e3-053ef7aa2985",
      "pid": "dc4e6e7f-99fa-46d1-a4e8-19a987dda45b",
      "dblevel": 5,
      "location": "/VGMA/NgheKinhThanh/KinhThanhbandichHienDai2017/HD18_Giop/Giop07",
      "isVideo": false,
      "url": "nghe-kinh-thanh.kinh-thanh-ban-dich-hien-dai-2017.hd18-giop.giop-07",
      "name": "Gióp 07",
      "count": 0,
      "isLeaf": null,
      "keyword": null,
      "hash": "U2FsdGVkX189l30jQtUkbMHvsceiRfHZOQSkMWQudWT8B7bDzEkEjeJaVaLz73FLJgvFKzEbj5/9ESKLRsLbHw==",
      "khash": "U2FsdGVkX186NdJ7DTx3DTbC9Qn8kkMOOIKylLF6TwQ5w/f/fYp3yzMnLgQ0Y2Q8xbd9HYpiNL3f7xBmmgdAkg==",
      "viewCount": null,
      "duration": "2:22",
      "size": 2308794
    },
    {
      "id": "e933c88b-282d-4d6a-94e0-97ba5b62b546",
      "pid": "dc4e6e7f-99fa-46d1-a4e8-19a987dda45b",
      "dblevel": 5,
      "location": "/VGMA/NgheKinhThanh/KinhThanhbandichHienDai2017/HD18_Giop/Giop08",
      "isVideo": false,
      "url": "nghe-kinh-thanh.kinh-thanh-ban-dich-hien-dai-2017.hd18-giop.giop-08",
      "name": "Gióp 08",
      "count": 0,
      "isLeaf": null,
      "keyword": null,
      "hash": "U2FsdGVkX19w9xSOkY0iAvSCpohllPLZvGvA5f8VZTSDadG+/EHt5ouaHocadiANP6Deykn3LgQ/0Ak8xGt0JQ==",
      "khash": null,
      "viewCount": null,
      "duration": "2:10",
      "size": 2112102
    },
    {
      "id": "ca380088-abe3-4d16-b509-8a7b0c5920bf",
      "pid": "dc4e6e7f-99fa-46d1-a4e8-19a987dda45b",
      "dblevel": 5,
      "location": "/VGMA/NgheKinhThanh/KinhThanhbandichHienDai2017/HD18_Giop/Giop09",
      "isVideo": false,
      "url": "nghe-kinh-thanh.kinh-thanh-ban-dich-hien-dai-2017.hd18-giop.giop-09",
      "name": "Gióp 09",
      "count": 0,
      "isLeaf": null,
      "keyword": null,
      "hash": "U2FsdGVkX198V4SqpZwGakJCjR9GSQgmW0Gg4CHXKwmbdD9GzzbWwntY9OUEPYoVKGDfcjmHv69jK9i/UZgdpQ==",
      "khash": null,
      "viewCount": null,
      "duration": "3:37",
      "size": 3515415
    },
    {
      "id": "45c99956-c044-4a41-811c-133b674e4379",
      "pid": "dc4e6e7f-99fa-46d1-a4e8-19a987dda45b",
      "dblevel": 5,
      "location": "/VGMA/NgheKinhThanh/KinhThanhbandichHienDai2017/HD18_Giop/Giop10",
      "isVideo": false,
      "url": "nghe-kinh-thanh.kinh-thanh-ban-dich-hien-dai-2017.hd18-giop.giop-10",
      "name": "Gióp 10",
      "count": 0,
      "isLeaf": null,
      "keyword": null,
      "hash": "U2FsdGVkX19ITWcz9es20J4G7jKjsP7MPvgA2yGeb9+GpnSgk+o7KhJCs+cuMvZuGQ7V6XzGLzfXnDXcdRuYbA==",
      "khash": "U2FsdGVkX19QTuZ4vQiCKqQmm3opknpfU3rAPyXP1DLRr3rAf89YQZt+Si9Ad18En6FDOhVW0YP62EYehAuY/Q==",
      "viewCount": null,
      "duration": "2:31",
      "size": 2445531
    },
    {
      "id": "b26cc9b9-a9e0-4af2-b24b-d3fe1b547d43",
      "pid": "dc4e6e7f-99fa-46d1-a4e8-19a987dda45b",
      "dblevel": 5,
      "location": "/VGMA/NgheKinhThanh/KinhThanhbandichHienDai2017/HD18_Giop/Giop11",
      "isVideo": false,
      "url": "nghe-kinh-thanh.kinh-thanh-ban-dich-hien-dai-2017.hd18-giop.giop-11",
      "name": "Gióp 11",
      "count": 0,
      "isLeaf": null,
      "keyword": null,
      "hash": "U2FsdGVkX18KOU4+jIhzaehyPjBrs68CRDut16c0ip6kKCFSzP1U+rcLoYlJ7EdItw7sx7PgdDXYKammVUt6mw==",
      "khash": "U2FsdGVkX18tyxOc/ImjAkLsPO7lyzjyybiHOJnQf56n4bhpotBIgBn2b0AIrtMGXZJMsL3uhIBC2N9QSQAPfA==",
      "viewCount": null,
      "duration": "2:2",
      "size": 1982653
    },
    {
      "id": "59bb98e3-ed14-48c7-84b1-4e1b5aeb96c4",
      "pid": "dc4e6e7f-99fa-46d1-a4e8-19a987dda45b",
      "dblevel": 5,
      "location": "/VGMA/NgheKinhThanh/KinhThanhbandichHienDai2017/HD18_Giop/Giop12",
      "isVideo": false,
      "url": "nghe-kinh-thanh.kinh-thanh-ban-dich-hien-dai-2017.hd18-giop.giop-12",
      "name": "Gióp 12",
      "count": 0,
      "isLeaf": null,
      "keyword": null,
      "hash": "U2FsdGVkX19yjfh7KunMJKBJAPlVCPFpX4prhq5g84t50BsZwiVbkGg2acTP+A6brKpZY1KFd1JSIaKpDA4YEA==",
      "khash": "U2FsdGVkX18zyF07MNrJhjLFHJnP8BoSf327M+dfQWBRHiZs0ECz/NzKxirXa1znm5/ncQfm4/8M3XEatvanBg==",
      "viewCount": null,
      "duration": "2:36",
      "size": 2525822
    },
    {
      "id": "5caa73f6-bbd5-42f3-8112-16c914f49cf2",
      "pid": "dc4e6e7f-99fa-46d1-a4e8-19a987dda45b",
      "dblevel": 5,
      "location": "/VGMA/NgheKinhThanh/KinhThanhbandichHienDai2017/HD18_Giop/Giop13",
      "isVideo": false,
      "url": "nghe-kinh-thanh.kinh-thanh-ban-dich-hien-dai-2017.hd18-giop.giop-13",
      "name": "Gióp 13",
      "count": 0,
      "isLeaf": null,
      "keyword": null,
      "hash": "U2FsdGVkX18B64KuSE+07aRwO1s+FqC6nN93Hbbdw3VxwRZb1dNSbw+oww8oj5W7SjZIDW3N7jAJpiwwBkovUg==",
      "khash": null,
      "viewCount": null,
      "duration": "2:51",
      "size": 2766706
    },
    {
      "id": "8f08fa31-c54e-4adc-a14f-18e9c4e54849",
      "pid": "dc4e6e7f-99fa-46d1-a4e8-19a987dda45b",
      "dblevel": 5,
      "location": "/VGMA/NgheKinhThanh/KinhThanhbandichHienDai2017/HD18_Giop/Giop14",
      "isVideo": false,
      "url": "nghe-kinh-thanh.kinh-thanh-ban-dich-hien-dai-2017.hd18-giop.giop-14",
      "name": "Gióp 14",
      "count": 0,
      "isLeaf": null,
      "keyword": null,
      "hash": "U2FsdGVkX18LhisiZOTwT5X3SrQfRxF5iIQ6MgF7RGu9794+gC5bE+LkSj6Cb3g6Z73HxpQNynKtjcKuy2mwyA==",
      "khash": null,
      "viewCount": null,
      "duration": "2:24",
      "size": 2330145
    },
    {
      "id": "4cc6736d-7677-433e-bac3-372fb0d68c90",
      "pid": "dc4e6e7f-99fa-46d1-a4e8-19a987dda45b",
      "dblevel": 5,
      "location": "/VGMA/NgheKinhThanh/KinhThanhbandichHienDai2017/HD18_Giop/Giop15",
      "isVideo": false,
      "url": "nghe-kinh-thanh.kinh-thanh-ban-dich-hien-dai-2017.hd18-giop.giop-15",
      "name": "Gióp 15",
      "count": 0,
      "isLeaf": null,
      "keyword": null,
      "hash": "U2FsdGVkX19YSjl+zpEZNTNG2maltXjEfesnM0yhKO+C3w94U6J9I0W+FZOKKPxtSWNszrt59TQK3lDKhr2B8Q==",
      "khash": null,
      "viewCount": null,
      "duration": "3:32",
      "size": 3422093
    },
    {
      "id": "5892b6e8-012d-4828-ac65-9e6809ecb33d",
      "pid": "dc4e6e7f-99fa-46d1-a4e8-19a987dda45b",
      "dblevel": 5,
      "location": "/VGMA/NgheKinhThanh/KinhThanhbandichHienDai2017/HD18_Giop/Giop16",
      "isVideo": false,
      "url": "nghe-kinh-thanh.kinh-thanh-ban-dich-hien-dai-2017.hd18-giop.giop-16",
      "name": "Gióp 16",
      "count": 0,
      "isLeaf": null,
      "keyword": null,
      "hash": "U2FsdGVkX1/G9OV00mv91SPcg+9i8Mbu2datYmD4nHOOA3FCL/DaDJEBhEsxqfXxPiPP1Autnmn9RDR7T2yb+w==",
      "khash": null,
      "viewCount": null,
      "duration": "2:23",
      "size": 2323426
    },
    {
      "id": "51a2f131-63e4-4259-9bee-40caddafbe9f",
      "pid": "dc4e6e7f-99fa-46d1-a4e8-19a987dda45b",
      "dblevel": 5,
      "location": "/VGMA/NgheKinhThanh/KinhThanhbandichHienDai2017/HD18_Giop/Giop17",
      "isVideo": false,
      "url": "nghe-kinh-thanh.kinh-thanh-ban-dich-hien-dai-2017.hd18-giop.giop-17",
      "name": "Gióp 17",
      "count": 0,
      "isLeaf": null,
      "keyword": null,
      "hash": "U2FsdGVkX1+wKd249KTztp3juv6ryFZnMG0/oLGXXwhCEEdvsDkDRlyuxA6M992gzjBr2/XJ52X3OHIwPQu3kA==",
      "khash": null,
      "viewCount": null,
      "duration": "1:39",
      "size": 1611004
    },
    {
      "id": "b8aaca26-1d60-4d83-9af9-beee23538088",
      "pid": "dc4e6e7f-99fa-46d1-a4e8-19a987dda45b",
      "dblevel": 5,
      "location": "/VGMA/NgheKinhThanh/KinhThanhbandichHienDai2017/HD18_Giop/Giop18",
      "isVideo": false,
      "url": "nghe-kinh-thanh.kinh-thanh-ban-dich-hien-dai-2017.hd18-giop.giop-18",
      "name": "Gióp 18",
      "count": 0,
      "isLeaf": null,
      "keyword": null,
      "hash": "U2FsdGVkX1884VMGPjJoB0wZdv56+YyWoGQq0gIEO0p7IzpsiB2VMwELu+34e33aJ7edH9Q9k/AM7VV3q4cBEg==",
      "khash": null,
      "viewCount": null,
      "duration": "2:2",
      "size": 1981620
    },
    {
      "id": "13ed366a-756b-494a-8037-77939c4d78a1",
      "pid": "dc4e6e7f-99fa-46d1-a4e8-19a987dda45b",
      "dblevel": 5,
      "location": "/VGMA/NgheKinhThanh/KinhThanhbandichHienDai2017/HD18_Giop/Giop19",
      "isVideo": false,
      "url": "nghe-kinh-thanh.kinh-thanh-ban-dich-hien-dai-2017.hd18-giop.giop-19",
      "name": "Gióp 19",
      "count": 0,
      "isLeaf": null,
      "keyword": null,
      "hash": "U2FsdGVkX1+EBxutxPNaKH1PxuHeHBi8bCiKQMY0dFCX2vrW6Ym0wXfKBFL9/KBVc83tACRGF2filicWb+ZkDw==",
      "khash": null,
      "viewCount": null,
      "duration": "2:53",
      "size": 2798396
    },
    {
      "id": "f15b6815-d0df-49a7-9b96-f0d1d4fd1bb6",
      "pid": "dc4e6e7f-99fa-46d1-a4e8-19a987dda45b",
      "dblevel": 5,
      "location": "/VGMA/NgheKinhThanh/KinhThanhbandichHienDai2017/HD18_Giop/Giop20",
      "isVideo": false,
      "url": "nghe-kinh-thanh.kinh-thanh-ban-dich-hien-dai-2017.hd18-giop.giop-20",
      "name": "Gióp 20",
      "count": 0,
      "isLeaf": null,
      "keyword": null,
      "hash": "U2FsdGVkX18kpi5STEDWRlGaWroalWvwIy0kyRtQduh+GNIBTVZ3OaclZiaikXljCEN7DyYVgGQJNA0wjgulmQ==",
      "khash": null,
      "viewCount": null,
      "duration": "2:53",
      "size": 2801732
    },
    {
      "id": "862d5dda-f12b-49f4-bd8a-f2e8bb914041",
      "pid": "dc4e6e7f-99fa-46d1-a4e8-19a987dda45b",
      "dblevel": 5,
      "location": "/VGMA/NgheKinhThanh/KinhThanhbandichHienDai2017/HD18_Giop/Giop21",
      "isVideo": false,
      "url": "nghe-kinh-thanh.kinh-thanh-ban-dich-hien-dai-2017.hd18-giop.giop-21",
      "name": "Gióp 21",
      "count": 0,
      "isLeaf": null,
      "keyword": null,
      "hash": "U2FsdGVkX1+FahPOTDsPVM73IhqEJcBApdlfmyvxeOYEDx54p8wnQOqoNu0VmkGAHmEV6+Gyc6Ao2Yw9ktCzbw==",
      "khash": "U2FsdGVkX1+CL+OfNQ/zB/D3XnbfuI6EwyOnQMUa8aWLCw7qQRtP6bQA+2hhEcvJEAP8i6zj9vO8HZgwWIHfXw==",
      "viewCount": null,
      "duration": "3:25",
      "size": 3312289
    },
    {
      "id": "4fa2e538-3c7c-4628-9e60-c17eb4afd1e5",
      "pid": "dc4e6e7f-99fa-46d1-a4e8-19a987dda45b",
      "dblevel": 5,
      "location": "/VGMA/NgheKinhThanh/KinhThanhbandichHienDai2017/HD18_Giop/Giop22",
      "isVideo": false,
      "url": "nghe-kinh-thanh.kinh-thanh-ban-dich-hien-dai-2017.hd18-giop.giop-22",
      "name": "Gióp 22",
      "count": 0,
      "isLeaf": null,
      "keyword": null,
      "hash": "U2FsdGVkX1+Df1ajwYl88YOOWs0XA+2Ga9grrIlbaFPTL2tkv7TOEk0NRATAzxVFpSCMTaM4rMxl7tS9mRhloA==",
      "khash": "U2FsdGVkX19JlKEIKwWOo+YGmtXayyI5Ln6IY1zmXH66Pdp1c6IYKE6SzSV6rd69iKvt/1E18d4xgQQLI2W9Bw==",
      "viewCount": null,
      "duration": "3:6",
      "size": 3004859
    },
    {
      "id": "2cf8e39e-9490-46a3-a6ac-71a20375fa82",
      "pid": "dc4e6e7f-99fa-46d1-a4e8-19a987dda45b",
      "dblevel": 5,
      "location": "/VGMA/NgheKinhThanh/KinhThanhbandichHienDai2017/HD18_Giop/Giop23",
      "isVideo": false,
      "url": "nghe-kinh-thanh.kinh-thanh-ban-dich-hien-dai-2017.hd18-giop.giop-23",
      "name": "Gióp 23",
      "count": 0,
      "isLeaf": null,
      "keyword": null,
      "hash": "U2FsdGVkX18TVzJT3N6M9/nAEOqxH/u/5kkqQenp8d7bTyB0fm1WYNAc7qAqkHHq841yur6/4l+KACJpF2Razg==",
      "khash": "U2FsdGVkX1/asva5OlNt4wZ/dHI1VPxX7nHPxvS7WHLse922GaLxbZDXv2fLG4UHObfAKFH0ndj1S1wAcyxLng==",
      "viewCount": null,
      "duration": "1:46",
      "size": 1723223
    },
    {
      "id": "9eb8f1a5-ac88-41b3-afb2-f77d9a4c759a",
      "pid": "dc4e6e7f-99fa-46d1-a4e8-19a987dda45b",
      "dblevel": 5,
      "location": "/VGMA/NgheKinhThanh/KinhThanhbandichHienDai2017/HD18_Giop/Giop24",
      "isVideo": false,
      "url": "nghe-kinh-thanh.kinh-thanh-ban-dich-hien-dai-2017.hd18-giop.giop-24",
      "name": "Gióp 24",
      "count": 0,
      "isLeaf": null,
      "keyword": null,
      "hash": "U2FsdGVkX1/mzVe+ci3LA1gwNU8K4cVbIJdEnEvbpBuT1AHtHD2PPep78kfJRqf5gRczeX83fvXnn/C1Wrn8eA==",
      "khash": null,
      "viewCount": null,
      "duration": "2:57",
      "size": 2863675
    },
    {
      "id": "00519500-7917-4a81-a0bd-ebb62f294d06",
      "pid": "dc4e6e7f-99fa-46d1-a4e8-19a987dda45b",
      "dblevel": 5,
      "location": "/VGMA/NgheKinhThanh/KinhThanhbandichHienDai2017/HD18_Giop/Giop25",
      "isVideo": false,
      "url": "nghe-kinh-thanh.kinh-thanh-ban-dich-hien-dai-2017.hd18-giop.giop-25",
      "name": "Gióp 25",
      "count": 0,
      "isLeaf": null,
      "keyword": null,
      "hash": "U2FsdGVkX1+qWV7N+MnQB/z+G0HE2apgLaPp6DaNhUHRdUQefVzRf/F/4dFpby6YyQljn8yKUn570GMMUPL10Q==",
      "khash": "U2FsdGVkX19YyA4KAryCvMlk7QxSaBUoTtHw6T/AE5UvJoYnGitNLrBImmPszH9HZavK3Rcg358Aw9zgdxjw/A==",
      "viewCount": null,
      "duration": "0:42",
      "size": 687798
    },
    {
      "id": "84351003-b839-48dc-86fa-6dcd1fafa352",
      "pid": "dc4e6e7f-99fa-46d1-a4e8-19a987dda45b",
      "dblevel": 5,
      "location": "/VGMA/NgheKinhThanh/KinhThanhbandichHienDai2017/HD18_Giop/Giop26",
      "isVideo": false,
      "url": "nghe-kinh-thanh.kinh-thanh-ban-dich-hien-dai-2017.hd18-giop.giop-26",
      "name": "Gióp 26",
      "count": 0,
      "isLeaf": null,
      "keyword": null,
      "hash": "U2FsdGVkX1+vbZt+L0E8QrwWJBsToNDoecMquk69TWZKKerHWPavi9wxV6Uy7mhsI5jcS+wFIxOzEo2iiW1THw==",
      "khash": null,
      "viewCount": null,
      "duration": "1:19",
      "size": 1291069
    },
    {
      "id": "90bd51c8-c96a-4792-9787-1e8d368c1161",
      "pid": "dc4e6e7f-99fa-46d1-a4e8-19a987dda45b",
      "dblevel": 5,
      "location": "/VGMA/NgheKinhThanh/KinhThanhbandichHienDai2017/HD18_Giop/Giop27",
      "isVideo": false,
      "url": "nghe-kinh-thanh.kinh-thanh-ban-dich-hien-dai-2017.hd18-giop.giop-27",
      "name": "Gióp 27",
      "count": 0,
      "isLeaf": null,
      "keyword": null,
      "hash": "U2FsdGVkX19JmX2sVb189kM4v+4zJoRfj0SCOocrHoE70yE6zkV77RhFsdZ4nm/gqmGU2HJ4za5mxNaNoX7B9Q==",
      "khash": null,
      "viewCount": null,
      "duration": "2:14",
      "size": 2178783
    },
    {
      "id": "f4115bd3-c417-4513-9ff7-1128bb2b1ab6",
      "pid": "dc4e6e7f-99fa-46d1-a4e8-19a987dda45b",
      "dblevel": 5,
      "location": "/VGMA/NgheKinhThanh/KinhThanhbandichHienDai2017/HD18_Giop/Giop28",
      "isVideo": false,
      "url": "nghe-kinh-thanh.kinh-thanh-ban-dich-hien-dai-2017.hd18-giop.giop-28",
      "name": "Gióp 28",
      "count": 0,
      "isLeaf": null,
      "keyword": null,
      "hash": "U2FsdGVkX1/DYV6Y4AgZJyvsv+ft2OsUZKJbgynvqicRXRRtYMGQ49N1z0MHZVE8g7HOB7FTKn0JwKaVXjZb0g==",
      "khash": "U2FsdGVkX1/+9G9hX5U9ZYr1NniJrPi80ksMWtyKqoST+w/57jkgl8wvd8/i7JsNR9DxFxm9ykchWgnlehSG8Q==",
      "viewCount": null,
      "duration": "2:46",
      "size": 2689513
    },
    {
      "id": "8f9c75be-36e9-4921-86e6-e17943bf1303",
      "pid": "dc4e6e7f-99fa-46d1-a4e8-19a987dda45b",
      "dblevel": 5,
      "location": "/VGMA/NgheKinhThanh/KinhThanhbandichHienDai2017/HD18_Giop/Giop29",
      "isVideo": false,
      "url": "nghe-kinh-thanh.kinh-thanh-ban-dich-hien-dai-2017.hd18-giop.giop-29",
      "name": "Gióp 29",
      "count": 0,
      "isLeaf": null,
      "keyword": null,
      "hash": "U2FsdGVkX197HRn5YTggfpxbCRlvZcPL/t/k7bSZbed2pSOGv61WQJ4uS++K0n1S1ueuQ79SvEmkbgBznpsJgQ==",
      "khash": null,
      "viewCount": null,
      "duration": "2:27",
      "size": 2387880
    },
    {
      "id": "78238882-9fbd-4d13-8ce7-5757e3c29333",
      "pid": "dc4e6e7f-99fa-46d1-a4e8-19a987dda45b",
      "dblevel": 5,
      "location": "/VGMA/NgheKinhThanh/KinhThanhbandichHienDai2017/HD18_Giop/Giop30",
      "isVideo": false,
      "url": "nghe-kinh-thanh.kinh-thanh-ban-dich-hien-dai-2017.hd18-giop.giop-30",
      "name": "Gióp 30",
      "count": 0,
      "isLeaf": null,
      "keyword": null,
      "hash": "U2FsdGVkX1900htjqQukjExE0PTZVRe834rnhB/Z9ZbV1aR39bIJ3Pyx6sRH5nrq49+cHR+m/PrjfymL9+xHgA==",
      "khash": null,
      "viewCount": null,
      "duration": "3:15",
      "size": 3151187
    },
    {
      "id": "484adf2c-b10b-4655-9da0-5b1d3cf4444d",
      "pid": "dc4e6e7f-99fa-46d1-a4e8-19a987dda45b",
      "dblevel": 5,
      "location": "/VGMA/NgheKinhThanh/KinhThanhbandichHienDai2017/HD18_Giop/Giop31",
      "isVideo": false,
      "url": "nghe-kinh-thanh.kinh-thanh-ban-dich-hien-dai-2017.hd18-giop.giop-31",
      "name": "Gióp 31",
      "count": 0,
      "isLeaf": null,
      "keyword": null,
      "hash": "U2FsdGVkX18+NZVGKrPBMflKx2PdL/KypB5ZlV2JL/r9uyh+lwSBDg6XsBbdXK49psfUL1d0F/xPYNZR0fvo7w==",
      "khash": null,
      "viewCount": null,
      "duration": "4:7",
      "size": 3986534
    },
    {
      "id": "239e8fcc-ee2d-4fa6-980f-dff821cab808",
      "pid": "dc4e6e7f-99fa-46d1-a4e8-19a987dda45b",
      "dblevel": 5,
      "location": "/VGMA/NgheKinhThanh/KinhThanhbandichHienDai2017/HD18_Giop/Giop32",
      "isVideo": false,
      "url": "nghe-kinh-thanh.kinh-thanh-ban-dich-hien-dai-2017.hd18-giop.giop-32",
      "name": "Gióp 32",
      "count": 0,
      "isLeaf": null,
      "keyword": null,
      "hash": "U2FsdGVkX1+wvuPHB5G1pSdYZTLpPJ8V1jQ8onvoN4qFOOk1M6XEbBvfkzbbjXsIwM4sH1Z51OTt5zT+PzBY/w==",
      "khash": "U2FsdGVkX18bnSBR0cvPnKPzU3kC417UlHPD4WrlRKCKTf+bQW4Hs6Fry8eAepuEX3Em/ISY5rH5glhZgX5a7Q==",
      "viewCount": null,
      "duration": "2:28",
      "size": 2397749
    },
    {
      "id": "dd48b9e5-add7-4d57-ac2b-9d2083243b74",
      "pid": "dc4e6e7f-99fa-46d1-a4e8-19a987dda45b",
      "dblevel": 5,
      "location": "/VGMA/NgheKinhThanh/KinhThanhbandichHienDai2017/HD18_Giop/Giop33",
      "isVideo": false,
      "url": "nghe-kinh-thanh.kinh-thanh-ban-dich-hien-dai-2017.hd18-giop.giop-33",
      "name": "Gióp 33",
      "count": 0,
      "isLeaf": null,
      "keyword": null,
      "hash": "U2FsdGVkX1/cx/DuJISBEI3tdx+r+ej6lo15u4oNn+LTsM8k3g+e7Htvq3091z1AGB9ABxG0JEkCdHa0DwhxTQ==",
      "khash": "U2FsdGVkX1/q8pU8yHt+QyUOQ5yNfiOdBSpeFJnH7zL0sJQlry/WiNE/7Z3r7GKHrZYAdQkeIZaIcFtwr/l/Yw==",
      "viewCount": null,
      "duration": "3:24",
      "size": 3298898
    },
    {
      "id": "ac86956b-ac0c-4cb1-9c8e-c05985dc7e6c",
      "pid": "dc4e6e7f-99fa-46d1-a4e8-19a987dda45b",
      "dblevel": 5,
      "location": "/VGMA/NgheKinhThanh/KinhThanhbandichHienDai2017/HD18_Giop/Giop34",
      "isVideo": false,
      "url": "nghe-kinh-thanh.kinh-thanh-ban-dich-hien-dai-2017.hd18-giop.giop-34",
      "name": "Gióp 34",
      "count": 0,
      "isLeaf": null,
      "keyword": null,
      "hash": "U2FsdGVkX19jjc3GKQOxy2pR/QVRlibDMefVQ4fZTlsDnAjhe4HMzAK3SFX/C4vDtk37YfJFghIlC3rfhq4hgA==",
      "khash": "U2FsdGVkX1+8MbILyEglKuRwSuf+req00wCJ/ItTnRbrdYNRxIqQZ1HMGlL0I68mhLYcSU+1zg99zPrbLc6zzw==",
      "viewCount": null,
      "duration": "3:49",
      "size": 3700241
    },
    {
      "id": "5ecb5f98-511e-413f-a65d-0091d83d3eae",
      "pid": "dc4e6e7f-99fa-46d1-a4e8-19a987dda45b",
      "dblevel": 5,
      "location": "/VGMA/NgheKinhThanh/KinhThanhbandichHienDai2017/HD18_Giop/Giop35",
      "isVideo": false,
      "url": "nghe-kinh-thanh.kinh-thanh-ban-dich-hien-dai-2017.hd18-giop.giop-35",
      "name": "Gióp 35",
      "count": 0,
      "isLeaf": null,
      "keyword": null,
      "hash": "U2FsdGVkX18em91pJYfyRn9hie8oKgVEBH9UVriLotUsa8RoT2uy3dX6xu2zt9FjnpdxicsNI51Ts5tDnzAghg==",
      "khash": "U2FsdGVkX18zNZABVVs2jNx5YmvvabeaCe+mUk4CtWxfxgS+Sm/SIycAc0W9VqUF9g3eRFRK8yTQc5hEmFUe/g==",
      "viewCount": null,
      "duration": "1:42",
      "size": 1663042
    },
    {
      "id": "485bbd28-0634-407f-978f-de3ca79bfc07",
      "pid": "dc4e6e7f-99fa-46d1-a4e8-19a987dda45b",
      "dblevel": 5,
      "location": "/VGMA/NgheKinhThanh/KinhThanhbandichHienDai2017/HD18_Giop/Giop36",
      "isVideo": false,
      "url": "nghe-kinh-thanh.kinh-thanh-ban-dich-hien-dai-2017.hd18-giop.giop-36",
      "name": "Gióp 36",
      "count": 0,
      "isLeaf": null,
      "keyword": null,
      "hash": "U2FsdGVkX19QhqB5DEK+Ext+dLSEb2mneEanZyaPWzmafMWEEXCPDCXmBRfJdTzeI3Qn9NQaC+FdPonCpFZwxA==",
      "khash": "U2FsdGVkX18W2gKnMjElv0GU7UoHz7V+EwqttFkdbq/lGiAgPBMW+b3nqqb8Gtol1gsc/sdeoWAM36YHrfd8sg==",
      "viewCount": null,
      "duration": "3:17",
      "size": 3192888
    },
    {
      "id": "312ff9a5-a37f-432b-bee0-b37f442c6bdc",
      "pid": "dc4e6e7f-99fa-46d1-a4e8-19a987dda45b",
      "dblevel": 5,
      "location": "/VGMA/NgheKinhThanh/KinhThanhbandichHienDai2017/HD18_Giop/Giop37",
      "isVideo": false,
      "url": "nghe-kinh-thanh.kinh-thanh-ban-dich-hien-dai-2017.hd18-giop.giop-37",
      "name": "Gióp 37",
      "count": 0,
      "isLeaf": null,
      "keyword": null,
      "hash": "U2FsdGVkX18CvNTujVJ9ViswsRHtYoWEvaChPp3TfWGhCqDKUlLS8MxGaduVpoP1rONXKLFF5CwFT2XX35Ra0Q==",
      "khash": "U2FsdGVkX19dBsPorn2WW391M+lZ/R/6r/g1bx8p6o8TUeJaiZJi6bJC/W59U/h1Ci1O8Uhm26mvWb8DGspvQg==",
      "viewCount": null,
      "duration": "2:34",
      "size": 2489864
    },
    {
      "id": "52df2581-a783-4f7e-b56b-8a585068d82e",
      "pid": "dc4e6e7f-99fa-46d1-a4e8-19a987dda45b",
      "dblevel": 5,
      "location": "/VGMA/NgheKinhThanh/KinhThanhbandichHienDai2017/HD18_Giop/Giop38",
      "isVideo": false,
      "url": "nghe-kinh-thanh.kinh-thanh-ban-dich-hien-dai-2017.hd18-giop.giop-38",
      "name": "Gióp 38",
      "count": 0,
      "isLeaf": null,
      "keyword": null,
      "hash": "U2FsdGVkX18EXCUqGsEz5r+J8oEXCtqBQkmthB4XlVISishL9odV76W7Wox8BZWmmhpv0byyamVsLvevh5Kp+Q==",
      "khash": "U2FsdGVkX187yI3mcHzvFeSD+6xWUUfQvR/dH6OF98NVGJCICZFgvuXSKUcoC5qzehRRBJQ1ZZO08Z1ZilIvow==",
      "viewCount": null,
      "duration": "3:40",
      "size": 3558231
    },
    {
      "id": "8b1e34a6-8da1-49ba-ba42-357079b68e56",
      "pid": "dc4e6e7f-99fa-46d1-a4e8-19a987dda45b",
      "dblevel": 5,
      "location": "/VGMA/NgheKinhThanh/KinhThanhbandichHienDai2017/HD18_Giop/Giop39",
      "isVideo": false,
      "url": "nghe-kinh-thanh.kinh-thanh-ban-dich-hien-dai-2017.hd18-giop.giop-39",
      "name": "Gióp 39",
      "count": 0,
      "isLeaf": null,
      "keyword": null,
      "hash": "U2FsdGVkX1+5mP3s4esbiA1Hku0QVWOZoGYKAj8Rg6qbhGbGbAcU4ofXjMvI8iFgJNf1R8JH3UDJVxGbKP0SDQ==",
      "khash": null,
      "viewCount": null,
      "duration": "3:0",
      "size": 2913781
    },
    {
      "id": "dd4de145-22b1-41fb-bfe0-774af0a4ac5b",
      "pid": "dc4e6e7f-99fa-46d1-a4e8-19a987dda45b",
      "dblevel": 5,
      "location": "/VGMA/NgheKinhThanh/KinhThanhbandichHienDai2017/HD18_Giop/Giop40",
      "isVideo": false,
      "url": "nghe-kinh-thanh.kinh-thanh-ban-dich-hien-dai-2017.hd18-giop.giop-40",
      "name": "Gióp 40",
      "count": 0,
      "isLeaf": null,
      "keyword": null,
      "hash": "U2FsdGVkX1+h8uClm8pLQ70uzLcBKWggS53tYKHheme9j57Gp64iXIZX0C+3sBiv9ARll6HpBtpc9rS+3UBGRQ==",
      "khash": "U2FsdGVkX1/21QUChF5G9QbDyTWAioVTOPBy7vh9MwpzVlatTvSNpX5TILmOyKJmYpGRryFygSwFUWVvmKA5WQ==",
      "viewCount": null,
      "duration": "2:21",
      "size": 2288881
    },
    {
      "id": "74c2ef11-4f40-4037-9bbc-6926a2e8d287",
      "pid": "dc4e6e7f-99fa-46d1-a4e8-19a987dda45b",
      "dblevel": 5,
      "location": "/VGMA/NgheKinhThanh/KinhThanhbandichHienDai2017/HD18_Giop/Giop41",
      "isVideo": false,
      "url": "nghe-kinh-thanh.kinh-thanh-ban-dich-hien-dai-2017.hd18-giop.giop-41",
      "name": "Gióp 41",
      "count": 0,
      "isLeaf": null,
      "keyword": null,
      "hash": "U2FsdGVkX1+bWKpAupDKvgul96NSqxsAiyNdL3Eyjg/gV1FCuSz+jpgI2vbR4Dm/mJ35aRC9/bS9NQW2VkLxNw==",
      "khash": "U2FsdGVkX19UDLdfghxcRoCGtghwaqocX3vR0TV+6FfUOVzjaKoufyWsVS98/GrbEP1rbJfCfsA/H6TaRFCXYQ==",
      "viewCount": null,
      "duration": "3:14",
      "size": 3139605
    },
    {
      "id": "a2ddd5cb-c62a-4c0c-8adb-29dc3eb275c2",
      "pid": "dc4e6e7f-99fa-46d1-a4e8-19a987dda45b",
      "dblevel": 5,
      "location": "/VGMA/NgheKinhThanh/KinhThanhbandichHienDai2017/HD18_Giop/Giop42",
      "isVideo": false,
      "url": "nghe-kinh-thanh.kinh-thanh-ban-dich-hien-dai-2017.hd18-giop.giop-42",
      "name": "Gióp 42",
      "count": 0,
      "isLeaf": null,
      "keyword": null,
      "hash": "U2FsdGVkX1/l6trzEHlcBerTJw1krpkmPUDA8qQLKBAQ0lnunW5HSByI2WLK13XAwRST00wlKzwJaVCq3YgdzA==",
      "khash": "U2FsdGVkX1+mUgURftrUQG7BKD1SssdSqj6TQnNLEdKPkqL0UtgDISoKWuJsOb3vrnL5svyoAQvVEo1f/NxeEQ==",
      "viewCount": null,
      "duration": "3:2",
      "size": 2939907
    }
  ]
}