{
  "id": "fc2530a9-ea22-4f67-8c6f-272265f90b87",
  "pid": "b4ae5115-2bbc-4f41-8f47-d29299d09bbe",
  "dblevel": 4,
  "location": "/VGMA/NgheKinhThanh/KinhThanhbandichTruyenThong_FCBH/26.Giu-de",
  "isVideo": false,
  "url": "nghe-kinh-thanh.kinh-thanh-ban-dich-truyen-thong-fcbh.26--giu-de",
  "name": "26. Giu-đe",
  "count": 1,
  "isLeaf": true,
  "keyword": null,
  "hash": null,
  "khash": null,
  "viewCount": null,
  "duration": null,
  "size": null,
  "children": [
    {
      "id": "d50fa9f7-81d9-4121-9a40-f9bd14771706",
      "pid": "fc2530a9-ea22-4f67-8c6f-272265f90b87",
      "dblevel": 5,
      "location": "/VGMA/NgheKinhThanh/KinhThanhbandichTruyenThong_FCBH/26.Giu-de/Giu-de",
      "isVideo": false,
      "url": "nghe-kinh-thanh.kinh-thanh-ban-dich-truyen-thong-fcbh.26--giu-de.giu-de",
      "name": "Giu-đe",
      "count": 0,
      "isLeaf": null,
      "keyword": null,
      "hash": "U2FsdGVkX1+3FmmX0Xlqi46H+FqqfFBCchY87Ey1AKWavkjSZhxdeur5dlycTYlwP/Tld7j4ZjADDWgism/EaQ==",
      "khash": "U2FsdGVkX1+8trxermHJCVS0TEsCvhWIr2/bXlMePxKJmNRxaGMEWe5XFrSH3qaXcnUOBDPrkHjF4ftpxUW5qQ==",
      "viewCount": null,
      "duration": "4:21",
      "size": 2119667
    }
  ]
}