{
  "id": "4b2ed51a-e62a-47cf-9202-c93a7275760e",
  "pid": "23541eed-15e9-41d0-8477-67032b0277ec",
  "dblevel": 4,
  "location": "/VGMA/NgheKinhThanh/KinhThanhbandichTruyenThongHieuDinh/54-1Ti",
  "isVideo": false,
  "url": "nghe-kinh-thanh.kinh-thanh-ban-dich-truyen-thong-hieu-dinh.54-1ti",
  "name": "54-1Ti",
  "count": 6,
  "isLeaf": true,
  "keyword": null,
  "hash": null,
  "khash": null,
  "viewCount": null,
  "duration": null,
  "size": null,
  "children": [
    {
      "id": "0a68bafd-6cf9-4e27-9567-716514aa8e18",
      "pid": "4b2ed51a-e62a-47cf-9202-c93a7275760e",
      "dblevel": 5,
      "location": "/VGMA/NgheKinhThanh/KinhThanhbandichTruyenThongHieuDinh/54-1Ti/1Ti01",
      "isVideo": false,
      "url": "nghe-kinh-thanh.kinh-thanh-ban-dich-truyen-thong-hieu-dinh.54-1ti.1ti01",
      "name": "1Ti01",
      "count": 0,
      "isLeaf": null,
      "keyword": null,
      "hash": "U2FsdGVkX1+YFxoYvTtZw2kZYBbJ+W5FoWj7LnsWIywurdY8noh+k4Af/60A3BtOHkKFeDBP1chU/tjWB8yNKw==",
      "khash": null,
      "viewCount": null,
      "duration": "2:53",
      "size": 4189865
    },
    {
      "id": "71d61221-0157-4994-b0c3-567d2b9bd6e8",
      "pid": "4b2ed51a-e62a-47cf-9202-c93a7275760e",
      "dblevel": 5,
      "location": "/VGMA/NgheKinhThanh/KinhThanhbandichTruyenThongHieuDinh/54-1Ti/1Ti02",
      "isVideo": false,
      "url": "nghe-kinh-thanh.kinh-thanh-ban-dich-truyen-thong-hieu-dinh.54-1ti.1ti02",
      "name": "1Ti02",
      "count": 0,
      "isLeaf": null,
      "keyword": null,
      "hash": "U2FsdGVkX1994EcfQ/MgRHbIvykas5dz97jovNcnDzb+Z/EMF8opKHO2KabYX8riW0CFEo4Tsfwg67fX+wKGmw==",
      "khash": null,
      "viewCount": null,
      "duration": "1:38",
      "size": 2390953
    },
    {
      "id": "d0fc7b3a-d27b-43a0-9360-eb5739dfadf7",
      "pid": "4b2ed51a-e62a-47cf-9202-c93a7275760e",
      "dblevel": 5,
      "location": "/VGMA/NgheKinhThanh/KinhThanhbandichTruyenThongHieuDinh/54-1Ti/1Ti03",
      "isVideo": false,
      "url": "nghe-kinh-thanh.kinh-thanh-ban-dich-truyen-thong-hieu-dinh.54-1ti.1ti03",
      "name": "1Ti03",
      "count": 0,
      "isLeaf": null,
      "keyword": null,
      "hash": "U2FsdGVkX1/lG6u7qDEMSsIHrHrKOC2nO3zFOdlT7pIo+4wXMMwfsMzCQq8B2N0w3Qh97dzo1oU1T8waF0Y4VQ==",
      "khash": "U2FsdGVkX18ZiEPtP+6j9mIIj4aOj66edFQtXV0hSbKh8EcEXowppTKHKgjOphwd7zhWpjya5GlNO1fR7PeUSA==",
      "viewCount": null,
      "duration": "1:57",
      "size": 2843384
    },
    {
      "id": "532a657f-0a58-45c6-aa1b-c46eb595fe6a",
      "pid": "4b2ed51a-e62a-47cf-9202-c93a7275760e",
      "dblevel": 5,
      "location": "/VGMA/NgheKinhThanh/KinhThanhbandichTruyenThongHieuDinh/54-1Ti/1Ti04",
      "isVideo": false,
      "url": "nghe-kinh-thanh.kinh-thanh-ban-dich-truyen-thong-hieu-dinh.54-1ti.1ti04",
      "name": "1Ti04",
      "count": 0,
      "isLeaf": null,
      "keyword": null,
      "hash": "U2FsdGVkX1/fhHjvFayeUTsAAdUHxMcCw93HrO6X+P8oEs70N/HC30cgvNJYlt2AHXvw5SpvqmyXedGz4PDLdw==",
      "khash": null,
      "viewCount": null,
      "duration": "2:5",
      "size": 3026631
    },
    {
      "id": "54c18fac-c49e-4640-9724-a9e0b7da975b",
      "pid": "4b2ed51a-e62a-47cf-9202-c93a7275760e",
      "dblevel": 5,
      "location": "/VGMA/NgheKinhThanh/KinhThanhbandichTruyenThongHieuDinh/54-1Ti/1Ti05",
      "isVideo": false,
      "url": "nghe-kinh-thanh.kinh-thanh-ban-dich-truyen-thong-hieu-dinh.54-1ti.1ti05",
      "name": "1Ti05",
      "count": 0,
      "isLeaf": null,
      "keyword": null,
      "hash": "U2FsdGVkX18Fsdzwx4L8dQFiw4f5cptG8oJBmG05r+YqJ+pCygOhOO7fRYK6/vn+p/N4i9/XFqy5eveilfI0/w==",
      "khash": "U2FsdGVkX18/RzTFkbDGHsH8smnhR8pWT0ylg7E9m8BI78fwqIsZ/fFYpzYNyd/+qFP23uVeDjGjccxuY30nqg==",
      "viewCount": null,
      "duration": "3:5",
      "size": 4464463
    },
    {
      "id": "9ba541c4-5cf2-4ff4-8fe9-9d9ac158784c",
      "pid": "4b2ed51a-e62a-47cf-9202-c93a7275760e",
      "dblevel": 5,
      "location": "/VGMA/NgheKinhThanh/KinhThanhbandichTruyenThongHieuDinh/54-1Ti/1Ti06",
      "isVideo": false,
      "url": "nghe-kinh-thanh.kinh-thanh-ban-dich-truyen-thong-hieu-dinh.54-1ti.1ti06",
      "name": "1Ti06",
      "count": 0,
      "isLeaf": null,
      "keyword": null,
      "hash": "U2FsdGVkX1+ZGWhfcbo2hWztkt/qw48T5jb+ZlcqElJN5VzrNm8sJ++lCn6rXRk9TJvo8CvBZJLsTVWk8lNssA==",
      "khash": null,
      "viewCount": null,
      "duration": "3:14",
      "size": 4683276
    }
  ]
}