{
  "id": "79252461-65dd-4e7f-abb7-eac35b0e33f9",
  "pid": "23541eed-15e9-41d0-8477-67032b0277ec",
  "dblevel": 4,
  "location": "/VGMA/NgheKinhThanh/KinhThanhbandichTruyenThongHieuDinh/03-Le",
  "isVideo": false,
  "url": "nghe-kinh-thanh.kinh-thanh-ban-dich-truyen-thong-hieu-dinh.03-le",
  "name": "03-Le",
  "count": 27,
  "isLeaf": true,
  "keyword": null,
  "hash": null,
  "khash": null,
  "viewCount": null,
  "duration": null,
  "size": null,
  "children": [
    {
      "id": "8a91df0b-cbaa-4bbf-b46e-fd9c3cea815a",
      "pid": "79252461-65dd-4e7f-abb7-eac35b0e33f9",
      "dblevel": 5,
      "location": "/VGMA/NgheKinhThanh/KinhThanhbandichTruyenThongHieuDinh/03-Le/Le01",
      "isVideo": false,
      "url": "nghe-kinh-thanh.kinh-thanh-ban-dich-truyen-thong-hieu-dinh.03-le.le01",
      "name": "Le01",
      "count": 0,
      "isLeaf": null,
      "keyword": null,
      "hash": "U2FsdGVkX18MX/yStjmF4AB+OjAv1MWWmI7vjOFQCoafhN1HALvQVpr5AVLG8CAJny7x/N+9a5aykBl4eYc+8w==",
      "khash": "U2FsdGVkX19eExTPbMmXtnHgjgJbPobWSTLTMdByRpD/EZHM4M9RohId9izV9GAOg3hxzmc3sfMN6dJ37/z42g==",
      "viewCount": null,
      "duration": "2:59",
      "size": 4334348
    },
    {
      "id": "532b8fd2-7c96-44ae-83bc-3a2ca1f45b07",
      "pid": "79252461-65dd-4e7f-abb7-eac35b0e33f9",
      "dblevel": 5,
      "location": "/VGMA/NgheKinhThanh/KinhThanhbandichTruyenThongHieuDinh/03-Le/Le02",
      "isVideo": false,
      "url": "nghe-kinh-thanh.kinh-thanh-ban-dich-truyen-thong-hieu-dinh.03-le.le02",
      "name": "Le02",
      "count": 0,
      "isLeaf": null,
      "keyword": null,
      "hash": "U2FsdGVkX1+YPAfz9yugp+r2wGnmdp9x2TMVtIlwK5jfx82TajehKefLfDtG8bAVjSWYqtwWB1dOL5IUSyyJHQ==",
      "khash": "U2FsdGVkX19dCmDS2NsaHKKOwqW+qS9j18UW4uutT1lS+dLDytRur+fbwQu0w8k6bsS8WKFfHpgd75AhK3e1zQ==",
      "viewCount": null,
      "duration": "2:53",
      "size": 4172383
    },
    {
      "id": "42eddaae-e20e-4760-8936-d31e17b657e0",
      "pid": "79252461-65dd-4e7f-abb7-eac35b0e33f9",
      "dblevel": 5,
      "location": "/VGMA/NgheKinhThanh/KinhThanhbandichTruyenThongHieuDinh/03-Le/Le03",
      "isVideo": false,
      "url": "nghe-kinh-thanh.kinh-thanh-ban-dich-truyen-thong-hieu-dinh.03-le.le03",
      "name": "Le03",
      "count": 0,
      "isLeaf": null,
      "keyword": null,
      "hash": "U2FsdGVkX188+PbssunC606CwjFCeVoAcVyCFHhOvcwjt/v7yMhkdkahwmOcx3hjGlP1EOLCPDAAhNMXlEHHwg==",
      "khash": "U2FsdGVkX18UXWF2TA7IMep+n0tPfm63hwBj+/+UtFCpGWcW6sxbzEtn4u/cW9Vls8mvSyxK5sYbo+LivE1Ziw==",
      "viewCount": null,
      "duration": "2:32",
      "size": 3671414
    },
    {
      "id": "1deafec3-70d4-4aca-9996-57ef7106bad8",
      "pid": "79252461-65dd-4e7f-abb7-eac35b0e33f9",
      "dblevel": 5,
      "location": "/VGMA/NgheKinhThanh/KinhThanhbandichTruyenThongHieuDinh/03-Le/Le04",
      "isVideo": false,
      "url": "nghe-kinh-thanh.kinh-thanh-ban-dich-truyen-thong-hieu-dinh.03-le.le04",
      "name": "Le04",
      "count": 0,
      "isLeaf": null,
      "keyword": null,
      "hash": "U2FsdGVkX1+u86aXXzM/qmcKHYHvW7BfzvZpj/lJc2IH6DuHuiC71Hel0mVpW4pfn1QtIQ/DDW9e98j5NzH/6w==",
      "khash": "U2FsdGVkX1+QrKyqZ6svfmL36yLP9/KowFzTVoDsTaHqJImvmC+N8r+B8MpWhpoGc0tkkAKWuYOy/6fbHobsGQ==",
      "viewCount": null,
      "duration": "5:41",
      "size": 8214412
    },
    {
      "id": "459c0f00-88f2-4f5e-8b2b-09b45a7aa08c",
      "pid": "79252461-65dd-4e7f-abb7-eac35b0e33f9",
      "dblevel": 5,
      "location": "/VGMA/NgheKinhThanh/KinhThanhbandichTruyenThongHieuDinh/03-Le/Le05",
      "isVideo": false,
      "url": "nghe-kinh-thanh.kinh-thanh-ban-dich-truyen-thong-hieu-dinh.03-le.le05",
      "name": "Le05",
      "count": 0,
      "isLeaf": null,
      "keyword": null,
      "hash": "U2FsdGVkX1+8zBZ0Tmw6TIVXTeF+0CZncs/wAcvOhq3s/2W80029JN+1fVSUch2yRTD1m5AyVMph7ln4bGq8Lg==",
      "khash": "U2FsdGVkX1//Zezp0KbIaNMOO1tcWAHzZAH9UfJg0doFlTOago96wJjAzi03ba8cba+HJ3Y05RCL0cePujoIGA==",
      "viewCount": null,
      "duration": "4:14",
      "size": 6123749
    },
    {
      "id": "41e67e11-a9e3-425d-b118-7bbd5047f23b",
      "pid": "79252461-65dd-4e7f-abb7-eac35b0e33f9",
      "dblevel": 5,
      "location": "/VGMA/NgheKinhThanh/KinhThanhbandichTruyenThongHieuDinh/03-Le/Le06",
      "isVideo": false,
      "url": "nghe-kinh-thanh.kinh-thanh-ban-dich-truyen-thong-hieu-dinh.03-le.le06",
      "name": "Le06",
      "count": 0,
      "isLeaf": null,
      "keyword": null,
      "hash": "U2FsdGVkX19nt9ifRGu/uwkuJ5LjktxcRPPX6h6AHHim/g7ee7IJSlaUIct29BqwrrJq80OQj3hWirUKdJ4Pzg==",
      "khash": "U2FsdGVkX1+dvX0KO/vQGZh+MUuhDejId4dpPE/KzegkRv8cG9ZHX1aMSlV1vARzOjRCsE2oNR4dpzsmk5eSUA==",
      "viewCount": null,
      "duration": "5:34",
      "size": 8057668
    },
    {
      "id": "62ad52cf-00f7-44fc-ade4-16ffa7d506e2",
      "pid": "79252461-65dd-4e7f-abb7-eac35b0e33f9",
      "dblevel": 5,
      "location": "/VGMA/NgheKinhThanh/KinhThanhbandichTruyenThongHieuDinh/03-Le/Le07",
      "isVideo": false,
      "url": "nghe-kinh-thanh.kinh-thanh-ban-dich-truyen-thong-hieu-dinh.03-le.le07",
      "name": "Le07",
      "count": 0,
      "isLeaf": null,
      "keyword": null,
      "hash": "U2FsdGVkX1+JhA5mw+7IiWBi1ApTK4PdC03+ZfRmZDzHpd4zSNQeIlQCmCRpQBNvOf67XfURMB0XXznqyP1lWA==",
      "khash": "U2FsdGVkX1+kB+ISbYfKIcYpGO5x9xe/eA8X0O3fpIJDzDpubO9ZSg/sukx/vvJ1PxRdsYalw2SNJhMxdPQBPw==",
      "viewCount": null,
      "duration": "5:53",
      "size": 8519397
    },
    {
      "id": "2c746433-63f6-4801-87ac-ce589f2c3f38",
      "pid": "79252461-65dd-4e7f-abb7-eac35b0e33f9",
      "dblevel": 5,
      "location": "/VGMA/NgheKinhThanh/KinhThanhbandichTruyenThongHieuDinh/03-Le/Le08",
      "isVideo": false,
      "url": "nghe-kinh-thanh.kinh-thanh-ban-dich-truyen-thong-hieu-dinh.03-le.le08",
      "name": "Le08",
      "count": 0,
      "isLeaf": null,
      "keyword": null,
      "hash": "U2FsdGVkX1+MGTjSvLsrqPvKlN1svy+xQw9TSu5k56RXGXiHiF5IoaNOjJhrBJybToEZMro2xCF/xxJ7PB1zIw==",
      "khash": "U2FsdGVkX18L1x3ribYur72Fy89lp/7pRg+mM70gvD4TpSmCZrX1z7ukY+GLsrwR89C0ULSUT+qQdIutMWkkYw==",
      "viewCount": null,
      "duration": "5:31",
      "size": 7980166
    },
    {
      "id": "d8acb9c5-c5ff-4e2d-955d-bc6a1dca8dba",
      "pid": "79252461-65dd-4e7f-abb7-eac35b0e33f9",
      "dblevel": 5,
      "location": "/VGMA/NgheKinhThanh/KinhThanhbandichTruyenThongHieuDinh/03-Le/Le09",
      "isVideo": false,
      "url": "nghe-kinh-thanh.kinh-thanh-ban-dich-truyen-thong-hieu-dinh.03-le.le09",
      "name": "Le09",
      "count": 0,
      "isLeaf": null,
      "keyword": null,
      "hash": "U2FsdGVkX1/pFjAKB3Kj/sNLpGCYFEDvDFw11XHNET9vdefhHL/206ppVFcGAX3khRn06DlVpb5SCOsLilYYYQ==",
      "khash": "U2FsdGVkX1+Lc2iFjbCgs9Q4E/jPBVf3raUzeMRYADoWX/SRNPeNgNuECM2jjPl1hsE8hfRJ+ARnua7ZSrATXw==",
      "viewCount": null,
      "duration": "3:45",
      "size": 5428880
    },
    {
      "id": "64d918f7-fb45-49af-96e6-1a1ef7b21ff0",
      "pid": "79252461-65dd-4e7f-abb7-eac35b0e33f9",
      "dblevel": 5,
      "location": "/VGMA/NgheKinhThanh/KinhThanhbandichTruyenThongHieuDinh/03-Le/Le10",
      "isVideo": false,
      "url": "nghe-kinh-thanh.kinh-thanh-ban-dich-truyen-thong-hieu-dinh.03-le.le10",
      "name": "Le10",
      "count": 0,
      "isLeaf": null,
      "keyword": null,
      "hash": "U2FsdGVkX19aFAPDTJO50OdGrrnos63JXbLub8KC5XjbYKudTfVIyaIE2MU92TNWjadHvx5wkiS70BiDT/+9Bw==",
      "khash": "U2FsdGVkX1+/AVpPdfGoi4ScilEu4dJ5gg9mIzTUrNDgrqNgQo/6J+tN2mD2T6bjoA9bAP8CSPMkfYOTGZr3bQ==",
      "viewCount": null,
      "duration": "4:21",
      "size": 6298238
    },
    {
      "id": "5a41a141-f1df-4dcc-8291-18bc72a49339",
      "pid": "79252461-65dd-4e7f-abb7-eac35b0e33f9",
      "dblevel": 5,
      "location": "/VGMA/NgheKinhThanh/KinhThanhbandichTruyenThongHieuDinh/03-Le/Le11",
      "isVideo": false,
      "url": "nghe-kinh-thanh.kinh-thanh-ban-dich-truyen-thong-hieu-dinh.03-le.le11",
      "name": "Le11",
      "count": 0,
      "isLeaf": null,
      "keyword": null,
      "hash": "U2FsdGVkX1/xdTR/hQFcwL4K6SMLJlpvRVc/zFWM7Apm9q0KJP0FMTtrd8j5wtnkqlUzZV56hxn4QUvYtJ0CyQ==",
      "khash": "U2FsdGVkX18odKA6BESEeTulfpQt3uoYSBARQ7tM/FOgXCrFRJZTkgLM7OdHhAUQVuezxAc55sD/B7WJDQ/UJg==",
      "viewCount": null,
      "duration": "7:1",
      "size": 10144867
    },
    {
      "id": "54d99c90-2544-475f-92ef-41fa90555d68",
      "pid": "79252461-65dd-4e7f-abb7-eac35b0e33f9",
      "dblevel": 5,
      "location": "/VGMA/NgheKinhThanh/KinhThanhbandichTruyenThongHieuDinh/03-Le/Le12",
      "isVideo": false,
      "url": "nghe-kinh-thanh.kinh-thanh-ban-dich-truyen-thong-hieu-dinh.03-le.le12",
      "name": "Le12",
      "count": 0,
      "isLeaf": null,
      "keyword": null,
      "hash": "U2FsdGVkX1+Y5p7Dnp9m1fLq+sYPa69Kht95eFwmQm6RMt0m3a0BGLObaXNDsQ+6Vqgws5g6Xd8dP3K4NxsgOQ==",
      "khash": "U2FsdGVkX1+TSV0mTic+Zk5rhevnlmEQFvDzfzE2oHJKAwWew/pT3C8rMWzXJffJCCxoRmoRM31eH96cWtpC9A==",
      "viewCount": null,
      "duration": "1:34",
      "size": 2273813
    },
    {
      "id": "9e366ec2-c71d-4346-8aa9-ad2f5b61a6fe",
      "pid": "79252461-65dd-4e7f-abb7-eac35b0e33f9",
      "dblevel": 5,
      "location": "/VGMA/NgheKinhThanh/KinhThanhbandichTruyenThongHieuDinh/03-Le/Le13",
      "isVideo": false,
      "url": "nghe-kinh-thanh.kinh-thanh-ban-dich-truyen-thong-hieu-dinh.03-le.le13",
      "name": "Le13",
      "count": 0,
      "isLeaf": null,
      "keyword": null,
      "hash": "U2FsdGVkX19oX7TZTofcw9U9EEgWPHHTwPcXWLIwW6x+QqkPrxboa1lCGbGq3XY0cRS/Jg/87iMRl0pIDBW2uw==",
      "khash": "U2FsdGVkX1+cUJF7heulXmuBBZZnw5grpa1M/PWIU/N3k3ZNnJVHiIHBKMeKM0M8Ww0WoOHO+2HSbSRX/HOZmg==",
      "viewCount": null,
      "duration": "9:58",
      "size": 14404051
    },
    {
      "id": "70cf41ae-6410-4cf9-b966-b96777253c2f",
      "pid": "79252461-65dd-4e7f-abb7-eac35b0e33f9",
      "dblevel": 5,
      "location": "/VGMA/NgheKinhThanh/KinhThanhbandichTruyenThongHieuDinh/03-Le/Le14",
      "isVideo": false,
      "url": "nghe-kinh-thanh.kinh-thanh-ban-dich-truyen-thong-hieu-dinh.03-le.le14",
      "name": "Le14",
      "count": 0,
      "isLeaf": null,
      "keyword": null,
      "hash": "U2FsdGVkX1+PdFGzFM+fr8lv1bA3X+r9K6KXeOMELQjr4GKIlQ5hgqe2C3yanV1x9NbBUQqpkz9298fkaVFRyw==",
      "khash": "U2FsdGVkX18cErIVqLFLzXPPiFpRa42F1wAaw3eHQIXCcGaxN82MSRdgCtOS+bS1YlF+A0gpVD9EEqF0vwq/Nw==",
      "viewCount": null,
      "duration": "8:34",
      "size": 12385535
    },
    {
      "id": "6981f384-9917-4bcd-87b2-71b65df9d0ad",
      "pid": "79252461-65dd-4e7f-abb7-eac35b0e33f9",
      "dblevel": 5,
      "location": "/VGMA/NgheKinhThanh/KinhThanhbandichTruyenThongHieuDinh/03-Le/Le15",
      "isVideo": false,
      "url": "nghe-kinh-thanh.kinh-thanh-ban-dich-truyen-thong-hieu-dinh.03-le.le15",
      "name": "Le15",
      "count": 0,
      "isLeaf": null,
      "keyword": null,
      "hash": "U2FsdGVkX1+PoGL2EQqwzU8whogDf1iyEK6sVMGP7VBXsSdgreh9bGQ98tA9Y7H8IdrGhK2Mv5iK0zrG+074Fg==",
      "khash": "U2FsdGVkX194t/q+MUasWdx5REDzRQeRtFI+dbE3gaDjjGgRcGof8ykXXMUrabpKnsCDU0YS/OUgFVNumluHeg==",
      "viewCount": null,
      "duration": "5:0",
      "size": 7247576
    },
    {
      "id": "21cb1dea-7ad7-4dea-8a71-f0547201d644",
      "pid": "79252461-65dd-4e7f-abb7-eac35b0e33f9",
      "dblevel": 5,
      "location": "/VGMA/NgheKinhThanh/KinhThanhbandichTruyenThongHieuDinh/03-Le/Le16",
      "isVideo": false,
      "url": "nghe-kinh-thanh.kinh-thanh-ban-dich-truyen-thong-hieu-dinh.03-le.le16",
      "name": "Le16",
      "count": 0,
      "isLeaf": null,
      "keyword": null,
      "hash": "U2FsdGVkX18aXoxSBVwKR4bb2IQgCitIOQGEZ0PBhTraMlgR9wKijWKb4G96hotFGTUfdvqgDxGHDX4Djyk5zg==",
      "khash": "U2FsdGVkX1+FdHKeTvWMH3++hlGBdpBmcVZr19WBmzd7koHfsw8Q1tim3tVuwCOTfzjHHJc+UhaSoKad5KYOow==",
      "viewCount": null,
      "duration": "6:18",
      "size": 9110392
    },
    {
      "id": "1e2ea1ed-1f52-4397-94cb-ac0d394e4176",
      "pid": "79252461-65dd-4e7f-abb7-eac35b0e33f9",
      "dblevel": 5,
      "location": "/VGMA/NgheKinhThanh/KinhThanhbandichTruyenThongHieuDinh/03-Le/Le17",
      "isVideo": false,
      "url": "nghe-kinh-thanh.kinh-thanh-ban-dich-truyen-thong-hieu-dinh.03-le.le17",
      "name": "Le17",
      "count": 0,
      "isLeaf": null,
      "keyword": null,
      "hash": "U2FsdGVkX1+q7Gs1OvFgiP3Qc0Tns88OxkdE7UGKlvcKZFY0jrX57R17n1/BjyxIHmNKJIyx27F8vYsm8WFoSQ==",
      "khash": "U2FsdGVkX1/nE2jtWGaIUx7+6pQw15pEZfcIzgMUcOsk/xqfRuIvXajEnbHnjcWA9DY8XsmTVUIdcylQaGonrA==",
      "viewCount": null,
      "duration": "2:58",
      "size": 4298209
    },
    {
      "id": "5dd2bd38-c90a-4691-b924-37553ee5fa95",
      "pid": "79252461-65dd-4e7f-abb7-eac35b0e33f9",
      "dblevel": 5,
      "location": "/VGMA/NgheKinhThanh/KinhThanhbandichTruyenThongHieuDinh/03-Le/Le18",
      "isVideo": false,
      "url": "nghe-kinh-thanh.kinh-thanh-ban-dich-truyen-thong-hieu-dinh.03-le.le18",
      "name": "Le18",
      "count": 0,
      "isLeaf": null,
      "keyword": null,
      "hash": "U2FsdGVkX1+vaxChQuu2cfqQ8AtBShzhcENje5fR4ATrlrNEz3v5IT3dqQpdF9AwIz6UOa3kQxhdZ2yXn8pelA==",
      "khash": "U2FsdGVkX18Trwt2+E6g819LU8LAhG8pZrrF1rsEig5K1PWdYNcKtAl8+3YrTWvA123tTGSuAYFStn04vt6qxw==",
      "viewCount": null,
      "duration": "4:19",
      "size": 6252736
    },
    {
      "id": "582f4966-758a-40e3-bfd8-8a1ffcdaf6e6",
      "pid": "79252461-65dd-4e7f-abb7-eac35b0e33f9",
      "dblevel": 5,
      "location": "/VGMA/NgheKinhThanh/KinhThanhbandichTruyenThongHieuDinh/03-Le/Le19",
      "isVideo": false,
      "url": "nghe-kinh-thanh.kinh-thanh-ban-dich-truyen-thong-hieu-dinh.03-le.le19",
      "name": "Le19",
      "count": 0,
      "isLeaf": null,
      "keyword": null,
      "hash": "U2FsdGVkX1+C5N1NfREVdoTjfYek4hxC+JNqXW8hFK73FpSJ9qsozfYP1hwSA8QKSA4+6Wua9wNMNOhkwKpKhw==",
      "khash": "U2FsdGVkX19FMNkly81ShAADTjVsxPun2VQ5tLXPaR0L588DLXBRo1bwtOo1y0UyS12NnL79+P3hP3rvfZzLfw==",
      "viewCount": null,
      "duration": "5:42",
      "size": 8234111
    },
    {
      "id": "5825c622-3d6c-4cd7-9a7b-b098c5502a0b",
      "pid": "79252461-65dd-4e7f-abb7-eac35b0e33f9",
      "dblevel": 5,
      "location": "/VGMA/NgheKinhThanh/KinhThanhbandichTruyenThongHieuDinh/03-Le/Le20",
      "isVideo": false,
      "url": "nghe-kinh-thanh.kinh-thanh-ban-dich-truyen-thong-hieu-dinh.03-le.le20",
      "name": "Le20",
      "count": 0,
      "isLeaf": null,
      "keyword": null,
      "hash": "U2FsdGVkX19fPOIzZ7dXD3qRwqZCut71orSBqF1R+kSL46SQMUg8HnMeKxUZoglFr2kV4NSUp20GXaTpFXR0cQ==",
      "khash": "U2FsdGVkX1/vrwy54j+XGUsFf4K6C6N3/FQL/esVm2jYZ5V8oLJ7ChB10boL1hy7SXV4cnB/xw5LN88HJ0042w==",
      "viewCount": null,
      "duration": "5:7",
      "size": 7408215
    },
    {
      "id": "12c8816d-6360-4ce0-94c6-a56ab1e8f5cc",
      "pid": "79252461-65dd-4e7f-abb7-eac35b0e33f9",
      "dblevel": 5,
      "location": "/VGMA/NgheKinhThanh/KinhThanhbandichTruyenThongHieuDinh/03-Le/Le21",
      "isVideo": false,
      "url": "nghe-kinh-thanh.kinh-thanh-ban-dich-truyen-thong-hieu-dinh.03-le.le21",
      "name": "Le21",
      "count": 0,
      "isLeaf": null,
      "keyword": null,
      "hash": "U2FsdGVkX18Gio7h6mJIMfPFfyB8VcMlcK58jWHtcKeMn9SXZZqEDqakE7EJC2qsRvlTcJ945EXVoiqfzhQxPA==",
      "khash": "U2FsdGVkX19WQ22++UgRMjQpcphZ3yQJ8jYLBD87h0i5t+veVou9BulpDVzdiVyX78qd4h2e4dvRxuqBSTn21Q==",
      "viewCount": null,
      "duration": "3:36",
      "size": 5222717
    },
    {
      "id": "02dd78fc-d957-4980-83bc-d2c381a07526",
      "pid": "79252461-65dd-4e7f-abb7-eac35b0e33f9",
      "dblevel": 5,
      "location": "/VGMA/NgheKinhThanh/KinhThanhbandichTruyenThongHieuDinh/03-Le/Le22",
      "isVideo": false,
      "url": "nghe-kinh-thanh.kinh-thanh-ban-dich-truyen-thong-hieu-dinh.03-le.le22",
      "name": "Le22",
      "count": 0,
      "isLeaf": null,
      "keyword": null,
      "hash": "U2FsdGVkX1/NhzXaKWQ4WYKUDiHFDDvAo9pxZbfe90t1cjE0m0EkW/Emig7GrvHg7uK3SRYhin4zzkYzVCfcQg==",
      "khash": "U2FsdGVkX1+uTk+NyDO+MwpX6HEajuIZtoIv1Iqh40mEllDOpE7DChx5dqqXl2zxDMIXILE1tf4EXoE7bSVzJw==",
      "viewCount": null,
      "duration": "5:19",
      "size": 7692040
    },
    {
      "id": "dc5977d7-122d-449b-9937-0a17864bd28e",
      "pid": "79252461-65dd-4e7f-abb7-eac35b0e33f9",
      "dblevel": 5,
      "location": "/VGMA/NgheKinhThanh/KinhThanhbandichTruyenThongHieuDinh/03-Le/Le23",
      "isVideo": false,
      "url": "nghe-kinh-thanh.kinh-thanh-ban-dich-truyen-thong-hieu-dinh.03-le.le23",
      "name": "Le23",
      "count": 0,
      "isLeaf": null,
      "keyword": null,
      "hash": "U2FsdGVkX1++xVrz6jt9Rp1QFAKaY/Lbti8uPPkvurQ5hY8z31XRr4o33Siwe3pg4YvqDCtbuwWvsVz5p5sS0A==",
      "khash": "U2FsdGVkX1/5r+XVklxGTU28WYXscr0DNr3t9TVlpb33LYc9rh3UrjE5bcT8cNsXjN4mdPtC/bgHre7sCrXgwQ==",
      "viewCount": null,
      "duration": "7:46",
      "size": 11221470
    },
    {
      "id": "ae3244d5-1825-4439-8ad3-2fa6134a475b",
      "pid": "79252461-65dd-4e7f-abb7-eac35b0e33f9",
      "dblevel": 5,
      "location": "/VGMA/NgheKinhThanh/KinhThanhbandichTruyenThongHieuDinh/03-Le/Le24",
      "isVideo": false,
      "url": "nghe-kinh-thanh.kinh-thanh-ban-dich-truyen-thong-hieu-dinh.03-le.le24",
      "name": "Le24",
      "count": 0,
      "isLeaf": null,
      "keyword": null,
      "hash": "U2FsdGVkX19BrZClSxeoKUInNBJBns0xFe8RMgI9l3rs+girZ1RIpq+odS8QWtKyvB1KTgi+gIpcKKZxd/GWew==",
      "khash": "U2FsdGVkX1+3J2KCZgq0SM6g0wGwMhY0OtvGu0ZAnvP9VeBv1dsgvM88gILJZR9nL6yey6CVZwR/UdUdDwNWeQ==",
      "viewCount": null,
      "duration": "3:26",
      "size": 4985633
    },
    {
      "id": "27755403-267a-4d5d-984c-9f6940f250b8",
      "pid": "79252461-65dd-4e7f-abb7-eac35b0e33f9",
      "dblevel": 5,
      "location": "/VGMA/NgheKinhThanh/KinhThanhbandichTruyenThongHieuDinh/03-Le/Le25",
      "isVideo": false,
      "url": "nghe-kinh-thanh.kinh-thanh-ban-dich-truyen-thong-hieu-dinh.03-le.le25",
      "name": "Le25",
      "count": 0,
      "isLeaf": null,
      "keyword": null,
      "hash": "U2FsdGVkX19MQ4OlhlKCEdvE7TofL0KPW9W93LHjBaQfkGyEdZ6l0K6AQWwlStKQ+XunUPvPGAtzKmp8hu5yLA==",
      "khash": "U2FsdGVkX1/7zIgv3DGKymTpc0Nfp2BWfoTqt+4Yx2jNPn7vzY7U0OdNBhE98rkSbFDAeOiolPfs/6HV3kV8mg==",
      "viewCount": null,
      "duration": "9:11",
      "size": 13277286
    },
    {
      "id": "dd663afd-1dce-4db5-9b05-17cbe84690f8",
      "pid": "79252461-65dd-4e7f-abb7-eac35b0e33f9",
      "dblevel": 5,
      "location": "/VGMA/NgheKinhThanh/KinhThanhbandichTruyenThongHieuDinh/03-Le/Le26",
      "isVideo": false,
      "url": "nghe-kinh-thanh.kinh-thanh-ban-dich-truyen-thong-hieu-dinh.03-le.le26",
      "name": "Le26",
      "count": 0,
      "isLeaf": null,
      "keyword": null,
      "hash": "U2FsdGVkX1+8CaDg7bCuJF5W7hIchfKZ53BxRKZOWmXuXuzZUY84Fxo6UmPahNqj/mr2tM21HiPvqkmHHklmcA==",
      "khash": "U2FsdGVkX1+BT0fWPj00IALqElwJMB/1QAx0N+tT0w26MLKpytEQoUvcN+SJgnXLJdsfFR7UkR1c876mWo6gbw==",
      "viewCount": null,
      "duration": "7:30",
      "size": 10847620
    },
    {
      "id": "4a0d5dd9-ffe6-4978-9f33-08101210c984",
      "pid": "79252461-65dd-4e7f-abb7-eac35b0e33f9",
      "dblevel": 5,
      "location": "/VGMA/NgheKinhThanh/KinhThanhbandichTruyenThongHieuDinh/03-Le/Le27",
      "isVideo": false,
      "url": "nghe-kinh-thanh.kinh-thanh-ban-dich-truyen-thong-hieu-dinh.03-le.le27",
      "name": "Le27",
      "count": 0,
      "isLeaf": null,
      "keyword": null,
      "hash": "U2FsdGVkX1+4aPR+Ut1ukbx6exGYvu0Mp8ozWoNUZJYvZRPnU+bQf0u1GvooPgRVIWbaAHWHoipL3WXnCiQ6MQ==",
      "khash": "U2FsdGVkX19XF4evGjDoJah+mRWf7ilZ6kOa4LqVGIbXdrdR4ifr+SoK4CvYgvUIF9QkRpfc3ZsuNOlRRxjZYw==",
      "viewCount": null,
      "duration": "5:32",
      "size": 8002368
    }
  ]
}