{
  "id": "7a8f52ca-9d58-4397-8adf-9dc77b919504",
  "pid": "12721143-da46-463e-9f7e-8e2834f7ea2c",
  "dblevel": 4,
  "location": "/VGMA/NgheKinhThanh/KinhThanhbandichTruyenThongHieuDinhTU-MB/TTHD-1Giang",
  "isVideo": false,
  "url": "nghe-kinh-thanh.kinh-thanh-ban-dich-truyen-thong-hieu-dinh-tu-mb.tthd-1giang",
  "name": "TTHD-1Giăng",
  "count": 5,
  "isLeaf": true,
  "keyword": null,
  "hash": null,
  "khash": null,
  "viewCount": null,
  "duration": null,
  "size": null,
  "children": [
    {
      "id": "bb9a30a6-4790-4d65-b97e-2eb2d272882f",
      "pid": "7a8f52ca-9d58-4397-8adf-9dc77b919504",
      "dblevel": 5,
      "location": "/VGMA/NgheKinhThanh/KinhThanhbandichTruyenThongHieuDinhTU-MB/TTHD-1Giang/TTHD-1Gi01(MB)",
      "isVideo": false,
      "url": "nghe-kinh-thanh.kinh-thanh-ban-dich-truyen-thong-hieu-dinh-tu-mb.tthd-1giang.tthd-1gi01-mb-",
      "name": "TTHD-1Gi01(MB)",
      "count": 0,
      "isLeaf": null,
      "keyword": null,
      "hash": "U2FsdGVkX1/+Ia6Ou8h3mBQ3Sg+/G1Z2fHn+S4emH4mZZ0wDbMt2oNdBgc+s+6raqhp00c9QLwdOlLyKl6DueA==",
      "khash": null,
      "viewCount": null,
      "duration": "2:17",
      "size": 4403765
    },
    {
      "id": "96dec9aa-e6f4-4e87-b149-6071610346b9",
      "pid": "7a8f52ca-9d58-4397-8adf-9dc77b919504",
      "dblevel": 5,
      "location": "/VGMA/NgheKinhThanh/KinhThanhbandichTruyenThongHieuDinhTU-MB/TTHD-1Giang/TTHD-1Gi02(MB)",
      "isVideo": false,
      "url": "nghe-kinh-thanh.kinh-thanh-ban-dich-truyen-thong-hieu-dinh-tu-mb.tthd-1giang.tthd-1gi02-mb-",
      "name": "TTHD-1Gi02(MB)",
      "count": 0,
      "isLeaf": null,
      "keyword": null,
      "hash": "U2FsdGVkX18JhGtMReJ6MEMWUiUPWktYOLSjKG2wUfrMbuV9vJe5cw09QEwUdzFFAWsC1TQoRpA2M/RtkuG2sA==",
      "khash": null,
      "viewCount": null,
      "duration": "6:50",
      "size": 13129081
    },
    {
      "id": "93eeb1b6-04fb-4089-bd84-1f1d65a2ede3",
      "pid": "7a8f52ca-9d58-4397-8adf-9dc77b919504",
      "dblevel": 5,
      "location": "/VGMA/NgheKinhThanh/KinhThanhbandichTruyenThongHieuDinhTU-MB/TTHD-1Giang/TTHD-1Gi03(MB)",
      "isVideo": false,
      "url": "nghe-kinh-thanh.kinh-thanh-ban-dich-truyen-thong-hieu-dinh-tu-mb.tthd-1giang.tthd-1gi03-mb-",
      "name": "TTHD-1Gi03(MB)",
      "count": 0,
      "isLeaf": null,
      "keyword": null,
      "hash": "U2FsdGVkX183R2qd5zTFsYfyHU3+GelaPeQJSfQuC1s7YpquBnPvrSCNOazw+ZqZuxI4dLb9NhfELsZOoqxlZg==",
      "khash": null,
      "viewCount": null,
      "duration": "5:12",
      "size": 10011941
    },
    {
      "id": "8422e1d8-a24f-49e3-b89a-40c25d64fd21",
      "pid": "7a8f52ca-9d58-4397-8adf-9dc77b919504",
      "dblevel": 5,
      "location": "/VGMA/NgheKinhThanh/KinhThanhbandichTruyenThongHieuDinhTU-MB/TTHD-1Giang/TTHD-1Gi04(MB)",
      "isVideo": false,
      "url": "nghe-kinh-thanh.kinh-thanh-ban-dich-truyen-thong-hieu-dinh-tu-mb.tthd-1giang.tthd-1gi04-mb-",
      "name": "TTHD-1Gi04(MB)",
      "count": 0,
      "isLeaf": null,
      "keyword": null,
      "hash": "U2FsdGVkX1+z6+EpYG4+KTEKoq/DuzMe55aMXjBETWzkqzoVvDlykc5dwUDmhMFYSj7TcybzJ8rg4bi50DZTRg==",
      "khash": null,
      "viewCount": null,
      "duration": "4:57",
      "size": 9509554
    },
    {
      "id": "3c78df44-5a53-4e91-a96e-8fb7a18ec6fc",
      "pid": "7a8f52ca-9d58-4397-8adf-9dc77b919504",
      "dblevel": 5,
      "location": "/VGMA/NgheKinhThanh/KinhThanhbandichTruyenThongHieuDinhTU-MB/TTHD-1Giang/TTHD-1Gi05(MB)",
      "isVideo": false,
      "url": "nghe-kinh-thanh.kinh-thanh-ban-dich-truyen-thong-hieu-dinh-tu-mb.tthd-1giang.tthd-1gi05-mb-",
      "name": "TTHD-1Gi05(MB)",
      "count": 0,
      "isLeaf": null,
      "keyword": null,
      "hash": "U2FsdGVkX18qvx7NV617O/u24RI0/EFRC6R+dQK+1eMLJ3C0ilp5BuKOagE4GmkGOusCRj08skKDxqEXqirVrA==",
      "khash": null,
      "viewCount": null,
      "duration": "4:27",
      "size": 8569146
    }
  ]
}