{
  "id": "ce61fd59-e1bb-4599-82ec-dfcdd500e94e",
  "pid": "b4ae5115-2bbc-4f41-8f47-d29299d09bbe",
  "dblevel": 4,
  "location": "/VGMA/NgheKinhThanh/KinhThanhbandichTruyenThong_FCBH/25.IIIGiang",
  "isVideo": false,
  "url": "nghe-kinh-thanh.kinh-thanh-ban-dich-truyen-thong-fcbh.25--iii-giang",
  "name": "25. III Giăng",
  "count": 1,
  "isLeaf": true,
  "keyword": null,
  "hash": null,
  "khash": null,
  "viewCount": null,
  "duration": null,
  "size": null,
  "children": [
    {
      "id": "9c469b04-223c-4188-9582-b5ecc0c7c19d",
      "pid": "ce61fd59-e1bb-4599-82ec-dfcdd500e94e",
      "dblevel": 5,
      "location": "/VGMA/NgheKinhThanh/KinhThanhbandichTruyenThong_FCBH/25.IIIGiang/3Giang",
      "isVideo": false,
      "url": "nghe-kinh-thanh.kinh-thanh-ban-dich-truyen-thong-fcbh.25--iii-giang.3-giang",
      "name": "3 Giăng",
      "count": 0,
      "isLeaf": null,
      "keyword": null,
      "hash": "U2FsdGVkX19pqGiNEVWthohVZEs4lwdAy9WQXnDUzaQ7/+Dz0z7xfS1TsIHcTo/n8dAGY9u6AZzeSK+rNgs3xA==",
      "khash": "U2FsdGVkX18u2eQ3KCVRtUnRkbim71QCDLMI2qNdZvLL5ny3buwntnI6UvOaIhP9V+exUZGNoYtgnRpS8wPO1w==",
      "viewCount": null,
      "duration": "2:7",
      "size": 1041753
    }
  ]
}