{
  "id": "d6c25bf3-e9da-4269-a390-9dd63a7b11d3",
  "pid": "23541eed-15e9-41d0-8477-67032b0277ec",
  "dblevel": 4,
  "location": "/VGMA/NgheKinhThanh/KinhThanhbandichTruyenThongHieuDinh/51-Co",
  "isVideo": false,
  "url": "nghe-kinh-thanh.kinh-thanh-ban-dich-truyen-thong-hieu-dinh.51-co",
  "name": "51-Co",
  "count": 4,
  "isLeaf": true,
  "keyword": null,
  "hash": null,
  "khash": null,
  "viewCount": null,
  "duration": null,
  "size": null,
  "children": [
    {
      "id": "ea7f1d0e-4ca1-46a6-908e-9b72fe4a7c8a",
      "pid": "d6c25bf3-e9da-4269-a390-9dd63a7b11d3",
      "dblevel": 5,
      "location": "/VGMA/NgheKinhThanh/KinhThanhbandichTruyenThongHieuDinh/51-Co/Co01",
      "isVideo": false,
      "url": "nghe-kinh-thanh.kinh-thanh-ban-dich-truyen-thong-hieu-dinh.51-co.co01",
      "name": "Co01",
      "count": 0,
      "isLeaf": null,
      "keyword": null,
      "hash": "U2FsdGVkX1+6kLDANqdSBF3pylcEuGygGHTEdJR0Of3xOTPcn5bKNYigKJ+fvwzNJhKFL/WkgNHyC1KU2J/MRA==",
      "khash": null,
      "viewCount": null,
      "duration": "4:23",
      "size": 6351812
    },
    {
      "id": "e797d44d-23c8-4752-af4f-1f772e94884e",
      "pid": "d6c25bf3-e9da-4269-a390-9dd63a7b11d3",
      "dblevel": 5,
      "location": "/VGMA/NgheKinhThanh/KinhThanhbandichTruyenThongHieuDinh/51-Co/Co02",
      "isVideo": false,
      "url": "nghe-kinh-thanh.kinh-thanh-ban-dich-truyen-thong-hieu-dinh.51-co.co02",
      "name": "Co02",
      "count": 0,
      "isLeaf": null,
      "keyword": null,
      "hash": "U2FsdGVkX198wrW/Ki3ukoEvGmtfl6myQFx++X29dmVBmVkThiYP9PNdMHXASSrc7Y1lsImWGmPx7AFnzsQoVA==",
      "khash": null,
      "viewCount": null,
      "duration": "3:25",
      "size": 4960593
    },
    {
      "id": "e63a51b4-0373-4f9f-a28f-04da9bca4306",
      "pid": "d6c25bf3-e9da-4269-a390-9dd63a7b11d3",
      "dblevel": 5,
      "location": "/VGMA/NgheKinhThanh/KinhThanhbandichTruyenThongHieuDinh/51-Co/Co03",
      "isVideo": false,
      "url": "nghe-kinh-thanh.kinh-thanh-ban-dich-truyen-thong-hieu-dinh.51-co.co03",
      "name": "Co03",
      "count": 0,
      "isLeaf": null,
      "keyword": null,
      "hash": "U2FsdGVkX1/wZSauBSDGc1WO9yrgDc60LkLrtPRDaN/+TWl3Q+5Fd9GjGT3cp5BFndg0i7VgipjePSysmKxfdg==",
      "khash": null,
      "viewCount": null,
      "duration": "3:21",
      "size": 4861348
    },
    {
      "id": "0be4429f-aae9-44d7-a272-83b5190f74d2",
      "pid": "d6c25bf3-e9da-4269-a390-9dd63a7b11d3",
      "dblevel": 5,
      "location": "/VGMA/NgheKinhThanh/KinhThanhbandichTruyenThongHieuDinh/51-Co/Co04",
      "isVideo": false,
      "url": "nghe-kinh-thanh.kinh-thanh-ban-dich-truyen-thong-hieu-dinh.51-co.co04",
      "name": "Co04",
      "count": 0,
      "isLeaf": null,
      "keyword": null,
      "hash": "U2FsdGVkX1+qNl2xVLdIbiPIqCpKEs1WBT96BUA8F3KZ9Ww15LFnSJ9ZjFjSbAiioPWL2lYCgipeBL0BcMkP0w==",
      "khash": "U2FsdGVkX18KCznOPBFxCNn2puIbdCYcpq4dbxcdLUNKXtC5OXje99StHjDZ1xEnLcka4YBBaMhtosc27tIp4Q==",
      "viewCount": null,
      "duration": "2:30",
      "size": 3638174
    }
  ]
}