{
  "id": "32c4f678-3c53-41df-9a1a-9b1ac4515f52",
  "pid": "23541eed-15e9-41d0-8477-67032b0277ec",
  "dblevel": 4,
  "location": "/VGMA/NgheKinhThanh/KinhThanhbandichTruyenThongHieuDinh/24-Gie",
  "isVideo": false,
  "url": "nghe-kinh-thanh.kinh-thanh-ban-dich-truyen-thong-hieu-dinh.24-gie",
  "name": "24-Gie",
  "count": 52,
  "isLeaf": true,
  "keyword": null,
  "hash": null,
  "khash": null,
  "viewCount": null,
  "duration": null,
  "size": null,
  "children": [
    {
      "id": "d2e14cdb-be49-4ebd-96ae-b15567d6e802",
      "pid": "32c4f678-3c53-41df-9a1a-9b1ac4515f52",
      "dblevel": 5,
      "location": "/VGMA/NgheKinhThanh/KinhThanhbandichTruyenThongHieuDinh/24-Gie/Gie01",
      "isVideo": false,
      "url": "nghe-kinh-thanh.kinh-thanh-ban-dich-truyen-thong-hieu-dinh.24-gie.gie01",
      "name": "Gie01",
      "count": 0,
      "isLeaf": null,
      "keyword": null,
      "hash": "U2FsdGVkX1/yP9TobIb5pOzalqTmhsr8I1IPp9LfBvsq4CzdcotoDSUfHrZhrJ1sOGMDH/gZFgCmbQbKhJN3Yw==",
      "khash": "U2FsdGVkX1/W0ZHX8PHHewqbBjihZ87k2YsAcdqDO6X5QovoMIxY1P6rrL1UfTMEgL8wbzO+nRuZMFg8Ht9MrA==",
      "viewCount": null,
      "duration": "2:57",
      "size": 4265777
    },
    {
      "id": "eb9b5630-b258-4c64-9847-df637aa35f93",
      "pid": "32c4f678-3c53-41df-9a1a-9b1ac4515f52",
      "dblevel": 5,
      "location": "/VGMA/NgheKinhThanh/KinhThanhbandichTruyenThongHieuDinh/24-Gie/Gie02",
      "isVideo": false,
      "url": "nghe-kinh-thanh.kinh-thanh-ban-dich-truyen-thong-hieu-dinh.24-gie.gie02",
      "name": "Gie02",
      "count": 0,
      "isLeaf": null,
      "keyword": null,
      "hash": "U2FsdGVkX186Vx4dV0H7cUS1jaYGVtqXAsDRrQYFA3FHAJUu/9H3vkh92S9aodii7ghhSbbw3GIb4AY4D7tXIA==",
      "khash": null,
      "viewCount": null,
      "duration": "6:33",
      "size": 9481106
    },
    {
      "id": "55351cef-44db-40ff-af8b-663814023bdf",
      "pid": "32c4f678-3c53-41df-9a1a-9b1ac4515f52",
      "dblevel": 5,
      "location": "/VGMA/NgheKinhThanh/KinhThanhbandichTruyenThongHieuDinh/24-Gie/Gie03",
      "isVideo": false,
      "url": "nghe-kinh-thanh.kinh-thanh-ban-dich-truyen-thong-hieu-dinh.24-gie.gie03",
      "name": "Gie03",
      "count": 0,
      "isLeaf": null,
      "keyword": null,
      "hash": "U2FsdGVkX1+HlMUwtCbxIQG6lRzzu3phrXLIDV5n1u8/XOoVU3wZWzJFS/j8YuX98onVRxJ7aqq+M6GvkzzpuQ==",
      "khash": "U2FsdGVkX18uO/xq9mPyIcdCKAssFMuN1iKUmEZBMUGEcKY4AS0q6CF6J5rP+85nNzSa3PZB+rVImoZHtupIXw==",
      "viewCount": null,
      "duration": "4:47",
      "size": 6926362
    },
    {
      "id": "fc41890a-c828-4645-b34f-cada6adc0710",
      "pid": "32c4f678-3c53-41df-9a1a-9b1ac4515f52",
      "dblevel": 5,
      "location": "/VGMA/NgheKinhThanh/KinhThanhbandichTruyenThongHieuDinh/24-Gie/Gie04",
      "isVideo": false,
      "url": "nghe-kinh-thanh.kinh-thanh-ban-dich-truyen-thong-hieu-dinh.24-gie.gie04",
      "name": "Gie04",
      "count": 0,
      "isLeaf": null,
      "keyword": null,
      "hash": "U2FsdGVkX19Z1YDsg9gb8A9Ru2V9g8afBi3tC1yTP4yUoskRVsrqWEjRpqWxIiFCphWc8P80ua5mHmCaFJaBRw==",
      "khash": null,
      "viewCount": null,
      "duration": "4:53",
      "size": 7060051
    },
    {
      "id": "05039fef-9ab0-4c3b-8a4a-7640ba764120",
      "pid": "32c4f678-3c53-41df-9a1a-9b1ac4515f52",
      "dblevel": 5,
      "location": "/VGMA/NgheKinhThanh/KinhThanhbandichTruyenThongHieuDinh/24-Gie/Gie05",
      "isVideo": false,
      "url": "nghe-kinh-thanh.kinh-thanh-ban-dich-truyen-thong-hieu-dinh.24-gie.gie05",
      "name": "Gie05",
      "count": 0,
      "isLeaf": null,
      "keyword": null,
      "hash": "U2FsdGVkX1+W+5JiUt7M8TvyjiE4fMIAKWPuZhYETVyTqVhu+LnrFfCIDaIiabgBY9eFceKIdS+5H46tUlyaIw==",
      "khash": "U2FsdGVkX1+Vdzmx0q9hqCo/hsEIeKq7ARyKHjT/MjM+j/A25wvEq/HsCDnssE8fKAQ4aAClb5z2YxQI3POkbQ==",
      "viewCount": null,
      "duration": "4:54",
      "size": 7102681
    },
    {
      "id": "89f3b4b6-fcf9-4c14-b5ba-839b4ff9b6bb",
      "pid": "32c4f678-3c53-41df-9a1a-9b1ac4515f52",
      "dblevel": 5,
      "location": "/VGMA/NgheKinhThanh/KinhThanhbandichTruyenThongHieuDinh/24-Gie/Gie06",
      "isVideo": false,
      "url": "nghe-kinh-thanh.kinh-thanh-ban-dich-truyen-thong-hieu-dinh.24-gie.gie06",
      "name": "Gie06",
      "count": 0,
      "isLeaf": null,
      "keyword": null,
      "hash": "U2FsdGVkX19vbd4R5Oqu8UVWE/uvVsKJjm0WMhF2YB2l2WXUUBC/f16a52Y0YFV8lcsUBhQ6ZgF6ojrpx+vsLw==",
      "khash": null,
      "viewCount": null,
      "duration": "4:42",
      "size": 6799864
    },
    {
      "id": "acf483a7-ae75-4c74-b5a3-a2774284b64e",
      "pid": "32c4f678-3c53-41df-9a1a-9b1ac4515f52",
      "dblevel": 5,
      "location": "/VGMA/NgheKinhThanh/KinhThanhbandichTruyenThongHieuDinh/24-Gie/Gie07",
      "isVideo": false,
      "url": "nghe-kinh-thanh.kinh-thanh-ban-dich-truyen-thong-hieu-dinh.24-gie.gie07",
      "name": "Gie07",
      "count": 0,
      "isLeaf": null,
      "keyword": null,
      "hash": "U2FsdGVkX1/+PEUe2SyIhy1CU19q9WPJb9IxbEyRqVnK17u71AvQlci2OJ+NhuX+8f972H+hc8fk32BfPMFphg==",
      "khash": null,
      "viewCount": null,
      "duration": "5:19",
      "size": 7693121
    },
    {
      "id": "fca1ef2d-612a-4a58-9719-e7a2d31837b2",
      "pid": "32c4f678-3c53-41df-9a1a-9b1ac4515f52",
      "dblevel": 5,
      "location": "/VGMA/NgheKinhThanh/KinhThanhbandichTruyenThongHieuDinh/24-Gie/Gie08",
      "isVideo": false,
      "url": "nghe-kinh-thanh.kinh-thanh-ban-dich-truyen-thong-hieu-dinh.24-gie.gie08",
      "name": "Gie08",
      "count": 0,
      "isLeaf": null,
      "keyword": null,
      "hash": "U2FsdGVkX19f9P8Vc6H/PEkUv2c84m5aXkHGIX3zSZ0X217RhTOe+KuO2soXKWWOoSX26qHVcWFVQHC8fOWQMg==",
      "khash": "U2FsdGVkX1+DvNOuEMIr5fw8GprqPXY2OHIEYrzlwDPRLpgVlClS0pakb6uz0uSHMwDJXyvc2bGqwNyl+4Pk+g==",
      "viewCount": null,
      "duration": "3:53",
      "size": 5611176
    },
    {
      "id": "7b07353b-d4b8-4669-839f-9b16b1659ff4",
      "pid": "32c4f678-3c53-41df-9a1a-9b1ac4515f52",
      "dblevel": 5,
      "location": "/VGMA/NgheKinhThanh/KinhThanhbandichTruyenThongHieuDinh/24-Gie/Gie09",
      "isVideo": false,
      "url": "nghe-kinh-thanh.kinh-thanh-ban-dich-truyen-thong-hieu-dinh.24-gie.gie09",
      "name": "Gie09",
      "count": 0,
      "isLeaf": null,
      "keyword": null,
      "hash": "U2FsdGVkX194FTBN+sF8pjTgCOMkluyoc/pi9a2B3vuafVih4oCjPltD/R0vZWNrIdiehNzvqWHW4HlVq2R8LA==",
      "khash": "U2FsdGVkX1+N8BE+U9qvBfqifMDFYiyT7gOLpUfWdtTeV/4ZhCaF7zB9gIoeraLKIKenKtDRHSXARE5G8OQWKw==",
      "viewCount": null,
      "duration": "4:21",
      "size": 6308495
    },
    {
      "id": "dacf88bb-a6db-4733-8788-855179a30bd6",
      "pid": "32c4f678-3c53-41df-9a1a-9b1ac4515f52",
      "dblevel": 5,
      "location": "/VGMA/NgheKinhThanh/KinhThanhbandichTruyenThongHieuDinh/24-Gie/Gie10",
      "isVideo": false,
      "url": "nghe-kinh-thanh.kinh-thanh-ban-dich-truyen-thong-hieu-dinh.24-gie.gie10",
      "name": "Gie10",
      "count": 0,
      "isLeaf": null,
      "keyword": null,
      "hash": "U2FsdGVkX1+PcZ0oTW+1o0HOv/dxRgawhC8tq/2FzltTmgQF+slVLMeybLYHA94cGCauSuWzW0jonk5BGJIFEQ==",
      "khash": "U2FsdGVkX1/NU+zVGOS215pxcewXiWM4AY+gH9xUeOl4/UAK9IellYJlBzrgrbcmcBfNW1fZqAAuwR3gTkL8DA==",
      "viewCount": null,
      "duration": "3:41",
      "size": 5329254
    },
    {
      "id": "cc541fa5-ffc1-462c-be7e-61eda7382db1",
      "pid": "32c4f678-3c53-41df-9a1a-9b1ac4515f52",
      "dblevel": 5,
      "location": "/VGMA/NgheKinhThanh/KinhThanhbandichTruyenThongHieuDinh/24-Gie/Gie11",
      "isVideo": false,
      "url": "nghe-kinh-thanh.kinh-thanh-ban-dich-truyen-thong-hieu-dinh.24-gie.gie11",
      "name": "Gie11",
      "count": 0,
      "isLeaf": null,
      "keyword": null,
      "hash": "U2FsdGVkX1+Xfmer+uDjLUc79x5UldhT9IjO+qlZM0DSkc1hgNQRes5M59WUmlONdatdK7o3LfidvEUwzAdFtA==",
      "khash": null,
      "viewCount": null,
      "duration": "4:3",
      "size": 5860157
    },
    {
      "id": "84b82ae7-ee03-4316-8ac7-f8cf739e2fd8",
      "pid": "32c4f678-3c53-41df-9a1a-9b1ac4515f52",
      "dblevel": 5,
      "location": "/VGMA/NgheKinhThanh/KinhThanhbandichTruyenThongHieuDinh/24-Gie/Gie12",
      "isVideo": false,
      "url": "nghe-kinh-thanh.kinh-thanh-ban-dich-truyen-thong-hieu-dinh.24-gie.gie12",
      "name": "Gie12",
      "count": 0,
      "isLeaf": null,
      "keyword": null,
      "hash": "U2FsdGVkX19sSWhiNs1qy37I4vvjoqiwqDAl3kUeYFWuUF2XPFYoFEY33LU+Lddm6eDgKVtqDiSaG2MKAz9JcA==",
      "khash": "U2FsdGVkX1+k5wjnQocxSMDmZVLN16VsniFIrboha53gvgObF7mWZh6XuBQ3y2d77yBX2YOoNdMg9ieZcT2xdA==",
      "viewCount": null,
      "duration": "2:59",
      "size": 4313065
    },
    {
      "id": "6d3d36a2-54d7-4a01-9e5d-bb653e004fc1",
      "pid": "32c4f678-3c53-41df-9a1a-9b1ac4515f52",
      "dblevel": 5,
      "location": "/VGMA/NgheKinhThanh/KinhThanhbandichTruyenThongHieuDinh/24-Gie/Gie13",
      "isVideo": false,
      "url": "nghe-kinh-thanh.kinh-thanh-ban-dich-truyen-thong-hieu-dinh.24-gie.gie13",
      "name": "Gie13",
      "count": 0,
      "isLeaf": null,
      "keyword": null,
      "hash": "U2FsdGVkX18OlniGxoGsCEMC1si/08xtkU4Z3vht4jEO/GRFY5HPXlBJ1FF0QfUj72+S4pTaYOYNa9KrOIXpdA==",
      "khash": null,
      "viewCount": null,
      "duration": "4:11",
      "size": 6050415
    },
    {
      "id": "0f391bb4-4bb3-445a-8320-dd0738f0b58f",
      "pid": "32c4f678-3c53-41df-9a1a-9b1ac4515f52",
      "dblevel": 5,
      "location": "/VGMA/NgheKinhThanh/KinhThanhbandichTruyenThongHieuDinh/24-Gie/Gie14",
      "isVideo": false,
      "url": "nghe-kinh-thanh.kinh-thanh-ban-dich-truyen-thong-hieu-dinh.24-gie.gie14",
      "name": "Gie14",
      "count": 0,
      "isLeaf": null,
      "keyword": null,
      "hash": "U2FsdGVkX19/tHG3Zs9lWB0UxOUW73/TWR4fkm0ruinYQ59AT4dyvAgE843gXt4SqIjUjyAbrlYuSmfJiOxhgg==",
      "khash": null,
      "viewCount": null,
      "duration": "3:54",
      "size": 5654369
    },
    {
      "id": "4e9888a4-6876-4fe7-9907-1fc8432720ad",
      "pid": "32c4f678-3c53-41df-9a1a-9b1ac4515f52",
      "dblevel": 5,
      "location": "/VGMA/NgheKinhThanh/KinhThanhbandichTruyenThongHieuDinh/24-Gie/Gie15",
      "isVideo": false,
      "url": "nghe-kinh-thanh.kinh-thanh-ban-dich-truyen-thong-hieu-dinh.24-gie.gie15",
      "name": "Gie15",
      "count": 0,
      "isLeaf": null,
      "keyword": null,
      "hash": "U2FsdGVkX1/+mNYy7dAIfGTIjARntvxCFHd2NTQAu88lW23Pc6mE0mRMcNLTYjE68JUIqKYWI5wX1Yy8S36VVA==",
      "khash": null,
      "viewCount": null,
      "duration": "3:48",
      "size": 5513063
    },
    {
      "id": "859a4a4f-4350-4d93-83ce-3a726eb2ec85",
      "pid": "32c4f678-3c53-41df-9a1a-9b1ac4515f52",
      "dblevel": 5,
      "location": "/VGMA/NgheKinhThanh/KinhThanhbandichTruyenThongHieuDinh/24-Gie/Gie16",
      "isVideo": false,
      "url": "nghe-kinh-thanh.kinh-thanh-ban-dich-truyen-thong-hieu-dinh.24-gie.gie16",
      "name": "Gie16",
      "count": 0,
      "isLeaf": null,
      "keyword": null,
      "hash": "U2FsdGVkX18DIe7OplCPeCxJej2Eugr8HZSijigxwnh2IpP5sjxeLHe598gxElPTYvPdoXiIQg2I43HlYWvsqg==",
      "khash": null,
      "viewCount": null,
      "duration": "3:31",
      "size": 5087545
    },
    {
      "id": "4d6557c9-593d-49b2-ac7c-fde3b48dc801",
      "pid": "32c4f678-3c53-41df-9a1a-9b1ac4515f52",
      "dblevel": 5,
      "location": "/VGMA/NgheKinhThanh/KinhThanhbandichTruyenThongHieuDinh/24-Gie/Gie17",
      "isVideo": false,
      "url": "nghe-kinh-thanh.kinh-thanh-ban-dich-truyen-thong-hieu-dinh.24-gie.gie17",
      "name": "Gie17",
      "count": 0,
      "isLeaf": null,
      "keyword": null,
      "hash": "U2FsdGVkX1/qNvxZN+Uj3QbJbXUGaAfYxPVMN1CkCYdzyNB4pMuF4A+UkNPn16huwpCx0LU8kL1dZIAPdbVY+w==",
      "khash": null,
      "viewCount": null,
      "duration": "4:39",
      "size": 6736512
    },
    {
      "id": "253534e4-595f-4f07-8801-36a0cbe5395b",
      "pid": "32c4f678-3c53-41df-9a1a-9b1ac4515f52",
      "dblevel": 5,
      "location": "/VGMA/NgheKinhThanh/KinhThanhbandichTruyenThongHieuDinh/24-Gie/Gie18",
      "isVideo": false,
      "url": "nghe-kinh-thanh.kinh-thanh-ban-dich-truyen-thong-hieu-dinh.24-gie.gie18",
      "name": "Gie18",
      "count": 0,
      "isLeaf": null,
      "keyword": null,
      "hash": "U2FsdGVkX18VA88FkNOJFpKQzH3dHyEADIxjm6xbsiuUvNx7pLehhyKZ7e2br0Q/8a+po50OH67m7zvMpQ1yMQ==",
      "khash": "U2FsdGVkX19ukCHH4sywrqlWitAPiJl9hZl47zQiqAGwTJYy0iZQnLU52Up4gupJReE1llypqe7Zk/1Nutcb0Q==",
      "viewCount": null,
      "duration": "3:37",
      "size": 5244169
    },
    {
      "id": "54dad9e9-e058-4c33-99fe-42049784d5ee",
      "pid": "32c4f678-3c53-41df-9a1a-9b1ac4515f52",
      "dblevel": 5,
      "location": "/VGMA/NgheKinhThanh/KinhThanhbandichTruyenThongHieuDinh/24-Gie/Gie19",
      "isVideo": false,
      "url": "nghe-kinh-thanh.kinh-thanh-ban-dich-truyen-thong-hieu-dinh.24-gie.gie19",
      "name": "Gie19",
      "count": 0,
      "isLeaf": null,
      "keyword": null,
      "hash": "U2FsdGVkX1+xAQh5jMT/XFjhxxQ+lNVoKoZ0hXazOTmTWUHhsKi1q5vbjTeaHQNoTtzClJSHZcTH4v1v4n17DQ==",
      "khash": "U2FsdGVkX1/uOftU5JsQCwKnX+/VipFpXLVVWkWqBUVjjqMazE0at0E6/32eHDCx83ESPGkUQXKUlW2db13Dhw==",
      "viewCount": null,
      "duration": "3:1",
      "size": 4375036
    },
    {
      "id": "bbde6436-900f-483f-bc41-6206966d0dc7",
      "pid": "32c4f678-3c53-41df-9a1a-9b1ac4515f52",
      "dblevel": 5,
      "location": "/VGMA/NgheKinhThanh/KinhThanhbandichTruyenThongHieuDinh/24-Gie/Gie20",
      "isVideo": false,
      "url": "nghe-kinh-thanh.kinh-thanh-ban-dich-truyen-thong-hieu-dinh.24-gie.gie20",
      "name": "Gie20",
      "count": 0,
      "isLeaf": null,
      "keyword": null,
      "hash": "U2FsdGVkX189NOja+NElVMTQfSuX+dLNi1bH/eHzFmL0baEkhEh/hm7lo3GwcsyNqllX5m75s+Sy9db86iGpgg==",
      "khash": null,
      "viewCount": null,
      "duration": "3:30",
      "size": 5072118
    },
    {
      "id": "a8988693-82b2-4d40-8869-bbdfa40f2703",
      "pid": "32c4f678-3c53-41df-9a1a-9b1ac4515f52",
      "dblevel": 5,
      "location": "/VGMA/NgheKinhThanh/KinhThanhbandichTruyenThongHieuDinh/24-Gie/Gie21",
      "isVideo": false,
      "url": "nghe-kinh-thanh.kinh-thanh-ban-dich-truyen-thong-hieu-dinh.24-gie.gie21",
      "name": "Gie21",
      "count": 0,
      "isLeaf": null,
      "keyword": null,
      "hash": "U2FsdGVkX19Y9KxZLg3QWraHkAw0IuPGGz+a9hUsN1dYAw62YYASrhNMNOOF9487ktMyIpnQMJk/mJolVTXvsQ==",
      "khash": "U2FsdGVkX18Biw+ONgYzc4XgoCLqKPo8CR7LHsjR3UypU4hcoP+EvKcK0Hak4iyiC+GBXQeR0EX8+FUxVPFj7g==",
      "viewCount": null,
      "duration": "2:45",
      "size": 3989928
    },
    {
      "id": "2d29da45-ed80-4f00-af0c-dbcfed3ef985",
      "pid": "32c4f678-3c53-41df-9a1a-9b1ac4515f52",
      "dblevel": 5,
      "location": "/VGMA/NgheKinhThanh/KinhThanhbandichTruyenThongHieuDinh/24-Gie/Gie22",
      "isVideo": false,
      "url": "nghe-kinh-thanh.kinh-thanh-ban-dich-truyen-thong-hieu-dinh.24-gie.gie22",
      "name": "Gie22",
      "count": 0,
      "isLeaf": null,
      "keyword": null,
      "hash": "U2FsdGVkX1+rPg6dhmDUU8AsvOcASFiw6aXPoohc3uHS1cvc7jh+GxXbfd8iZtHk1W8AHGt1WEntERCPOKA6+g==",
      "khash": "U2FsdGVkX1/WagKh/8zdvOSCDGLEqrz8k/9gucytv1a+wCgvucOMiGTRqSHBXipJRjhe54mwMMoAb/u8YZwouw==",
      "viewCount": null,
      "duration": "4:52",
      "size": 7051975
    },
    {
      "id": "520a8b09-b2db-48e6-abb1-2c0cf9007bec",
      "pid": "32c4f678-3c53-41df-9a1a-9b1ac4515f52",
      "dblevel": 5,
      "location": "/VGMA/NgheKinhThanh/KinhThanhbandichTruyenThongHieuDinh/24-Gie/Gie23",
      "isVideo": false,
      "url": "nghe-kinh-thanh.kinh-thanh-ban-dich-truyen-thong-hieu-dinh.24-gie.gie23",
      "name": "Gie23",
      "count": 0,
      "isLeaf": null,
      "keyword": null,
      "hash": "U2FsdGVkX19sE3ECPmi85QG7EWsSJemv4tDOPqZkC68qL1Mw3kTGJ50+jAXXoVnO2dO68bzyc5kzkVGYAF/5aw==",
      "khash": "U2FsdGVkX18cCFFo1rKtLwNhAHmL62t91blj5ywhwEI5OSk8jhgHXkz2AfSisOUXFW+YDSVOtnmJ+nMl7lNJjA==",
      "viewCount": null,
      "duration": "6:55",
      "size": 9995806
    },
    {
      "id": "0034ad90-d5ef-47b2-875b-dfd367c97de6",
      "pid": "32c4f678-3c53-41df-9a1a-9b1ac4515f52",
      "dblevel": 5,
      "location": "/VGMA/NgheKinhThanh/KinhThanhbandichTruyenThongHieuDinh/24-Gie/Gie24",
      "isVideo": false,
      "url": "nghe-kinh-thanh.kinh-thanh-ban-dich-truyen-thong-hieu-dinh.24-gie.gie24",
      "name": "Gie24",
      "count": 0,
      "isLeaf": null,
      "keyword": null,
      "hash": "U2FsdGVkX1+shPzZGhqhr0lD9gmE4/lf994hitT+10Ij6gyooJQPH/HbM77Yx9SO+XjPYKPiGvOntvQtYQ8nrA==",
      "khash": null,
      "viewCount": null,
      "duration": "1:53",
      "size": 2748448
    },
    {
      "id": "84f78822-1b82-483e-80de-a07880af1199",
      "pid": "32c4f678-3c53-41df-9a1a-9b1ac4515f52",
      "dblevel": 5,
      "location": "/VGMA/NgheKinhThanh/KinhThanhbandichTruyenThongHieuDinh/24-Gie/Gie25",
      "isVideo": false,
      "url": "nghe-kinh-thanh.kinh-thanh-ban-dich-truyen-thong-hieu-dinh.24-gie.gie25",
      "name": "Gie25",
      "count": 0,
      "isLeaf": null,
      "keyword": null,
      "hash": "U2FsdGVkX18m7uzi9fnxGdCNh6F3pgcIQRNfaCzyA+LTbwElatLN8yEbnjgqBS2eth2KkcyfPbme/3qIFQbinw==",
      "khash": "U2FsdGVkX19aI41X50wkkoa5lg7svjqLKJsuToez2yYHtTrB7L3WHTl1trHkLdkFOMZD9q91WPZfqlW2QbluTg==",
      "viewCount": null,
      "duration": "6:3",
      "size": 8753065
    },
    {
      "id": "5956602a-8910-40fc-8d92-6db7b46ba09b",
      "pid": "32c4f678-3c53-41df-9a1a-9b1ac4515f52",
      "dblevel": 5,
      "location": "/VGMA/NgheKinhThanh/KinhThanhbandichTruyenThongHieuDinh/24-Gie/Gie26",
      "isVideo": false,
      "url": "nghe-kinh-thanh.kinh-thanh-ban-dich-truyen-thong-hieu-dinh.24-gie.gie26",
      "name": "Gie26",
      "count": 0,
      "isLeaf": null,
      "keyword": null,
      "hash": "U2FsdGVkX199fHEGe2m+HM3VIIcVvirHpytr0W7Rmymk3vvZp+UiS5g5w+5yKjgfmUsJ1GNx+fKA9iQvbK/jwg==",
      "khash": "U2FsdGVkX1/15c/e3S7xuEuuIUyIcRdR8va92rp0Q30/RGXRTYONEEEhlTgJYd2ZUFsBB9xURvG1OOU/mK1VvQ==",
      "viewCount": null,
      "duration": "8:22",
      "size": 12080553
    },
    {
      "id": "d7990d1b-c5c2-4ba2-94d5-156d539c0fe0",
      "pid": "32c4f678-3c53-41df-9a1a-9b1ac4515f52",
      "dblevel": 5,
      "location": "/VGMA/NgheKinhThanh/KinhThanhbandichTruyenThongHieuDinh/24-Gie/Gie27",
      "isVideo": false,
      "url": "nghe-kinh-thanh.kinh-thanh-ban-dich-truyen-thong-hieu-dinh.24-gie.gie27",
      "name": "Gie27",
      "count": 0,
      "isLeaf": null,
      "keyword": null,
      "hash": "U2FsdGVkX1+oY/qY4nrwRSTs0Kc+WNtvxipoQdanxeuroQAzCz2f2GZ0rs1JtKHa2SNl47iQEDrq+8q1BWsxQQ==",
      "khash": "U2FsdGVkX18+gl7+FBgSHV3QAn2+GbQxZJBtc0TvlUyZxfImhlI5k5p4t7sQ0nQb5JAfe8YqKiRLXx9UU/xzhg==",
      "viewCount": null,
      "duration": "4:11",
      "size": 6053760
    },
    {
      "id": "99154f94-4492-4d12-bf18-b88d93ef585c",
      "pid": "32c4f678-3c53-41df-9a1a-9b1ac4515f52",
      "dblevel": 5,
      "location": "/VGMA/NgheKinhThanh/KinhThanhbandichTruyenThongHieuDinh/24-Gie/Gie28",
      "isVideo": false,
      "url": "nghe-kinh-thanh.kinh-thanh-ban-dich-truyen-thong-hieu-dinh.24-gie.gie28",
      "name": "Gie28",
      "count": 0,
      "isLeaf": null,
      "keyword": null,
      "hash": "U2FsdGVkX1/9KF+x4FA0a7oGtd3rUiYj1XnDcoTcAbW35qI8eVgwja1Bb57C5QK5kb8hzttohDxn0H8Gw4pVvw==",
      "khash": null,
      "viewCount": null,
      "duration": "2:51",
      "size": 4124471
    },
    {
      "id": "f1e97ee3-386c-47f3-9b00-dfd9771af4ca",
      "pid": "32c4f678-3c53-41df-9a1a-9b1ac4515f52",
      "dblevel": 5,
      "location": "/VGMA/NgheKinhThanh/KinhThanhbandichTruyenThongHieuDinh/24-Gie/Gie29",
      "isVideo": false,
      "url": "nghe-kinh-thanh.kinh-thanh-ban-dich-truyen-thong-hieu-dinh.24-gie.gie29",
      "name": "Gie29",
      "count": 0,
      "isLeaf": null,
      "keyword": null,
      "hash": "U2FsdGVkX1+Cnf8PY9a0YVrvLIAThHMfvkf34jFv+Bnz07FbsKkA5zcqx8PPsiSAdFTQRGi738p0+ppc7d/elA==",
      "khash": null,
      "viewCount": null,
      "duration": "5:39",
      "size": 8161084
    },
    {
      "id": "1e18c5c9-9b26-4a5b-be11-cd1b03dc63f7",
      "pid": "32c4f678-3c53-41df-9a1a-9b1ac4515f52",
      "dblevel": 5,
      "location": "/VGMA/NgheKinhThanh/KinhThanhbandichTruyenThongHieuDinh/24-Gie/Gie30",
      "isVideo": false,
      "url": "nghe-kinh-thanh.kinh-thanh-ban-dich-truyen-thong-hieu-dinh.24-gie.gie30",
      "name": "Gie30",
      "count": 0,
      "isLeaf": null,
      "keyword": null,
      "hash": "U2FsdGVkX1/3Zduty7GPb6AIXlshkutnsANzZ+4hEqMiaJDyspl3VNpcrb9b1HTXGZvZRbps73yMggUzS55Nvw==",
      "khash": null,
      "viewCount": null,
      "duration": "3:40",
      "size": 5309732
    },
    {
      "id": "f1b5581b-e89b-4f6a-9a3b-44259f705981",
      "pid": "32c4f678-3c53-41df-9a1a-9b1ac4515f52",
      "dblevel": 5,
      "location": "/VGMA/NgheKinhThanh/KinhThanhbandichTruyenThongHieuDinh/24-Gie/Gie31",
      "isVideo": false,
      "url": "nghe-kinh-thanh.kinh-thanh-ban-dich-truyen-thong-hieu-dinh.24-gie.gie31",
      "name": "Gie31",
      "count": 0,
      "isLeaf": null,
      "keyword": null,
      "hash": "U2FsdGVkX1/Lg/sJaq17HuzHtThFez05dIZxrvYiTZiqZcyLitjCr1alEYcu/uSTEnSBvObUXTglhktlN4p66w==",
      "khash": null,
      "viewCount": null,
      "duration": "7:15",
      "size": 10487215
    },
    {
      "id": "4cf82406-473d-4439-b96f-77f627675ae6",
      "pid": "32c4f678-3c53-41df-9a1a-9b1ac4515f52",
      "dblevel": 5,
      "location": "/VGMA/NgheKinhThanh/KinhThanhbandichTruyenThongHieuDinh/24-Gie/Gie32",
      "isVideo": false,
      "url": "nghe-kinh-thanh.kinh-thanh-ban-dich-truyen-thong-hieu-dinh.24-gie.gie32",
      "name": "Gie32",
      "count": 0,
      "isLeaf": null,
      "keyword": null,
      "hash": "U2FsdGVkX18MyyEqRYMFzsGqL6dEXydkmDNLfH2NeQMlBDO8S5tWS2bhS6JL2To8Z4LpLyEt3lB+ELSH1oMqQQ==",
      "khash": "U2FsdGVkX18GEsPtJIM8d2kOWMyRgd/4jQNXOJZwpit1ljGsnHpc6lDiEobuQyzLfFfxDbmaA0Ac7OpUG916IA==",
      "viewCount": null,
      "duration": "7:19",
      "size": 10569009
    },
    {
      "id": "67d19bda-745c-4710-998f-af4677ed4c94",
      "pid": "32c4f678-3c53-41df-9a1a-9b1ac4515f52",
      "dblevel": 5,
      "location": "/VGMA/NgheKinhThanh/KinhThanhbandichTruyenThongHieuDinh/24-Gie/Gie33",
      "isVideo": false,
      "url": "nghe-kinh-thanh.kinh-thanh-ban-dich-truyen-thong-hieu-dinh.24-gie.gie33",
      "name": "Gie33",
      "count": 0,
      "isLeaf": null,
      "keyword": null,
      "hash": "U2FsdGVkX1/yK8mgRiBry4Ym2tnLAI6yXlR8HeGgpmUA7FTY4Hg9KiB3cPZweWrWxHPxrn3sHSLQzBjkYLwLLg==",
      "khash": "U2FsdGVkX1815P3XSLNg11Ujuk/rl6neHnwch05JJ0qJYUlkfx8NCxLZCKLZJw61BZLpJX78XGOm542QbMAb8w==",
      "viewCount": null,
      "duration": "4:29",
      "size": 6498802
    },
    {
      "id": "f954f3a0-38c5-4dd5-8c13-cd524a2d5ae9",
      "pid": "32c4f678-3c53-41df-9a1a-9b1ac4515f52",
      "dblevel": 5,
      "location": "/VGMA/NgheKinhThanh/KinhThanhbandichTruyenThongHieuDinh/24-Gie/Gie34",
      "isVideo": false,
      "url": "nghe-kinh-thanh.kinh-thanh-ban-dich-truyen-thong-hieu-dinh.24-gie.gie34",
      "name": "Gie34",
      "count": 0,
      "isLeaf": null,
      "keyword": null,
      "hash": "U2FsdGVkX19IFrg/AoJyCj26yBRPd+ZifFayhBnHoeCr0B+iv39Ihkjs0vyUH+4/JusnqZKbVP+jHib/66i5rA==",
      "khash": null,
      "viewCount": null,
      "duration": "4:0",
      "size": 5802733
    },
    {
      "id": "deae23a7-4063-4965-901b-8171ae4da49a",
      "pid": "32c4f678-3c53-41df-9a1a-9b1ac4515f52",
      "dblevel": 5,
      "location": "/VGMA/NgheKinhThanh/KinhThanhbandichTruyenThongHieuDinh/24-Gie/Gie35",
      "isVideo": false,
      "url": "nghe-kinh-thanh.kinh-thanh-ban-dich-truyen-thong-hieu-dinh.24-gie.gie35",
      "name": "Gie35",
      "count": 0,
      "isLeaf": null,
      "keyword": null,
      "hash": "U2FsdGVkX1+yACk94eW3Q6PYrbGHG1MPOUDuAV52nhCxPq+wr64/GKUyCzKDkg2nhBGGjB/KLVomQws2ulqA6g==",
      "khash": null,
      "viewCount": null,
      "duration": "3:25",
      "size": 4948225
    },
    {
      "id": "d663cf77-40f0-47e2-bef6-853defac5532",
      "pid": "32c4f678-3c53-41df-9a1a-9b1ac4515f52",
      "dblevel": 5,
      "location": "/VGMA/NgheKinhThanh/KinhThanhbandichTruyenThongHieuDinh/24-Gie/Gie36",
      "isVideo": false,
      "url": "nghe-kinh-thanh.kinh-thanh-ban-dich-truyen-thong-hieu-dinh.24-gie.gie36",
      "name": "Gie36",
      "count": 0,
      "isLeaf": null,
      "keyword": null,
      "hash": "U2FsdGVkX193ifotfa7Utd8BrRIUTTmpG3dIW8xQ8KCvy6UAF3XC71GkiPsHNGPElSRLx5pdrKufbKZ4K1/soA==",
      "khash": "U2FsdGVkX199gTp3VtTZhS9n97ghaAdgOoVJLqquFBlnC8xR7GZxAp18K9tUUsxSkJVC8TJDhrooe6KKyTc+9g==",
      "viewCount": null,
      "duration": "5:2",
      "size": 7282279
    },
    {
      "id": "7ded3698-d2b4-4ed0-ad9f-273e0816abfd",
      "pid": "32c4f678-3c53-41df-9a1a-9b1ac4515f52",
      "dblevel": 5,
      "location": "/VGMA/NgheKinhThanh/KinhThanhbandichTruyenThongHieuDinh/24-Gie/Gie37",
      "isVideo": false,
      "url": "nghe-kinh-thanh.kinh-thanh-ban-dich-truyen-thong-hieu-dinh.24-gie.gie37",
      "name": "Gie37",
      "count": 0,
      "isLeaf": null,
      "keyword": null,
      "hash": "U2FsdGVkX18JCDqYj8ge0aRJZUNX/tLRMEz6nVpaMi5BdS47XmR+bMtv9AR6MJc0f8qfvEaMGAveFxQgsze8YQ==",
      "khash": null,
      "viewCount": null,
      "duration": "2:56",
      "size": 4254932
    },
    {
      "id": "adcc6ac5-4624-426b-9784-c7e5ebbc53c4",
      "pid": "32c4f678-3c53-41df-9a1a-9b1ac4515f52",
      "dblevel": 5,
      "location": "/VGMA/NgheKinhThanh/KinhThanhbandichTruyenThongHieuDinh/24-Gie/Gie38",
      "isVideo": false,
      "url": "nghe-kinh-thanh.kinh-thanh-ban-dich-truyen-thong-hieu-dinh.24-gie.gie38",
      "name": "Gie38",
      "count": 0,
      "isLeaf": null,
      "keyword": null,
      "hash": "U2FsdGVkX1/UZKBR2fTu17QD9MMn21XC6WIj5fZIN5c8LpThKpbl9yA0+efK5hN8515WlM4hX+Lylmx0d3Z0mw==",
      "khash": "U2FsdGVkX18OzNXy2Azp4rFCKQpUj3ae6jFbbY3TU4WEab4qqbtop7eAeOl5hsyadvaETbkCR1ot71+7suH9dQ==",
      "viewCount": null,
      "duration": "4:22",
      "size": 6318177
    },
    {
      "id": "1ea6f890-cece-4626-b561-bf9a4d3d2ea4",
      "pid": "32c4f678-3c53-41df-9a1a-9b1ac4515f52",
      "dblevel": 5,
      "location": "/VGMA/NgheKinhThanh/KinhThanhbandichTruyenThongHieuDinh/24-Gie/Gie39",
      "isVideo": false,
      "url": "nghe-kinh-thanh.kinh-thanh-ban-dich-truyen-thong-hieu-dinh.24-gie.gie39",
      "name": "Gie39",
      "count": 0,
      "isLeaf": null,
      "keyword": null,
      "hash": "U2FsdGVkX187WjpQ27RUI1JkCU4YpalYVufdpo6vWUarFHe+NS86AiWxC8dyRokpn5YP4DtIPJdC1YEDsBH7pQ==",
      "khash": null,
      "viewCount": null,
      "duration": "3:6",
      "size": 4494437
    },
    {
      "id": "abaaad10-acce-44b2-a3c4-0e2e3d37fb93",
      "pid": "32c4f678-3c53-41df-9a1a-9b1ac4515f52",
      "dblevel": 5,
      "location": "/VGMA/NgheKinhThanh/KinhThanhbandichTruyenThongHieuDinh/24-Gie/Gie40",
      "isVideo": false,
      "url": "nghe-kinh-thanh.kinh-thanh-ban-dich-truyen-thong-hieu-dinh.24-gie.gie40",
      "name": "Gie40",
      "count": 0,
      "isLeaf": null,
      "keyword": null,
      "hash": "U2FsdGVkX19dHHVcFVD4VIJeCX5ydYIaGWxd2HV8htvMs7Mel9tsIk37i5xkNWGGj/mUjc4my+XEbl0XvFRVBQ==",
      "khash": null,
      "viewCount": null,
      "duration": "3:48",
      "size": 5501383
    },
    {
      "id": "a4d06950-b8bb-4f51-ac98-78d5fd6054ef",
      "pid": "32c4f678-3c53-41df-9a1a-9b1ac4515f52",
      "dblevel": 5,
      "location": "/VGMA/NgheKinhThanh/KinhThanhbandichTruyenThongHieuDinh/24-Gie/Gie41",
      "isVideo": false,
      "url": "nghe-kinh-thanh.kinh-thanh-ban-dich-truyen-thong-hieu-dinh.24-gie.gie41",
      "name": "Gie41",
      "count": 0,
      "isLeaf": null,
      "keyword": null,
      "hash": "U2FsdGVkX19Gcfdx+u3HmOnI3GPmeSKMFsZWO9pQ5VC2qYgv9SZQ7VuvNVkjBpF3VNz1R+s6bSyZc7SDF4K1bw==",
      "khash": null,
      "viewCount": null,
      "duration": "3:28",
      "size": 5024141
    },
    {
      "id": "573b6d40-4fae-416a-87b7-920f845271d1",
      "pid": "32c4f678-3c53-41df-9a1a-9b1ac4515f52",
      "dblevel": 5,
      "location": "/VGMA/NgheKinhThanh/KinhThanhbandichTruyenThongHieuDinh/24-Gie/Gie42",
      "isVideo": false,
      "url": "nghe-kinh-thanh.kinh-thanh-ban-dich-truyen-thong-hieu-dinh.24-gie.gie42",
      "name": "Gie42",
      "count": 0,
      "isLeaf": null,
      "keyword": null,
      "hash": "U2FsdGVkX18UGor+InkMwn/ly1Dd5pg70xfyKiOei8NBzSRtCYCL/4NYS7+nKM8DB9Y7YfCeqRq6cA0ADzqg8A==",
      "khash": "U2FsdGVkX1+aXVkYvK8SkrpwS9jo0RoeSShaaOPTuv7bSsDfJe5bc4kgfYIlG6arNNFJvcB6TSSo0mZ+FKJpGA==",
      "viewCount": null,
      "duration": "3:56",
      "size": 5703196
    },
    {
      "id": "7eb0f9f2-ea85-493f-9c1f-89c3badc88c9",
      "pid": "32c4f678-3c53-41df-9a1a-9b1ac4515f52",
      "dblevel": 5,
      "location": "/VGMA/NgheKinhThanh/KinhThanhbandichTruyenThongHieuDinh/24-Gie/Gie43",
      "isVideo": false,
      "url": "nghe-kinh-thanh.kinh-thanh-ban-dich-truyen-thong-hieu-dinh.24-gie.gie43",
      "name": "Gie43",
      "count": 0,
      "isLeaf": null,
      "keyword": null,
      "hash": "U2FsdGVkX18pwA+8L1aWn/vIJtes2C8YUplEYvwlNzH+Qi0UTaR+e5apbOjCzY2kqLhkUk2u5jLO+xjb+3MnNA==",
      "khash": null,
      "viewCount": null,
      "duration": "2:24",
      "size": 3492430
    },
    {
      "id": "160b35ae-b405-41ea-abf3-343a6e85aa85",
      "pid": "32c4f678-3c53-41df-9a1a-9b1ac4515f52",
      "dblevel": 5,
      "location": "/VGMA/NgheKinhThanh/KinhThanhbandichTruyenThongHieuDinh/24-Gie/Gie44",
      "isVideo": false,
      "url": "nghe-kinh-thanh.kinh-thanh-ban-dich-truyen-thong-hieu-dinh.24-gie.gie44",
      "name": "Gie44",
      "count": 0,
      "isLeaf": null,
      "keyword": null,
      "hash": "U2FsdGVkX19ltpt8eIpSMUAlJUC8M8kVddV19Y0oGVoonuYNzIkuGHbxJtGZzh5yLMCITNcLO4htD7NGcAn9xg==",
      "khash": null,
      "viewCount": null,
      "duration": "6:9",
      "size": 8887581
    },
    {
      "id": "391f2085-c009-4d7e-bc32-2bf43e797ce5",
      "pid": "32c4f678-3c53-41df-9a1a-9b1ac4515f52",
      "dblevel": 5,
      "location": "/VGMA/NgheKinhThanh/KinhThanhbandichTruyenThongHieuDinh/24-Gie/Gie45",
      "isVideo": false,
      "url": "nghe-kinh-thanh.kinh-thanh-ban-dich-truyen-thong-hieu-dinh.24-gie.gie45",
      "name": "Gie45",
      "count": 0,
      "isLeaf": null,
      "keyword": null,
      "hash": "U2FsdGVkX1/0Bggs4BrB7GwGhlzbiYz1OGaYNBssNgsDZNKsoVxEzJ3AgnJ64QrS16b7KKdJxHU6hbt6S0V7bg==",
      "khash": null,
      "viewCount": null,
      "duration": "0:54",
      "size": 1316540
    },
    {
      "id": "8c304010-3697-4c21-8e4b-827e1986d673",
      "pid": "32c4f678-3c53-41df-9a1a-9b1ac4515f52",
      "dblevel": 5,
      "location": "/VGMA/NgheKinhThanh/KinhThanhbandichTruyenThongHieuDinh/24-Gie/Gie46",
      "isVideo": false,
      "url": "nghe-kinh-thanh.kinh-thanh-ban-dich-truyen-thong-hieu-dinh.24-gie.gie46",
      "name": "Gie46",
      "count": 0,
      "isLeaf": null,
      "keyword": null,
      "hash": "U2FsdGVkX1/6I7nwmsU6YqjJ1VYlRKJIwQCbAkvve9U+mNo4EVA1akP5fwaPuKNqp9LRvxzNRc0N48kG5Qbrhw==",
      "khash": null,
      "viewCount": null,
      "duration": "4:44",
      "size": 6846632
    },
    {
      "id": "9a58e397-1285-41a8-816a-7b2554557a74",
      "pid": "32c4f678-3c53-41df-9a1a-9b1ac4515f52",
      "dblevel": 5,
      "location": "/VGMA/NgheKinhThanh/KinhThanhbandichTruyenThongHieuDinh/24-Gie/Gie47",
      "isVideo": false,
      "url": "nghe-kinh-thanh.kinh-thanh-ban-dich-truyen-thong-hieu-dinh.24-gie.gie47",
      "name": "Gie47",
      "count": 0,
      "isLeaf": null,
      "keyword": null,
      "hash": "U2FsdGVkX1/pit0/uEBGfsN6AeHTIZl3bJWilQ4yO47AZ1Gb9GcXdLPFizRpsnwBArW1YyhIEBqg0IQkZ9UDcw==",
      "khash": "U2FsdGVkX18AlNOJY/D6A7AY2cJFYOhRX2gO8pMs+QjjUckvG3V7siwJoCoj0MRMhAREEBgwpujZnJxEY/2ZQw==",
      "viewCount": null,
      "duration": "1:12",
      "size": 1750761
    },
    {
      "id": "d6c663f9-0f29-464a-8f3c-6f92ebc00f8b",
      "pid": "32c4f678-3c53-41df-9a1a-9b1ac4515f52",
      "dblevel": 5,
      "location": "/VGMA/NgheKinhThanh/KinhThanhbandichTruyenThongHieuDinh/24-Gie/Gie48",
      "isVideo": false,
      "url": "nghe-kinh-thanh.kinh-thanh-ban-dich-truyen-thong-hieu-dinh.24-gie.gie48",
      "name": "Gie48",
      "count": 0,
      "isLeaf": null,
      "keyword": null,
      "hash": "U2FsdGVkX18PAMnP0tpsTp3ipIiRIKGpIs7vRJdHz51nJo+65Tl5D2dDHriMk6N8jThjcfun02EcdJwsV6S0yA==",
      "khash": null,
      "viewCount": null,
      "duration": "6:57",
      "size": 10039816
    },
    {
      "id": "75c60d56-d2e2-4fdd-8ea1-2dee087216e5",
      "pid": "32c4f678-3c53-41df-9a1a-9b1ac4515f52",
      "dblevel": 5,
      "location": "/VGMA/NgheKinhThanh/KinhThanhbandichTruyenThongHieuDinh/24-Gie/Gie49",
      "isVideo": false,
      "url": "nghe-kinh-thanh.kinh-thanh-ban-dich-truyen-thong-hieu-dinh.24-gie.gie49",
      "name": "Gie49",
      "count": 0,
      "isLeaf": null,
      "keyword": null,
      "hash": "U2FsdGVkX19EB9q2zsCBFKebBMAiOxOLLapJk3eL4DrifA/6OM0FAsPuTO/HNOXmbhSsFdZ6aT8+D7V9ftEwUQ==",
      "khash": null,
      "viewCount": null,
      "duration": "7:13",
      "size": 10432929
    },
    {
      "id": "f67af038-6649-402d-b02f-21128a8cc6f9",
      "pid": "32c4f678-3c53-41df-9a1a-9b1ac4515f52",
      "dblevel": 5,
      "location": "/VGMA/NgheKinhThanh/KinhThanhbandichTruyenThongHieuDinh/24-Gie/Gie50",
      "isVideo": false,
      "url": "nghe-kinh-thanh.kinh-thanh-ban-dich-truyen-thong-hieu-dinh.24-gie.gie50",
      "name": "Gie50",
      "count": 0,
      "isLeaf": null,
      "keyword": null,
      "hash": "U2FsdGVkX1/LEwOyR9YVtLtN1rvAi0oPjJD7lEMmmhD1zlPb9zD1oLdia5meeHsLgh1qXPKSB8qFeTY4v5lUqQ==",
      "khash": null,
      "viewCount": null,
      "duration": "7:54",
      "size": 11407692
    },
    {
      "id": "cea47823-5748-47fa-8eac-45544a599753",
      "pid": "32c4f678-3c53-41df-9a1a-9b1ac4515f52",
      "dblevel": 5,
      "location": "/VGMA/NgheKinhThanh/KinhThanhbandichTruyenThongHieuDinh/24-Gie/Gie51",
      "isVideo": false,
      "url": "nghe-kinh-thanh.kinh-thanh-ban-dich-truyen-thong-hieu-dinh.24-gie.gie51",
      "name": "Gie51",
      "count": 0,
      "isLeaf": null,
      "keyword": null,
      "hash": "U2FsdGVkX18uwq3ADp2MHvCf2XwRkUFoFTepfWvJXlB/sSUbh0bJQEy2VcLzwU9NMMA9oRK+b/19QfpMQivKGQ==",
      "khash": null,
      "viewCount": null,
      "duration": "10:11",
      "size": 14704329
    },
    {
      "id": "c093fa2f-8f74-40e7-b589-98c6785ece8f",
      "pid": "32c4f678-3c53-41df-9a1a-9b1ac4515f52",
      "dblevel": 5,
      "location": "/VGMA/NgheKinhThanh/KinhThanhbandichTruyenThongHieuDinh/24-Gie/Gie52",
      "isVideo": false,
      "url": "nghe-kinh-thanh.kinh-thanh-ban-dich-truyen-thong-hieu-dinh.24-gie.gie52",
      "name": "Gie52",
      "count": 0,
      "isLeaf": null,
      "keyword": null,
      "hash": "U2FsdGVkX19jw5QMqZueCn10RgrBFYpZ3i0WPeBdp8Iwf+WfU2mnojoCs5CEaoky1Db4GQIsAG1LAp1VBUDnQg==",
      "khash": null,
      "viewCount": null,
      "duration": "5:29",
      "size": 7934875
    }
  ]
}