{
  "id": "864544b0-e565-41a5-8d76-307506fe301e",
  "pid": "23541eed-15e9-41d0-8477-67032b0277ec",
  "dblevel": 4,
  "location": "/VGMA/NgheKinhThanh/KinhThanhbandichTruyenThongHieuDinh/17-Et",
  "isVideo": false,
  "url": "nghe-kinh-thanh.kinh-thanh-ban-dich-truyen-thong-hieu-dinh.17-et",
  "name": "17-Et",
  "count": 10,
  "isLeaf": true,
  "keyword": null,
  "hash": null,
  "khash": null,
  "viewCount": null,
  "duration": null,
  "size": null,
  "children": [
    {
      "id": "782b48e0-be46-4a1d-8238-8bf29b96b0f2",
      "pid": "864544b0-e565-41a5-8d76-307506fe301e",
      "dblevel": 5,
      "location": "/VGMA/NgheKinhThanh/KinhThanhbandichTruyenThongHieuDinh/17-Et/Et01",
      "isVideo": false,
      "url": "nghe-kinh-thanh.kinh-thanh-ban-dich-truyen-thong-hieu-dinh.17-et.et01",
      "name": "Et01",
      "count": 0,
      "isLeaf": null,
      "keyword": null,
      "hash": "U2FsdGVkX19u56r1jifUzJN67lMIUSB3VAMBMBBw9pt3QrDMwgtMHWFU92hwcLig7rWHuRTrORTtZZo5oE/72A==",
      "khash": null,
      "viewCount": null,
      "duration": "3:58",
      "size": 5747024
    },
    {
      "id": "8b008818-56b8-407e-bc4c-03f07ac20e43",
      "pid": "864544b0-e565-41a5-8d76-307506fe301e",
      "dblevel": 5,
      "location": "/VGMA/NgheKinhThanh/KinhThanhbandichTruyenThongHieuDinh/17-Et/Et02",
      "isVideo": false,
      "url": "nghe-kinh-thanh.kinh-thanh-ban-dich-truyen-thong-hieu-dinh.17-et.et02",
      "name": "Et02",
      "count": 0,
      "isLeaf": null,
      "keyword": null,
      "hash": "U2FsdGVkX1+Bxf78j/Q1LgKMlb8+MyNehIWMv4s4gwn7CaWELQNZ9z5YIR+oveOeyzUXKxlIDFRt25jKAl9MBQ==",
      "khash": "U2FsdGVkX19ElHugXoTDoCRivfAWuiRWTTxgEWG6nYQtNi5Cxq/fDlHFTp2FNvEjIFpftM/s/hQ32Q1HjWhFmA==",
      "viewCount": null,
      "duration": "4:13",
      "size": 6099293
    },
    {
      "id": "c8cee32b-4446-4c18-922e-19b63091cadd",
      "pid": "864544b0-e565-41a5-8d76-307506fe301e",
      "dblevel": 5,
      "location": "/VGMA/NgheKinhThanh/KinhThanhbandichTruyenThongHieuDinh/17-Et/Et03",
      "isVideo": false,
      "url": "nghe-kinh-thanh.kinh-thanh-ban-dich-truyen-thong-hieu-dinh.17-et.et03",
      "name": "Et03",
      "count": 0,
      "isLeaf": null,
      "keyword": null,
      "hash": "U2FsdGVkX19B+NVb1lDjT0ogV5TRxrQHKxkg5ETyAtkpAZuICRA11rXIk9tqWzexxCxyfx36aI/ht0C1sVG6Fg==",
      "khash": "U2FsdGVkX18GFU2t+AVr+IUj5BvrOvxKKyRR4BlJOPRrSetez6lIH3cUXm0DFWbWvgl9dLFA4VHXOzKYgBT2kA==",
      "viewCount": null,
      "duration": "3:0",
      "size": 4356598
    },
    {
      "id": "ff420076-a35f-4b9b-95c5-ce10fadb0def",
      "pid": "864544b0-e565-41a5-8d76-307506fe301e",
      "dblevel": 5,
      "location": "/VGMA/NgheKinhThanh/KinhThanhbandichTruyenThongHieuDinh/17-Et/Et04",
      "isVideo": false,
      "url": "nghe-kinh-thanh.kinh-thanh-ban-dich-truyen-thong-hieu-dinh.17-et.et04",
      "name": "Et04",
      "count": 0,
      "isLeaf": null,
      "keyword": null,
      "hash": "U2FsdGVkX19IkZp5m07YBeDMI7xs9WsG6KIF21Ho24yfNASaZAZv1UwJopfRuKYSkdyDHhoI50ubeSCRWQws+g==",
      "khash": "U2FsdGVkX18ZrIROOWeW/SKrkf1dlXmE07rastuHg4YK6kAEyqIO047wP2ItWbQDjUU5+Bw5+eFIT4jVDi9QNg==",
      "viewCount": null,
      "duration": "2:58",
      "size": 4299298
    },
    {
      "id": "9e41cb37-2e3d-4cae-8d1b-644a2d7c490a",
      "pid": "864544b0-e565-41a5-8d76-307506fe301e",
      "dblevel": 5,
      "location": "/VGMA/NgheKinhThanh/KinhThanhbandichTruyenThongHieuDinh/17-Et/Et05",
      "isVideo": false,
      "url": "nghe-kinh-thanh.kinh-thanh-ban-dich-truyen-thong-hieu-dinh.17-et.et05",
      "name": "Et05",
      "count": 0,
      "isLeaf": null,
      "keyword": null,
      "hash": "U2FsdGVkX1+vaZYiiCWRWZ+jAQxegC1q+U0+bWvXrJOMvP0oJjZfbqApDDQhRdsK07CZilH+fAq+LLalK9tPvg==",
      "khash": "U2FsdGVkX18kri/FcU/BWBvkeIR6kIpblFLC0id3YGqYqLM5E7HUO4xkdPP8HFVy9sDg7QU4Q6OUOQ4khULmMw==",
      "viewCount": null,
      "duration": "2:36",
      "size": 3775214
    },
    {
      "id": "4a40f259-85e7-4e35-93fb-a56f983de988",
      "pid": "864544b0-e565-41a5-8d76-307506fe301e",
      "dblevel": 5,
      "location": "/VGMA/NgheKinhThanh/KinhThanhbandichTruyenThongHieuDinh/17-Et/Et06",
      "isVideo": false,
      "url": "nghe-kinh-thanh.kinh-thanh-ban-dich-truyen-thong-hieu-dinh.17-et.et06",
      "name": "Et06",
      "count": 0,
      "isLeaf": null,
      "keyword": null,
      "hash": "U2FsdGVkX1+o2lAmxet3dJCuM+4y72BUBcIKkBGkZk6ePRIvqDJiFxbe9l2IvbRd4CEqvGJZwMUohV8T1NdoQA==",
      "khash": "U2FsdGVkX1/E7EjUOfFu6ObQfoHH6sMmk5g9Me+8I/iPzpwk7uUDLyl4gaMU44B+P+7nxvpOIBYLJJy/2Pwgqw==",
      "viewCount": null,
      "duration": "2:29",
      "size": 3610576
    },
    {
      "id": "1e961f46-22b5-406f-b6da-4caeaa08c121",
      "pid": "864544b0-e565-41a5-8d76-307506fe301e",
      "dblevel": 5,
      "location": "/VGMA/NgheKinhThanh/KinhThanhbandichTruyenThongHieuDinh/17-Et/Et07",
      "isVideo": false,
      "url": "nghe-kinh-thanh.kinh-thanh-ban-dich-truyen-thong-hieu-dinh.17-et.et07",
      "name": "Et07",
      "count": 0,
      "isLeaf": null,
      "keyword": null,
      "hash": "U2FsdGVkX19X8jGkl8mXX5JSqj19QGqCE/2hfoQbo2dhv7np0+L04EIzaKnxdvwYgGHH/7QEDXwQDUkT6Utc1A==",
      "khash": null,
      "viewCount": null,
      "duration": "1:56",
      "size": 2801204
    },
    {
      "id": "c4291b29-7f06-4a4f-bf45-97731b50c50f",
      "pid": "864544b0-e565-41a5-8d76-307506fe301e",
      "dblevel": 5,
      "location": "/VGMA/NgheKinhThanh/KinhThanhbandichTruyenThongHieuDinh/17-Et/Et08",
      "isVideo": false,
      "url": "nghe-kinh-thanh.kinh-thanh-ban-dich-truyen-thong-hieu-dinh.17-et.et08",
      "name": "Et08",
      "count": 0,
      "isLeaf": null,
      "keyword": null,
      "hash": "U2FsdGVkX18MSsX0BFJzX1Aqz+ecbwGXiMVLdvbdVG4/JFT7B6QmmH3WJuF98UoABEW5YNyLt9GgrffINqYxAA==",
      "khash": null,
      "viewCount": null,
      "duration": "3:32",
      "size": 5106839
    },
    {
      "id": "8ccbaf08-bee4-44aa-87d3-5f4aac29e0b2",
      "pid": "864544b0-e565-41a5-8d76-307506fe301e",
      "dblevel": 5,
      "location": "/VGMA/NgheKinhThanh/KinhThanhbandichTruyenThongHieuDinh/17-Et/Et09",
      "isVideo": false,
      "url": "nghe-kinh-thanh.kinh-thanh-ban-dich-truyen-thong-hieu-dinh.17-et.et09",
      "name": "Et09",
      "count": 0,
      "isLeaf": null,
      "keyword": null,
      "hash": "U2FsdGVkX18srgv/+GzHWsbFfi+g0Rr6jlaTiH1FRC2rJ+GYgD3fksXoOnnTXT+x1k7Q6zlK1WTFdwsbALsiVQ==",
      "khash": "U2FsdGVkX19X6JTd+TFgddxZI0KK+d76bJWoU2y2yojdn6+fFB9/E+4QheCuKTgbuxb3tjGvenoOUT8iDUxarg==",
      "viewCount": null,
      "duration": "5:18",
      "size": 7672036
    },
    {
      "id": "be05a8a0-02cf-4708-8f49-e69745a5e10a",
      "pid": "864544b0-e565-41a5-8d76-307506fe301e",
      "dblevel": 5,
      "location": "/VGMA/NgheKinhThanh/KinhThanhbandichTruyenThongHieuDinh/17-Et/Et10",
      "isVideo": false,
      "url": "nghe-kinh-thanh.kinh-thanh-ban-dich-truyen-thong-hieu-dinh.17-et.et10",
      "name": "Et10",
      "count": 0,
      "isLeaf": null,
      "keyword": null,
      "hash": "U2FsdGVkX1++UG23SEQNTW+xBCwAFtPlkyL12botBIY4/fVIghNtdlBU5mM69A+kVUPBQb/fSsRr4BJL6Fx4fQ==",
      "khash": null,
      "viewCount": null,
      "duration": "0:43",
      "size": 1065857
    }
  ]
}