{
  "id": "930d64ea-4e67-4691-ae96-da12d57b5ede",
  "pid": "b6259c37-62d4-4adf-a2a3-af086ef34f24",
  "dblevel": 4,
  "location": "/VGMA/NgheKinhThanh/KinhThanhbandichHienDai2017/HD02_XuatAiCap",
  "isVideo": false,
  "url": "nghe-kinh-thanh.kinh-thanh-ban-dich-hien-dai-2017.hd02-xuat-ai-cap",
  "name": "HD02_Xuất Ai Cập",
  "count": 40,
  "isLeaf": true,
  "keyword": null,
  "hash": null,
  "khash": null,
  "viewCount": null,
  "duration": null,
  "size": null,
  "children": [
    {
      "id": "33efd35d-1380-4cfe-b9b8-f05d117baa48",
      "pid": "930d64ea-4e67-4691-ae96-da12d57b5ede",
      "dblevel": 5,
      "location": "/VGMA/NgheKinhThanh/KinhThanhbandichHienDai2017/HD02_XuatAiCap/XuatAiCap01",
      "isVideo": false,
      "url": "nghe-kinh-thanh.kinh-thanh-ban-dich-hien-dai-2017.hd02-xuat-ai-cap.xuat-ai-cap-01",
      "name": "Xuất Ai Cập 01",
      "count": 0,
      "isLeaf": null,
      "keyword": null,
      "hash": "U2FsdGVkX195NNMU7UC8w2fvnk40tfAUZLSoXKYH6clRXNZa5Or2k2zRfV1w3KvRRCo13t8FsI6JfNGbuq7EKg==",
      "khash": null,
      "viewCount": null,
      "duration": "2:23",
      "size": 2316008
    },
    {
      "id": "11885b76-a864-4c39-b1bf-57d060daac8a",
      "pid": "930d64ea-4e67-4691-ae96-da12d57b5ede",
      "dblevel": 5,
      "location": "/VGMA/NgheKinhThanh/KinhThanhbandichHienDai2017/HD02_XuatAiCap/XuatAiCap02",
      "isVideo": false,
      "url": "nghe-kinh-thanh.kinh-thanh-ban-dich-hien-dai-2017.hd02-xuat-ai-cap.xuat-ai-cap-02",
      "name": "Xuất Ai Cập 02",
      "count": 0,
      "isLeaf": null,
      "keyword": null,
      "hash": "U2FsdGVkX1/TQW7ypBeG7pphagViwThhUMW9wpcu/yqcEVAkf8xlx9QKI+XZgTNxBvwy2P8sKu+8j26FdXwB3Q==",
      "khash": null,
      "viewCount": null,
      "duration": "3:32",
      "size": 3432011
    },
    {
      "id": "1a079d02-8029-4ec2-860f-332fe49f6d3c",
      "pid": "930d64ea-4e67-4691-ae96-da12d57b5ede",
      "dblevel": 5,
      "location": "/VGMA/NgheKinhThanh/KinhThanhbandichHienDai2017/HD02_XuatAiCap/XuatAiCap03",
      "isVideo": false,
      "url": "nghe-kinh-thanh.kinh-thanh-ban-dich-hien-dai-2017.hd02-xuat-ai-cap.xuat-ai-cap-03",
      "name": "Xuất Ai Cập 03",
      "count": 0,
      "isLeaf": null,
      "keyword": null,
      "hash": "U2FsdGVkX1+b2jerN0ok+NsSseg0LOyGEdUNP8thEYS8Mw714f8GZVbmXWjGmnsJOqKXHo0jYuLLYm81Rto8Fw==",
      "khash": "U2FsdGVkX1+hxVzLMT8BtCwv0lrqf2+N3UavZT4YbF80M5b2HE0ccddtxsej0yPaSnVJZcjg8ZBsymvJ/wvtTw==",
      "viewCount": null,
      "duration": "4:4",
      "size": 3940061
    },
    {
      "id": "de554e9c-c97d-4058-9fb2-2609d367cb49",
      "pid": "930d64ea-4e67-4691-ae96-da12d57b5ede",
      "dblevel": 5,
      "location": "/VGMA/NgheKinhThanh/KinhThanhbandichHienDai2017/HD02_XuatAiCap/XuatAiCap04",
      "isVideo": false,
      "url": "nghe-kinh-thanh.kinh-thanh-ban-dich-hien-dai-2017.hd02-xuat-ai-cap.xuat-ai-cap-04",
      "name": "Xuất Ai Cập 04",
      "count": 0,
      "isLeaf": null,
      "keyword": null,
      "hash": "U2FsdGVkX195B9qDhMzaqBSJmJMifyKj3JWSXx0LJp+Yv8nsqedNYoHOgYiVWxAd2fbGKuFghmM1Xy34YK6SXQ==",
      "khash": null,
      "viewCount": null,
      "duration": "4:37",
      "size": 4473047
    },
    {
      "id": "73129258-1080-4d86-afa8-8018170b43e1",
      "pid": "930d64ea-4e67-4691-ae96-da12d57b5ede",
      "dblevel": 5,
      "location": "/VGMA/NgheKinhThanh/KinhThanhbandichHienDai2017/HD02_XuatAiCap/XuatAiCap05",
      "isVideo": false,
      "url": "nghe-kinh-thanh.kinh-thanh-ban-dich-hien-dai-2017.hd02-xuat-ai-cap.xuat-ai-cap-05",
      "name": "Xuất Ai Cập 05",
      "count": 0,
      "isLeaf": null,
      "keyword": null,
      "hash": "U2FsdGVkX19+LzDpCm5sDEm079sUdlH2K35uOjyXw482pYJ8cdX4Wf6Z7psoaT5+sO4sCCkZZqmzq5Wuu5l8wQ==",
      "khash": "U2FsdGVkX1+rj8Fcdlna40NW78VV41Cya5l8VrlxshKPzknWkfUbiW7MuaNPVvia0U1jChP61A7g+w9TDU+83Q==",
      "viewCount": null,
      "duration": "3:21",
      "size": 3240932
    },
    {
      "id": "329d866f-3325-4348-bd82-755c77cf32a7",
      "pid": "930d64ea-4e67-4691-ae96-da12d57b5ede",
      "dblevel": 5,
      "location": "/VGMA/NgheKinhThanh/KinhThanhbandichHienDai2017/HD02_XuatAiCap/XuatAiCap06",
      "isVideo": false,
      "url": "nghe-kinh-thanh.kinh-thanh-ban-dich-hien-dai-2017.hd02-xuat-ai-cap.xuat-ai-cap-06",
      "name": "Xuất Ai Cập 06",
      "count": 0,
      "isLeaf": null,
      "keyword": null,
      "hash": "U2FsdGVkX18NPgH87TMzTfvOWJMBoY4yk2DLBO5bBQ4fxXCe/riZcJgyY+Tl74GCqcJ/Y3BPpKXm4EEUB8Mraw==",
      "khash": null,
      "viewCount": null,
      "duration": "4:17",
      "size": 4142072
    },
    {
      "id": "d3ec6c8a-53e4-4eef-93b3-3fba3252e148",
      "pid": "930d64ea-4e67-4691-ae96-da12d57b5ede",
      "dblevel": 5,
      "location": "/VGMA/NgheKinhThanh/KinhThanhbandichHienDai2017/HD02_XuatAiCap/XuatAiCap07",
      "isVideo": false,
      "url": "nghe-kinh-thanh.kinh-thanh-ban-dich-hien-dai-2017.hd02-xuat-ai-cap.xuat-ai-cap-07",
      "name": "Xuất Ai Cập 07",
      "count": 0,
      "isLeaf": null,
      "keyword": null,
      "hash": "U2FsdGVkX1/UwauSMdiGmYjEajZmjWve9Z+S5lGFpguVhPQAjcbYG6cIEAS8Av1mMXAVCz/gMK5TurS0LKlwQw==",
      "khash": "U2FsdGVkX1+QRUCPAV3J5NsMjCnmpX4EUUhoRWBrSL/DrhlDDAuXxZ6gZ2iNy/74BbWJ/d4zFkQTMsflV/q03w==",
      "viewCount": null,
      "duration": "3:33",
      "size": 3445515
    },
    {
      "id": "ec46041f-ebf5-4750-94c4-ff33266e6d82",
      "pid": "930d64ea-4e67-4691-ae96-da12d57b5ede",
      "dblevel": 5,
      "location": "/VGMA/NgheKinhThanh/KinhThanhbandichHienDai2017/HD02_XuatAiCap/XuatAiCap08",
      "isVideo": false,
      "url": "nghe-kinh-thanh.kinh-thanh-ban-dich-hien-dai-2017.hd02-xuat-ai-cap.xuat-ai-cap-08",
      "name": "Xuất Ai Cập 08",
      "count": 0,
      "isLeaf": null,
      "keyword": null,
      "hash": "U2FsdGVkX180fDeJQ+3Hzuttgr4Czej9tYxbXSx/hiLJHa9tGtbsKJ7YXfylJRvm+ovw5rbJr7+JSY+C0vqvbA==",
      "khash": null,
      "viewCount": null,
      "duration": "4:52",
      "size": 4699329
    },
    {
      "id": "4c5f8237-a689-4967-9eac-a3ffe9250edc",
      "pid": "930d64ea-4e67-4691-ae96-da12d57b5ede",
      "dblevel": 5,
      "location": "/VGMA/NgheKinhThanh/KinhThanhbandichHienDai2017/HD02_XuatAiCap/XuatAiCap09",
      "isVideo": false,
      "url": "nghe-kinh-thanh.kinh-thanh-ban-dich-hien-dai-2017.hd02-xuat-ai-cap.xuat-ai-cap-09",
      "name": "Xuất Ai Cập 09",
      "count": 0,
      "isLeaf": null,
      "keyword": null,
      "hash": "U2FsdGVkX19r15ki9iTmvWVu760hYhocPYoqE3pusgRcT72I6ir9x0/Ql/MAZyjIIlRn0mr9DXyR8iPstUBglw==",
      "khash": "U2FsdGVkX18SFd55bhs1beyqb3+080y9/uPKKeU1i1OWfpqfxvaJIWiVWGIWCjdlO7Z/Mkp99YQ2tjG9TcyQdw==",
      "viewCount": null,
      "duration": "4:56",
      "size": 4779621
    },
    {
      "id": "80b0bb0e-4077-4553-a9ce-fcd8cd236a31",
      "pid": "930d64ea-4e67-4691-ae96-da12d57b5ede",
      "dblevel": 5,
      "location": "/VGMA/NgheKinhThanh/KinhThanhbandichHienDai2017/HD02_XuatAiCap/XuatAiCap10",
      "isVideo": false,
      "url": "nghe-kinh-thanh.kinh-thanh-ban-dich-hien-dai-2017.hd02-xuat-ai-cap.xuat-ai-cap-10",
      "name": "Xuất Ai Cập 10",
      "count": 0,
      "isLeaf": null,
      "keyword": null,
      "hash": "U2FsdGVkX1+l0rZEJvkqJh6UAgiia4iU/zFeMjp8qthmOkX8RROEYmxva9MfdHz7R+1GlTzrk8oJi+76f1s6hg==",
      "khash": "U2FsdGVkX1/bKloSDqwxRpgFp+y4uHWfZWIQwAOx5KMY/M++EM5ZoE3L6SEQptoXo4kzt7rj5vSXOCLVwdOoPA==",
      "viewCount": null,
      "duration": "4:44",
      "size": 4573536
    },
    {
      "id": "5274e89a-5041-400b-911e-0d607c3545df",
      "pid": "930d64ea-4e67-4691-ae96-da12d57b5ede",
      "dblevel": 5,
      "location": "/VGMA/NgheKinhThanh/KinhThanhbandichHienDai2017/HD02_XuatAiCap/XuatAiCap11",
      "isVideo": false,
      "url": "nghe-kinh-thanh.kinh-thanh-ban-dich-hien-dai-2017.hd02-xuat-ai-cap.xuat-ai-cap-11",
      "name": "Xuất Ai Cập 11",
      "count": 0,
      "isLeaf": null,
      "keyword": null,
      "hash": "U2FsdGVkX1/H2thEwH/X5g8igeGmjTgIFu+/+vi5yBM2w3nExZ7vIGmXkixZ0B9/L9fPAE0HORVI0Q+X60NzbA==",
      "khash": null,
      "viewCount": null,
      "duration": "1:55",
      "size": 1860426
    },
    {
      "id": "49fa0f0e-a628-4a59-a08d-5a07dfcb1613",
      "pid": "930d64ea-4e67-4691-ae96-da12d57b5ede",
      "dblevel": 5,
      "location": "/VGMA/NgheKinhThanh/KinhThanhbandichHienDai2017/HD02_XuatAiCap/XuatAiCap12",
      "isVideo": false,
      "url": "nghe-kinh-thanh.kinh-thanh-ban-dich-hien-dai-2017.hd02-xuat-ai-cap.xuat-ai-cap-12",
      "name": "Xuất Ai Cập 12",
      "count": 0,
      "isLeaf": null,
      "keyword": null,
      "hash": "U2FsdGVkX1+NsVY1pP/jsBrWl1toUB+MPQb8/rvaQ2KUb5n+bediZxo5hIrGcB8uSDgwoQK/VKNFUZgZhewEbA==",
      "khash": null,
      "viewCount": null,
      "duration": "6:59",
      "size": 6754376
    },
    {
      "id": "fb685107-b0bf-414e-9b5f-446196428acc",
      "pid": "930d64ea-4e67-4691-ae96-da12d57b5ede",
      "dblevel": 5,
      "location": "/VGMA/NgheKinhThanh/KinhThanhbandichHienDai2017/HD02_XuatAiCap/XuatAiCap13",
      "isVideo": false,
      "url": "nghe-kinh-thanh.kinh-thanh-ban-dich-hien-dai-2017.hd02-xuat-ai-cap.xuat-ai-cap-13",
      "name": "Xuất Ai Cập 13",
      "count": 0,
      "isLeaf": null,
      "keyword": null,
      "hash": "U2FsdGVkX1+ZP7ZwHx1j584B3tEZOTPe7oH9og48ygVKtqChrII1NjiZFECmIRvgyTbj7e2JQ8UPEZRM/JVszw==",
      "khash": "U2FsdGVkX1+VjkC79EFklwerBSzUhP6xONwRgupfGCXLaTW7WjyGrGxaIt7DjQlt2oSxPB+tDw5QuvKLVJa4zg==",
      "viewCount": null,
      "duration": "3:40",
      "size": 3543302
    },
    {
      "id": "1b0c24ff-2bd1-4546-9604-3c4dcbca2e05",
      "pid": "930d64ea-4e67-4691-ae96-da12d57b5ede",
      "dblevel": 5,
      "location": "/VGMA/NgheKinhThanh/KinhThanhbandichHienDai2017/HD02_XuatAiCap/XuatAiCap14",
      "isVideo": false,
      "url": "nghe-kinh-thanh.kinh-thanh-ban-dich-hien-dai-2017.hd02-xuat-ai-cap.xuat-ai-cap-14",
      "name": "Xuất Ai Cập 14",
      "count": 0,
      "isLeaf": null,
      "keyword": null,
      "hash": "U2FsdGVkX1+kjGMu9uJy6rs8DsKzNmYUvpedLGzoSc8EyPoctVMlLLNAwYYwkx3Uk0Per0Hjp9DgokGPm2E99w==",
      "khash": "U2FsdGVkX188XgH2wzx8i18hcW+OXbPXa6emYSi9lWdERGNX+gcVUGkI5um5T+GChQajPoKALUoa9WfmcAKsBQ==",
      "viewCount": null,
      "duration": "5:6",
      "size": 4935171
    },
    {
      "id": "bf1cb0f8-1e95-408e-8524-a541a43531b7",
      "pid": "930d64ea-4e67-4691-ae96-da12d57b5ede",
      "dblevel": 5,
      "location": "/VGMA/NgheKinhThanh/KinhThanhbandichHienDai2017/HD02_XuatAiCap/XuatAiCap15",
      "isVideo": false,
      "url": "nghe-kinh-thanh.kinh-thanh-ban-dich-hien-dai-2017.hd02-xuat-ai-cap.xuat-ai-cap-15",
      "name": "Xuất Ai Cập 15",
      "count": 0,
      "isLeaf": null,
      "keyword": null,
      "hash": "U2FsdGVkX1/yx8v9yZgGG8gilBrLRnsGKNtjro9OhX2gfP2oNnQD/7KHiMrVGJ194XGzxf/fRlGfJdFaiSrCcw==",
      "khash": "U2FsdGVkX1+njUSSHz/1DBE1gJkWOGBDwWgQnw4l7utRqNfA8WBO8y+WaGKjTd7jbWh9FGkrPPbHXCNfoCqeCQ==",
      "viewCount": null,
      "duration": "3:58",
      "size": 3840854
    },
    {
      "id": "f97464d0-a59b-4682-ab11-3e164eef6a26",
      "pid": "930d64ea-4e67-4691-ae96-da12d57b5ede",
      "dblevel": 5,
      "location": "/VGMA/NgheKinhThanh/KinhThanhbandichHienDai2017/HD02_XuatAiCap/XuatAiCap16",
      "isVideo": false,
      "url": "nghe-kinh-thanh.kinh-thanh-ban-dich-hien-dai-2017.hd02-xuat-ai-cap.xuat-ai-cap-16",
      "name": "Xuất Ai Cập 16",
      "count": 0,
      "isLeaf": null,
      "keyword": null,
      "hash": "U2FsdGVkX185E/emcCKGtio1KpJnaFhgJ9Vbj4odOnowt4bGVrn5flarsdlPV6Kp1nt2f7q5ntD+Rjnw12N1Pw==",
      "khash": null,
      "viewCount": null,
      "duration": "5:15",
      "size": 5068886
    },
    {
      "id": "34309edc-3664-4d41-a4ed-def5b6ef2294",
      "pid": "930d64ea-4e67-4691-ae96-da12d57b5ede",
      "dblevel": 5,
      "location": "/VGMA/NgheKinhThanh/KinhThanhbandichHienDai2017/HD02_XuatAiCap/XuatAiCap17",
      "isVideo": false,
      "url": "nghe-kinh-thanh.kinh-thanh-ban-dich-hien-dai-2017.hd02-xuat-ai-cap.xuat-ai-cap-17",
      "name": "Xuất Ai Cập 17",
      "count": 0,
      "isLeaf": null,
      "keyword": null,
      "hash": "U2FsdGVkX18W+82ljju75C1F6O/TyDQHUq6A7xDWb7+j8QPkZP7rV3c/G9WWZ9WWkToy9NdK3YBa+H4+wMIhxw==",
      "khash": null,
      "viewCount": null,
      "duration": "2:46",
      "size": 2684828
    },
    {
      "id": "b6c704aa-ebe8-42b1-b3e9-3006d38d5ea2",
      "pid": "930d64ea-4e67-4691-ae96-da12d57b5ede",
      "dblevel": 5,
      "location": "/VGMA/NgheKinhThanh/KinhThanhbandichHienDai2017/HD02_XuatAiCap/XuatAiCap18",
      "isVideo": false,
      "url": "nghe-kinh-thanh.kinh-thanh-ban-dich-hien-dai-2017.hd02-xuat-ai-cap.xuat-ai-cap-18",
      "name": "Xuất Ai Cập 18",
      "count": 0,
      "isLeaf": null,
      "keyword": null,
      "hash": "U2FsdGVkX199xvH0gh6uQrisx7kj6BbBnKc+pACi9W460Zg5dlLGfWGscP1v23GAUpe5bmeqoUywJf8tkcBSig==",
      "khash": null,
      "viewCount": null,
      "duration": "4:9",
      "size": 4017333
    },
    {
      "id": "b5a66c50-580e-4f09-8d34-75b5d0a59f1f",
      "pid": "930d64ea-4e67-4691-ae96-da12d57b5ede",
      "dblevel": 5,
      "location": "/VGMA/NgheKinhThanh/KinhThanhbandichHienDai2017/HD02_XuatAiCap/XuatAiCap19",
      "isVideo": false,
      "url": "nghe-kinh-thanh.kinh-thanh-ban-dich-hien-dai-2017.hd02-xuat-ai-cap.xuat-ai-cap-19",
      "name": "Xuất Ai Cập 19",
      "count": 0,
      "isLeaf": null,
      "keyword": null,
      "hash": "U2FsdGVkX1/Dn9nPjF+w7xpzkALsiG/F1MNVh5DNJQ42tx4Y9wC7XbZXjEcWZP1RqGr+MlgZvyzscxchh1cqBg==",
      "khash": "U2FsdGVkX18PVUjewtTu59/NdXe6h+6X6dMLpgyiMUAUXTnxd/TwhL6BtImWPzpXc1cgFxv94kJ/X6UP1eOqeQ==",
      "viewCount": null,
      "duration": "3:46",
      "size": 3643799
    },
    {
      "id": "aee2627e-beb9-4f0f-8c54-fd9d282fe261",
      "pid": "930d64ea-4e67-4691-ae96-da12d57b5ede",
      "dblevel": 5,
      "location": "/VGMA/NgheKinhThanh/KinhThanhbandichHienDai2017/HD02_XuatAiCap/XuatAiCap20",
      "isVideo": false,
      "url": "nghe-kinh-thanh.kinh-thanh-ban-dich-hien-dai-2017.hd02-xuat-ai-cap.xuat-ai-cap-20",
      "name": "Xuất Ai Cập 20",
      "count": 0,
      "isLeaf": null,
      "keyword": null,
      "hash": "U2FsdGVkX19KqASrIvhGXgfIrXuH08b48RVqOmV6155qOgO5G/LWv1/NJIrmM16QCg90I3A0qGXex77psCzZKA==",
      "khash": null,
      "viewCount": null,
      "duration": "3:20",
      "size": 3236067
    },
    {
      "id": "d3a8b052-8cc2-41e9-aa7e-955f28f91feb",
      "pid": "930d64ea-4e67-4691-ae96-da12d57b5ede",
      "dblevel": 5,
      "location": "/VGMA/NgheKinhThanh/KinhThanhbandichHienDai2017/HD02_XuatAiCap/XuatAiCap21",
      "isVideo": false,
      "url": "nghe-kinh-thanh.kinh-thanh-ban-dich-hien-dai-2017.hd02-xuat-ai-cap.xuat-ai-cap-21",
      "name": "Xuất Ai Cập 21",
      "count": 0,
      "isLeaf": null,
      "keyword": null,
      "hash": "U2FsdGVkX1/86+wFyZToofplzs90MoK69a363NpkxPSVQn5AyU59D73xNrL3WvoYcdUs87u+U4bHbvUaqur2Lg==",
      "khash": null,
      "viewCount": null,
      "duration": "4:58",
      "size": 4799549
    },
    {
      "id": "3bc3b4ce-d65d-4cb1-bae5-d0682107d07a",
      "pid": "930d64ea-4e67-4691-ae96-da12d57b5ede",
      "dblevel": 5,
      "location": "/VGMA/NgheKinhThanh/KinhThanhbandichHienDai2017/HD02_XuatAiCap/XuatAiCap22",
      "isVideo": false,
      "url": "nghe-kinh-thanh.kinh-thanh-ban-dich-hien-dai-2017.hd02-xuat-ai-cap.xuat-ai-cap-22",
      "name": "Xuất Ai Cập 22",
      "count": 0,
      "isLeaf": null,
      "keyword": null,
      "hash": "U2FsdGVkX1+o1Y76o3H5ACy/nVEQYIAvvr0igsD0jc6m6Y/q7vHEfY6c18zl3GXWdfh8g6qWq5N2s708rkwUaQ==",
      "khash": "U2FsdGVkX19bu+d+7eM7c1D+u/J5OLXFq30izio4UdDG71ZEfzkTyJL+Tlm01eEb0NkWX92If3OZzPpY6xpsew==",
      "viewCount": null,
      "duration": "4:26",
      "size": 4297660
    },
    {
      "id": "560e69ac-78c0-4d42-9f78-bf907822125e",
      "pid": "930d64ea-4e67-4691-ae96-da12d57b5ede",
      "dblevel": 5,
      "location": "/VGMA/NgheKinhThanh/KinhThanhbandichHienDai2017/HD02_XuatAiCap/XuatAiCap23",
      "isVideo": false,
      "url": "nghe-kinh-thanh.kinh-thanh-ban-dich-hien-dai-2017.hd02-xuat-ai-cap.xuat-ai-cap-23",
      "name": "Xuất Ai Cập 23",
      "count": 0,
      "isLeaf": null,
      "keyword": null,
      "hash": "U2FsdGVkX19QGmeLlPScL+UNgyBSjR0f5gkuI0jkiIz0VtUeH/xDfEX68V0iXyuJdcOH8PPGoMBGEK2mCjpqQw==",
      "khash": null,
      "viewCount": null,
      "duration": "4:31",
      "size": 4369857
    },
    {
      "id": "41c34bf6-0443-4827-9556-dfb51512ace7",
      "pid": "930d64ea-4e67-4691-ae96-da12d57b5ede",
      "dblevel": 5,
      "location": "/VGMA/NgheKinhThanh/KinhThanhbandichHienDai2017/HD02_XuatAiCap/XuatAiCap24",
      "isVideo": false,
      "url": "nghe-kinh-thanh.kinh-thanh-ban-dich-hien-dai-2017.hd02-xuat-ai-cap.xuat-ai-cap-24",
      "name": "Xuất Ai Cập 24",
      "count": 0,
      "isLeaf": null,
      "keyword": null,
      "hash": "U2FsdGVkX1/Kwb0yvWr9oBWsBnooenBGkSfoLTe3T8eoE/9H21QGmAn804ulPRnO3EvFpgCWYeWBa5bZwXCtfQ==",
      "khash": null,
      "viewCount": null,
      "duration": "2:36",
      "size": 2519079
    },
    {
      "id": "beb0dccf-3367-4967-946a-9892ca93b1fa",
      "pid": "930d64ea-4e67-4691-ae96-da12d57b5ede",
      "dblevel": 5,
      "location": "/VGMA/NgheKinhThanh/KinhThanhbandichHienDai2017/HD02_XuatAiCap/XuatAiCap25",
      "isVideo": false,
      "url": "nghe-kinh-thanh.kinh-thanh-ban-dich-hien-dai-2017.hd02-xuat-ai-cap.xuat-ai-cap-25",
      "name": "Xuất Ai Cập 25",
      "count": 0,
      "isLeaf": null,
      "keyword": null,
      "hash": "U2FsdGVkX19yDbqX1Gh/ccnM3MCUFEc5owE9Bhkbxfby7HR7CLR/6HcpYfBLgetf5Lwc0ilFDTr1/5GQj2gxdQ==",
      "khash": null,
      "viewCount": null,
      "duration": "3:24",
      "size": 3311655
    },
    {
      "id": "6266b54c-bbcd-4141-8cad-8f0bcebaa99f",
      "pid": "930d64ea-4e67-4691-ae96-da12d57b5ede",
      "dblevel": 5,
      "location": "/VGMA/NgheKinhThanh/KinhThanhbandichHienDai2017/HD02_XuatAiCap/XuatAiCap26",
      "isVideo": false,
      "url": "nghe-kinh-thanh.kinh-thanh-ban-dich-hien-dai-2017.hd02-xuat-ai-cap.xuat-ai-cap-26",
      "name": "Xuất Ai Cập 26",
      "count": 0,
      "isLeaf": null,
      "keyword": null,
      "hash": "U2FsdGVkX1/L77eh6/miSN0Uca0bFGSRKcI0ExQbxVHNSY8UfPZAygUlP2wuOOqaroRJNBwlp5xwR/1DzL409w==",
      "khash": "U2FsdGVkX19C78I1Sm7zWujUKsUBJKf0bl/OOwrOjV8KxE/LzJPHZbmW7pAbugW7xByl0hqrXrA9G0HGPin4aw==",
      "viewCount": null,
      "duration": "3:30",
      "size": 3398749
    },
    {
      "id": "75bce087-4494-4adb-9675-e5447be52645",
      "pid": "930d64ea-4e67-4691-ae96-da12d57b5ede",
      "dblevel": 5,
      "location": "/VGMA/NgheKinhThanh/KinhThanhbandichHienDai2017/HD02_XuatAiCap/XuatAiCap27",
      "isVideo": false,
      "url": "nghe-kinh-thanh.kinh-thanh-ban-dich-hien-dai-2017.hd02-xuat-ai-cap.xuat-ai-cap-27",
      "name": "Xuất Ai Cập 27",
      "count": 0,
      "isLeaf": null,
      "keyword": null,
      "hash": "U2FsdGVkX19kIEiAyzPcvFDGPuq/r43aVhPIrFhseO+Vs1uCTMC9A+Ykeg5Eli1QStQriEuZ57wP+IzXsi5DQQ==",
      "khash": null,
      "viewCount": null,
      "duration": "2:37",
      "size": 2534905
    },
    {
      "id": "ec88dfd9-822d-40dd-983a-0bd254fc7837",
      "pid": "930d64ea-4e67-4691-ae96-da12d57b5ede",
      "dblevel": 5,
      "location": "/VGMA/NgheKinhThanh/KinhThanhbandichHienDai2017/HD02_XuatAiCap/XuatAiCap28",
      "isVideo": false,
      "url": "nghe-kinh-thanh.kinh-thanh-ban-dich-hien-dai-2017.hd02-xuat-ai-cap.xuat-ai-cap-28",
      "name": "Xuất Ai Cập 28",
      "count": 0,
      "isLeaf": null,
      "keyword": null,
      "hash": "U2FsdGVkX194eVe3V1zu4yifrLvHb6R8w3Jy5B5PjDj5V55ah9yXH1Tbd18RdkLh/nQzb5FrlZSBOQjiZGOwQg==",
      "khash": null,
      "viewCount": null,
      "duration": "5:29",
      "size": 5309052
    },
    {
      "id": "987749af-a484-42c8-8a0b-4b2c715098c1",
      "pid": "930d64ea-4e67-4691-ae96-da12d57b5ede",
      "dblevel": 5,
      "location": "/VGMA/NgheKinhThanh/KinhThanhbandichHienDai2017/HD02_XuatAiCap/XuatAiCap29",
      "isVideo": false,
      "url": "nghe-kinh-thanh.kinh-thanh-ban-dich-hien-dai-2017.hd02-xuat-ai-cap.xuat-ai-cap-29",
      "name": "Xuất Ai Cập 29",
      "count": 0,
      "isLeaf": null,
      "keyword": null,
      "hash": "U2FsdGVkX1+MwIiP/5DbsF9lMg2sSPK4H/hVxKvWBFzldpGj3+JhHPrWMcO72QPCJZOSruDznwogVjIXCCLTyg==",
      "khash": null,
      "viewCount": null,
      "duration": "5:55",
      "size": 5728552
    },
    {
      "id": "fb38354f-449e-4c60-a9ec-dd9c31e88471",
      "pid": "930d64ea-4e67-4691-ae96-da12d57b5ede",
      "dblevel": 5,
      "location": "/VGMA/NgheKinhThanh/KinhThanhbandichHienDai2017/HD02_XuatAiCap/XuatAiCap30",
      "isVideo": false,
      "url": "nghe-kinh-thanh.kinh-thanh-ban-dich-hien-dai-2017.hd02-xuat-ai-cap.xuat-ai-cap-30",
      "name": "Xuất Ai Cập 30",
      "count": 0,
      "isLeaf": null,
      "keyword": null,
      "hash": "U2FsdGVkX1+qvO4Y0pzdL7L0N/ZIt/fU2mEzc/+fkrZ8tXxKO15Yf3DvQFq+/bmIIZr9VtwcGWfAkstMAjPN/Q==",
      "khash": null,
      "viewCount": null,
      "duration": "4:37",
      "size": 4473608
    },
    {
      "id": "ac26675e-f788-4cf0-b39d-2677b7710ccc",
      "pid": "930d64ea-4e67-4691-ae96-da12d57b5ede",
      "dblevel": 5,
      "location": "/VGMA/NgheKinhThanh/KinhThanhbandichHienDai2017/HD02_XuatAiCap/XuatAiCap31",
      "isVideo": false,
      "url": "nghe-kinh-thanh.kinh-thanh-ban-dich-hien-dai-2017.hd02-xuat-ai-cap.xuat-ai-cap-31",
      "name": "Xuất Ai Cập 31",
      "count": 0,
      "isLeaf": null,
      "keyword": null,
      "hash": "U2FsdGVkX19iKPQx4mF0DJcyXyUSEsO7pu0ImSlwfsDZ81anlWpEXucj22r6u2+8dB/7a2fEHAX0GKzxOX/9XQ==",
      "khash": null,
      "viewCount": null,
      "duration": "2:38",
      "size": 2554816
    },
    {
      "id": "f8f9cc11-d07e-4542-a87e-bf5ac5b0a2f3",
      "pid": "930d64ea-4e67-4691-ae96-da12d57b5ede",
      "dblevel": 5,
      "location": "/VGMA/NgheKinhThanh/KinhThanhbandichHienDai2017/HD02_XuatAiCap/XuatAiCap32",
      "isVideo": false,
      "url": "nghe-kinh-thanh.kinh-thanh-ban-dich-hien-dai-2017.hd02-xuat-ai-cap.xuat-ai-cap-32",
      "name": "Xuất Ai Cập 32",
      "count": 0,
      "isLeaf": null,
      "keyword": null,
      "hash": "U2FsdGVkX1+LqpEPeW+4/R6ETsvcmt8DQ7+fM+hHW2Icf+0+LxtdjWaWXj5iZc49C3NobkX5neAq4PDCLX29ZA==",
      "khash": "U2FsdGVkX1+brNi2ToMZIoXOGDFZzT8KdgCE0JEmT357ybWeT9TQmjvaFXXaJuR7hiAjsGvE8UwHJ2TUA0QSEg==",
      "viewCount": null,
      "duration": "5:15",
      "size": 5068887
    },
    {
      "id": "c171bcad-9b64-438f-9eac-5a023a0feb66",
      "pid": "930d64ea-4e67-4691-ae96-da12d57b5ede",
      "dblevel": 5,
      "location": "/VGMA/NgheKinhThanh/KinhThanhbandichHienDai2017/HD02_XuatAiCap/XuatAiCap33",
      "isVideo": false,
      "url": "nghe-kinh-thanh.kinh-thanh-ban-dich-hien-dai-2017.hd02-xuat-ai-cap.xuat-ai-cap-33",
      "name": "Xuất Ai Cập 33",
      "count": 0,
      "isLeaf": null,
      "keyword": null,
      "hash": "U2FsdGVkX19meSZOHxRaMjgA1Bh7T1bzRI2tyJiBVVEK3JIDi4k2W3EzwPdhbGXZyX8Nbd+65bGu5JwqvOdnvw==",
      "khash": null,
      "viewCount": null,
      "duration": "3:33",
      "size": 3444049
    },
    {
      "id": "4b7e445d-fae2-45df-aea3-d23808ab316e",
      "pid": "930d64ea-4e67-4691-ae96-da12d57b5ede",
      "dblevel": 5,
      "location": "/VGMA/NgheKinhThanh/KinhThanhbandichHienDai2017/HD02_XuatAiCap/XuatAiCap34",
      "isVideo": false,
      "url": "nghe-kinh-thanh.kinh-thanh-ban-dich-hien-dai-2017.hd02-xuat-ai-cap.xuat-ai-cap-34",
      "name": "Xuất Ai Cập 34",
      "count": 0,
      "isLeaf": null,
      "keyword": null,
      "hash": "U2FsdGVkX18UXT8lBvirLyM83bmRYSjRjouVf+cIlmmeslOZkKVuDl72wEj5RdHokTySi+w7fDR+/d5YoTvmCw==",
      "khash": null,
      "viewCount": null,
      "duration": "5:14",
      "size": 5055665
    },
    {
      "id": "5b29be96-5758-4df2-b701-8e4e24324a84",
      "pid": "930d64ea-4e67-4691-ae96-da12d57b5ede",
      "dblevel": 5,
      "location": "/VGMA/NgheKinhThanh/KinhThanhbandichHienDai2017/HD02_XuatAiCap/XuatAiCap35",
      "isVideo": false,
      "url": "nghe-kinh-thanh.kinh-thanh-ban-dich-hien-dai-2017.hd02-xuat-ai-cap.xuat-ai-cap-35",
      "name": "Xuất Ai Cập 35",
      "count": 0,
      "isLeaf": null,
      "keyword": null,
      "hash": "U2FsdGVkX1/BP21D/3JBkl+Y+iVbd6yJVoEOyGIbMbnhdmn528Xco+UmA7b18vTWo3XoZ4busg7SavzQ2Jq/nw==",
      "khash": null,
      "viewCount": null,
      "duration": "3:55",
      "size": 3801876
    },
    {
      "id": "c14fd83d-f5eb-4dc1-98ba-eb2ce34bd041",
      "pid": "930d64ea-4e67-4691-ae96-da12d57b5ede",
      "dblevel": 5,
      "location": "/VGMA/NgheKinhThanh/KinhThanhbandichHienDai2017/HD02_XuatAiCap/XuatAiCap36",
      "isVideo": false,
      "url": "nghe-kinh-thanh.kinh-thanh-ban-dich-hien-dai-2017.hd02-xuat-ai-cap.xuat-ai-cap-36",
      "name": "Xuất Ai Cập 36",
      "count": 0,
      "isLeaf": null,
      "keyword": null,
      "hash": "U2FsdGVkX1+jgUN5GNrur/qerc5tYSh6sAbuQLSttYf4+uqTK1uthfN5Yr1c5+kpeDx0DgtPMQkTt93R5G0ldA==",
      "khash": null,
      "viewCount": null,
      "duration": "3:45",
      "size": 3642829
    },
    {
      "id": "9a504445-cef8-4c79-8203-cc2aa01267c5",
      "pid": "930d64ea-4e67-4691-ae96-da12d57b5ede",
      "dblevel": 5,
      "location": "/VGMA/NgheKinhThanh/KinhThanhbandichHienDai2017/HD02_XuatAiCap/XuatAiCap37",
      "isVideo": false,
      "url": "nghe-kinh-thanh.kinh-thanh-ban-dich-hien-dai-2017.hd02-xuat-ai-cap.xuat-ai-cap-37",
      "name": "Xuất Ai Cập 37",
      "count": 0,
      "isLeaf": null,
      "keyword": null,
      "hash": "U2FsdGVkX1+WpyHcbmdjtwpzI2uE4Mgaq6Q6txFveHYDewj0zmxarjpaTjRuiZHXgkIF6PeOuPqps0HhWYaFeQ==",
      "khash": null,
      "viewCount": null,
      "duration": "2:49",
      "size": 2744505
    },
    {
      "id": "88af7146-6de2-4c2c-a6ce-a5d52c218d39",
      "pid": "930d64ea-4e67-4691-ae96-da12d57b5ede",
      "dblevel": 5,
      "location": "/VGMA/NgheKinhThanh/KinhThanhbandichHienDai2017/HD02_XuatAiCap/XuatAiCap38",
      "isVideo": false,
      "url": "nghe-kinh-thanh.kinh-thanh-ban-dich-hien-dai-2017.hd02-xuat-ai-cap.xuat-ai-cap-38",
      "name": "Xuất Ai Cập 38",
      "count": 0,
      "isLeaf": null,
      "keyword": null,
      "hash": "U2FsdGVkX18sc3nybHn2rRWImbJ+cUV3qGx4L6V9v7ht8RoQYkf/YedFnEc9vRJQkKtvPrJzd8axRjt0M2WMag==",
      "khash": null,
      "viewCount": null,
      "duration": "4:12",
      "size": 4062899
    },
    {
      "id": "0cbf27e7-4eb9-4e7c-9157-d69ee0e17357",
      "pid": "930d64ea-4e67-4691-ae96-da12d57b5ede",
      "dblevel": 5,
      "location": "/VGMA/NgheKinhThanh/KinhThanhbandichHienDai2017/HD02_XuatAiCap/XuatAiCap39",
      "isVideo": false,
      "url": "nghe-kinh-thanh.kinh-thanh-ban-dich-hien-dai-2017.hd02-xuat-ai-cap.xuat-ai-cap-39",
      "name": "Xuất Ai Cập 39",
      "count": 0,
      "isLeaf": null,
      "keyword": null,
      "hash": "U2FsdGVkX1/Nz25YYHa8Ne2ccXui+rM1bUomJMRFcO87jqZ43Bc2qUUSldNSbaYmG85bQYr6uavYKNeV/HwRyQ==",
      "khash": null,
      "viewCount": null,
      "duration": "4:55",
      "size": 4762254
    },
    {
      "id": "2d6ad238-4253-43a7-8ce3-2e142aef0ddb",
      "pid": "930d64ea-4e67-4691-ae96-da12d57b5ede",
      "dblevel": 5,
      "location": "/VGMA/NgheKinhThanh/KinhThanhbandichHienDai2017/HD02_XuatAiCap/XuatAiCap40",
      "isVideo": false,
      "url": "nghe-kinh-thanh.kinh-thanh-ban-dich-hien-dai-2017.hd02-xuat-ai-cap.xuat-ai-cap-40",
      "name": "Xuất Ai Cập 40",
      "count": 0,
      "isLeaf": null,
      "keyword": null,
      "hash": "U2FsdGVkX1+/QwagpHFpSGwQ/KsCfRxkOfNV1M5ka/pGgjI8WePDqxxLNpvUgAOMpJNElmf0i2nFRcqRg9huLQ==",
      "khash": null,
      "viewCount": null,
      "duration": "3:59",
      "size": 3868057
    }
  ]
}