{
  "id": "53720843-5e07-482a-9fe9-52a10dd42547",
  "pid": "23541eed-15e9-41d0-8477-67032b0277ec",
  "dblevel": 4,
  "location": "/VGMA/NgheKinhThanh/KinhThanhbandichTruyenThongHieuDinh/44-Cong",
  "isVideo": false,
  "url": "nghe-kinh-thanh.kinh-thanh-ban-dich-truyen-thong-hieu-dinh.44-cong",
  "name": "44-Cong",
  "count": 28,
  "isLeaf": true,
  "keyword": null,
  "hash": null,
  "khash": null,
  "viewCount": null,
  "duration": null,
  "size": null,
  "children": [
    {
      "id": "b5a633b8-62b8-45a3-9811-b182ce5d51ed",
      "pid": "53720843-5e07-482a-9fe9-52a10dd42547",
      "dblevel": 5,
      "location": "/VGMA/NgheKinhThanh/KinhThanhbandichTruyenThongHieuDinh/44-Cong/Cong01",
      "isVideo": false,
      "url": "nghe-kinh-thanh.kinh-thanh-ban-dich-truyen-thong-hieu-dinh.44-cong.cong01",
      "name": "Cong01",
      "count": 0,
      "isLeaf": null,
      "keyword": null,
      "hash": "U2FsdGVkX19j4lnkLokiBIKGBhQt93tdUNymgXL7+hFBVcbbGH0PTvNNRD6crWLSTUFwQ/7kOSx0kzIMFRb42w==",
      "khash": null,
      "viewCount": null,
      "duration": "4:34",
      "size": 6619620
    },
    {
      "id": "019f886a-43ea-4517-a9b1-490d71bd32e8",
      "pid": "53720843-5e07-482a-9fe9-52a10dd42547",
      "dblevel": 5,
      "location": "/VGMA/NgheKinhThanh/KinhThanhbandichTruyenThongHieuDinh/44-Cong/Cong02",
      "isVideo": false,
      "url": "nghe-kinh-thanh.kinh-thanh-ban-dich-truyen-thong-hieu-dinh.44-cong.cong02",
      "name": "Cong02",
      "count": 0,
      "isLeaf": null,
      "keyword": null,
      "hash": "U2FsdGVkX1+HXq8iETtJrJJz0d9FG9paZN5Cnnr1rUfZ7JNS77Gv69CsOYXXFB5mhXrO0VPIp1VH7S1sM5DpiA==",
      "khash": "U2FsdGVkX1+R9ImXZuWJGQq0gmnCEK/4PjKphVHtazdaCCc+/EMD/I31G197tsLWvY3NUiTRxXvGllVUJdI/yQ==",
      "viewCount": null,
      "duration": "7:15",
      "size": 10490422
    },
    {
      "id": "f05a8ba7-9a46-4f8a-a93f-cbae59f73b56",
      "pid": "53720843-5e07-482a-9fe9-52a10dd42547",
      "dblevel": 5,
      "location": "/VGMA/NgheKinhThanh/KinhThanhbandichTruyenThongHieuDinh/44-Cong/Cong03",
      "isVideo": false,
      "url": "nghe-kinh-thanh.kinh-thanh-ban-dich-truyen-thong-hieu-dinh.44-cong.cong03",
      "name": "Cong03",
      "count": 0,
      "isLeaf": null,
      "keyword": null,
      "hash": "U2FsdGVkX1+wc74Z66M+mI+GxhQLKIKK1MAHfxYld8y6fcta4ISvjTKSe0iSflpteNOXmErayU0ITQImDfQGhw==",
      "khash": null,
      "viewCount": null,
      "duration": "4:18",
      "size": 6234001
    },
    {
      "id": "47bd6863-7cdc-4270-af5a-56796ce04aa3",
      "pid": "53720843-5e07-482a-9fe9-52a10dd42547",
      "dblevel": 5,
      "location": "/VGMA/NgheKinhThanh/KinhThanhbandichTruyenThongHieuDinh/44-Cong/Cong04",
      "isVideo": false,
      "url": "nghe-kinh-thanh.kinh-thanh-ban-dich-truyen-thong-hieu-dinh.44-cong.cong04",
      "name": "Cong04",
      "count": 0,
      "isLeaf": null,
      "keyword": null,
      "hash": "U2FsdGVkX193VQvpZSb2hrhZzV9abknv2B50ffidfUjzi4Zb9Pt5zLEgu60JibZRtz1v0SGqWDqgJwmzPuHbFA==",
      "khash": "U2FsdGVkX18vBeRwxG8yUC+NxVFu7dzrmi7qS1CZp355RCT7sPtBiilP2gVGdHZpKcObgPO/EX0+gfRgo1cL8g==",
      "viewCount": null,
      "duration": "5:30",
      "size": 7961801
    },
    {
      "id": "a8a7801a-4b3f-4639-b5c9-3e29e33b7a55",
      "pid": "53720843-5e07-482a-9fe9-52a10dd42547",
      "dblevel": 5,
      "location": "/VGMA/NgheKinhThanh/KinhThanhbandichTruyenThongHieuDinh/44-Cong/Cong05",
      "isVideo": false,
      "url": "nghe-kinh-thanh.kinh-thanh-ban-dich-truyen-thong-hieu-dinh.44-cong.cong05",
      "name": "Cong05",
      "count": 0,
      "isLeaf": null,
      "keyword": null,
      "hash": "U2FsdGVkX1+DRfGzJb6qkmRtGdTvWY/BYCYYRyYdfeiPWLOf6goeSBfsnJ21CpLWH4NW26YZPezftU/TfXqDVA==",
      "khash": null,
      "viewCount": null,
      "duration": "6:23",
      "size": 9224858
    },
    {
      "id": "8fc4440c-bca7-4d8a-831c-93c3a89c7867",
      "pid": "53720843-5e07-482a-9fe9-52a10dd42547",
      "dblevel": 5,
      "location": "/VGMA/NgheKinhThanh/KinhThanhbandichTruyenThongHieuDinh/44-Cong/Cong06",
      "isVideo": false,
      "url": "nghe-kinh-thanh.kinh-thanh-ban-dich-truyen-thong-hieu-dinh.44-cong.cong06",
      "name": "Cong06",
      "count": 0,
      "isLeaf": null,
      "keyword": null,
      "hash": "U2FsdGVkX1/SsbYcOZG/ae48BZjucn4KBcuaLLlwXg25auYAonMfDUoAmZYJ94UJnjH/4m4L98b3MWrZGK2iSw==",
      "khash": "U2FsdGVkX1+ODh+AJrS9B6QPLzITLg6Ev/N8Wle/6LUk6d6UCBBMsyubEEnAass38dBXHPnXAaxia4NkxBnf9w==",
      "viewCount": null,
      "duration": "2:24",
      "size": 3485829
    },
    {
      "id": "1b456600-294e-4d40-866b-a8bb704d0d0e",
      "pid": "53720843-5e07-482a-9fe9-52a10dd42547",
      "dblevel": 5,
      "location": "/VGMA/NgheKinhThanh/KinhThanhbandichTruyenThongHieuDinh/44-Cong/Cong07",
      "isVideo": false,
      "url": "nghe-kinh-thanh.kinh-thanh-ban-dich-truyen-thong-hieu-dinh.44-cong.cong07",
      "name": "Cong07",
      "count": 0,
      "isLeaf": null,
      "keyword": null,
      "hash": "U2FsdGVkX182EX2hRFzCw9LUQH68c/myHqQIBZwMFkK7bTpMX0AMH0GRYzwabj5nTq9QSHysxdN3TfR3h/WQTw==",
      "khash": null,
      "viewCount": null,
      "duration": "9:32",
      "size": 13775380
    },
    {
      "id": "83d1cf7c-24dc-4288-aa91-e17227ec2f6e",
      "pid": "53720843-5e07-482a-9fe9-52a10dd42547",
      "dblevel": 5,
      "location": "/VGMA/NgheKinhThanh/KinhThanhbandichTruyenThongHieuDinh/44-Cong/Cong08",
      "isVideo": false,
      "url": "nghe-kinh-thanh.kinh-thanh-ban-dich-truyen-thong-hieu-dinh.44-cong.cong08",
      "name": "Cong08",
      "count": 0,
      "isLeaf": null,
      "keyword": null,
      "hash": "U2FsdGVkX19TRPTWogo/2XgeR7RMLmlqBTwAyIDt5auPu0bHd37KpTSCZBEdFjQCTHtN2+hKbXyX5IrJt65jUQ==",
      "khash": "U2FsdGVkX194coTUFP6KB2BMAdxaCw3rv+Rc9F9SDXoqY/gorYxD4TLbQjyaTkPnltAh911nZUjiZVd9GE5d3A==",
      "viewCount": null,
      "duration": "5:16",
      "size": 7619666
    },
    {
      "id": "6cd3c9f2-2b9e-402f-8b24-3d7c047f7639",
      "pid": "53720843-5e07-482a-9fe9-52a10dd42547",
      "dblevel": 5,
      "location": "/VGMA/NgheKinhThanh/KinhThanhbandichTruyenThongHieuDinh/44-Cong/Cong09",
      "isVideo": false,
      "url": "nghe-kinh-thanh.kinh-thanh-ban-dich-truyen-thong-hieu-dinh.44-cong.cong09",
      "name": "Cong09",
      "count": 0,
      "isLeaf": null,
      "keyword": null,
      "hash": "U2FsdGVkX18WoWlOWPdTyjwEsJbVaSOhLyTRrN+2X+tQ48z7tsA3cysk1Jij/chG3ul8/Mim4wDyCsEP1dZvug==",
      "khash": "U2FsdGVkX1/CxHY750AWo25U2Wpo20yznAU0qx7LeTCG9KroZBFUqILXJE6IihTnJuz9WtWFP5MjaZ4lReTX1A==",
      "viewCount": null,
      "duration": "6:21",
      "size": 9195896
    },
    {
      "id": "fe38bec7-4286-45ff-8786-ce7ceba69d05",
      "pid": "53720843-5e07-482a-9fe9-52a10dd42547",
      "dblevel": 5,
      "location": "/VGMA/NgheKinhThanh/KinhThanhbandichTruyenThongHieuDinh/44-Cong/Cong10",
      "isVideo": false,
      "url": "nghe-kinh-thanh.kinh-thanh-ban-dich-truyen-thong-hieu-dinh.44-cong.cong10",
      "name": "Cong10",
      "count": 0,
      "isLeaf": null,
      "keyword": null,
      "hash": "U2FsdGVkX19isDBIehJVc36JQqZ1ysZ+OdngEm/5zlC242jIUxe5muNz40ObCUPEtKnuKWcU7jDSAYJ8dqeyiw==",
      "khash": "U2FsdGVkX19kziop34GY8qXG1lR5lRxLKByRnlykaeX2KLF6ObKBtkBBA8D76O+gGK+brsRQULRCylGaimh+ZQ==",
      "viewCount": null,
      "duration": "7:10",
      "size": 10372566
    },
    {
      "id": "f1525728-3ce0-4dde-875d-946f1bed112f",
      "pid": "53720843-5e07-482a-9fe9-52a10dd42547",
      "dblevel": 5,
      "location": "/VGMA/NgheKinhThanh/KinhThanhbandichTruyenThongHieuDinh/44-Cong/Cong11",
      "isVideo": false,
      "url": "nghe-kinh-thanh.kinh-thanh-ban-dich-truyen-thong-hieu-dinh.44-cong.cong11",
      "name": "Cong11",
      "count": 0,
      "isLeaf": null,
      "keyword": null,
      "hash": "U2FsdGVkX1+J4PAcc3F6xJySNPBG0eEU3z6p4DA+H8u3a3IyxTbKVqsZ3nKtyMGhE+y2dYMhWsa5+D5BGTHOcQ==",
      "khash": null,
      "viewCount": null,
      "duration": "4:7",
      "size": 5966652
    },
    {
      "id": "580db87b-39f0-479f-ba65-02d5133b3b7a",
      "pid": "53720843-5e07-482a-9fe9-52a10dd42547",
      "dblevel": 5,
      "location": "/VGMA/NgheKinhThanh/KinhThanhbandichTruyenThongHieuDinh/44-Cong/Cong12",
      "isVideo": false,
      "url": "nghe-kinh-thanh.kinh-thanh-ban-dich-truyen-thong-hieu-dinh.44-cong.cong12",
      "name": "Cong12",
      "count": 0,
      "isLeaf": null,
      "keyword": null,
      "hash": "U2FsdGVkX19euHxhBjfTShx57zHGxt9A7y1wguA+2lJtY2H7BxA84X2z0gJ+K8YqzAMNCQxQXTaZpONDQY2L6w==",
      "khash": "U2FsdGVkX19MHty+s8fdcYdgl6fUQwJASbQoFRETx/I3AT8gvJi2V+0mrB9pFHomXFgQ3q0LbgLCBBJNb5gczQ==",
      "viewCount": null,
      "duration": "3:52",
      "size": 5593769
    },
    {
      "id": "9940c7f9-5bad-43e2-ace7-1d0e8903f0ed",
      "pid": "53720843-5e07-482a-9fe9-52a10dd42547",
      "dblevel": 5,
      "location": "/VGMA/NgheKinhThanh/KinhThanhbandichTruyenThongHieuDinh/44-Cong/Cong13",
      "isVideo": false,
      "url": "nghe-kinh-thanh.kinh-thanh-ban-dich-truyen-thong-hieu-dinh.44-cong.cong13",
      "name": "Cong13",
      "count": 0,
      "isLeaf": null,
      "keyword": null,
      "hash": "U2FsdGVkX19a+EiGg8PByPDqF/aSp67vEXNw/7NwyOFImbuw6kn/zQnQV4a2MNv+qYGJL5ZnsvZuGv5r21vWtg==",
      "khash": "U2FsdGVkX19fdFZuAujyXfB+6odmVgBdNtCHPW0+hjykeDCNyVdaSZ2jMb/BTTGFHMDyL7+4AUjA3hFLZ5koJg==",
      "viewCount": null,
      "duration": "8:4",
      "size": 11655363
    },
    {
      "id": "28bb6a25-053a-4142-bc91-49a30c1bfbe5",
      "pid": "53720843-5e07-482a-9fe9-52a10dd42547",
      "dblevel": 5,
      "location": "/VGMA/NgheKinhThanh/KinhThanhbandichTruyenThongHieuDinh/44-Cong/Cong14",
      "isVideo": false,
      "url": "nghe-kinh-thanh.kinh-thanh-ban-dich-truyen-thong-hieu-dinh.44-cong.cong14",
      "name": "Cong14",
      "count": 0,
      "isLeaf": null,
      "keyword": null,
      "hash": "U2FsdGVkX1+lPpTZn7GWwoJVBdzP6EbFRX3bpDnaI+2oe8c2mf//fzzW6ozPsPlpY2FJ/nFnJ01+baPdzg1tWA==",
      "khash": "U2FsdGVkX18yk3zq85sIE5/uScI+eH8oLgd3PQ0v2dRZPtjjfDOPC5yWZK0yYj192T0B6bqAl0MF0WivWs5/Ig==",
      "viewCount": null,
      "duration": "4:10",
      "size": 6027070
    },
    {
      "id": "2d744eec-9620-4863-86b2-f6edd430fdee",
      "pid": "53720843-5e07-482a-9fe9-52a10dd42547",
      "dblevel": 5,
      "location": "/VGMA/NgheKinhThanh/KinhThanhbandichTruyenThongHieuDinh/44-Cong/Cong15",
      "isVideo": false,
      "url": "nghe-kinh-thanh.kinh-thanh-ban-dich-truyen-thong-hieu-dinh.44-cong.cong15",
      "name": "Cong15",
      "count": 0,
      "isLeaf": null,
      "keyword": null,
      "hash": "U2FsdGVkX1+6qUzo+fZXBgX8TH5jhYXDLciMVRwzHmfPAhNAPwYUT+ir8s7+BhVN/h1qEgjYClBFp0hqco8kIQ==",
      "khash": null,
      "viewCount": null,
      "duration": "5:59",
      "size": 8651992
    },
    {
      "id": "09fe94a7-c4ad-43f5-9647-1711d9b99740",
      "pid": "53720843-5e07-482a-9fe9-52a10dd42547",
      "dblevel": 5,
      "location": "/VGMA/NgheKinhThanh/KinhThanhbandichTruyenThongHieuDinh/44-Cong/Cong16",
      "isVideo": false,
      "url": "nghe-kinh-thanh.kinh-thanh-ban-dich-truyen-thong-hieu-dinh.44-cong.cong16",
      "name": "Cong16",
      "count": 0,
      "isLeaf": null,
      "keyword": null,
      "hash": "U2FsdGVkX19iM5KjGs+RK2TDQGesKN13eGg9TdVwAyhWKgitRXlCL/HYEjeetCbV1Hu0+QrIbw3UkDJJN/geMw==",
      "khash": "U2FsdGVkX1/tl7leMr/t7Jz+xaZM/+lD//uwDnuEg4jXMqNNfA7JfhX8YvcikGRBPCEkF05a3xTlEIx237ptuw==",
      "viewCount": null,
      "duration": "5:53",
      "size": 8516088
    },
    {
      "id": "9573bdcd-53c6-42a8-9af6-d83dc2cf3c4b",
      "pid": "53720843-5e07-482a-9fe9-52a10dd42547",
      "dblevel": 5,
      "location": "/VGMA/NgheKinhThanh/KinhThanhbandichTruyenThongHieuDinh/44-Cong/Cong17",
      "isVideo": false,
      "url": "nghe-kinh-thanh.kinh-thanh-ban-dich-truyen-thong-hieu-dinh.44-cong.cong17",
      "name": "Cong17",
      "count": 0,
      "isLeaf": null,
      "keyword": null,
      "hash": "U2FsdGVkX1+UbMpSsxrr6TZjkPnTK52RTusZCwIkSN7v50/pK69q4Cp7zeommfuw73KAl2rRwZ6FWYqqBcMWNA==",
      "khash": "U2FsdGVkX18QJ/Hm8SzNnoCVUSKK61EQKjFguL7d/4RYOCMGZxsxqBzMTLOPthuChuScGnK0oa4YZjDGXqW6uw==",
      "viewCount": null,
      "duration": "5:50",
      "size": 8443734
    },
    {
      "id": "56b0b7fa-826c-4ed8-96d1-1c9d227ffde1",
      "pid": "53720843-5e07-482a-9fe9-52a10dd42547",
      "dblevel": 5,
      "location": "/VGMA/NgheKinhThanh/KinhThanhbandichTruyenThongHieuDinh/44-Cong/Cong18",
      "isVideo": false,
      "url": "nghe-kinh-thanh.kinh-thanh-ban-dich-truyen-thong-hieu-dinh.44-cong.cong18",
      "name": "Cong18",
      "count": 0,
      "isLeaf": null,
      "keyword": null,
      "hash": "U2FsdGVkX19QkcqzmBRguGiCgQHTdCNeRirTVt+btv0UfCQH/ly5j/P4C5eC0I8FnDd2d2eUJhcrD8R6lCS1pg==",
      "khash": "U2FsdGVkX1+EQlj1Zr9HmB5Q3f/dx1bBKr0aJ+ob0v1XDf8VF1OYgbD41VhhDYDMQoAQS2eYj7SZC+/PToNskw==",
      "viewCount": null,
      "duration": "4:14",
      "size": 6132287
    },
    {
      "id": "5f6b18a0-d0b9-4316-aa04-87e0d3524eb1",
      "pid": "53720843-5e07-482a-9fe9-52a10dd42547",
      "dblevel": 5,
      "location": "/VGMA/NgheKinhThanh/KinhThanhbandichTruyenThongHieuDinh/44-Cong/Cong19",
      "isVideo": false,
      "url": "nghe-kinh-thanh.kinh-thanh-ban-dich-truyen-thong-hieu-dinh.44-cong.cong19",
      "name": "Cong19",
      "count": 0,
      "isLeaf": null,
      "keyword": null,
      "hash": "U2FsdGVkX19n9Y9gt4d2u0Ler9ukkr1wEgne5JsZDa4Wtw1coH8frbpDObiWKY3OSzAX4bFoWFupptx8Haup6g==",
      "khash": "U2FsdGVkX19ywhvgG9GSzEl9rtAqIbiPve9eSI1S2SM/DnIbryXZCoO6ecI9qFtDMAq1XPtlzCCbFy5IRp2lLA==",
      "viewCount": null,
      "duration": "6:5",
      "size": 8800003
    },
    {
      "id": "dd798ab8-d456-4645-8ada-f3d7c8ec2fe8",
      "pid": "53720843-5e07-482a-9fe9-52a10dd42547",
      "dblevel": 5,
      "location": "/VGMA/NgheKinhThanh/KinhThanhbandichTruyenThongHieuDinh/44-Cong/Cong20",
      "isVideo": false,
      "url": "nghe-kinh-thanh.kinh-thanh-ban-dich-truyen-thong-hieu-dinh.44-cong.cong20",
      "name": "Cong20",
      "count": 0,
      "isLeaf": null,
      "keyword": null,
      "hash": "U2FsdGVkX1/dYOlqaqZaR3HoTl8MNY66mgcfGiH+Nwkeo664wMavrWwiSc3e+jomDUJj2JbeK6ZdGQzhPVylNw==",
      "khash": "U2FsdGVkX1/Dmei/9ohcXAgdXtwMU7PlRT/CaIr50PWEHiWPey5dw3OnuvE1ySiuum2o38ETOofnyZPfj/6NXQ==",
      "viewCount": null,
      "duration": "5:39",
      "size": 8174503
    },
    {
      "id": "054f2c70-3101-4938-870e-061e6851ac51",
      "pid": "53720843-5e07-482a-9fe9-52a10dd42547",
      "dblevel": 5,
      "location": "/VGMA/NgheKinhThanh/KinhThanhbandichTruyenThongHieuDinh/44-Cong/Cong21",
      "isVideo": false,
      "url": "nghe-kinh-thanh.kinh-thanh-ban-dich-truyen-thong-hieu-dinh.44-cong.cong21",
      "name": "Cong21",
      "count": 0,
      "isLeaf": null,
      "keyword": null,
      "hash": "U2FsdGVkX1+cQaHsELf4KGcd2T9rBE/YtRmB7kEHltTm9lRzdOdVlBTHhfJpX2lFPIvv+T6gPaSqIR/T98vvqQ==",
      "khash": "U2FsdGVkX1+af8BmQHUbdnsg2dVUsz5QxaXc6kVQySu6Nj0TyB9dPH1aUjWRVUFNMayXfY/MpT8HLYJO63PEDw==",
      "viewCount": null,
      "duration": "6:13",
      "size": 8982336
    },
    {
      "id": "8d93674f-3d73-4c84-8539-873560bac71b",
      "pid": "53720843-5e07-482a-9fe9-52a10dd42547",
      "dblevel": 5,
      "location": "/VGMA/NgheKinhThanh/KinhThanhbandichTruyenThongHieuDinh/44-Cong/Cong22",
      "isVideo": false,
      "url": "nghe-kinh-thanh.kinh-thanh-ban-dich-truyen-thong-hieu-dinh.44-cong.cong22",
      "name": "Cong22",
      "count": 0,
      "isLeaf": null,
      "keyword": null,
      "hash": "U2FsdGVkX19HT2XiyG6LeGxLuTm37BqxwGgBhfTrMvJbFSXSygUxE/O0oni0EdvltnIc3ukxILKK2NPyq7sMhA==",
      "khash": "U2FsdGVkX1+8528YAvALP+dbimYYLZD9qcI6mLUKJUU7iNx1XhBnP22MRlRNNHJztJDbboku0m3Z6HUDLsPAOA==",
      "viewCount": null,
      "duration": "4:48",
      "size": 6952015
    },
    {
      "id": "eaacf4a6-d81e-493a-9aa7-aa04ecd2e4e1",
      "pid": "53720843-5e07-482a-9fe9-52a10dd42547",
      "dblevel": 5,
      "location": "/VGMA/NgheKinhThanh/KinhThanhbandichTruyenThongHieuDinh/44-Cong/Cong23",
      "isVideo": false,
      "url": "nghe-kinh-thanh.kinh-thanh-ban-dich-truyen-thong-hieu-dinh.44-cong.cong23",
      "name": "Cong23",
      "count": 0,
      "isLeaf": null,
      "keyword": null,
      "hash": "U2FsdGVkX1/EoVC9L0c8L8n+WKKJZnN+W75MUC2Y+w5KTBzNa61qA3hNul/1JPQhD7d+G0aGzWUSQSFIH+4JPA==",
      "khash": "U2FsdGVkX18eRtgDvE+iD0Qpcm5ksMPUaigCF/pQLs9qW8JLvN/gejarh+Jzl3ATsJ1td5+3SebIU/svAUneuA==",
      "viewCount": null,
      "duration": "5:26",
      "size": 7865254
    },
    {
      "id": "0d478420-e2e0-4fe6-8798-fd4c7b565599",
      "pid": "53720843-5e07-482a-9fe9-52a10dd42547",
      "dblevel": 5,
      "location": "/VGMA/NgheKinhThanh/KinhThanhbandichTruyenThongHieuDinh/44-Cong/Cong24",
      "isVideo": false,
      "url": "nghe-kinh-thanh.kinh-thanh-ban-dich-truyen-thong-hieu-dinh.44-cong.cong24",
      "name": "Cong24",
      "count": 0,
      "isLeaf": null,
      "keyword": null,
      "hash": "U2FsdGVkX1+dnZWh3trtCEnnuZkzjz3K3dAZqPl0P4buKc/pTHN0Y4RxmJQQcxHePX2av258mrx9gqwtgZI8bQ==",
      "khash": "U2FsdGVkX19hhfGAV0n9/du2AwcnAbAWcLscwIGTN6krR0q8sx5+bEj5ASkjxgKVqhnaRP3q2lhgPo14vwLf3w==",
      "viewCount": null,
      "duration": "4:0",
      "size": 5795201
    },
    {
      "id": "47af3b31-694f-4c0b-aeba-d78659da3cf2",
      "pid": "53720843-5e07-482a-9fe9-52a10dd42547",
      "dblevel": 5,
      "location": "/VGMA/NgheKinhThanh/KinhThanhbandichTruyenThongHieuDinh/44-Cong/Cong25",
      "isVideo": false,
      "url": "nghe-kinh-thanh.kinh-thanh-ban-dich-truyen-thong-hieu-dinh.44-cong.cong25",
      "name": "Cong25",
      "count": 0,
      "isLeaf": null,
      "keyword": null,
      "hash": "U2FsdGVkX1/JsDO7BPcRiBHywpyQpR3Mg7U9e9d/Qdw9jjkIqBjbMdIp6PHp50QBxrnhmjdP3pdnWmzYQWT0HQ==",
      "khash": null,
      "viewCount": null,
      "duration": "4:26",
      "size": 6427926
    },
    {
      "id": "d8441a65-b06e-4db7-b075-dd0c5ccc9305",
      "pid": "53720843-5e07-482a-9fe9-52a10dd42547",
      "dblevel": 5,
      "location": "/VGMA/NgheKinhThanh/KinhThanhbandichTruyenThongHieuDinh/44-Cong/Cong26",
      "isVideo": false,
      "url": "nghe-kinh-thanh.kinh-thanh-ban-dich-truyen-thong-hieu-dinh.44-cong.cong26",
      "name": "Cong26",
      "count": 0,
      "isLeaf": null,
      "keyword": null,
      "hash": "U2FsdGVkX1+Ia6QtnawitKyPWKOYNcsardJOJZTfXaWz7VkTXWSYXYBEq9qXydsYn+iQg8RKbeiiJGGN3NriJA==",
      "khash": "U2FsdGVkX19SdZwRx7g7EwShswZ2O7SBmMBda8ZZPsP1p5vwXMq4PeSmffYkBoM63je86BoBBfWESbH2T/ZU+Q==",
      "viewCount": null,
      "duration": "4:41",
      "size": 6786414
    },
    {
      "id": "f9667aa8-332f-462f-a7d7-954d876ddad1",
      "pid": "53720843-5e07-482a-9fe9-52a10dd42547",
      "dblevel": 5,
      "location": "/VGMA/NgheKinhThanh/KinhThanhbandichTruyenThongHieuDinh/44-Cong/Cong27",
      "isVideo": false,
      "url": "nghe-kinh-thanh.kinh-thanh-ban-dich-truyen-thong-hieu-dinh.44-cong.cong27",
      "name": "Cong27",
      "count": 0,
      "isLeaf": null,
      "keyword": null,
      "hash": "U2FsdGVkX1/YA5mcOErOz9ppmoHcEazRh0w2rJuuk3oacRoEwtsjFU5KSJItMXoFpC3PwM+Uve4kPOGRBTiaqg==",
      "khash": null,
      "viewCount": null,
      "duration": "6:16",
      "size": 9056631
    },
    {
      "id": "a05f0798-7346-4e38-8a18-ae9baa10753d",
      "pid": "53720843-5e07-482a-9fe9-52a10dd42547",
      "dblevel": 5,
      "location": "/VGMA/NgheKinhThanh/KinhThanhbandichTruyenThongHieuDinh/44-Cong/Cong28",
      "isVideo": false,
      "url": "nghe-kinh-thanh.kinh-thanh-ban-dich-truyen-thong-hieu-dinh.44-cong.cong28",
      "name": "Cong28",
      "count": 0,
      "isLeaf": null,
      "keyword": null,
      "hash": "U2FsdGVkX18s0u+jXEPAZ3BBKpD8W843TwD6N7F4Nd46KIlIMOz7VnCuUKdWjNuzbLdCRgnue8BUXBXQv9JePg==",
      "khash": null,
      "viewCount": null,
      "duration": "4:27",
      "size": 6449958
    }
  ]
}