{
  "id": "19cfe220-69e6-4e4c-be37-257ca78acf2f",
  "pid": "b6259c37-62d4-4adf-a2a3-af086ef34f24",
  "dblevel": 4,
  "location": "/VGMA/NgheKinhThanh/KinhThanhbandichHienDai2017/HD53_2Te-sa-lo-ni-ca",
  "isVideo": false,
  "url": "nghe-kinh-thanh.kinh-thanh-ban-dich-hien-dai-2017.hd53-2te-sa-lo-ni-ca",
  "name": "HD53_2Tê-sa-lô-ni-ca",
  "count": 3,
  "isLeaf": true,
  "keyword": null,
  "hash": null,
  "khash": null,
  "viewCount": null,
  "duration": null,
  "size": null,
  "children": [
    {
      "id": "106053d2-7824-44a1-a591-268fc4c7cc1a",
      "pid": "19cfe220-69e6-4e4c-be37-257ca78acf2f",
      "dblevel": 5,
      "location": "/VGMA/NgheKinhThanh/KinhThanhbandichHienDai2017/HD53_2Te-sa-lo-ni-ca/2Te-sa-lo-ni-ca01",
      "isVideo": false,
      "url": "nghe-kinh-thanh.kinh-thanh-ban-dich-hien-dai-2017.hd53-2te-sa-lo-ni-ca.2te-sa-lo-ni-ca-01",
      "name": "2Tê-sa-lô-ni-ca 01",
      "count": 0,
      "isLeaf": null,
      "keyword": null,
      "hash": "U2FsdGVkX1+SJ5UHX+/ygtLCjDslqOVP/7m0Vf7CWHBgzijyoIeaAjPphbcGvgymY5Uifwhz3FsOm/yBrGNahA==",
      "khash": "U2FsdGVkX18bYB4m8Jbh5As7qK9Aqoyy9pHt3qpq5tyAoYnhMmIIiNwIL4wJjJB2+yDTzItPbPIh501sIHXfTw==",
      "viewCount": null,
      "duration": "2:18",
      "size": 2238120
    },
    {
      "id": "87dc319a-4a27-4a07-84b2-066b18702685",
      "pid": "19cfe220-69e6-4e4c-be37-257ca78acf2f",
      "dblevel": 5,
      "location": "/VGMA/NgheKinhThanh/KinhThanhbandichHienDai2017/HD53_2Te-sa-lo-ni-ca/2Te-sa-lo-ni-ca02",
      "isVideo": false,
      "url": "nghe-kinh-thanh.kinh-thanh-ban-dich-hien-dai-2017.hd53-2te-sa-lo-ni-ca.2te-sa-lo-ni-ca-02",
      "name": "2Tê-sa-lô-ni-ca 02",
      "count": 0,
      "isLeaf": null,
      "keyword": null,
      "hash": "U2FsdGVkX19v1xVwjC9RNgixoUSzIm+Nes8+rZzwxEwn/FfsCpI9YTvWv5WozXEStN19wbXFjsWztruFxB0Rgg==",
      "khash": "U2FsdGVkX186s8Vd2zukivys2osAAZb4pmnyo2YLEcuF3FYiSZOYuSynHvjSd3XY5tk6G6xQAZa2043/DQvayQ==",
      "viewCount": null,
      "duration": "2:37",
      "size": 2539011
    },
    {
      "id": "23945cae-34e3-4a63-ad0d-060fb59f6763",
      "pid": "19cfe220-69e6-4e4c-be37-257ca78acf2f",
      "dblevel": 5,
      "location": "/VGMA/NgheKinhThanh/KinhThanhbandichHienDai2017/HD53_2Te-sa-lo-ni-ca/2Te-sa-lo-ni-ca03",
      "isVideo": false,
      "url": "nghe-kinh-thanh.kinh-thanh-ban-dich-hien-dai-2017.hd53-2te-sa-lo-ni-ca.2te-sa-lo-ni-ca-03",
      "name": "2Tê-sa-lô-ni-ca 03",
      "count": 0,
      "isLeaf": null,
      "keyword": null,
      "hash": "U2FsdGVkX19aJsR+9fDb7KeoZKStl6+a3hA6LG/WoR1jjJI1b+/jsNK+ili3FHXfCitYYFJxDASL4AkMKp3pbw==",
      "khash": "U2FsdGVkX19AEW0ro6PLT9dyZsBJFKC6sOYvVXO9aT0ZheXf0SYoXPo0ewS7n3Ue5FUT00YmZkxb/SMXnAOJyQ==",
      "viewCount": null,
      "duration": "2:26",
      "size": 2358129
    }
  ]
}