{
  "id": "d9ae3e5e-5384-4584-844f-e1dd53ecc2c9",
  "pid": "b6259c37-62d4-4adf-a2a3-af086ef34f24",
  "dblevel": 4,
  "location": "/VGMA/NgheKinhThanh/KinhThanhbandichHienDai2017/HD40_Ma-thi-o",
  "isVideo": false,
  "url": "nghe-kinh-thanh.kinh-thanh-ban-dich-hien-dai-2017.hd40-ma-thi-o",
  "name": "HD40_Ma-thi-ơ",
  "count": 28,
  "isLeaf": true,
  "keyword": null,
  "hash": null,
  "khash": null,
  "viewCount": null,
  "duration": null,
  "size": null,
  "children": [
    {
      "id": "54f654ce-7bc7-4d95-8aaf-810c82156e0f",
      "pid": "d9ae3e5e-5384-4584-844f-e1dd53ecc2c9",
      "dblevel": 5,
      "location": "/VGMA/NgheKinhThanh/KinhThanhbandichHienDai2017/HD40_Ma-thi-o/Ma-thi-o01",
      "isVideo": false,
      "url": "nghe-kinh-thanh.kinh-thanh-ban-dich-hien-dai-2017.hd40-ma-thi-o.ma-thi-o-01",
      "name": "Ma-thi-ơ 01",
      "count": 0,
      "isLeaf": null,
      "keyword": null,
      "hash": "U2FsdGVkX1+2NxaOLIxSpy2Tz+qFu/PHLunvDrTS6WHFuLFepZ6JEeO+PBgM7V+juAmlFoif4b4k1PPewJ5HgQ==",
      "khash": "U2FsdGVkX18rfuTDXBzhpVT13ypwSW2CJF0Y5/mmoSzJDTzFhBquJKSl/mw06BfiWeuqXagU0cyfn6Q3k9pVNg==",
      "viewCount": null,
      "duration": "3:42",
      "size": 3590731
    },
    {
      "id": "badfc3eb-456e-4bef-8213-0d3f1eab5b2c",
      "pid": "d9ae3e5e-5384-4584-844f-e1dd53ecc2c9",
      "dblevel": 5,
      "location": "/VGMA/NgheKinhThanh/KinhThanhbandichHienDai2017/HD40_Ma-thi-o/Ma-thi-o02",
      "isVideo": false,
      "url": "nghe-kinh-thanh.kinh-thanh-ban-dich-hien-dai-2017.hd40-ma-thi-o.ma-thi-o-02",
      "name": "Ma-thi-ơ 02",
      "count": 0,
      "isLeaf": null,
      "keyword": null,
      "hash": "U2FsdGVkX19auke4gJXqmRW5zh5Qphf4CxJXkkBUYGRNHpnfzzPUVDqsVQjzbohU/m8QOX9oYtzL0TSPUsbmKA==",
      "khash": "U2FsdGVkX18EviHOfLIrxvQlLmy5QSiJsl3FdnaESoPUODAYzGsErNo2aaT23jKo3jDR3ss0IlgpJINIEvOPdw==",
      "viewCount": null,
      "duration": "3:32",
      "size": 3428638
    },
    {
      "id": "ffbff0f6-999f-42b1-be82-24618c4e163d",
      "pid": "d9ae3e5e-5384-4584-844f-e1dd53ecc2c9",
      "dblevel": 5,
      "location": "/VGMA/NgheKinhThanh/KinhThanhbandichHienDai2017/HD40_Ma-thi-o/Ma-thi-o03",
      "isVideo": false,
      "url": "nghe-kinh-thanh.kinh-thanh-ban-dich-hien-dai-2017.hd40-ma-thi-o.ma-thi-o-03",
      "name": "Ma-thi-ơ 03",
      "count": 0,
      "isLeaf": null,
      "keyword": null,
      "hash": "U2FsdGVkX1+sNAUG27c2MOdLMvf/4AOvR2dcdNVf44QtV5BSPdIyRIM9u2EPKJRTbh3vxyD4gGSbyst8X2Y/7w==",
      "khash": "U2FsdGVkX197QqfJCp1np5KG68qh9qNyHWgNPgBbFBAkJYAbnHKcZ79g+2tUIkBne8SKdze7Ir5D+a0kykFCnA==",
      "viewCount": null,
      "duration": "2:26",
      "size": 2358694
    },
    {
      "id": "5baa2aa6-fceb-423d-a5ec-32bfec17a5ef",
      "pid": "d9ae3e5e-5384-4584-844f-e1dd53ecc2c9",
      "dblevel": 5,
      "location": "/VGMA/NgheKinhThanh/KinhThanhbandichHienDai2017/HD40_Ma-thi-o/Ma-thi-o04",
      "isVideo": false,
      "url": "nghe-kinh-thanh.kinh-thanh-ban-dich-hien-dai-2017.hd40-ma-thi-o.ma-thi-o-04",
      "name": "Ma-thi-ơ 04",
      "count": 0,
      "isLeaf": null,
      "keyword": null,
      "hash": "U2FsdGVkX1/F1nJFCOLR5HVrcuygf0kR5YtI3W5LkzA5tFJD69sSk94IAmXCfoFz60zifmqlPw+6R/PBdYN+fQ==",
      "khash": "U2FsdGVkX19HaLbnWd/AlFjJ3vDKMvn3DvHIzIkFgbm6m85EK8yKYxBCJuYlH/phy6ACiihuS5f+YYWMUmEqqw==",
      "viewCount": null,
      "duration": "3:41",
      "size": 3566508
    },
    {
      "id": "a3ac0eb8-1001-49df-8b01-6695cb60ea6d",
      "pid": "d9ae3e5e-5384-4584-844f-e1dd53ecc2c9",
      "dblevel": 5,
      "location": "/VGMA/NgheKinhThanh/KinhThanhbandichHienDai2017/HD40_Ma-thi-o/Ma-thi-o05",
      "isVideo": false,
      "url": "nghe-kinh-thanh.kinh-thanh-ban-dich-hien-dai-2017.hd40-ma-thi-o.ma-thi-o-05",
      "name": "Ma-thi-ơ 05",
      "count": 0,
      "isLeaf": null,
      "keyword": null,
      "hash": "U2FsdGVkX1+5plvox9b2PgaBsDx3Zgln21q9GBiHgf2Nq7snttT3hgNEkEmnFoIOrqkS/Cr6unuY45e0MBmelg==",
      "khash": "U2FsdGVkX18X0dd2G8VES07iOP2yrFZCISg9DdXUt1D5rK+cvvh5to4xjjISDh2NKPwqv9tEHfGV8yebVFHrSQ==",
      "viewCount": null,
      "duration": "6:31",
      "size": 6308478
    },
    {
      "id": "eabadbfc-97b8-4492-a8bd-7d45b4f97887",
      "pid": "d9ae3e5e-5384-4584-844f-e1dd53ecc2c9",
      "dblevel": 5,
      "location": "/VGMA/NgheKinhThanh/KinhThanhbandichHienDai2017/HD40_Ma-thi-o/Ma-thi-o06",
      "isVideo": false,
      "url": "nghe-kinh-thanh.kinh-thanh-ban-dich-hien-dai-2017.hd40-ma-thi-o.ma-thi-o-06",
      "name": "Ma-thi-ơ 06",
      "count": 0,
      "isLeaf": null,
      "keyword": null,
      "hash": "U2FsdGVkX1+QlmU1DkbIK8o08eJaeYY0WruN/123H/zsEmbExgK3ksTE6izvwh/rq6tRtGCdLoedq3oVH70hHg==",
      "khash": "U2FsdGVkX182WTcuje9oFy+lpOEe2hcphkLmgsZCTiL4OPRQAHuwB5Pv2ewoA+eaSKYGFnsGA4KPvvOlWs3vsw==",
      "viewCount": null,
      "duration": "4:33",
      "size": 4410031
    },
    {
      "id": "b7b05df5-f307-40cd-ae63-1808fe7c7232",
      "pid": "d9ae3e5e-5384-4584-844f-e1dd53ecc2c9",
      "dblevel": 5,
      "location": "/VGMA/NgheKinhThanh/KinhThanhbandichHienDai2017/HD40_Ma-thi-o/Ma-thi-o07",
      "isVideo": false,
      "url": "nghe-kinh-thanh.kinh-thanh-ban-dich-hien-dai-2017.hd40-ma-thi-o.ma-thi-o-07",
      "name": "Ma-thi-ơ 07",
      "count": 0,
      "isLeaf": null,
      "keyword": null,
      "hash": "U2FsdGVkX1+zY0DyYM7JTYQ0hsjA9aiCnEAWQHFy6X53enCGfXlKT95GHrHzhudkIRrQ5CsIlvtXKJkxuISx4A==",
      "khash": "U2FsdGVkX1+b3mllMHByHWxX7Bz+8YcD9WtzrAT+okZdtkBU5SQrmAhhdtsDZfczTOwa2YHMU1pT5BY+hKXabQ==",
      "viewCount": null,
      "duration": "3:39",
      "size": 3533034
    },
    {
      "id": "d77db033-12f8-4768-9735-102ab287d17a",
      "pid": "d9ae3e5e-5384-4584-844f-e1dd53ecc2c9",
      "dblevel": 5,
      "location": "/VGMA/NgheKinhThanh/KinhThanhbandichHienDai2017/HD40_Ma-thi-o/Ma-thi-o08",
      "isVideo": false,
      "url": "nghe-kinh-thanh.kinh-thanh-ban-dich-hien-dai-2017.hd40-ma-thi-o.ma-thi-o-08",
      "name": "Ma-thi-ơ 08",
      "count": 0,
      "isLeaf": null,
      "keyword": null,
      "hash": "U2FsdGVkX19SLnXiOqt/WsxeDCtc3rZAY4d4wdYJDfO1O5i6g1Hpd78C8BfH1Gm6mBRTY5lmvXwGa79Vpcoxrw==",
      "khash": "U2FsdGVkX19HEaq7XcmNyF6zqLBfYoqqpQAWGvfyrhsc3Hio9fflCBCYesUa0RcE08FZ6HqV20RH+iDWEmkxbw==",
      "viewCount": null,
      "duration": "4:46",
      "size": 4618178
    },
    {
      "id": "bd2162ee-9064-4fdc-a830-968e0e96b533",
      "pid": "d9ae3e5e-5384-4584-844f-e1dd53ecc2c9",
      "dblevel": 5,
      "location": "/VGMA/NgheKinhThanh/KinhThanhbandichHienDai2017/HD40_Ma-thi-o/Ma-thi-o09",
      "isVideo": false,
      "url": "nghe-kinh-thanh.kinh-thanh-ban-dich-hien-dai-2017.hd40-ma-thi-o.ma-thi-o-09",
      "name": "Ma-thi-ơ 09",
      "count": 0,
      "isLeaf": null,
      "keyword": null,
      "hash": "U2FsdGVkX1+Ez9akMCBOwX+9SHVW2LK1QVe/0FU3kJIm3kMj2/AN/d+FeBCKiH98K4SExzn/yIvVBAsEJPtPRg==",
      "khash": "U2FsdGVkX1+IvwWl++xLsFGXHPeEKE/VPLgIdBFTwvFKXkplY1OjHZkxDFR1Riibin/9oUwwRzLWrMuXFyFeUg==",
      "viewCount": null,
      "duration": "5:21",
      "size": 5181487
    },
    {
      "id": "80264071-fce0-4d15-b377-51f86faa71d6",
      "pid": "d9ae3e5e-5384-4584-844f-e1dd53ecc2c9",
      "dblevel": 5,
      "location": "/VGMA/NgheKinhThanh/KinhThanhbandichHienDai2017/HD40_Ma-thi-o/Ma-thi-o10",
      "isVideo": false,
      "url": "nghe-kinh-thanh.kinh-thanh-ban-dich-hien-dai-2017.hd40-ma-thi-o.ma-thi-o-10",
      "name": "Ma-thi-ơ 10",
      "count": 0,
      "isLeaf": null,
      "keyword": null,
      "hash": "U2FsdGVkX18KrC3uAy9cXQ2cVAsXZRhvUfANf4/cJazhaewELXUG0h44vmCuy2SCTClQFed+6HvSrCJeiYfqzg==",
      "khash": "U2FsdGVkX195ZFE1/MfHr1JR06oFvdJXFExR6sOzhnQV7GEj6tamMO2qfOh+76kYRAZWzv3XLz1EPi6K20Zadg==",
      "viewCount": null,
      "duration": "5:27",
      "size": 5268080
    },
    {
      "id": "ca84aaf1-c19a-41ad-9f7f-090d6e54ff26",
      "pid": "d9ae3e5e-5384-4584-844f-e1dd53ecc2c9",
      "dblevel": 5,
      "location": "/VGMA/NgheKinhThanh/KinhThanhbandichHienDai2017/HD40_Ma-thi-o/Ma-thi-o11",
      "isVideo": false,
      "url": "nghe-kinh-thanh.kinh-thanh-ban-dich-hien-dai-2017.hd40-ma-thi-o.ma-thi-o-11",
      "name": "Ma-thi-ơ 11",
      "count": 0,
      "isLeaf": null,
      "keyword": null,
      "hash": "U2FsdGVkX1+k+c9EvJA7rpcmBprs3LCQiNOdFr6vDI6lXBKgJXxKc/x2rERmN1SbhJ5z9tt/f3tPt8/Lb53JOQ==",
      "khash": "U2FsdGVkX1+Io673QXGTACEOBym609yvtwDLaSnxuRs0/FCD+XjHC+hHyyIIPVc7HFrIaGHhAN/DeLeuei07HA==",
      "viewCount": null,
      "duration": "3:53",
      "size": 3768075
    },
    {
      "id": "ff76009b-2eb3-47ff-a3a6-a2775319741c",
      "pid": "d9ae3e5e-5384-4584-844f-e1dd53ecc2c9",
      "dblevel": 5,
      "location": "/VGMA/NgheKinhThanh/KinhThanhbandichHienDai2017/HD40_Ma-thi-o/Ma-thi-o12",
      "isVideo": false,
      "url": "nghe-kinh-thanh.kinh-thanh-ban-dich-hien-dai-2017.hd40-ma-thi-o.ma-thi-o-12",
      "name": "Ma-thi-ơ 12",
      "count": 0,
      "isLeaf": null,
      "keyword": null,
      "hash": "U2FsdGVkX18ifVsCmSKmk0lLG3T4JJoZmrn4T42ouiUtY98s+iTVDJHxmdbftOXKHSTpTu0DRxaBjyLEK0uPJw==",
      "khash": "U2FsdGVkX18idVvipOkeLhVWjmADzLOXIJaf0y2KagwTOvph/TRG5qpFi5w5RRn2ROFZEeE1x8ii/GuBuYbFRQ==",
      "viewCount": null,
      "duration": "6:24",
      "size": 6184447
    },
    {
      "id": "eecbb31a-4935-466b-8a23-749931f36fbb",
      "pid": "d9ae3e5e-5384-4584-844f-e1dd53ecc2c9",
      "dblevel": 5,
      "location": "/VGMA/NgheKinhThanh/KinhThanhbandichHienDai2017/HD40_Ma-thi-o/Ma-thi-o13",
      "isVideo": false,
      "url": "nghe-kinh-thanh.kinh-thanh-ban-dich-hien-dai-2017.hd40-ma-thi-o.ma-thi-o-13",
      "name": "Ma-thi-ơ 13",
      "count": 0,
      "isLeaf": null,
      "keyword": null,
      "hash": "U2FsdGVkX18Mnl4k8cBZYRHX9gsPVd2qszgkm4GcO09ZLi+/GOHaUEYbrIrooCZX6O4Bo2mabR+STMM15ZgbTw==",
      "khash": "U2FsdGVkX1/uO/S9g44bl61tMjHhyZgJ1voJjNQGuhB04kX1u81pkwMtrr76/kJWCiuJziAZKZ4GKd+jWVsziQ==",
      "viewCount": null,
      "duration": "6:51",
      "size": 6620608
    },
    {
      "id": "9d153831-462a-439a-8340-c20a9e9c8916",
      "pid": "d9ae3e5e-5384-4584-844f-e1dd53ecc2c9",
      "dblevel": 5,
      "location": "/VGMA/NgheKinhThanh/KinhThanhbandichHienDai2017/HD40_Ma-thi-o/Ma-thi-o14",
      "isVideo": false,
      "url": "nghe-kinh-thanh.kinh-thanh-ban-dich-hien-dai-2017.hd40-ma-thi-o.ma-thi-o-14",
      "name": "Ma-thi-ơ 14",
      "count": 0,
      "isLeaf": null,
      "keyword": null,
      "hash": "U2FsdGVkX1+e3OoVvwKF6b4d/VVsk2tWyw6BQJE9fSUql9FrIVsf+g1H5D9JYJ1LANy1naL6l4wTMCrNtTreSg==",
      "khash": "U2FsdGVkX1857b41RSx0CB/JscTr2QS9YkMb4hho1b+SqeeSePjkJqNxSHR1PTDm9PB5Q2i7GZqPq12cAIfeew==",
      "viewCount": null,
      "duration": "3:55",
      "size": 3796296
    },
    {
      "id": "1ca10968-2899-4cdd-8198-c4b2d3a03d3a",
      "pid": "d9ae3e5e-5384-4584-844f-e1dd53ecc2c9",
      "dblevel": 5,
      "location": "/VGMA/NgheKinhThanh/KinhThanhbandichHienDai2017/HD40_Ma-thi-o/Ma-thi-o15",
      "isVideo": false,
      "url": "nghe-kinh-thanh.kinh-thanh-ban-dich-hien-dai-2017.hd40-ma-thi-o.ma-thi-o-15",
      "name": "Ma-thi-ơ 15",
      "count": 0,
      "isLeaf": null,
      "keyword": null,
      "hash": "U2FsdGVkX1+1dnv+Fh9wpTzmf9J1H05lcNO0nGliHBDL921HzvafvW74e9jp0e2iZ56CMqZTpfplZcJ709cPuA==",
      "khash": "U2FsdGVkX1+Mg1BmHNPUDSCUZcbgf+yb+kyh3j2UMenFMj9wfqhLBjCRlQaCSTkT+Lk0kcXqgsTr5at3ov/+ZQ==",
      "viewCount": null,
      "duration": "4:32",
      "size": 4388632
    },
    {
      "id": "5e2c4f56-1883-41f7-8d61-ff3f4ee8d522",
      "pid": "d9ae3e5e-5384-4584-844f-e1dd53ecc2c9",
      "dblevel": 5,
      "location": "/VGMA/NgheKinhThanh/KinhThanhbandichHienDai2017/HD40_Ma-thi-o/Ma-thi-o16",
      "isVideo": false,
      "url": "nghe-kinh-thanh.kinh-thanh-ban-dich-hien-dai-2017.hd40-ma-thi-o.ma-thi-o-16",
      "name": "Ma-thi-ơ 16",
      "count": 0,
      "isLeaf": null,
      "keyword": null,
      "hash": "U2FsdGVkX19BKWylGguEPosUDRfDNxRm4wowvIVYm7BMmgldAz9qbYPqOnMWsKNghg6C5pYree2aVy9h9qoHEw==",
      "khash": "U2FsdGVkX1+KBuLMQZToHRnYhhmfWT3G6pZ1LZbwtl8KT5QNO8up88sCHKPCxemcqzU/2OH7hixkRK8haXNdbQ==",
      "viewCount": null,
      "duration": "4:1",
      "size": 3889708
    },
    {
      "id": "437d88d4-f904-4e2c-a979-2f8f71bf1fcd",
      "pid": "d9ae3e5e-5384-4584-844f-e1dd53ecc2c9",
      "dblevel": 5,
      "location": "/VGMA/NgheKinhThanh/KinhThanhbandichHienDai2017/HD40_Ma-thi-o/Ma-thi-o17",
      "isVideo": false,
      "url": "nghe-kinh-thanh.kinh-thanh-ban-dich-hien-dai-2017.hd40-ma-thi-o.ma-thi-o-17",
      "name": "Ma-thi-ơ 17",
      "count": 0,
      "isLeaf": null,
      "keyword": null,
      "hash": "U2FsdGVkX19F+quVnuUOK4UpJ6Zg7bgSWOZOGFJ0gK1OwRX32nN87YIr2zeGXUG5TDznwVhlBoBHxtVfL8RePA==",
      "khash": "U2FsdGVkX19xB+HOBCvI2VRQKpwtwPZ9A71tgnrFG+oAx4kDXI+b1lUyUTXDtV+4SqDEOJ9ar5b1j0n8G4wJmQ==",
      "viewCount": null,
      "duration": "3:38",
      "size": 3521865
    },
    {
      "id": "64b636c4-3db2-447c-ba63-b437cbbabe04",
      "pid": "d9ae3e5e-5384-4584-844f-e1dd53ecc2c9",
      "dblevel": 5,
      "location": "/VGMA/NgheKinhThanh/KinhThanhbandichHienDai2017/HD40_Ma-thi-o/Ma-thi-o18",
      "isVideo": false,
      "url": "nghe-kinh-thanh.kinh-thanh-ban-dich-hien-dai-2017.hd40-ma-thi-o.ma-thi-o-18",
      "name": "Ma-thi-ơ 18",
      "count": 0,
      "isLeaf": null,
      "keyword": null,
      "hash": "U2FsdGVkX19av+Rbnhp9ekkHtpQYYbsxDHasQuRByax52QoMEzZ98FPu+gHeQFAkRhNGxWoGhB9Inyk5YvnpQQ==",
      "khash": "U2FsdGVkX19W5ch8H0jvZ6hiKQ4owgmPtljDrvMlkDPVjSnjdhO9E/hK8+Aw5rFGt9wThu9LZJuXAfEoN2jirQ==",
      "viewCount": null,
      "duration": "4:18",
      "size": 4162759
    },
    {
      "id": "7cde0d78-ad33-45e0-a82e-138de62a8eeb",
      "pid": "d9ae3e5e-5384-4584-844f-e1dd53ecc2c9",
      "dblevel": 5,
      "location": "/VGMA/NgheKinhThanh/KinhThanhbandichHienDai2017/HD40_Ma-thi-o/Ma-thi-o19",
      "isVideo": false,
      "url": "nghe-kinh-thanh.kinh-thanh-ban-dich-hien-dai-2017.hd40-ma-thi-o.ma-thi-o-19",
      "name": "Ma-thi-ơ 19",
      "count": 0,
      "isLeaf": null,
      "keyword": null,
      "hash": "U2FsdGVkX19fHNYIQL0zuKkN7/fhLRpK3hvPLjMYLYSGUNUkqe1mlj2H50+VhfN1iEF7jo2310RNLR6njVrreQ==",
      "khash": "U2FsdGVkX19wHa5OPSBmT/AzyKxpkiOjjpNqPAUUkQriGxefM5uASFSlMSriXCU/ZmD0Hcr2TBAde4qjoxqzAQ==",
      "viewCount": null,
      "duration": "4:6",
      "size": 3976816
    },
    {
      "id": "dd33eef3-2e65-4209-a119-cb4b5a29c59e",
      "pid": "d9ae3e5e-5384-4584-844f-e1dd53ecc2c9",
      "dblevel": 5,
      "location": "/VGMA/NgheKinhThanh/KinhThanhbandichHienDai2017/HD40_Ma-thi-o/Ma-thi-o20",
      "isVideo": false,
      "url": "nghe-kinh-thanh.kinh-thanh-ban-dich-hien-dai-2017.hd40-ma-thi-o.ma-thi-o-20",
      "name": "Ma-thi-ơ 20",
      "count": 0,
      "isLeaf": null,
      "keyword": null,
      "hash": "U2FsdGVkX1/2AuKeTPKXMZAdPTAwirD0byiImmEVe+Sl/PzpacRRCbkRos0O7MByrcfL5QQ2eShTqxZ6X0h4GQ==",
      "khash": "U2FsdGVkX1/9aromVjkB1NsPfRcpiAYbOKhjT/U0sKfgnsWmf80Fm1e3PejPR+J1qu6LiPtxCYiN5il3JTCR2A==",
      "viewCount": null,
      "duration": "4:33",
      "size": 4411993
    },
    {
      "id": "bf1d0cd6-072f-49fd-84b4-3458cf92866e",
      "pid": "d9ae3e5e-5384-4584-844f-e1dd53ecc2c9",
      "dblevel": 5,
      "location": "/VGMA/NgheKinhThanh/KinhThanhbandichHienDai2017/HD40_Ma-thi-o/Ma-thi-o21",
      "isVideo": false,
      "url": "nghe-kinh-thanh.kinh-thanh-ban-dich-hien-dai-2017.hd40-ma-thi-o.ma-thi-o-21",
      "name": "Ma-thi-ơ 21",
      "count": 0,
      "isLeaf": null,
      "keyword": null,
      "hash": "U2FsdGVkX1+gVem6TXxLRWfpBm5QNNe8z/9QbznG2lCQByl/3T9iulodJ9HkN36xxbPTu41MyDfdkazHPTTmwA==",
      "khash": "U2FsdGVkX1/b6AEPAmBiRerDczfhaHUgnxi1RrqCEsxmWNKiuLcAvlqQIlHhgR21HtW+P43Gy6S0BYCdMdrM/g==",
      "viewCount": null,
      "duration": "6:30",
      "size": 6280242
    },
    {
      "id": "a559e69b-b734-4bb5-b545-72c85473f36d",
      "pid": "d9ae3e5e-5384-4584-844f-e1dd53ecc2c9",
      "dblevel": 5,
      "location": "/VGMA/NgheKinhThanh/KinhThanhbandichHienDai2017/HD40_Ma-thi-o/Ma-thi-o22",
      "isVideo": false,
      "url": "nghe-kinh-thanh.kinh-thanh-ban-dich-hien-dai-2017.hd40-ma-thi-o.ma-thi-o-22",
      "name": "Ma-thi-ơ 22",
      "count": 0,
      "isLeaf": null,
      "keyword": null,
      "hash": "U2FsdGVkX1/OahQ5shn6sncHl4wBE96D3ZpuyKVdbGWvNJA07wD0Fi0coTM0QyFsDOT6amW9jgn5qotSq1hQCw==",
      "khash": "U2FsdGVkX1+CT7gYccy/TbkSnLMZmkVzwZkbXeLfMQ00ojv0+LbFAFrB2qRetbc3r6S46xZ/IAOtzmr52+CLRw==",
      "viewCount": null,
      "duration": "5:2",
      "size": 4873477
    },
    {
      "id": "37fa1cd6-b6c1-4c12-8f88-729873748cfe",
      "pid": "d9ae3e5e-5384-4584-844f-e1dd53ecc2c9",
      "dblevel": 5,
      "location": "/VGMA/NgheKinhThanh/KinhThanhbandichHienDai2017/HD40_Ma-thi-o/Ma-thi-o23",
      "isVideo": false,
      "url": "nghe-kinh-thanh.kinh-thanh-ban-dich-hien-dai-2017.hd40-ma-thi-o.ma-thi-o-23",
      "name": "Ma-thi-ơ 23",
      "count": 0,
      "isLeaf": null,
      "keyword": null,
      "hash": "U2FsdGVkX19X3CrWQ5Xm2jNyJXfMel4s0YwlYcO1jWrLMm4/5QwRh93bWL714mJL03rjlMNfZONJxH1Ohmg9rQ==",
      "khash": "U2FsdGVkX1+895zSUgyj3tOIBP1OIGTRDqWUkah28/Cb+5+tmX7SposXE48y/J6GMkQjRqTYn+fGHeehb7/HHQ==",
      "viewCount": null,
      "duration": "5:16",
      "size": 5091592
    },
    {
      "id": "7c37796c-bf46-44af-aa18-d8e76c56af82",
      "pid": "d9ae3e5e-5384-4584-844f-e1dd53ecc2c9",
      "dblevel": 5,
      "location": "/VGMA/NgheKinhThanh/KinhThanhbandichHienDai2017/HD40_Ma-thi-o/Ma-thi-o24",
      "isVideo": false,
      "url": "nghe-kinh-thanh.kinh-thanh-ban-dich-hien-dai-2017.hd40-ma-thi-o.ma-thi-o-24",
      "name": "Ma-thi-ơ 24",
      "count": 0,
      "isLeaf": null,
      "keyword": null,
      "hash": "U2FsdGVkX18uCc5yfOUa35UtVV3u4D5a1Dd/lVirBntOQzTUZIWEUjgGYjym7NXcNKexpetSE1Sks3TTJt4PPw==",
      "khash": "U2FsdGVkX1+Yd5OrPvNQO5XnCQXmIKAG5VkncaOOGkjdowMPAPl/7JPxo7PYckRMLrmzw0DQJao5XC51UjVU0Q==",
      "viewCount": null,
      "duration": "5:32",
      "size": 5348572
    },
    {
      "id": "27942f52-7825-476d-82b4-0183afa907ad",
      "pid": "d9ae3e5e-5384-4584-844f-e1dd53ecc2c9",
      "dblevel": 5,
      "location": "/VGMA/NgheKinhThanh/KinhThanhbandichHienDai2017/HD40_Ma-thi-o/Ma-thi-o25",
      "isVideo": false,
      "url": "nghe-kinh-thanh.kinh-thanh-ban-dich-hien-dai-2017.hd40-ma-thi-o.ma-thi-o-25",
      "name": "Ma-thi-ơ 25",
      "count": 0,
      "isLeaf": null,
      "keyword": null,
      "hash": "U2FsdGVkX1+yW+nXetq+SjKLjrdWf3i4oS+cZN5eG/rJY8Vynb5ibE9jcUhg9cxVfCLC1Qf2HU1i1O+TJt2XCA==",
      "khash": "U2FsdGVkX1+s2TGd0XFixztNUFSeemib4Jqg9rScWn19AbdjvkHFUAWB/Hw2kPO3LtUsKnfXu3U7sDOj4yJzxg==",
      "viewCount": null,
      "duration": "5:10",
      "size": 4998931
    },
    {
      "id": "efed04e0-0363-46c6-8226-a1e3984258f0",
      "pid": "d9ae3e5e-5384-4584-844f-e1dd53ecc2c9",
      "dblevel": 5,
      "location": "/VGMA/NgheKinhThanh/KinhThanhbandichHienDai2017/HD40_Ma-thi-o/Ma-thi-o26",
      "isVideo": false,
      "url": "nghe-kinh-thanh.kinh-thanh-ban-dich-hien-dai-2017.hd40-ma-thi-o.ma-thi-o-26",
      "name": "Ma-thi-ơ 26",
      "count": 0,
      "isLeaf": null,
      "keyword": null,
      "hash": "U2FsdGVkX1+PX/2qKDT0/uRGPLlWek1SmNpRrCjg4HPffI343gOOHmwr4l+JVKsIxdonl+pE946ZHTIkDZaTiw==",
      "khash": null,
      "viewCount": null,
      "duration": "9:30",
      "size": 9177597
    },
    {
      "id": "8d9d8075-1210-4e08-9dd2-c6d0606c8f48",
      "pid": "d9ae3e5e-5384-4584-844f-e1dd53ecc2c9",
      "dblevel": 5,
      "location": "/VGMA/NgheKinhThanh/KinhThanhbandichHienDai2017/HD40_Ma-thi-o/Ma-thi-o27",
      "isVideo": false,
      "url": "nghe-kinh-thanh.kinh-thanh-ban-dich-hien-dai-2017.hd40-ma-thi-o.ma-thi-o-27",
      "name": "Ma-thi-ơ 27",
      "count": 0,
      "isLeaf": null,
      "keyword": null,
      "hash": "U2FsdGVkX1+KgBFfVz3OQbB7XKS2XPbZz3thj5Rtimf0n/UvkZuWkctRi5fD+WnGo66I9oIYGVu6MRqlvb9GNw==",
      "khash": "U2FsdGVkX18CQFDpW6qXxN0Shw+wJS1cdwtC/Xuy7feBY8L6gb8lDNZtPc/OSvwFG4AswSL/8tP4z/W66g0Q1A==",
      "viewCount": null,
      "duration": "7:47",
      "size": 7519153
    },
    {
      "id": "4c8bd8c6-3520-4999-bdc6-6c059d3b77a9",
      "pid": "d9ae3e5e-5384-4584-844f-e1dd53ecc2c9",
      "dblevel": 5,
      "location": "/VGMA/NgheKinhThanh/KinhThanhbandichHienDai2017/HD40_Ma-thi-o/Ma-thi-o28",
      "isVideo": false,
      "url": "nghe-kinh-thanh.kinh-thanh-ban-dich-hien-dai-2017.hd40-ma-thi-o.ma-thi-o-28",
      "name": "Ma-thi-ơ 28",
      "count": 0,
      "isLeaf": null,
      "keyword": null,
      "hash": "U2FsdGVkX18cTvwVX46jjMhdUvGXE6vgA5a/UdQIoY+/FpauVvEwhxxoH3eMe2336BP6uI2oh1vndsEg21RdoQ==",
      "khash": "U2FsdGVkX180y3oyLIX8zJuBAyp5b5aJ06s1L49aRmFgAbaoO9UJhjHVHwgiDDU707DKLm8mlXXbPCyrgrWzug==",
      "viewCount": null,
      "duration": "2:41",
      "size": 2601077
    }
  ]
}