{
  "id": "e2f4e154-f8d3-4fcd-bd0a-23189581ed94",
  "pid": "12721143-da46-463e-9f7e-8e2834f7ea2c",
  "dblevel": 4,
  "location": "/VGMA/NgheKinhThanh/KinhThanhbandichTruyenThongHieuDinhTU-MB/TTHD-1Phi-e-ro",
  "isVideo": false,
  "url": "nghe-kinh-thanh.kinh-thanh-ban-dich-truyen-thong-hieu-dinh-tu-mb.tthd-1phi-e-ro",
  "name": "TTHD-1Phi-e-rơ",
  "count": 5,
  "isLeaf": true,
  "keyword": null,
  "hash": null,
  "khash": null,
  "viewCount": null,
  "duration": null,
  "size": null,
  "children": [
    {
      "id": "598a3b3b-1f1b-450b-8099-a44c7e081448",
      "pid": "e2f4e154-f8d3-4fcd-bd0a-23189581ed94",
      "dblevel": 5,
      "location": "/VGMA/NgheKinhThanh/KinhThanhbandichTruyenThongHieuDinhTU-MB/TTHD-1Phi-e-ro/TTHD-1Phi01(MB)",
      "isVideo": false,
      "url": "nghe-kinh-thanh.kinh-thanh-ban-dich-truyen-thong-hieu-dinh-tu-mb.tthd-1phi-e-ro.tthd-1phi01-mb-",
      "name": "TTHD-1Phi01(MB)",
      "count": 0,
      "isLeaf": null,
      "keyword": null,
      "hash": "U2FsdGVkX1/7H7S0BYvHjtWwiYAE8GVZ7Rhq3bSKFSz3qe1+ewDv5lfy4NrlYQ9ikTdwRidptgLYHP2/EWdj7w==",
      "khash": "U2FsdGVkX188Qr6qVBqy0yR2A8Ubb4GVNuW4Xr+01w1VIbE+RKvdT+HhEPI7ba5HPStcxbTwfb0hxbwza+4KPw==",
      "viewCount": null,
      "duration": "5:37",
      "size": 10786001
    },
    {
      "id": "e031c0b5-bac5-4d0c-a2ef-0839f4a3a859",
      "pid": "e2f4e154-f8d3-4fcd-bd0a-23189581ed94",
      "dblevel": 5,
      "location": "/VGMA/NgheKinhThanh/KinhThanhbandichTruyenThongHieuDinhTU-MB/TTHD-1Phi-e-ro/TTHD-1Phi02(MB)",
      "isVideo": false,
      "url": "nghe-kinh-thanh.kinh-thanh-ban-dich-truyen-thong-hieu-dinh-tu-mb.tthd-1phi-e-ro.tthd-1phi02-mb-",
      "name": "TTHD-1Phi02(MB)",
      "count": 0,
      "isLeaf": null,
      "keyword": null,
      "hash": "U2FsdGVkX189tRhqySZ6U1+uUyvLg5Fb+aLDlAsv3d+Eqs9xlv6R5zLA/1D8hgmKiYx3QXD+fXm2hkHyNJWVcw==",
      "khash": "U2FsdGVkX1/gsNaDjqxeB/zxT2dEw2i1NZy5rAJrEHWw9dtBqj5eF5mywWH4wsud4gGIbWvh6pF1N3uAbJGwAQ==",
      "viewCount": null,
      "duration": "5:25",
      "size": 10426556
    },
    {
      "id": "45d8a4ac-b67e-4df7-a9e4-e1ffbcc581f9",
      "pid": "e2f4e154-f8d3-4fcd-bd0a-23189581ed94",
      "dblevel": 5,
      "location": "/VGMA/NgheKinhThanh/KinhThanhbandichTruyenThongHieuDinhTU-MB/TTHD-1Phi-e-ro/TTHD-1Phi03(MB)",
      "isVideo": false,
      "url": "nghe-kinh-thanh.kinh-thanh-ban-dich-truyen-thong-hieu-dinh-tu-mb.tthd-1phi-e-ro.tthd-1phi03-mb-",
      "name": "TTHD-1Phi03(MB)",
      "count": 0,
      "isLeaf": null,
      "keyword": null,
      "hash": "U2FsdGVkX1/zsWeJm1OxiUgheHfBPw1NzIYcO3wP62esHXcD2yWXSjfaO29+xHTsM/TkLy5kUVxIOShp8BWnPg==",
      "khash": null,
      "viewCount": null,
      "duration": "4:43",
      "size": 9068189
    },
    {
      "id": "6f6174ff-e1ca-4fee-9b4e-eeab389bc63e",
      "pid": "e2f4e154-f8d3-4fcd-bd0a-23189581ed94",
      "dblevel": 5,
      "location": "/VGMA/NgheKinhThanh/KinhThanhbandichTruyenThongHieuDinhTU-MB/TTHD-1Phi-e-ro/TTHD-1Phi04(MB)",
      "isVideo": false,
      "url": "nghe-kinh-thanh.kinh-thanh-ban-dich-truyen-thong-hieu-dinh-tu-mb.tthd-1phi-e-ro.tthd-1phi04-mb-",
      "name": "TTHD-1Phi04(MB)",
      "count": 0,
      "isLeaf": null,
      "keyword": null,
      "hash": "U2FsdGVkX193nftBgMvLFK8x9RNeX3vpL8GN1KMfwHTsFunu/cthKH19TW1pqXj0/eyHt6SXTMXasHuNy4eDvw==",
      "khash": null,
      "viewCount": null,
      "duration": "3:55",
      "size": 7552669
    },
    {
      "id": "d0219e14-59d6-4b80-aa0d-d0199e18280d",
      "pid": "e2f4e154-f8d3-4fcd-bd0a-23189581ed94",
      "dblevel": 5,
      "location": "/VGMA/NgheKinhThanh/KinhThanhbandichTruyenThongHieuDinhTU-MB/TTHD-1Phi-e-ro/TTHD-1Phi05(MB)",
      "isVideo": false,
      "url": "nghe-kinh-thanh.kinh-thanh-ban-dich-truyen-thong-hieu-dinh-tu-mb.tthd-1phi-e-ro.tthd-1phi05-mb-",
      "name": "TTHD-1Phi05(MB)",
      "count": 0,
      "isLeaf": null,
      "keyword": null,
      "hash": "U2FsdGVkX19wkSdDA2qeTtsSvye3K9dsTkYVzxt4oT+qP3bWs4Gpd8ElTEzBA6nDG8fselDRSMxfxy3CyHlDPg==",
      "khash": null,
      "viewCount": null,
      "duration": "3:3",
      "size": 5862442
    }
  ]
}