{
  "id": "63ed966a-f3be-4d59-8267-0f35a8637551",
  "pid": "12721143-da46-463e-9f7e-8e2834f7ea2c",
  "dblevel": 4,
  "location": "/VGMA/NgheKinhThanh/KinhThanhbandichTruyenThongHieuDinhTU-MB/TTHD-KhaiHuyen",
  "isVideo": false,
  "url": "nghe-kinh-thanh.kinh-thanh-ban-dich-truyen-thong-hieu-dinh-tu-mb.tthd-khai-huyen",
  "name": "TTHD-Khải Huyền",
  "count": 22,
  "isLeaf": true,
  "keyword": null,
  "hash": null,
  "khash": null,
  "viewCount": null,
  "duration": null,
  "size": null,
  "children": [
    {
      "id": "92d92c54-3fbe-4ca7-abc0-c566cc976bf7",
      "pid": "63ed966a-f3be-4d59-8267-0f35a8637551",
      "dblevel": 5,
      "location": "/VGMA/NgheKinhThanh/KinhThanhbandichTruyenThongHieuDinhTU-MB/TTHD-KhaiHuyen/TTHD-Kh01(MB)",
      "isVideo": false,
      "url": "nghe-kinh-thanh.kinh-thanh-ban-dich-truyen-thong-hieu-dinh-tu-mb.tthd-khai-huyen.tthd-kh01-mb-",
      "name": "TTHD-Kh01(MB)",
      "count": 0,
      "isLeaf": null,
      "keyword": null,
      "hash": "U2FsdGVkX19yDJ+bEuKrOb6FU6Mg/m/99mMZzdEBBEmZ8iBwncyYki0pvfkQIjh9LdLDLtXMfojl2IKF10B38g==",
      "khash": "U2FsdGVkX18fWlTMANg3QZGAGC1AuSJBvzr45e22BhIVHbLVV07jA+UUlVGRrNmuuP+8CAGnPQKzpzkpqpnD1Q==",
      "viewCount": null,
      "duration": "4:58",
      "size": 9552186
    },
    {
      "id": "00f83c0f-96bc-4a22-9e93-38aa50aad1b9",
      "pid": "63ed966a-f3be-4d59-8267-0f35a8637551",
      "dblevel": 5,
      "location": "/VGMA/NgheKinhThanh/KinhThanhbandichTruyenThongHieuDinhTU-MB/TTHD-KhaiHuyen/TTHD-Kh02(MB)",
      "isVideo": false,
      "url": "nghe-kinh-thanh.kinh-thanh-ban-dich-truyen-thong-hieu-dinh-tu-mb.tthd-khai-huyen.tthd-kh02-mb-",
      "name": "TTHD-Kh02(MB)",
      "count": 0,
      "isLeaf": null,
      "keyword": null,
      "hash": "U2FsdGVkX1+77/DIj61br66NqrunORawGT8eisADVMYafmKYpZ7ZroAt9xeIK47V/jD3euwzBZnBHLz3cuB2Og==",
      "khash": null,
      "viewCount": null,
      "duration": "6:39",
      "size": 12772979
    },
    {
      "id": "721d7df3-3d74-43e1-a676-0df9782964a3",
      "pid": "63ed966a-f3be-4d59-8267-0f35a8637551",
      "dblevel": 5,
      "location": "/VGMA/NgheKinhThanh/KinhThanhbandichTruyenThongHieuDinhTU-MB/TTHD-KhaiHuyen/TTHD-Kh03(MB)",
      "isVideo": false,
      "url": "nghe-kinh-thanh.kinh-thanh-ban-dich-truyen-thong-hieu-dinh-tu-mb.tthd-khai-huyen.tthd-kh03-mb-",
      "name": "TTHD-Kh03(MB)",
      "count": 0,
      "isLeaf": null,
      "keyword": null,
      "hash": "U2FsdGVkX1+6WxKd4qJr4y+/7LfULcyo5M3Jlh0ewY13P2LsbuuKhFX2lMaIlbVpxbaaL0T6fZlmAKo4p9zVJQ==",
      "khash": null,
      "viewCount": null,
      "duration": "5:26",
      "size": 10457485
    },
    {
      "id": "8dd879ee-74d8-41de-a764-10af6b246f39",
      "pid": "63ed966a-f3be-4d59-8267-0f35a8637551",
      "dblevel": 5,
      "location": "/VGMA/NgheKinhThanh/KinhThanhbandichTruyenThongHieuDinhTU-MB/TTHD-KhaiHuyen/TTHD-Kh04(MB)",
      "isVideo": false,
      "url": "nghe-kinh-thanh.kinh-thanh-ban-dich-truyen-thong-hieu-dinh-tu-mb.tthd-khai-huyen.tthd-kh04-mb-",
      "name": "TTHD-Kh04(MB)",
      "count": 0,
      "isLeaf": null,
      "keyword": null,
      "hash": "U2FsdGVkX1+2gk1YetbvRqbze+eJ7FqMgeZkmYlC+B6w9KFNez9HFwwBZ1vjq8+M6g8jyD0bYduiPwosgkiVPw==",
      "khash": null,
      "viewCount": null,
      "duration": "2:46",
      "size": 5332470
    },
    {
      "id": "ccc130bf-24e2-4c70-814e-7121bdd5d9c0",
      "pid": "63ed966a-f3be-4d59-8267-0f35a8637551",
      "dblevel": 5,
      "location": "/VGMA/NgheKinhThanh/KinhThanhbandichTruyenThongHieuDinhTU-MB/TTHD-KhaiHuyen/TTHD-Kh05(MB)",
      "isVideo": false,
      "url": "nghe-kinh-thanh.kinh-thanh-ban-dich-truyen-thong-hieu-dinh-tu-mb.tthd-khai-huyen.tthd-kh05-mb-",
      "name": "TTHD-Kh05(MB)",
      "count": 0,
      "isLeaf": null,
      "keyword": null,
      "hash": "U2FsdGVkX1+Geok0+YcQntca2mK7puzqmcYUo3eN6pTQjPBy2ioNe6/bGEGodhP0AqvBLW/QULQCddzDoPVl4g==",
      "khash": null,
      "viewCount": null,
      "duration": "3:14",
      "size": 6230246
    },
    {
      "id": "166fc702-a0a0-4f11-9338-08aee04cd698",
      "pid": "63ed966a-f3be-4d59-8267-0f35a8637551",
      "dblevel": 5,
      "location": "/VGMA/NgheKinhThanh/KinhThanhbandichTruyenThongHieuDinhTU-MB/TTHD-KhaiHuyen/TTHD-Kh06(MB)",
      "isVideo": false,
      "url": "nghe-kinh-thanh.kinh-thanh-ban-dich-truyen-thong-hieu-dinh-tu-mb.tthd-khai-huyen.tthd-kh06-mb-",
      "name": "TTHD-Kh06(MB)",
      "count": 0,
      "isLeaf": null,
      "keyword": null,
      "hash": "U2FsdGVkX1/GE356oB9vdFeaCplmJtRWFZyKQ6ZfEM33UvWiNHJsBFcNU1bSl4s8jlhxNOdWlHq0xANbW9xDyA==",
      "khash": null,
      "viewCount": null,
      "duration": "3:52",
      "size": 7438148
    },
    {
      "id": "4e1d0db6-1666-4b99-a8c2-04f3f467ce24",
      "pid": "63ed966a-f3be-4d59-8267-0f35a8637551",
      "dblevel": 5,
      "location": "/VGMA/NgheKinhThanh/KinhThanhbandichTruyenThongHieuDinhTU-MB/TTHD-KhaiHuyen/TTHD-Kh07(MB)",
      "isVideo": false,
      "url": "nghe-kinh-thanh.kinh-thanh-ban-dich-truyen-thong-hieu-dinh-tu-mb.tthd-khai-huyen.tthd-kh07-mb-",
      "name": "TTHD-Kh07(MB)",
      "count": 0,
      "isLeaf": null,
      "keyword": null,
      "hash": "U2FsdGVkX18PGrH0Hurtw6iK2i+hfj+mQ+mMhxbj+7STO8Qgc5qn2ZxsOJFqDp09GLqELfUSaJr4MVJZ7KgsTg==",
      "khash": null,
      "viewCount": null,
      "duration": "3:48",
      "size": 7309417
    },
    {
      "id": "60ffbf93-981e-4bfb-8137-edada9965568",
      "pid": "63ed966a-f3be-4d59-8267-0f35a8637551",
      "dblevel": 5,
      "location": "/VGMA/NgheKinhThanh/KinhThanhbandichTruyenThongHieuDinhTU-MB/TTHD-KhaiHuyen/TTHD-Kh08(MB)",
      "isVideo": false,
      "url": "nghe-kinh-thanh.kinh-thanh-ban-dich-truyen-thong-hieu-dinh-tu-mb.tthd-khai-huyen.tthd-kh08-mb-",
      "name": "TTHD-Kh08(MB)",
      "count": 0,
      "isLeaf": null,
      "keyword": null,
      "hash": "U2FsdGVkX18KzMBpd4K9PZ+CYQTHZcRzYlkzaNsaRZODgnvR8UUxcjFyv6TtuyhXNVd6aCMWZfpSN5vjlIu8OQ==",
      "khash": null,
      "viewCount": null,
      "duration": "3:1",
      "size": 5820646
    },
    {
      "id": "7ffe4a06-9fbb-4727-99f2-45533433c18c",
      "pid": "63ed966a-f3be-4d59-8267-0f35a8637551",
      "dblevel": 5,
      "location": "/VGMA/NgheKinhThanh/KinhThanhbandichTruyenThongHieuDinhTU-MB/TTHD-KhaiHuyen/TTHD-Kh09(MB)",
      "isVideo": false,
      "url": "nghe-kinh-thanh.kinh-thanh-ban-dich-truyen-thong-hieu-dinh-tu-mb.tthd-khai-huyen.tthd-kh09-mb-",
      "name": "TTHD-Kh09(MB)",
      "count": 0,
      "isLeaf": null,
      "keyword": null,
      "hash": "U2FsdGVkX18b0NirBzmR7fQRmJ1SebX407QIY9Rq28f8sAU37gXWKgBaika45uKLybA6ahHZn2PcuD7vaDNWYg==",
      "khash": "U2FsdGVkX1/m6bvT2q1gD3P3oj1nhP2kq42bFXWrl9VlmzsO7CkMZfgosTTD8LPkAJ1a0PJDrCrHXPElH6+v2Q==",
      "viewCount": null,
      "duration": "4:16",
      "size": 8214716
    },
    {
      "id": "1210700c-e8ca-4aad-8164-1778e9f062cb",
      "pid": "63ed966a-f3be-4d59-8267-0f35a8637551",
      "dblevel": 5,
      "location": "/VGMA/NgheKinhThanh/KinhThanhbandichTruyenThongHieuDinhTU-MB/TTHD-KhaiHuyen/TTHD-Kh10(MB)",
      "isVideo": false,
      "url": "nghe-kinh-thanh.kinh-thanh-ban-dich-truyen-thong-hieu-dinh-tu-mb.tthd-khai-huyen.tthd-kh10-mb-",
      "name": "TTHD-Kh10(MB)",
      "count": 0,
      "isLeaf": null,
      "keyword": null,
      "hash": "U2FsdGVkX19Se/omUTpFl9fic+ksypwWfnkveN3h11wq1z79KbqSMPDVpRBPJMmGrEzxOR1HnPO80/+YPdF2Sw==",
      "khash": "U2FsdGVkX19VgedT7s7GMfgpmnePvKZ64PSu4Iza6VchY4wwW2zzIIji81fvEjJ+lW5tNzQ5lpb534yCcB+Z1Q==",
      "viewCount": null,
      "duration": "2:23",
      "size": 4591010
    },
    {
      "id": "c0280e6d-847f-4ae0-857f-b44ec14b9267",
      "pid": "63ed966a-f3be-4d59-8267-0f35a8637551",
      "dblevel": 5,
      "location": "/VGMA/NgheKinhThanh/KinhThanhbandichTruyenThongHieuDinhTU-MB/TTHD-KhaiHuyen/TTHD-Kh11(MB)",
      "isVideo": false,
      "url": "nghe-kinh-thanh.kinh-thanh-ban-dich-truyen-thong-hieu-dinh-tu-mb.tthd-khai-huyen.tthd-kh11-mb-",
      "name": "TTHD-Kh11(MB)",
      "count": 0,
      "isLeaf": null,
      "keyword": null,
      "hash": "U2FsdGVkX18qWqJuelQxucS6Z+vmMJjr1nB53syK1q6k8ELe5AJ1mPdN+PVxusROHE5fC99hvenCm36KN0uI+Q==",
      "khash": "U2FsdGVkX18BQ+zTPvmJgIHenE7YTLexHm0bKTOEZ7wAAwo6whzRt7kMkonN1ZzjwiC3PhDQzP7YSGSmwWDIxA==",
      "viewCount": null,
      "duration": "4:15",
      "size": 8181280
    },
    {
      "id": "e49d5a77-2d27-4a7e-b219-09d3490b40b0",
      "pid": "63ed966a-f3be-4d59-8267-0f35a8637551",
      "dblevel": 5,
      "location": "/VGMA/NgheKinhThanh/KinhThanhbandichTruyenThongHieuDinhTU-MB/TTHD-KhaiHuyen/TTHD-Kh12(MB)",
      "isVideo": false,
      "url": "nghe-kinh-thanh.kinh-thanh-ban-dich-truyen-thong-hieu-dinh-tu-mb.tthd-khai-huyen.tthd-kh12-mb-",
      "name": "TTHD-Kh12(MB)",
      "count": 0,
      "isLeaf": null,
      "keyword": null,
      "hash": "U2FsdGVkX1+ZbXp/6W+m/Zr8ii7B5D0tcX4J79bYx6bNOyrZCuBTf1jZZ6ZFWYJ7HQ9fvwE9v5u7tgvVcIPxfQ==",
      "khash": null,
      "viewCount": null,
      "duration": "3:57",
      "size": 7603660
    },
    {
      "id": "477ad620-00b7-4a92-93a7-f3451025942d",
      "pid": "63ed966a-f3be-4d59-8267-0f35a8637551",
      "dblevel": 5,
      "location": "/VGMA/NgheKinhThanh/KinhThanhbandichTruyenThongHieuDinhTU-MB/TTHD-KhaiHuyen/TTHD-Kh13(MB)",
      "isVideo": false,
      "url": "nghe-kinh-thanh.kinh-thanh-ban-dich-truyen-thong-hieu-dinh-tu-mb.tthd-khai-huyen.tthd-kh13-mb-",
      "name": "TTHD-Kh13(MB)",
      "count": 0,
      "isLeaf": null,
      "keyword": null,
      "hash": "U2FsdGVkX19dC+r83EkuFFQuLlKYLXJcv+oupV7aXAWfKtbnRdTS3vOF8bw3m7mf8/G4dlCCtX3snyN5vnNFog==",
      "khash": "U2FsdGVkX18OzW0WBkhMyGkAamyy/pIx/LMD7TRGmKRThTNWusEWGxw2nLKpemedOb0MooeTR+yF0ZCmQuvlIw==",
      "viewCount": null,
      "duration": "3:57",
      "size": 7609512
    },
    {
      "id": "54778d73-47c3-48aa-8366-864d61e554db",
      "pid": "63ed966a-f3be-4d59-8267-0f35a8637551",
      "dblevel": 5,
      "location": "/VGMA/NgheKinhThanh/KinhThanhbandichTruyenThongHieuDinhTU-MB/TTHD-KhaiHuyen/TTHD-Kh14(MB)",
      "isVideo": false,
      "url": "nghe-kinh-thanh.kinh-thanh-ban-dich-truyen-thong-hieu-dinh-tu-mb.tthd-khai-huyen.tthd-kh14-mb-",
      "name": "TTHD-Kh14(MB)",
      "count": 0,
      "isLeaf": null,
      "keyword": null,
      "hash": "U2FsdGVkX19RTSSdjcVVrNvaP6mmsFV8NlQFkim7JpiC04cQmZekP/WyLR1PQllKr+1Sx9CpB+ftbH1dqD10aQ==",
      "khash": "U2FsdGVkX18yk/8QS+fEcUkd34IRWPCnlrI9THVyN0Cl65IlnuwIV8WJgiMyzDAzSc58wJR0UofphAWw3j05dQ==",
      "viewCount": null,
      "duration": "4:56",
      "size": 9502867
    },
    {
      "id": "f6477113-6c92-49b6-b75d-f5f04c4240b5",
      "pid": "63ed966a-f3be-4d59-8267-0f35a8637551",
      "dblevel": 5,
      "location": "/VGMA/NgheKinhThanh/KinhThanhbandichTruyenThongHieuDinhTU-MB/TTHD-KhaiHuyen/TTHD-Kh15(MB)",
      "isVideo": false,
      "url": "nghe-kinh-thanh.kinh-thanh-ban-dich-truyen-thong-hieu-dinh-tu-mb.tthd-khai-huyen.tthd-kh15-mb-",
      "name": "TTHD-Kh15(MB)",
      "count": 0,
      "isLeaf": null,
      "keyword": null,
      "hash": "U2FsdGVkX1+tU7yrKIVQz2go+7Q7Hxdn75B7HvxjtYLXv+cef5hPe0wR6W6fBF+fxLsyJV+DWFI8LXjSAm6gHA==",
      "khash": null,
      "viewCount": null,
      "duration": "2:7",
      "size": 4082772
    },
    {
      "id": "66fc4233-a6ea-497d-942e-62fee9ebdd29",
      "pid": "63ed966a-f3be-4d59-8267-0f35a8637551",
      "dblevel": 5,
      "location": "/VGMA/NgheKinhThanh/KinhThanhbandichTruyenThongHieuDinhTU-MB/TTHD-KhaiHuyen/TTHD-Kh16(MB)",
      "isVideo": false,
      "url": "nghe-kinh-thanh.kinh-thanh-ban-dich-truyen-thong-hieu-dinh-tu-mb.tthd-khai-huyen.tthd-kh16-mb-",
      "name": "TTHD-Kh16(MB)",
      "count": 0,
      "isLeaf": null,
      "keyword": null,
      "hash": "U2FsdGVkX18uu0Amg4V6mNHo4WGkXBqJBzzdGFPxKXxN6ErRn8E2zmOonifX1+ryfGkp2LQmfXOL9XiZr67lKA==",
      "khash": null,
      "viewCount": null,
      "duration": "4:3",
      "size": 7797593
    },
    {
      "id": "bcefab9b-5923-4bc4-8a59-e788712e2623",
      "pid": "63ed966a-f3be-4d59-8267-0f35a8637551",
      "dblevel": 5,
      "location": "/VGMA/NgheKinhThanh/KinhThanhbandichTruyenThongHieuDinhTU-MB/TTHD-KhaiHuyen/TTHD-Kh17(MB)",
      "isVideo": false,
      "url": "nghe-kinh-thanh.kinh-thanh-ban-dich-truyen-thong-hieu-dinh-tu-mb.tthd-khai-huyen.tthd-kh17-mb-",
      "name": "TTHD-Kh17(MB)",
      "count": 0,
      "isLeaf": null,
      "keyword": null,
      "hash": "U2FsdGVkX1/WZCm3QDKbwBaPca5/JBT6RRv4Qcfjyi1oAT7fkyiN6Q06+S3tEDK3MA/l4FLCzDYngseIY0TI4g==",
      "khash": "U2FsdGVkX199G6fGTFFertCZb81U1P2heXU5/6KyLfhhhRYdcDpgMWmnt2IjTryVvhGZR4AjEbz8FtbZXq0TaQ==",
      "viewCount": null,
      "duration": "4:9",
      "size": 7987347
    },
    {
      "id": "2b909bf2-c107-42ef-87d4-2654c8fc1419",
      "pid": "63ed966a-f3be-4d59-8267-0f35a8637551",
      "dblevel": 5,
      "location": "/VGMA/NgheKinhThanh/KinhThanhbandichTruyenThongHieuDinhTU-MB/TTHD-KhaiHuyen/TTHD-Kh18(MB)",
      "isVideo": false,
      "url": "nghe-kinh-thanh.kinh-thanh-ban-dich-truyen-thong-hieu-dinh-tu-mb.tthd-khai-huyen.tthd-kh18-mb-",
      "name": "TTHD-Kh18(MB)",
      "count": 0,
      "isLeaf": null,
      "keyword": null,
      "hash": "U2FsdGVkX1/s/iUEhb4QGrBBVAkFO2m1LJr2D3CHPnjhqQVay/rEoWomqOOjIT9befmZ+vUpXy0ifLVbsWkugQ==",
      "khash": "U2FsdGVkX1+YysyeUmx691uQ5FnO9+gL5z/5FIvTM3XF+IY2LC8PZauZgiZy3VT3h5+nRTM8WETmOiFTW4Basg==",
      "viewCount": null,
      "duration": "5:57",
      "size": 11454736
    },
    {
      "id": "0a97fccb-ef1c-40e5-8213-af5e5a0c976d",
      "pid": "63ed966a-f3be-4d59-8267-0f35a8637551",
      "dblevel": 5,
      "location": "/VGMA/NgheKinhThanh/KinhThanhbandichTruyenThongHieuDinhTU-MB/TTHD-KhaiHuyen/TTHD-Kh19(MB)",
      "isVideo": false,
      "url": "nghe-kinh-thanh.kinh-thanh-ban-dich-truyen-thong-hieu-dinh-tu-mb.tthd-khai-huyen.tthd-kh19-mb-",
      "name": "TTHD-Kh19(MB)",
      "count": 0,
      "isLeaf": null,
      "keyword": null,
      "hash": "U2FsdGVkX18SFDLlF5kHxnogrnrXrpIHJByWcnV4vZgB0+UxT209VMIgqJ8W2uElPglc/6TIwRba79rbUZJu6w==",
      "khash": null,
      "viewCount": null,
      "duration": "5:7",
      "size": 9838906
    },
    {
      "id": "7bbf24e7-c4f4-4777-8f6e-a9f07eaaee46",
      "pid": "63ed966a-f3be-4d59-8267-0f35a8637551",
      "dblevel": 5,
      "location": "/VGMA/NgheKinhThanh/KinhThanhbandichTruyenThongHieuDinhTU-MB/TTHD-KhaiHuyen/TTHD-Kh20(MB)",
      "isVideo": false,
      "url": "nghe-kinh-thanh.kinh-thanh-ban-dich-truyen-thong-hieu-dinh-tu-mb.tthd-khai-huyen.tthd-kh20-mb-",
      "name": "TTHD-Kh20(MB)",
      "count": 0,
      "isLeaf": null,
      "keyword": null,
      "hash": "U2FsdGVkX1/60JoE+xc+KQWLKJRS6AEYrH8ScVisB7Qp7Y1cBgN+rQtazQNsWDCJc/iXhEHFjfyc0axR+yuTxg==",
      "khash": null,
      "viewCount": null,
      "duration": "3:43",
      "size": 7138054
    },
    {
      "id": "26cb0b3c-f2fc-41a0-81a5-82e8314ea0f7",
      "pid": "63ed966a-f3be-4d59-8267-0f35a8637551",
      "dblevel": 5,
      "location": "/VGMA/NgheKinhThanh/KinhThanhbandichTruyenThongHieuDinhTU-MB/TTHD-KhaiHuyen/TTHD-Kh21(MB)",
      "isVideo": false,
      "url": "nghe-kinh-thanh.kinh-thanh-ban-dich-truyen-thong-hieu-dinh-tu-mb.tthd-khai-huyen.tthd-kh21-mb-",
      "name": "TTHD-Kh21(MB)",
      "count": 0,
      "isLeaf": null,
      "keyword": null,
      "hash": "U2FsdGVkX180JQinlMbmBn5FEIfHfmSDQpqaDFSsQPIdo2xBegA17RluttR1HopAxsuhNZD/RDK2ROwdpPTylg==",
      "khash": null,
      "viewCount": null,
      "duration": "5:40",
      "size": 10909717
    },
    {
      "id": "b2903e40-d4ec-408b-94e6-0b7cba465eb4",
      "pid": "63ed966a-f3be-4d59-8267-0f35a8637551",
      "dblevel": 5,
      "location": "/VGMA/NgheKinhThanh/KinhThanhbandichTruyenThongHieuDinhTU-MB/TTHD-KhaiHuyen/TTHD-Kh22(MB)",
      "isVideo": false,
      "url": "nghe-kinh-thanh.kinh-thanh-ban-dich-truyen-thong-hieu-dinh-tu-mb.tthd-khai-huyen.tthd-kh22-mb-",
      "name": "TTHD-Kh22(MB)",
      "count": 0,
      "isLeaf": null,
      "keyword": null,
      "hash": "U2FsdGVkX18TsvT5QdehwnVvd00M/pszt2P9uPPuCAdllJ6aYPkWPGU8Xf5CyYUxjMsrSoqLDH4ltA46Y26Mcw==",
      "khash": null,
      "viewCount": null,
      "duration": "4:36",
      "size": 8855030
    }
  ]
}