{
  "id": "82129bf3-0a5c-4e04-ad03-38015030bccb",
  "pid": "b6259c37-62d4-4adf-a2a3-af086ef34f24",
  "dblevel": 4,
  "location": "/VGMA/NgheKinhThanh/KinhThanhbandichHienDai2017/HD57_Phi-le-mon",
  "isVideo": false,
  "url": "nghe-kinh-thanh.kinh-thanh-ban-dich-hien-dai-2017.hd57-phi-le-mon",
  "name": "HD57_Phi-lê-môn",
  "count": 1,
  "isLeaf": true,
  "keyword": null,
  "hash": null,
  "khash": null,
  "viewCount": null,
  "duration": null,
  "size": null,
  "children": [
    {
      "id": "ea8b3f1a-f5b4-43b3-a08f-af8db5fb2a3a",
      "pid": "82129bf3-0a5c-4e04-ad03-38015030bccb",
      "dblevel": 5,
      "location": "/VGMA/NgheKinhThanh/KinhThanhbandichHienDai2017/HD57_Phi-le-mon/Phi-le-mon01",
      "isVideo": false,
      "url": "nghe-kinh-thanh.kinh-thanh-ban-dich-hien-dai-2017.hd57-phi-le-mon.phi-le-mon-01",
      "name": "Phi-lê-môn 01",
      "count": 0,
      "isLeaf": null,
      "keyword": null,
      "hash": "U2FsdGVkX1+zhgIUUID+r37Za1bTmAeBTBWYgdsTYPbHNT8/enmtv4J83ucBvhDWAP16p0yv3xiwyBT/GXViIw==",
      "khash": "U2FsdGVkX18cojGuA/y6NiglcuE6Yh9R56nhu9++97vL+maKA2jPNvSblzWA4bvq00WbX42UdQH6Fj4sIqyf3g==",
      "viewCount": null,
      "duration": "3:31",
      "size": 3408434
    }
  ]
}