{
  "id": "10caf403-dc98-402c-bd99-18e6cea6259e",
  "pid": "b6259c37-62d4-4adf-a2a3-af086ef34f24",
  "dblevel": 4,
  "location": "/VGMA/NgheKinhThanh/KinhThanhbandichHienDai2017/HD39_Ma-la-chi",
  "isVideo": false,
  "url": "nghe-kinh-thanh.kinh-thanh-ban-dich-hien-dai-2017.hd39-ma-la-chi",
  "name": "HD39_Ma-la-chi",
  "count": 4,
  "isLeaf": true,
  "keyword": null,
  "hash": null,
  "khash": null,
  "viewCount": null,
  "duration": null,
  "size": null,
  "children": [
    {
      "id": "64210803-eab6-4c06-a57c-047aad297a6a",
      "pid": "10caf403-dc98-402c-bd99-18e6cea6259e",
      "dblevel": 5,
      "location": "/VGMA/NgheKinhThanh/KinhThanhbandichHienDai2017/HD39_Ma-la-chi/Ma-la-chi01",
      "isVideo": false,
      "url": "nghe-kinh-thanh.kinh-thanh-ban-dich-hien-dai-2017.hd39-ma-la-chi.ma-la-chi-01",
      "name": "Ma-la-chi 01",
      "count": 0,
      "isLeaf": null,
      "keyword": null,
      "hash": "U2FsdGVkX18yPfmrnHlFCvOw0AzA9xDOiLVQGmcA9BcEbJ3BW9SrkbfLF4BEy3EClGHLWVF1CVXYnhTvNyOv/Q==",
      "khash": "U2FsdGVkX1/b19ltrH4/Sos/bMdVUiQO9sJ219ZilNJJJS+MuK5hhtJaT06wofNDl+wQ14Yt8C3zIPg9uV9iBQ==",
      "viewCount": null,
      "duration": "3:5",
      "size": 2985895
    },
    {
      "id": "fbaa418a-9528-4616-8d0c-7487ab973169",
      "pid": "10caf403-dc98-402c-bd99-18e6cea6259e",
      "dblevel": 5,
      "location": "/VGMA/NgheKinhThanh/KinhThanhbandichHienDai2017/HD39_Ma-la-chi/Ma-la-chi02",
      "isVideo": false,
      "url": "nghe-kinh-thanh.kinh-thanh-ban-dich-hien-dai-2017.hd39-ma-la-chi.ma-la-chi-02",
      "name": "Ma-la-chi 02",
      "count": 0,
      "isLeaf": null,
      "keyword": null,
      "hash": "U2FsdGVkX1+M96vY1pgDofd7DC0+Y3chDkYDZplAp2KD+lVEHg8NABhue/dPN+eSRT6w4+5ahVJK54qkOy12Dw==",
      "khash": "U2FsdGVkX182ddBMESIs4YslH25hwtu1+c2EMKwn3YBiHuNE/7H0U+xTS1CKr7xlFY/G8WZT4rQv5Sml1AlFVA==",
      "viewCount": null,
      "duration": "3:17",
      "size": 3181106
    },
    {
      "id": "9175ac1a-b934-46f9-98f8-cef16e97d5b5",
      "pid": "10caf403-dc98-402c-bd99-18e6cea6259e",
      "dblevel": 5,
      "location": "/VGMA/NgheKinhThanh/KinhThanhbandichHienDai2017/HD39_Ma-la-chi/Ma-la-chi03",
      "isVideo": false,
      "url": "nghe-kinh-thanh.kinh-thanh-ban-dich-hien-dai-2017.hd39-ma-la-chi.ma-la-chi-03",
      "name": "Ma-la-chi 03",
      "count": 0,
      "isLeaf": null,
      "keyword": null,
      "hash": "U2FsdGVkX18nbpZvf0Mbgvu3tnjAwXKw/xcfaCDxvPo759xPuvqiSd+xZZKpE3cWNy2m77jU4dPTg2PmtCXQrw==",
      "khash": null,
      "viewCount": null,
      "duration": "3:30",
      "size": 3394289
    },
    {
      "id": "6accf93e-9414-45d1-8c91-3a3431b3415d",
      "pid": "10caf403-dc98-402c-bd99-18e6cea6259e",
      "dblevel": 5,
      "location": "/VGMA/NgheKinhThanh/KinhThanhbandichHienDai2017/HD39_Ma-la-chi/Ma-la-chi04",
      "isVideo": false,
      "url": "nghe-kinh-thanh.kinh-thanh-ban-dich-hien-dai-2017.hd39-ma-la-chi.ma-la-chi-04",
      "name": "Ma-la-chi 04",
      "count": 0,
      "isLeaf": null,
      "keyword": null,
      "hash": "U2FsdGVkX1+n/4VA4J7EqqKYgrSKBay8S78S4tJRieQ1ujXBKg+zDxGyfbIzKxu88gLkMA0Zz2bpFg/xjDXwug==",
      "khash": null,
      "viewCount": null,
      "duration": "0:58",
      "size": 955931
    }
  ]
}