{
  "id": "1b05ec1c-aecf-4715-9b3a-f2b3d6d980e3",
  "pid": "b6259c37-62d4-4adf-a2a3-af086ef34f24",
  "dblevel": 4,
  "location": "/VGMA/NgheKinhThanh/KinhThanhbandichHienDai2017/HD41_Mac",
  "isVideo": false,
  "url": "nghe-kinh-thanh.kinh-thanh-ban-dich-hien-dai-2017.hd41-mac",
  "name": "HD41_Mác",
  "count": 16,
  "isLeaf": true,
  "keyword": null,
  "hash": null,
  "khash": null,
  "viewCount": null,
  "duration": null,
  "size": null,
  "children": [
    {
      "id": "ffe67158-0486-41cb-a0b1-801b5834f513",
      "pid": "1b05ec1c-aecf-4715-9b3a-f2b3d6d980e3",
      "dblevel": 5,
      "location": "/VGMA/NgheKinhThanh/KinhThanhbandichHienDai2017/HD41_Mac/Mac01",
      "isVideo": false,
      "url": "nghe-kinh-thanh.kinh-thanh-ban-dich-hien-dai-2017.hd41-mac.mac-01",
      "name": "Mác 01",
      "count": 0,
      "isLeaf": null,
      "keyword": null,
      "hash": "U2FsdGVkX1+gkahN5B9DWnbwqUyVuOfOdqO5azG4o4qHdtv4SewQmsu+O7at/dxSAwGSWh2lDexgM4ak6J/Axw==",
      "khash": "U2FsdGVkX19giuoJVfBIh0b2tt1Sz4k5oyb3NhEurphgGi0/K4YZvCjrk2KUfVNh+EOhvrN7C1/yjnaa8FOiIA==",
      "viewCount": null,
      "duration": "6:13",
      "size": 6008531
    },
    {
      "id": "c735279f-81f2-40c6-8a17-d83c54ba016a",
      "pid": "1b05ec1c-aecf-4715-9b3a-f2b3d6d980e3",
      "dblevel": 5,
      "location": "/VGMA/NgheKinhThanh/KinhThanhbandichHienDai2017/HD41_Mac/Mac02",
      "isVideo": false,
      "url": "nghe-kinh-thanh.kinh-thanh-ban-dich-hien-dai-2017.hd41-mac.mac-02",
      "name": "Mác 02",
      "count": 0,
      "isLeaf": null,
      "keyword": null,
      "hash": "U2FsdGVkX1/+2q6wCdP90ryTwtDyy2jU9n7Sqf17zU6GuWZbpoM5lqihDHJt7pr8L/jWvM+O5xrCrxScSA6A2Q==",
      "khash": "U2FsdGVkX19812vFd635xVdhSTIo7L5xR1EmKCqcxzqyBsEYSCu+0ELzwwMHDoTh1hD1hu9fD1XJh1tXrgb2IA==",
      "viewCount": null,
      "duration": "4:5",
      "size": 3959421
    },
    {
      "id": "ee69bf8c-7d10-4dac-bea1-252de8ece867",
      "pid": "1b05ec1c-aecf-4715-9b3a-f2b3d6d980e3",
      "dblevel": 5,
      "location": "/VGMA/NgheKinhThanh/KinhThanhbandichHienDai2017/HD41_Mac/Mac03",
      "isVideo": false,
      "url": "nghe-kinh-thanh.kinh-thanh-ban-dich-hien-dai-2017.hd41-mac.mac-03",
      "name": "Mác 03",
      "count": 0,
      "isLeaf": null,
      "keyword": null,
      "hash": "U2FsdGVkX18ZQ15nXoj3RxRsHZXza7pys/4oazSxAs8Y4bH4pZZxq/zvkgZX/x6AmLHCCa3B0bQzZnp8mIyIPg==",
      "khash": "U2FsdGVkX1+fd6v5LoOmkOXuQq4Ang1AsvmJsLdLkHuAVXOfihHtIQalRV2LEzFmj10/s3X1216OgWZyAzBa1Q==",
      "viewCount": null,
      "duration": "4:16",
      "size": 4133531
    },
    {
      "id": "c31b305e-98a0-4b6e-8a8a-250cfec5e0af",
      "pid": "1b05ec1c-aecf-4715-9b3a-f2b3d6d980e3",
      "dblevel": 5,
      "location": "/VGMA/NgheKinhThanh/KinhThanhbandichHienDai2017/HD41_Mac/Mac04",
      "isVideo": false,
      "url": "nghe-kinh-thanh.kinh-thanh-ban-dich-hien-dai-2017.hd41-mac.mac-04",
      "name": "Mác 04",
      "count": 0,
      "isLeaf": null,
      "keyword": null,
      "hash": "U2FsdGVkX1+Ly9JVKYlC1KXdknlBYHsaOhf62rY5DZFLh9Y6u0YJ5rb5Y+7a32iUiQ4guvUpnOxeKnjitSkTbw==",
      "khash": "U2FsdGVkX19ghktkfOb94yR5Q/T5USMXx+NR2QcTjj4X/Z3FLFgRc0b/6HAvVSJEwW6BO0AC9slRFPc/EcdVvQ==",
      "viewCount": null,
      "duration": "4:58",
      "size": 4814608
    },
    {
      "id": "31ae9d8b-02ea-4348-81bf-d01543765dc1",
      "pid": "1b05ec1c-aecf-4715-9b3a-f2b3d6d980e3",
      "dblevel": 5,
      "location": "/VGMA/NgheKinhThanh/KinhThanhbandichHienDai2017/HD41_Mac/Mac05",
      "isVideo": false,
      "url": "nghe-kinh-thanh.kinh-thanh-ban-dich-hien-dai-2017.hd41-mac.mac-05",
      "name": "Mác 05",
      "count": 0,
      "isLeaf": null,
      "keyword": null,
      "hash": "U2FsdGVkX1+K11GHTSEUmarWhqG4Mn4hBDE16ppFlP87C+hmFo2CdKiBfpWArywXgWDg5Q/WMrAY9G9vueZH5g==",
      "khash": "U2FsdGVkX1+mHgqXbPnTFWcanZiCJLMyDwFtG9SmD1d8CEeAtP/GqPCXB6nRhGrL/NZ6MjtyErXUvHtlllFJWA==",
      "viewCount": null,
      "duration": "4:46",
      "size": 4610473
    },
    {
      "id": "2a01ef51-9348-4df4-8427-c9a6a204caf3",
      "pid": "1b05ec1c-aecf-4715-9b3a-f2b3d6d980e3",
      "dblevel": 5,
      "location": "/VGMA/NgheKinhThanh/KinhThanhbandichHienDai2017/HD41_Mac/Mac06",
      "isVideo": false,
      "url": "nghe-kinh-thanh.kinh-thanh-ban-dich-hien-dai-2017.hd41-mac.mac-06",
      "name": "Mác 06",
      "count": 0,
      "isLeaf": null,
      "keyword": null,
      "hash": "U2FsdGVkX1+CqwFWvN4C3sQtrzVsGmkJHaLNLnLtXCNCqmvlVYLQy4g4SjUtbd57s7pWJMFyKQ1WxP+kHXsdfw==",
      "khash": "U2FsdGVkX1+R5OC3GBeuWvYvMQfBc2nGEBJUgI1ZOwT54sPIPgIpwv+2Gos/Dumt+CWLO6GeImiiRDrwd/NN7w==",
      "viewCount": null,
      "duration": "6:44",
      "size": 6516899
    },
    {
      "id": "7902d0c1-ab08-4eb5-bf1b-c15702d1ba40",
      "pid": "1b05ec1c-aecf-4715-9b3a-f2b3d6d980e3",
      "dblevel": 5,
      "location": "/VGMA/NgheKinhThanh/KinhThanhbandichHienDai2017/HD41_Mac/Mac07",
      "isVideo": false,
      "url": "nghe-kinh-thanh.kinh-thanh-ban-dich-hien-dai-2017.hd41-mac.mac-07",
      "name": "Mác 07",
      "count": 0,
      "isLeaf": null,
      "keyword": null,
      "hash": "U2FsdGVkX199p1g5N9v2y6yzmE58ymfYSU7+qn00AxnVshk15aKDNGU0O3qG0SAUFns4XkQsH+J8Vdy1q4fhpQ==",
      "khash": "U2FsdGVkX1+c+HxO2EuQMDgNa5gviVlJClGMCWSQZK2GvBl6WBuLGqaJEyc8FdooICyhpm/BnWwRuA62OVdMyA==",
      "viewCount": null,
      "duration": "4:34",
      "size": 4417539
    },
    {
      "id": "7da94b7a-b3dd-4a7d-a96e-74d076c70598",
      "pid": "1b05ec1c-aecf-4715-9b3a-f2b3d6d980e3",
      "dblevel": 5,
      "location": "/VGMA/NgheKinhThanh/KinhThanhbandichHienDai2017/HD41_Mac/Mac08",
      "isVideo": false,
      "url": "nghe-kinh-thanh.kinh-thanh-ban-dich-hien-dai-2017.hd41-mac.mac-08",
      "name": "Mác 08",
      "count": 0,
      "isLeaf": null,
      "keyword": null,
      "hash": "U2FsdGVkX1+vEL+uKDodETM6xkPEwsy+zViXuC+2As6aeq3xAilKxsDUsFiqibXPvkLyTZjQaO8tufWEyp15Jw==",
      "khash": "U2FsdGVkX19pZx67AHYHwk1nyiE33tyRKhj0LH2NM0hnm0OMcBuoM8dSKQdTX16GxSSxzwADlLR+hSDf0+JELw==",
      "viewCount": null,
      "duration": "5:2",
      "size": 4879640
    },
    {
      "id": "f100ee48-1b82-4456-a85a-031c074d83e5",
      "pid": "1b05ec1c-aecf-4715-9b3a-f2b3d6d980e3",
      "dblevel": 5,
      "location": "/VGMA/NgheKinhThanh/KinhThanhbandichHienDai2017/HD41_Mac/Mac09",
      "isVideo": false,
      "url": "nghe-kinh-thanh.kinh-thanh-ban-dich-hien-dai-2017.hd41-mac.mac-09",
      "name": "Mác 09",
      "count": 0,
      "isLeaf": null,
      "keyword": null,
      "hash": "U2FsdGVkX1+vkB8owF7XR3YF6fefOD1USlxietmY6ydOgGrUC2/9kUKG2BDHRmJzdClllHdBmqkmnFeW9gwWhQ==",
      "khash": "U2FsdGVkX1+qrlHP00c7Mf/2A7SKDw2cC8zedZW2i/7UTlIP7d7qiwbmRGS9Q4CmIn/GW9+n948S2f18K5C5/Q==",
      "viewCount": null,
      "duration": "6:31",
      "size": 6294638
    },
    {
      "id": "49e9d74e-94d3-46a2-99ab-63363ddff355",
      "pid": "1b05ec1c-aecf-4715-9b3a-f2b3d6d980e3",
      "dblevel": 5,
      "location": "/VGMA/NgheKinhThanh/KinhThanhbandichHienDai2017/HD41_Mac/Mac10",
      "isVideo": false,
      "url": "nghe-kinh-thanh.kinh-thanh-ban-dich-hien-dai-2017.hd41-mac.mac-10",
      "name": "Mác 10",
      "count": 0,
      "isLeaf": null,
      "keyword": null,
      "hash": "U2FsdGVkX19982QEOKQCz1o1OaIoh4LpMF1f8WRdemvvM1h2VufU0MkFx1rWt/KrF6DDmm29xkMx8trmMH7Pxg==",
      "khash": "U2FsdGVkX192BkxPQWG4CxB0O6ZFcp7dxkOjroxS2VIQOn5YURIE+HNn2k946MbxOW+525uWcdQKSVSz8E3drQ==",
      "viewCount": null,
      "duration": "7:4",
      "size": 6832973
    },
    {
      "id": "91de3ba4-817c-4fb4-9368-82676d0983f8",
      "pid": "1b05ec1c-aecf-4715-9b3a-f2b3d6d980e3",
      "dblevel": 5,
      "location": "/VGMA/NgheKinhThanh/KinhThanhbandichHienDai2017/HD41_Mac/Mac11",
      "isVideo": false,
      "url": "nghe-kinh-thanh.kinh-thanh-ban-dich-hien-dai-2017.hd41-mac.mac-11",
      "name": "Mác 11",
      "count": 0,
      "isLeaf": null,
      "keyword": null,
      "hash": "U2FsdGVkX1/1rS/vnOSALGRzICtMB/V9WRZmbcgwbL5/0p6K/4dDqngb6EMn3Yi7tW3ukWTRvUt3kmafexWsRg==",
      "khash": "U2FsdGVkX1/kcPheJuoX5H8pePJDgNeP8wA81ECcCIITc4nyoIW3yUJawvcp1rjAJWjevlGwdxhTM7IFlmfUzQ==",
      "viewCount": null,
      "duration": "4:9",
      "size": 4017824
    },
    {
      "id": "ac1390b5-1e4c-47a2-9b09-fd29dbedad52",
      "pid": "1b05ec1c-aecf-4715-9b3a-f2b3d6d980e3",
      "dblevel": 5,
      "location": "/VGMA/NgheKinhThanh/KinhThanhbandichHienDai2017/HD41_Mac/Mac12",
      "isVideo": false,
      "url": "nghe-kinh-thanh.kinh-thanh-ban-dich-hien-dai-2017.hd41-mac.mac-12",
      "name": "Mác 12",
      "count": 0,
      "isLeaf": null,
      "keyword": null,
      "hash": "U2FsdGVkX1/Gqm/No+vrRv7L9jlM/Pr4GSqY2X9HvdruoUI8IBcnDF3sMjbgETv+gLPMcoPTAAdUD/RXFrhEew==",
      "khash": "U2FsdGVkX1956EWNfsrovundp3nGOPiF8ZWUljuUkip5hbXoWmQCaDsnNckYiLJJy4gNwmTHOb+nv8pbWcn4Lg==",
      "viewCount": null,
      "duration": "6:22",
      "size": 6149409
    },
    {
      "id": "aa7fe7b3-4531-4c9f-b410-9d2f42225f56",
      "pid": "1b05ec1c-aecf-4715-9b3a-f2b3d6d980e3",
      "dblevel": 5,
      "location": "/VGMA/NgheKinhThanh/KinhThanhbandichHienDai2017/HD41_Mac/Mac13",
      "isVideo": false,
      "url": "nghe-kinh-thanh.kinh-thanh-ban-dich-hien-dai-2017.hd41-mac.mac-13",
      "name": "Mác 13",
      "count": 0,
      "isLeaf": null,
      "keyword": null,
      "hash": "U2FsdGVkX18UFyXUDmlDaEcOXVcgNS2lOvP+gLvJUf2Rr5URmFEybseYlRnbaudFEC/dY7tzp361ctPsEyS8HA==",
      "khash": "U2FsdGVkX1+5gvA6pdyeik/0deO5b637mY98WfMDrymESItsFjsZrd/nipB/1HqfRfkap+idjBjV1UtmVqCs+g==",
      "viewCount": null,
      "duration": "4:49",
      "size": 4669186
    },
    {
      "id": "364a1f4c-fd48-405a-888b-1928cdce92a8",
      "pid": "1b05ec1c-aecf-4715-9b3a-f2b3d6d980e3",
      "dblevel": 5,
      "location": "/VGMA/NgheKinhThanh/KinhThanhbandichHienDai2017/HD41_Mac/Mac14",
      "isVideo": false,
      "url": "nghe-kinh-thanh.kinh-thanh-ban-dich-hien-dai-2017.hd41-mac.mac-14",
      "name": "Mác 14",
      "count": 0,
      "isLeaf": null,
      "keyword": null,
      "hash": "U2FsdGVkX1+iPl6uuri9iR9NpYebpYpwPpMcz/U91m2404ImhHKyCWJ5wq2omznQ2h0zOdq06a0WcFDuaZsZhQ==",
      "khash": "U2FsdGVkX19U3svTcED9+Co1BmnKvK7je71YylR2S3B/BBbAw/J8+ahx+Hm5/ew43jIsht9bQ8BhYjQxRuFkVw==",
      "viewCount": null,
      "duration": "9:49",
      "size": 9477974
    },
    {
      "id": "5a4a6659-4d8c-402c-9847-b3d85e404f8e",
      "pid": "1b05ec1c-aecf-4715-9b3a-f2b3d6d980e3",
      "dblevel": 5,
      "location": "/VGMA/NgheKinhThanh/KinhThanhbandichHienDai2017/HD41_Mac/Mac15",
      "isVideo": false,
      "url": "nghe-kinh-thanh.kinh-thanh-ban-dich-hien-dai-2017.hd41-mac.mac-15",
      "name": "Mác 15",
      "count": 0,
      "isLeaf": null,
      "keyword": null,
      "hash": "U2FsdGVkX180kbzb5NhaQvwaY4sw9JuBUlIULgnsv93wLkySMjgIc12Bhz8gkQjVwXrtTdKXfhxzqGyEbk2hCQ==",
      "khash": "U2FsdGVkX1+FccKMnk25PwZ9WmkOmzRGttZIjHjVwwuhZ49jhsa+fwuROkD5rHE439QSMROry/cx+ll3B5fIMA==",
      "viewCount": null,
      "duration": "5:42",
      "size": 5514958
    },
    {
      "id": "e1ddb115-f7cf-4d15-a96f-ca2e0fe828eb",
      "pid": "1b05ec1c-aecf-4715-9b3a-f2b3d6d980e3",
      "dblevel": 5,
      "location": "/VGMA/NgheKinhThanh/KinhThanhbandichHienDai2017/HD41_Mac/Mac16",
      "isVideo": false,
      "url": "nghe-kinh-thanh.kinh-thanh-ban-dich-hien-dai-2017.hd41-mac.mac-16",
      "name": "Mác 16",
      "count": 0,
      "isLeaf": null,
      "keyword": null,
      "hash": "U2FsdGVkX1/54cx7mwKhKx5BpwakSEOL18G7KLm8RcQLZUx3eHe+cusFHgw9ur1ZHmT6X3+6wkA/T1AjuUk4JQ==",
      "khash": "U2FsdGVkX19wubMMTnJsLhE80AnIRC9L0crN78jfjMowG3MHI2I8NdiYi5lREPNfZqrVoikSjsbBvcMIcnJrsQ==",
      "viewCount": null,
      "duration": "2:40",
      "size": 2585843
    }
  ]
}