{
  "id": "0573b616-f1b5-4207-9ef6-20a86d5f43cc",
  "pid": "23541eed-15e9-41d0-8477-67032b0277ec",
  "dblevel": 4,
  "location": "/VGMA/NgheKinhThanh/KinhThanhbandichTruyenThongHieuDinh/53-2Te",
  "isVideo": false,
  "url": "nghe-kinh-thanh.kinh-thanh-ban-dich-truyen-thong-hieu-dinh.53-2te",
  "name": "53-2Te",
  "count": 3,
  "isLeaf": true,
  "keyword": null,
  "hash": null,
  "khash": null,
  "viewCount": null,
  "duration": null,
  "size": null,
  "children": [
    {
      "id": "7b4b5335-dca2-43e9-a620-f3a84624f706",
      "pid": "0573b616-f1b5-4207-9ef6-20a86d5f43cc",
      "dblevel": 5,
      "location": "/VGMA/NgheKinhThanh/KinhThanhbandichTruyenThongHieuDinh/53-2Te/2Te01",
      "isVideo": false,
      "url": "nghe-kinh-thanh.kinh-thanh-ban-dich-truyen-thong-hieu-dinh.53-2te.2te01",
      "name": "2Te01",
      "count": 0,
      "isLeaf": null,
      "keyword": null,
      "hash": "U2FsdGVkX1+mvC+gJty1/aH+PkGtk0ciPRAA1eK5LtNbBxFzB8Zcr2q62D57rz5AkEhk3qqC5cgJTvgpe38nnA==",
      "khash": "U2FsdGVkX1+qZtWgtiS9o9mEtqZJlGDF0l3e5k2JAZvqPr2aTZ+MALv24364YO1lulpkW9pBh/KhFaBzYbP/tQ==",
      "viewCount": null,
      "duration": "2:22",
      "size": 3442787
    },
    {
      "id": "afc0a4fd-13f3-4850-9a8a-e6ebb50a58a5",
      "pid": "0573b616-f1b5-4207-9ef6-20a86d5f43cc",
      "dblevel": 5,
      "location": "/VGMA/NgheKinhThanh/KinhThanhbandichTruyenThongHieuDinh/53-2Te/2Te02",
      "isVideo": false,
      "url": "nghe-kinh-thanh.kinh-thanh-ban-dich-truyen-thong-hieu-dinh.53-2te.2te02",
      "name": "2Te02",
      "count": 0,
      "isLeaf": null,
      "keyword": null,
      "hash": "U2FsdGVkX19iP11bKKnleUl+kPtHRrlgO3Xe6Ua3LVlO6DzlWSdQrpcHFouWa0AWyb4TAbWQFZQ60g2jVWnl3g==",
      "khash": "U2FsdGVkX18uUvkDjxtjbUQYnojghyeIj9BthbKSPxigkd3a9LXiXSko18UCTLTPOaCeLqW4J1X/NcqQB9HOjQ==",
      "viewCount": null,
      "duration": "2:28",
      "size": 3583148
    },
    {
      "id": "fb592e5d-d462-4599-8f2f-d7ab2345b703",
      "pid": "0573b616-f1b5-4207-9ef6-20a86d5f43cc",
      "dblevel": 5,
      "location": "/VGMA/NgheKinhThanh/KinhThanhbandichTruyenThongHieuDinh/53-2Te/2Te03",
      "isVideo": false,
      "url": "nghe-kinh-thanh.kinh-thanh-ban-dich-truyen-thong-hieu-dinh.53-2te.2te03",
      "name": "2Te03",
      "count": 0,
      "isLeaf": null,
      "keyword": null,
      "hash": "U2FsdGVkX1+bufixgTaCi4OrW53xSGTGqWvxiZIwej3HRpgHiUkvTWQRqVWZs5tjKRp7cIUp8Ak92cQRCovFbg==",
      "khash": null,
      "viewCount": null,
      "duration": "2:15",
      "size": 3266224
    }
  ]
}