{
  "id": "3f078a42-7d5d-4e8b-a4be-74585835e9de",
  "pid": "12721143-da46-463e-9f7e-8e2834f7ea2c",
  "dblevel": 4,
  "location": "/VGMA/NgheKinhThanh/KinhThanhbandichTruyenThongHieuDinhTU-MB/TTHD-Giu-de",
  "isVideo": false,
  "url": "nghe-kinh-thanh.kinh-thanh-ban-dich-truyen-thong-hieu-dinh-tu-mb.tthd-giu-de",
  "name": "TTHD-Giu-đe",
  "count": 1,
  "isLeaf": true,
  "keyword": null,
  "hash": null,
  "khash": null,
  "viewCount": null,
  "duration": null,
  "size": null,
  "children": [
    {
      "id": "296aec9e-f313-4c75-b07f-a817fb60de9e",
      "pid": "3f078a42-7d5d-4e8b-a4be-74585835e9de",
      "dblevel": 5,
      "location": "/VGMA/NgheKinhThanh/KinhThanhbandichTruyenThongHieuDinhTU-MB/TTHD-Giu-de/TTHD-Giu(MB)",
      "isVideo": false,
      "url": "nghe-kinh-thanh.kinh-thanh-ban-dich-truyen-thong-hieu-dinh-tu-mb.tthd-giu-de.tthd-giu-mb-",
      "name": "TTHD-Giu(MB)",
      "count": 0,
      "isLeaf": null,
      "keyword": null,
      "hash": "U2FsdGVkX198++ynU0E6nWzaa4njlBsWrXRMR4blOVrf9/0UfcfmSGVdlALsrhrv1yiPnaEmIrEOOltL6LBOjg==",
      "khash": "U2FsdGVkX1/BQ82zxopuzVxUic6kUwqiEMTv203xwg2CyYtakhg33FxAguiIhZXD5oSrVTA7V5LknYXEmtte9A==",
      "viewCount": null,
      "duration": "6:19",
      "size": 12137681
    }
  ]
}