{
  "id": "e5dbea17-a1bd-485c-9ef6-835ee51194c5",
  "pid": "c9d1b010-d46c-48ac-8f82-89e26f2a683f",
  "dblevel": 3,
  "location": "/VGMA/NhanVat/NguoiDanBaSa-ma-ri",
  "isVideo": false,
  "url": "nhan-vat.nguoi-dan-ba-sa-ma-ri",
  "name": "Người Đàn Bà Sa-ma-ri",
  "count": 2,
  "isLeaf": true,
  "keyword": null,
  "hash": null,
  "khash": null,
  "viewCount": null,
  "duration": null,
  "size": null,
  "children": [
    {
      "id": "fb806736-1df5-4130-9a3a-6bb21cf4299c",
      "pid": "e5dbea17-a1bd-485c-9ef6-835ee51194c5",
      "dblevel": 4,
      "location": "/VGMA/NhanVat/NguoiDanBaSa-ma-ri/NguoiDanBaSa-ma-ri-P1",
      "isVideo": false,
      "url": "nhan-vat.nguoi-dan-ba-sa-ma-ri.nguoi-dan-ba-sa-ma-ri-p1",
      "name": "Người Đàn Bà Sa-ma-ri-P1",
      "count": 0,
      "isLeaf": null,
      "keyword": null,
      "hash": "U2FsdGVkX18yLAKM5lYL23YLGhCfx45xT957i6bMPe9icPjpLuNeYtpKj5mTGFmr6Pxl+25V7H0EyUns9bC1gg==",
      "khash": "U2FsdGVkX18MeNkKqJa58Mwb9LuSmUb3142X9Sc8zMLA5aJxstD1ow+rJzdXOaAmmGaFSAEGr9D1RzWUljnlzw==",
      "viewCount": null,
      "duration": "29:45",
      "size": 28573398
    },
    {
      "id": "665bbcc8-ba8c-4d66-9475-3223457788d5",
      "pid": "e5dbea17-a1bd-485c-9ef6-835ee51194c5",
      "dblevel": 4,
      "location": "/VGMA/NhanVat/NguoiDanBaSa-ma-ri/NguoiDanBaSa-ma-ri-P2",
      "isVideo": false,
      "url": "nhan-vat.nguoi-dan-ba-sa-ma-ri.nguoi-dan-ba-sa-ma-ri-p2",
      "name": "Người Đàn Bà Sa-ma-ri-P2",
      "count": 0,
      "isLeaf": null,
      "keyword": null,
      "hash": "U2FsdGVkX1//6SmBeNcjUOr9xx9dy46plH13I2A3felKEVQPHKOdU0NTFO6J8dW5N+rrqJnIDwLqlNqF/n0YVw==",
      "khash": "U2FsdGVkX19AIeIzGTFogCzIeHFiC6pG38nizEWUi0LjTHuLaJBY5x4tYxXUK57z02tICbqiTOB3SvEeEAF29A==",
      "viewCount": null,
      "duration": "30:32",
      "size": 29323632
    }
  ]
}