{
  "id": "5d6c8da5-a614-4e9f-aab6-f94a21fa94ef",
  "pid": "c9d1b010-d46c-48ac-8f82-89e26f2a683f",
  "dblevel": 3,
  "location": "/VGMA/NhanVat/Lot",
  "isVideo": false,
  "url": "nhan-vat.lot",
  "name": "Lót",
  "count": 3,
  "isLeaf": true,
  "keyword": null,
  "hash": null,
  "khash": null,
  "viewCount": null,
  "duration": null,
  "size": null,
  "children": [
    {
      "id": "d6b3e76c-388c-44f3-adeb-f802545e38d9",
      "pid": "5d6c8da5-a614-4e9f-aab6-f94a21fa94ef",
      "dblevel": 4,
      "location": "/VGMA/NhanVat/Lot/Lot01",
      "isVideo": false,
      "url": "nhan-vat.lot.lot-01",
      "name": "Lót 01",
      "count": 0,
      "isLeaf": null,
      "keyword": null,
      "hash": "U2FsdGVkX1+Zo6MyqfNdQAfv+hEsMzSJb48wRAVVKHb710vh8rn6T0SECbLIjyylYVX8L63LgYwQa3fkQ04Lkg==",
      "khash": "U2FsdGVkX1/mkuVmICVwAdPCb6BIhP5omcjxj2NZ2ihtVdPvWLzsbqkwkht/l0IRZmzi/o4/mkKXqupIuS3Bow==",
      "viewCount": null,
      "duration": "17:26",
      "size": 16746319
    },
    {
      "id": "2c23ce08-45b4-4a19-81a2-9e2d2576f3b3",
      "pid": "5d6c8da5-a614-4e9f-aab6-f94a21fa94ef",
      "dblevel": 4,
      "location": "/VGMA/NhanVat/Lot/Lot02",
      "isVideo": false,
      "url": "nhan-vat.lot.lot-02",
      "name": "Lót 02",
      "count": 0,
      "isLeaf": null,
      "keyword": null,
      "hash": "U2FsdGVkX19qJlBZpDjBIeVNNjplAHcnJgusGlyM1OqozppF7FBAkFAdgUOzZWyhNAmRC4hsfwhuTkqp0auuKA==",
      "khash": null,
      "viewCount": null,
      "duration": "14:58",
      "size": 14376490
    },
    {
      "id": "b1e22eef-abd9-4195-863f-03c6cb4890ff",
      "pid": "5d6c8da5-a614-4e9f-aab6-f94a21fa94ef",
      "dblevel": 4,
      "location": "/VGMA/NhanVat/Lot/Lot03",
      "isVideo": false,
      "url": "nhan-vat.lot.lot-03",
      "name": "Lót 03",
      "count": 0,
      "isLeaf": null,
      "keyword": null,
      "hash": "U2FsdGVkX19i9yjV1SRdMAmwuhMyvTBH5mAVCOAAJsCANtNQQdYlfCh5I/muWLk7uB5ljgq+WS9aa46MrFOSlw==",
      "khash": null,
      "viewCount": null,
      "duration": "18:10",
      "size": 17453924
    }
  ]
}