{
  "id": "1ab021a8-7e68-4613-8778-b1ed55eeac6e",
  "pid": "c9d1b010-d46c-48ac-8f82-89e26f2a683f",
  "dblevel": 3,
  "location": "/VGMA/NhanVat/GoaPhuSa-rep-ta",
  "isVideo": false,
  "url": "nhan-vat.goa-phu-sa-rep-ta",
  "name": "Góa Phụ Sa-rép-ta",
  "count": 1,
  "isLeaf": true,
  "keyword": null,
  "hash": null,
  "khash": null,
  "viewCount": null,
  "duration": null,
  "size": null,
  "children": [
    {
      "id": "e4aab4de-08c7-4f66-83d3-7d6889534fa5",
      "pid": "1ab021a8-7e68-4613-8778-b1ed55eeac6e",
      "dblevel": 4,
      "location": "/VGMA/NhanVat/GoaPhuSa-rep-ta/GoaPhuSa-rep-ta",
      "isVideo": false,
      "url": "nhan-vat.goa-phu-sa-rep-ta.goa-phu-sa-rep-ta",
      "name": "Góa Phụ Sa-rép-ta",
      "count": 0,
      "isLeaf": null,
      "keyword": null,
      "hash": "U2FsdGVkX18+Yr0MWjztPQd8yvKsXkaLYkUXdnnYgAoUnNIE4K+ZnC92prD8pTM8ohyFR4W10unbXwDy8RqFZw==",
      "khash": null,
      "viewCount": null,
      "duration": "42:59",
      "size": 41279856
    }
  ]
}