{
  "id": "0537ec1e-47b2-4172-b92f-28a3908ac19a",
  "pid": "c9d1b010-d46c-48ac-8f82-89e26f2a683f",
  "dblevel": 3,
  "location": "/VGMA/NhanVat/VovaHaiConGaiOngLot",
  "isVideo": false,
  "url": "nhan-vat.vo-va-hai-con-gai-ong-lot",
  "name": "Vợ và Hai Con Gái Ông Lót",
  "count": 1,
  "isLeaf": true,
  "keyword": null,
  "hash": null,
  "khash": null,
  "viewCount": null,
  "duration": null,
  "size": null,
  "children": [
    {
      "id": "10f585dc-04cc-4f4a-8685-014aba8c853e",
      "pid": "0537ec1e-47b2-4172-b92f-28a3908ac19a",
      "dblevel": 4,
      "location": "/VGMA/NhanVat/VovaHaiConGaiOngLot/VovaHaiConGaiOngLot",
      "isVideo": false,
      "url": "nhan-vat.vo-va-hai-con-gai-ong-lot.vo-va-hai-con-gai-ong-lot",
      "name": "Vợ và Hai Con Gái Ông Lót",
      "count": 0,
      "isLeaf": null,
      "keyword": null,
      "hash": "U2FsdGVkX18mG4k2fFUZf6aFbubvVJktVk3NMtyokvuUFVm6qCn81CsEQKVeiDyyJkzXny9Crth7aE4SROhgXA==",
      "khash": null,
      "viewCount": null,
      "duration": "42:16",
      "size": 40586736
    }
  ]
}