{
  "id": "c656637d-bb88-4b16-ae99-b145a902cb96",
  "pid": "c9d1b010-d46c-48ac-8f82-89e26f2a683f",
  "dblevel": 3,
  "location": "/VGMA/NhanVat/GoaPhuDangHien",
  "isVideo": false,
  "url": "nhan-vat.goa-phu-dang-hien",
  "name": "Góa Phụ Dâng Hiến",
  "count": 1,
  "isLeaf": true,
  "keyword": null,
  "hash": null,
  "khash": null,
  "viewCount": null,
  "duration": null,
  "size": null,
  "children": [
    {
      "id": "c55acc5b-0781-46fa-acfc-0f08f9c6896f",
      "pid": "c656637d-bb88-4b16-ae99-b145a902cb96",
      "dblevel": 4,
      "location": "/VGMA/NhanVat/GoaPhuDangHien/GoaPhuDangHien",
      "isVideo": false,
      "url": "nhan-vat.goa-phu-dang-hien.goa-phu-dang-hien",
      "name": "Góa Phụ Dâng Hiến",
      "count": 0,
      "isLeaf": null,
      "keyword": null,
      "hash": "U2FsdGVkX1+/n/IR496m0Hy7sOg5F1E8sZgzmg2G2YnAcIrdZ2B+NvW+pMQnOnEGkaDwHD5jN3PZrNw84uQpsg==",
      "khash": "U2FsdGVkX19q2oQLEcdLqBRh51UoAJtzzJTtTXLEfegYCkL7qAMuP2aHYgIiwxawcrsxB8qp9zVB2ztyODe/ew==",
      "viewCount": null,
      "duration": "18:26",
      "size": 17713776
    }
  ]
}