{
  "id": "1d6309c1-994b-4dda-9160-5f40a017de3e",
  "pid": "c9d1b010-d46c-48ac-8f82-89e26f2a683f",
  "dblevel": 3,
  "location": "/VGMA/NhanVat/Bat-Se-Ba",
  "isVideo": false,
  "url": "nhan-vat.bat-se-ba",
  "name": "Bát-Sê-Ba",
  "count": 5,
  "isLeaf": true,
  "keyword": null,
  "hash": null,
  "khash": null,
  "viewCount": null,
  "duration": null,
  "size": null,
  "children": [
    {
      "id": "15789d54-3d7f-46ff-ace1-d74d53c22b4a",
      "pid": "1d6309c1-994b-4dda-9160-5f40a017de3e",
      "dblevel": 4,
      "location": "/VGMA/NhanVat/Bat-Se-Ba/Bat-se-ba1",
      "isVideo": false,
      "url": "nhan-vat.bat-se-ba.bat-se-ba-1",
      "name": "Bát-sê-ba 1",
      "count": 0,
      "isLeaf": null,
      "keyword": null,
      "hash": "U2FsdGVkX1+MtAtAZGkGv5NTQsPyBtGpeDlbigtPefQNuVv7o9+S7OTUCXO/jIHErM6p1VJkTelcIYLLg+RorA==",
      "khash": "U2FsdGVkX18oIA2w8ZAyL+7a+8WKL5/2XU//AJiHSwD+pNEQvri9ou8qM201KgN31AV5wD09EyyaJ/9PJsGMLA==",
      "viewCount": null,
      "duration": "25:54",
      "size": 24875635
    },
    {
      "id": "4e66f49f-d7c9-482e-9e39-3fb9c4f26720",
      "pid": "1d6309c1-994b-4dda-9160-5f40a017de3e",
      "dblevel": 4,
      "location": "/VGMA/NhanVat/Bat-Se-Ba/Bat-se-ba2",
      "isVideo": false,
      "url": "nhan-vat.bat-se-ba.bat-se-ba-2",
      "name": "Bát-sê-ba 2",
      "count": 0,
      "isLeaf": null,
      "keyword": null,
      "hash": "U2FsdGVkX1+Lku+uKJAW3r5ogmcd1Pc+BqCMur0jdiQQnMUxw5E5l9P4A4NN3WrrfuLIc33R4qaHeQ/VJXpRPQ==",
      "khash": "U2FsdGVkX1/RXvhBcxwqYN5qNVYeT123PHDCCrKuEg/mQQ/CecLX6ZvtAS+zwL9z5CuDNFH6UuEtghO2H1mJ+w==",
      "viewCount": null,
      "duration": "21:0",
      "size": 20174012
    },
    {
      "id": "b9bac812-0c20-4e4e-8573-e2d83bd7cd80",
      "pid": "1d6309c1-994b-4dda-9160-5f40a017de3e",
      "dblevel": 4,
      "location": "/VGMA/NhanVat/Bat-Se-Ba/Bat-se-ba3",
      "isVideo": false,
      "url": "nhan-vat.bat-se-ba.bat-se-ba-3",
      "name": "Bát-sê-ba 3",
      "count": 0,
      "isLeaf": null,
      "keyword": null,
      "hash": "U2FsdGVkX19RtSH0AAcfD3UeqLoBiGd/QGl2w2CS1xZ6DiL8i+H5jXcVJl93y5dWGMto5eOASmp4ZrEH4z5lQw==",
      "khash": "U2FsdGVkX18LmoOc8cAxYWF9RuKroE4Q6WQ/tr8KHf4zpbQ2OCF0c0ccU9pKGo7MirVqrrw8lxkF0wmYotRZbw==",
      "viewCount": null,
      "duration": "22:52",
      "size": 21967057
    },
    {
      "id": "49999604-889e-40b5-b14d-1721b4120b60",
      "pid": "1d6309c1-994b-4dda-9160-5f40a017de3e",
      "dblevel": 4,
      "location": "/VGMA/NhanVat/Bat-Se-Ba/Bat-se-ba4",
      "isVideo": false,
      "url": "nhan-vat.bat-se-ba.bat-se-ba-4",
      "name": "Bát-sê-ba 4",
      "count": 0,
      "isLeaf": null,
      "keyword": null,
      "hash": "U2FsdGVkX1+Z7uHnTueYAeGrvXDq2D69YYdubkPNkfPavHwSrGjlvRZ5QTKmdLnGkr7gQ+CBqUN86WDl1STupA==",
      "khash": null,
      "viewCount": null,
      "duration": "22:6",
      "size": 21220164
    },
    {
      "id": "3efc2459-8fda-4bee-a54a-f042cff92858",
      "pid": "1d6309c1-994b-4dda-9160-5f40a017de3e",
      "dblevel": 4,
      "location": "/VGMA/NhanVat/Bat-Se-Ba/Bat-se-ba5",
      "isVideo": false,
      "url": "nhan-vat.bat-se-ba.bat-se-ba-5",
      "name": "Bát-sê-ba 5",
      "count": 0,
      "isLeaf": null,
      "keyword": null,
      "hash": "U2FsdGVkX19GX+LDHm8+qIXT5Go2K2r/S4CNaC49A8fqK5XgSD3UGvR91Hp1Wf30dCX1UHd/tN80clH4WM15sQ==",
      "khash": null,
      "viewCount": null,
      "duration": "22:14",
      "size": 21356001
    }
  ]
}