{
  "id": "f6321387-a180-457e-9708-b3cf57750929",
  "pid": "c9d1b010-d46c-48ac-8f82-89e26f2a683f",
  "dblevel": 3,
  "location": "/VGMA/NhanVat/ChiChayMaThoi",
  "isVideo": false,
  "url": "nhan-vat.chi-chay-ma-thoi",
  "name": "Chỉ Chạy Mà Thôi",
  "count": 6,
  "isLeaf": true,
  "keyword": null,
  "hash": null,
  "khash": null,
  "viewCount": null,
  "duration": null,
  "size": null,
  "children": [
    {
      "id": "93e649d1-1647-4900-a563-3cf7f240f479",
      "pid": "f6321387-a180-457e-9708-b3cf57750929",
      "dblevel": 4,
      "location": "/VGMA/NhanVat/ChiChayMaThoi/01_An-ne-GiacMoTanVo",
      "isVideo": false,
      "url": "nhan-vat.chi-chay-ma-thoi.01-an-ne-giac-mo-tan-vo",
      "name": "01_An-ne-Giấc Mơ Tan Vỡ",
      "count": 0,
      "isLeaf": null,
      "keyword": null,
      "hash": "U2FsdGVkX18SDaOjTgk777aCR3ceniG8KMuzdS9NdOclESsnk/EUFO6KWY3Cwspl8xbmIhqGWUBkdBc2jLWO4A==",
      "khash": "U2FsdGVkX1/6BkbSddWXjnjuzzdC5+UO2Y0ibperxbchqa1TkTmE1FnnlbdpdIPu834levVKRCsVs6fS/lJLsg==",
      "viewCount": null,
      "duration": "39:37",
      "size": 38034857
    },
    {
      "id": "1a1cd617-ad3f-4109-b3c3-b4c257da85e4",
      "pid": "f6321387-a180-457e-9708-b3cf57750929",
      "dblevel": 4,
      "location": "/VGMA/NhanVat/ChiChayMaThoi/02_Na-o-mi-SuCayDang",
      "isVideo": false,
      "url": "nhan-vat.chi-chay-ma-thoi.02-na-o-mi-su-cay-dang",
      "name": "02_Na-ô-mi-Sự Cay Đắng",
      "count": 0,
      "isLeaf": null,
      "keyword": null,
      "hash": "U2FsdGVkX1/iBjZnTrj90rX+DouX1XWy0ES+LUts76F2Mn362czKpwMXh9+I84EU8AV2l9Fap1zHb6ZJ3VD0UA==",
      "khash": null,
      "viewCount": null,
      "duration": "41:48",
      "size": 40135102
    },
    {
      "id": "523586fa-dba1-403e-ae13-b7bac283603b",
      "pid": "f6321387-a180-457e-9708-b3cf57750929",
      "dblevel": 4,
      "location": "/VGMA/NhanVat/ChiChayMaThoi/03_Ma-the-SuBanRon",
      "isVideo": false,
      "url": "nhan-vat.chi-chay-ma-thoi.03-ma-the-su-ban-ron",
      "name": "03_Ma-thê - Sự Bận Rộn",
      "count": 0,
      "isLeaf": null,
      "keyword": null,
      "hash": "U2FsdGVkX18NHT6jh5kqaqU7FK4iiAB+yrRevjAnAbFhaSGs/vXPKHkM/Rwwhd0UvbbP8PSswPU4F3nthsF9cw==",
      "khash": null,
      "viewCount": null,
      "duration": "44:37",
      "size": 42845985
    },
    {
      "id": "3b48c42a-8bba-4e8f-8d58-544f48c36bd4",
      "pid": "f6321387-a180-457e-9708-b3cf57750929",
      "dblevel": 4,
      "location": "/VGMA/NhanVat/ChiChayMaThoi/04_E-li-KietSuc",
      "isVideo": false,
      "url": "nhan-vat.chi-chay-ma-thoi.04-e-li-kiet-suc",
      "name": "04_Ê-li - Kiệt Sức",
      "count": 0,
      "isLeaf": null,
      "keyword": null,
      "hash": "U2FsdGVkX18splS0u4oKEpn4YhWk9guFBTYKMIhLPm1avMmAZ68y1NQkYhj8oq42Fn7kba/QRUT4M2M9tB5SaA==",
      "khash": null,
      "viewCount": null,
      "duration": "43:5",
      "size": 41364320
    },
    {
      "id": "f0c9a660-aea6-4759-b0e4-20edec80af5d",
      "pid": "f6321387-a180-457e-9708-b3cf57750929",
      "dblevel": 4,
      "location": "/VGMA/NhanVat/ChiChayMaThoi/05_Le-a-SuTuBo",
      "isVideo": false,
      "url": "nhan-vat.chi-chay-ma-thoi.05-le-a-su-tu-bo",
      "name": "05_Lê-a - Sự Từ Bỏ",
      "count": 0,
      "isLeaf": null,
      "keyword": null,
      "hash": "U2FsdGVkX195S+q+2i04icpa69ah3UPeTP2/DFe1prQGYY35DlneMgCWZvsP8uEN4HK75j0GCf7WHgWkVJ826Q==",
      "khash": null,
      "viewCount": null,
      "duration": "43:58",
      "size": 42220718
    },
    {
      "id": "1a1800b2-37d9-4b70-8f87-f1208fe1999c",
      "pid": "f6321387-a180-457e-9708-b3cf57750929",
      "dblevel": 4,
      "location": "/VGMA/NhanVat/ChiChayMaThoi/06_NguoiConhoangDang-NoiLoan",
      "isVideo": false,
      "url": "nhan-vat.chi-chay-ma-thoi.06-nguoi-con-hoang-dang-noi-loan",
      "name": "06_Người Con hoang Đàng-Nổi Loạn",
      "count": 0,
      "isLeaf": null,
      "keyword": null,
      "hash": "U2FsdGVkX18FleYsiOjRe3W/K0nqTO8B3H2KtzKF6iMsi8PZ2HlNoFwzXSakVgeeUvHgi7SugC9cRsoHctW5MA==",
      "khash": null,
      "viewCount": null,
      "duration": "43:14",
      "size": 41508097
    }
  ]
}