{
  "id": "7023403b-2629-4379-ad5d-5c1d0f32f954",
  "pid": "c9d1b010-d46c-48ac-8f82-89e26f2a683f",
  "dblevel": 3,
  "location": "/VGMA/NhanVat/VoPho-ti-pha",
  "isVideo": false,
  "url": "nhan-vat.vo-pho-ti-pha",
  "name": "Vợ Phô-ti-pha",
  "count": 1,
  "isLeaf": true,
  "keyword": null,
  "hash": null,
  "khash": null,
  "viewCount": null,
  "duration": null,
  "size": null,
  "children": [
    {
      "id": "7486c658-1cef-451e-955f-743cc3ecee4f",
      "pid": "7023403b-2629-4379-ad5d-5c1d0f32f954",
      "dblevel": 4,
      "location": "/VGMA/NhanVat/VoPho-ti-pha/VoPho-ti-pha",
      "isVideo": false,
      "url": "nhan-vat.vo-pho-ti-pha.vo-pho-ti-pha",
      "name": "Vợ Phô-ti-pha",
      "count": 0,
      "isLeaf": null,
      "keyword": null,
      "hash": "U2FsdGVkX1/ITGUzEOvkP8CyO0iKCrAkyoPuUpcezNMCfcaslJQpIR7Wj/GbvKSfHBNMhRI6tFrm1/Jyr/3msw==",
      "khash": "U2FsdGVkX1+IW7p39RYDFQlYdF41uqYgyI8H+sYuxl38e7GkqVmvStLcdgtGgKFcU7h1W4qinkeGSktt9kqcdQ==",
      "viewCount": null,
      "duration": "42:43",
      "size": 41024496
    }
  ]
}