{
  "id": "fad66290-137d-499a-9d22-0092ba32f564",
  "pid": "c9d1b010-d46c-48ac-8f82-89e26f2a683f",
  "dblevel": 3,
  "location": "/VGMA/NhanVat/E-Va",
  "isVideo": false,
  "url": "nhan-vat.e-va",
  "name": "Ê-Va",
  "count": 6,
  "isLeaf": true,
  "keyword": null,
  "hash": null,
  "khash": null,
  "viewCount": null,
  "duration": null,
  "size": null,
  "children": [
    {
      "id": "aa892e88-656b-4c0e-8d0b-a58c3b8b8fa4",
      "pid": "fad66290-137d-499a-9d22-0092ba32f564",
      "dblevel": 4,
      "location": "/VGMA/NhanVat/E-Va/E-va1",
      "isVideo": false,
      "url": "nhan-vat.e-va.e-va-1",
      "name": "Ê-va 1",
      "count": 0,
      "isLeaf": null,
      "keyword": null,
      "hash": "U2FsdGVkX19GoayVph+Q8SeesflgPviu0AuQSMo6alZf8eVQVAZjCsFl2UgQMe78ciMmvbfZRljyaCuElVGDSA==",
      "khash": "U2FsdGVkX1+OzPypAFrkxTYRoboC4+jgaZKyb+J8xfQbnZn/5LT7d/+KoxtSgQP+HPnPVYbYa5Z992ljyjW+IA==",
      "viewCount": null,
      "duration": "21:15",
      "size": 20405969
    },
    {
      "id": "5317ba9f-fffe-4991-b3d3-0c51edcc248c",
      "pid": "fad66290-137d-499a-9d22-0092ba32f564",
      "dblevel": 4,
      "location": "/VGMA/NhanVat/E-Va/E-va2",
      "isVideo": false,
      "url": "nhan-vat.e-va.e-va-2",
      "name": "Ê-va 2",
      "count": 0,
      "isLeaf": null,
      "keyword": null,
      "hash": "U2FsdGVkX1+3KQ/HMCcz+AnQIomKDgm3EQeF1DMR9bdYJ9yFuQGSJMR7hQe2+T9zgcnniEtc2OpsC8s/qu7xRQ==",
      "khash": "U2FsdGVkX1/KJZCfAgzoK2M5asqwjaDj0F5zrSqBQJQdco4u083jNBp/Lf29mlDJRZRKkc0Y8b82nCYL1liRjA==",
      "viewCount": null,
      "duration": "20:29",
      "size": 19671615
    },
    {
      "id": "d4952718-9f36-49fd-9704-10f46043991e",
      "pid": "fad66290-137d-499a-9d22-0092ba32f564",
      "dblevel": 4,
      "location": "/VGMA/NhanVat/E-Va/E-va3",
      "isVideo": false,
      "url": "nhan-vat.e-va.e-va-3",
      "name": "Ê-va 3",
      "count": 0,
      "isLeaf": null,
      "keyword": null,
      "hash": "U2FsdGVkX18y4aD40nSaa4Qi3cgGfsexfFSKxgm8g4rS0c0IPe9Mk0pM1UVK9L9S//8xSN8smFVeAkMsr9urWQ==",
      "khash": "U2FsdGVkX1/2A9QFtT2jeuz9OPt3dqLh+g4laFgmgpOJIr2/gFbzBbn41kQYJ7fVWyRLLy0DydKrSlardnL4Lw==",
      "viewCount": null,
      "duration": "20:17",
      "size": 19479354
    },
    {
      "id": "a5be98b8-c637-43cd-95a5-fa1fc2d90188",
      "pid": "fad66290-137d-499a-9d22-0092ba32f564",
      "dblevel": 4,
      "location": "/VGMA/NhanVat/E-Va/E-va4",
      "isVideo": false,
      "url": "nhan-vat.e-va.e-va-4",
      "name": "Ê-va 4",
      "count": 0,
      "isLeaf": null,
      "keyword": null,
      "hash": "U2FsdGVkX18bQFbi7Bj1WgWsQc6u6MxDf/OnrC41SMuLpOwK+5H/FCPcLMrKkhJ2RvdoiPUEFr/0zkXKXnEWvw==",
      "khash": null,
      "viewCount": null,
      "duration": "21:12",
      "size": 20354978
    },
    {
      "id": "0623ed75-1a70-43a0-9813-8959b312dfe4",
      "pid": "fad66290-137d-499a-9d22-0092ba32f564",
      "dblevel": 4,
      "location": "/VGMA/NhanVat/E-Va/E-va5",
      "isVideo": false,
      "url": "nhan-vat.e-va.e-va-5",
      "name": "Ê-va 5",
      "count": 0,
      "isLeaf": null,
      "keyword": null,
      "hash": "U2FsdGVkX18eBYMzg9KLAY3iXVg+EghkX4Bat1hk+ByGYgNHnV/6vF5v2OAWgMIQXY2CE1wdZLXNrLOF5DFETQ==",
      "khash": null,
      "viewCount": null,
      "duration": "20:8",
      "size": 19330560
    },
    {
      "id": "1f7f6ed3-03e0-40da-82f0-eaa7acb31156",
      "pid": "fad66290-137d-499a-9d22-0092ba32f564",
      "dblevel": 4,
      "location": "/VGMA/NhanVat/E-Va/E-va6",
      "isVideo": false,
      "url": "nhan-vat.e-va.e-va-6",
      "name": "Ê-va 6",
      "count": 0,
      "isLeaf": null,
      "keyword": null,
      "hash": "U2FsdGVkX1/98mQHOBEOeFpFwsmbcuXzU5U5g/3eIj2y/mm42pcxFHUzHB6pU7JR7B+Bdgnc+KZ+Vx8BK8a0yg==",
      "khash": null,
      "viewCount": null,
      "duration": "20:46",
      "size": 19949140
    }
  ]
}