{
  "id": "3e85d5f8-3c25-4830-80ef-937afe8a759d",
  "pid": "c9d1b010-d46c-48ac-8f82-89e26f2a683f",
  "dblevel": 3,
  "location": "/VGMA/NhanVat/DayToVoNa-a-man",
  "isVideo": false,
  "url": "nhan-vat.day-to-vo-na-a-man",
  "name": "Đầy Tớ Vợ Na-a-man",
  "count": 1,
  "isLeaf": true,
  "keyword": null,
  "hash": null,
  "khash": null,
  "viewCount": null,
  "duration": null,
  "size": null,
  "children": [
    {
      "id": "d57936e8-c023-4804-9343-2f5a5fca0e05",
      "pid": "3e85d5f8-3c25-4830-80ef-937afe8a759d",
      "dblevel": 4,
      "location": "/VGMA/NhanVat/DayToVoNa-a-man/DayToVoNa-a-man",
      "isVideo": false,
      "url": "nhan-vat.day-to-vo-na-a-man.day-to-vo-na-a-man",
      "name": "Đầy Tớ Vợ Na-a-man",
      "count": 0,
      "isLeaf": null,
      "keyword": null,
      "hash": "U2FsdGVkX1/OGa2AIGrRcvVxQUeH/O4fmCbxVANmjOo06pm3UG8XUCwLBbqpqvs6yXzuQZ1VMovG088f1ABaiQ==",
      "khash": "U2FsdGVkX190xSmnDZORsl7jKV4XlLbrJMhCi3lZ7Toxi2LoH5fuMeOImcGxopcZIVbYHpKOtNI9G6RFTVHirw==",
      "viewCount": null,
      "duration": "43:13",
      "size": 41504778
    }
  ]
}