{
  "id": "e2a5dfb7-b38a-44db-b54e-d36c7bdcec2d",
  "pid": "c9d1b010-d46c-48ac-8f82-89e26f2a683f",
  "dblevel": 3,
  "location": "/VGMA/NhanVat/ConGaiGiai-ru",
  "isVideo": false,
  "url": "nhan-vat.con-gai-giai-ru",
  "name": "Con Gái Giai-ru",
  "count": 1,
  "isLeaf": true,
  "keyword": null,
  "hash": null,
  "khash": null,
  "viewCount": null,
  "duration": null,
  "size": null,
  "children": [
    {
      "id": "53d209c1-3ac2-433c-a1af-fa03b133d086",
      "pid": "e2a5dfb7-b38a-44db-b54e-d36c7bdcec2d",
      "dblevel": 4,
      "location": "/VGMA/NhanVat/ConGaiGiai-ru/ConGaiGiai-ru",
      "isVideo": false,
      "url": "nhan-vat.con-gai-giai-ru.con-gai-giai-ru",
      "name": "Con Gái Giai-ru",
      "count": 0,
      "isLeaf": null,
      "keyword": null,
      "hash": "U2FsdGVkX18uoYtcVS/NvQirJ9nkJE2fUYmDayGuB9Cb/CiKhrDhhSbLEqQFSCZ1XS1NLZjK94QxmpzqZDNBvg==",
      "khash": null,
      "viewCount": null,
      "duration": "18:3",
      "size": 17347824
    }
  ]
}