{
  "id": "a56841f6-3f00-475b-9089-c0f532a6eb4a",
  "pid": "c9d1b010-d46c-48ac-8f82-89e26f2a683f",
  "dblevel": 3,
  "location": "/VGMA/NhanVat/A-Qui-LaVaBe-Rit-Sin",
  "isVideo": false,
  "url": "nhan-vat.a-qui-la-va-be-rit-sin",
  "name": "A-Qui-La Và Bê-Rit-Sin",
  "count": 1,
  "isLeaf": true,
  "keyword": null,
  "hash": null,
  "khash": null,
  "viewCount": null,
  "duration": null,
  "size": null,
  "children": [
    {
      "id": "da8dcb88-10c0-46a3-9989-863afbe6b5c3",
      "pid": "a56841f6-3f00-475b-9089-c0f532a6eb4a",
      "dblevel": 4,
      "location": "/VGMA/NhanVat/A-Qui-LaVaBe-Rit-Sin/A-Qui-LaVaBe-Rit-Sin",
      "isVideo": false,
      "url": "nhan-vat.a-qui-la-va-be-rit-sin.a-qui-la-va-be-rit-sin",
      "name": "A-Qui-La Và Bê-Rit-Sin",
      "count": 0,
      "isLeaf": null,
      "keyword": null,
      "hash": "U2FsdGVkX18ZW4ygpfObQ7UkVLDD7qjlmn+Beh5MJzXqAllryOVXMbkf6aMh1/U8HotbTXCqyogi7gF2psrBEg==",
      "khash": null,
      "viewCount": null,
      "duration": "12:46",
      "size": 12266664
    }
  ]
}