{
  "id": "26805125-c31d-4a43-81d5-2d87751fc79e",
  "pid": "4fcba65a-e002-476e-a912-71f1c3350057",
  "dblevel": 4,
  "location": "/VGMA/ThieuNhi/CauChuyen/CuuUoc",
  "isVideo": false,
  "url": "thieu-nhi.cau-chuyen.cuu-uoc",
  "name": "Cựu Ước",
  "count": 18,
  "isLeaf": true,
  "keyword": null,
  "hash": null,
  "khash": null,
  "viewCount": null,
  "duration": null,
  "size": null,
  "children": [
    {
      "id": "3ca54bc1-1477-4304-af2f-7ebd756c88a2",
      "pid": "26805125-c31d-4a43-81d5-2d87751fc79e",
      "dblevel": 5,
      "location": "/VGMA/ThieuNhi/CauChuyen/CuuUoc/01-CauChuyenSangTao",
      "isVideo": false,
      "url": "thieu-nhi.cau-chuyen.cuu-uoc.01-cau-chuyen-sang-tao",
      "name": "01-Câu Chuyện Sáng Tạo",
      "count": 0,
      "isLeaf": null,
      "keyword": null,
      "hash": "U2FsdGVkX1++Ej+lfAIV8qQX5xy4q9RV1VRcdhwl7zxe5q2e86t2smeYOAk2o9g8xV7c09FSLlpcPc59iROnuw==",
      "khash": "U2FsdGVkX1/EnkQuMQEx76eCYwOFdYg9F0rYxdgjuxqmWNmRZ2251eZmiJhjuA3A1YPWfhAxYo2UZKx6+cOztw==",
      "viewCount": null,
      "duration": "10:12",
      "size": 9802377
    },
    {
      "id": "eb2ce13a-4ba5-4d8c-9376-78513d88a6f7",
      "pid": "26805125-c31d-4a43-81d5-2d87751fc79e",
      "dblevel": 5,
      "location": "/VGMA/ThieuNhi/CauChuyen/CuuUoc/02-DoiVoChongDauTien",
      "isVideo": false,
      "url": "thieu-nhi.cau-chuyen.cuu-uoc.02-doi-vo-chong-dau-tien",
      "name": "02-Đôi Vợ Chồng Đầu Tiên",
      "count": 0,
      "isLeaf": null,
      "keyword": null,
      "hash": "U2FsdGVkX1+fPyybqWIKJgSu4PNrc9+IvSNk8+nG+wwhEVpb+W25Pkm8GZK0TivkBQ4rWhXJgcRYICfIDP8neA==",
      "khash": "U2FsdGVkX18++ueIScg2O8bmQ5ScR3l0t0o5KfpYzDBF4D4/jf9QpZWjKap2ZMGwCE+JiibmeZ0i5h5qcbaKCw==",
      "viewCount": null,
      "duration": "8:54",
      "size": 8551011
    },
    {
      "id": "1d6ba851-2bfc-4796-9f7a-29172ee4d87d",
      "pid": "26805125-c31d-4a43-81d5-2d87751fc79e",
      "dblevel": 5,
      "location": "/VGMA/ThieuNhi/CauChuyen/CuuUoc/03-VuonDiaDang",
      "isVideo": false,
      "url": "thieu-nhi.cau-chuyen.cuu-uoc.03-vuon-dia-dang",
      "name": "03-Vườn Địa Đàng",
      "count": 0,
      "isLeaf": null,
      "keyword": null,
      "hash": "U2FsdGVkX1/fnmlrDaSBp4bId88DsyZFVyfbST/r7ln+Aa+JTgXMlXZSokWBU8BbdjvYhYSF8NmgZSeF8Q8X/w==",
      "khash": null,
      "viewCount": null,
      "duration": "9:8",
      "size": 8776275
    },
    {
      "id": "76396041-8995-48bf-b79b-8d83e7cd9f23",
      "pid": "26805125-c31d-4a43-81d5-2d87751fc79e",
      "dblevel": 5,
      "location": "/VGMA/ThieuNhi/CauChuyen/CuuUoc/04-ChuyenHaiAnhEm",
      "isVideo": false,
      "url": "thieu-nhi.cau-chuyen.cuu-uoc.04-chuyen-hai-anh-em",
      "name": "04-Chuyện Hai Anh Em",
      "count": 0,
      "isLeaf": null,
      "keyword": null,
      "hash": "U2FsdGVkX1+NCTlQC/pez1Vhu3Li+uTo/DkGsSLveb7Q7fZLv93OpPhrP9oDZtj0OIrCyKjFp9QPca+NxM4lTA==",
      "khash": null,
      "viewCount": null,
      "duration": "8:56",
      "size": 8578170
    },
    {
      "id": "aba05718-a350-4d14-9d15-2e08e7df44c4",
      "pid": "26805125-c31d-4a43-81d5-2d87751fc79e",
      "dblevel": 5,
      "location": "/VGMA/ThieuNhi/CauChuyen/CuuUoc/05-ChiecCauVong",
      "isVideo": false,
      "url": "thieu-nhi.cau-chuyen.cuu-uoc.05-chiec-cau-vong",
      "name": "05-Chiếc Cầu Vòng",
      "count": 0,
      "isLeaf": null,
      "keyword": null,
      "hash": "U2FsdGVkX1++9rGpuSgW32EXGkSXMH46jti76jULe1xxbbzNGRLxvrdQrKUmyNhbhMlpXUpW0sf7PKN8OGJgTQ==",
      "khash": null,
      "viewCount": null,
      "duration": "12:18",
      "size": 11820692
    },
    {
      "id": "0c05c7c4-a2c3-4f79-8bbf-d0d67e450de7",
      "pid": "26805125-c31d-4a43-81d5-2d87751fc79e",
      "dblevel": 5,
      "location": "/VGMA/ThieuNhi/CauChuyen/CuuUoc/06-ThapBaBen",
      "isVideo": false,
      "url": "thieu-nhi.cau-chuyen.cuu-uoc.06-thap-ba-ben",
      "name": "06-Tháp Ba Bên",
      "count": 0,
      "isLeaf": null,
      "keyword": null,
      "hash": "U2FsdGVkX1+jmZ8Wjoi0zGe5KvXv2DYoplS1uRWjdJ32opYuGPqUvbcIlX+VtxGAzgjyzubMtDUwSj7iNU0syw==",
      "khash": null,
      "viewCount": null,
      "duration": "9:54",
      "size": 9512297
    },
    {
      "id": "6c219060-38de-4839-85d6-a3af4a7ab273",
      "pid": "26805125-c31d-4a43-81d5-2d87751fc79e",
      "dblevel": 5,
      "location": "/VGMA/ThieuNhi/CauChuyen/CuuUoc/07-OngBacNhanTu",
      "isVideo": false,
      "url": "thieu-nhi.cau-chuyen.cuu-uoc.07-ong-bac-nhan-tu",
      "name": "07-Ông Bác Nhân Từ",
      "count": 0,
      "isLeaf": null,
      "keyword": null,
      "hash": "U2FsdGVkX1/q98fsA3/n8cTyf+jzfeby2+hXvplXvkhGi0CMSfPPFE7kHkxh1Qz/mWck4M4P91/kTIT3cb7V2w==",
      "khash": null,
      "viewCount": null,
      "duration": "9:16",
      "size": 8903757
    },
    {
      "id": "126c154f-5e5c-4d48-a2e8-7aa29baa180e",
      "pid": "26805125-c31d-4a43-81d5-2d87751fc79e",
      "dblevel": 5,
      "location": "/VGMA/ThieuNhi/CauChuyen/CuuUoc/08-ChiecAoChoangVayMau",
      "isVideo": false,
      "url": "thieu-nhi.cau-chuyen.cuu-uoc.08-chiec-ao-choang-vay-mau",
      "name": "08-Chiếc Áo Choàng Vấy Máu",
      "count": 0,
      "isLeaf": null,
      "keyword": null,
      "hash": "U2FsdGVkX1//i/SzBGiOH15i9cKp0MmMnNf18dMaL8tltcZ+hko2MEiaQex1ZtATdWw8CEGiTd657MVHIhz4SQ==",
      "khash": null,
      "viewCount": null,
      "duration": "9:22",
      "size": 8995306
    },
    {
      "id": "4e1557bf-36a0-4fef-903a-d248c93a256f",
      "pid": "26805125-c31d-4a43-81d5-2d87751fc79e",
      "dblevel": 5,
      "location": "/VGMA/ThieuNhi/CauChuyen/CuuUoc/09-ChiecNoiTrenDongSong",
      "isVideo": false,
      "url": "thieu-nhi.cau-chuyen.cuu-uoc.09-chiec-noi-tren-dong-song",
      "name": "09-Chiếc Nôi Trên Dòng Sông",
      "count": 0,
      "isLeaf": null,
      "keyword": null,
      "hash": "U2FsdGVkX19yjqyFbGgs5FQ4/ZSps+c9qodF2lh/HYlAMhaEs+5sIKijtKZSxLpwPxrILZI2qxI1RejniT/Viw==",
      "khash": null,
      "viewCount": null,
      "duration": "15:35",
      "size": 14962093
    },
    {
      "id": "acda5407-c914-4581-b253-33ca09863c20",
      "pid": "26805125-c31d-4a43-81d5-2d87751fc79e",
      "dblevel": 5,
      "location": "/VGMA/ThieuNhi/CauChuyen/CuuUoc/10-BiMatTrongSaMac",
      "isVideo": false,
      "url": "thieu-nhi.cau-chuyen.cuu-uoc.10-bi-mat-trong-sa-mac",
      "name": "10-Bí Mật Trong Sa Mạc",
      "count": 0,
      "isLeaf": null,
      "keyword": null,
      "hash": "U2FsdGVkX1/zuVp/NCdey8U1CupNWXZaQOauSBGDZxFaxzrGoQV0HDZZinu88rdmn7t1/o7CLXm0j8ja11NW7w==",
      "khash": null,
      "viewCount": null,
      "duration": "10:48",
      "size": 10371637
    },
    {
      "id": "d7bd3c86-7b6d-4042-9e6d-a45e01c4bc7f",
      "pid": "26805125-c31d-4a43-81d5-2d87751fc79e",
      "dblevel": 5,
      "location": "/VGMA/ThieuNhi/CauChuyen/CuuUoc/11-DuaConCauTu",
      "isVideo": false,
      "url": "thieu-nhi.cau-chuyen.cuu-uoc.11-dua-con-cau-tu",
      "name": "11-Đứa Con Cầu Tự",
      "count": 0,
      "isLeaf": null,
      "keyword": null,
      "hash": "U2FsdGVkX19ReFqdWKeN6Cv4Z85Xzn0/BA/oIx84QaKP1ek7aIHH9Dh3YAVcQBNtRt4SwyMJAbZb6DSSXVy0bA==",
      "khash": null,
      "viewCount": null,
      "duration": "10:58",
      "size": 10536303
    },
    {
      "id": "0c3b5afb-9702-4fe0-b274-eeb2c999a6e1",
      "pid": "26805125-c31d-4a43-81d5-2d87751fc79e",
      "dblevel": 5,
      "location": "/VGMA/ThieuNhi/CauChuyen/CuuUoc/12-CauBeChanCuuVaTenKhongLo",
      "isVideo": false,
      "url": "thieu-nhi.cau-chuyen.cuu-uoc.12-cau-be-chan-cuu-va-ten-khong-lo",
      "name": "12-Cậu Bé Chăn Cừu Và Tên Khổng Lồ",
      "count": 0,
      "isLeaf": null,
      "keyword": null,
      "hash": "U2FsdGVkX18NGHRKVVsU+fQto5OdkwdBKrSgIDupI+kSVmDRNLf+Ut7MwPQQc3MnTQkg4q8O8vqLUPWHSJHnYw==",
      "khash": null,
      "viewCount": null,
      "duration": "11:7",
      "size": 10683041
    },
    {
      "id": "269efa3a-1c7c-4262-9937-eee9b804333b",
      "pid": "26805125-c31d-4a43-81d5-2d87751fc79e",
      "dblevel": 5,
      "location": "/VGMA/ThieuNhi/CauChuyen/CuuUoc/13-CoGaiNoLe",
      "isVideo": false,
      "url": "thieu-nhi.cau-chuyen.cuu-uoc.13-co-gai-no-le",
      "name": "13-Cô Gái Nô Lệ",
      "count": 0,
      "isLeaf": null,
      "keyword": null,
      "hash": "U2FsdGVkX1+26TKiz+mBn1pvNiaig66l6XrvQNg/Lt0n4/KASiO+e95X193CWDNe2H1Rt0cd2IoDng393AmGOA==",
      "khash": null,
      "viewCount": null,
      "duration": "11:55",
      "size": 11449540
    },
    {
      "id": "5069d6d9-5700-4516-a027-6288ba7050e9",
      "pid": "26805125-c31d-4a43-81d5-2d87751fc79e",
      "dblevel": 5,
      "location": "/VGMA/ThieuNhi/CauChuyen/CuuUoc/14-NguoiDayToThamLam",
      "isVideo": false,
      "url": "thieu-nhi.cau-chuyen.cuu-uoc.14-nguoi-day-to-tham-lam",
      "name": "14-Người Đầy Tớ Tham Lam",
      "count": 0,
      "isLeaf": null,
      "keyword": null,
      "hash": "U2FsdGVkX19wbQ94EuU3JNWAeTGI5ZF7efHjciEIZI7fbNAqAM30PfgS4Z59/35WSrG5Qg1pvo4orbcrCMo8jw==",
      "khash": null,
      "viewCount": null,
      "duration": "8:46",
      "size": 8432729
    },
    {
      "id": "40af9c92-ef97-4e04-84a5-632460ee693f",
      "pid": "26805125-c31d-4a43-81d5-2d87751fc79e",
      "dblevel": 5,
      "location": "/VGMA/ThieuNhi/CauChuyen/CuuUoc/15-ConCaKhongLo",
      "isVideo": false,
      "url": "thieu-nhi.cau-chuyen.cuu-uoc.15-con-ca-khong-lo",
      "name": "15-Con Cá Khổng Lồ",
      "count": 0,
      "isLeaf": null,
      "keyword": null,
      "hash": "U2FsdGVkX1/i4C7ic/teuh/M0o5+wDqxpnd8AhnqdGCE0mS9k+4M6DFN2Ya6Q2dDOC51RvPW/N4QlX8BqVecjA==",
      "khash": null,
      "viewCount": null,
      "duration": "11:30",
      "size": 11048305
    },
    {
      "id": "c8395634-d114-48c4-bfe5-9e58ca3fbcc3",
      "pid": "26805125-c31d-4a43-81d5-2d87751fc79e",
      "dblevel": 5,
      "location": "/VGMA/ThieuNhi/CauChuyen/CuuUoc/16-HoangHauYeuNuoc",
      "isVideo": false,
      "url": "thieu-nhi.cau-chuyen.cuu-uoc.16-hoang-hau-yeu-nuoc",
      "name": "16-Hoàng Hậu Yêu Nước",
      "count": 0,
      "isLeaf": null,
      "keyword": null,
      "hash": "U2FsdGVkX19tt/pLD3EeEwdwNrTtW0nT2usBUE+JeqG8oKg1b1JsCIHmmHa7Pa4qPTs7ztU2vwNSCevDweeU4w==",
      "khash": null,
      "viewCount": null,
      "duration": "14:3",
      "size": 13500060
    },
    {
      "id": "3a9685dc-c51d-48ea-99e6-822863b5cba2",
      "pid": "26805125-c31d-4a43-81d5-2d87751fc79e",
      "dblevel": 5,
      "location": "/VGMA/ThieuNhi/CauChuyen/CuuUoc/17-PhoTuongKhongLo",
      "isVideo": false,
      "url": "thieu-nhi.cau-chuyen.cuu-uoc.17-pho-tuong-khong-lo",
      "name": "17-Pho Tượng Khổng Lồ",
      "count": 0,
      "isLeaf": null,
      "keyword": null,
      "hash": "U2FsdGVkX1/wXM+bS2oohNK7DNhrGWdRWbpKkHbo7VQL1oPqt3hqerfxQ5MG/Ug9itLonf3KzxLOCapPccvOGg==",
      "khash": null,
      "viewCount": null,
      "duration": "11:25",
      "size": 10962212
    },
    {
      "id": "fab95911-5d55-4272-8c99-9814bd9a0679",
      "pid": "26805125-c31d-4a43-81d5-2d87751fc79e",
      "dblevel": 5,
      "location": "/VGMA/ThieuNhi/CauChuyen/CuuUoc/18-TrongHangSuTu",
      "isVideo": false,
      "url": "thieu-nhi.cau-chuyen.cuu-uoc.18-trong-hang-su-tu",
      "name": "18-Trong Hang Sư Tử",
      "count": 0,
      "isLeaf": null,
      "keyword": null,
      "hash": "U2FsdGVkX193r+olJhfdF5p3xs1wJso6yelyP8ZYET0EhoPOkAncjMZjazwjkoqMskRCNeFrw/dkNxp9XWDr1Q==",
      "khash": null,
      "viewCount": null,
      "duration": "11:43",
      "size": 11252689
    }
  ]
}