{
  "id": "70051fd5-ea1a-4eb8-b0fe-8718451aae97",
  "pid": "4fcba65a-e002-476e-a912-71f1c3350057",
  "dblevel": 4,
  "location": "/VGMA/ThieuNhi/CauChuyen/TanUoc",
  "isVideo": false,
  "url": "thieu-nhi.cau-chuyen.tan-uoc",
  "name": "Tân Ước",
  "count": 15,
  "isLeaf": true,
  "keyword": null,
  "hash": null,
  "khash": null,
  "viewCount": null,
  "duration": null,
  "size": null,
  "children": [
    {
      "id": "d1e9bf10-e444-403b-8b91-4e57bb0a9bdc",
      "pid": "70051fd5-ea1a-4eb8-b0fe-8718451aae97",
      "dblevel": 5,
      "location": "/VGMA/ThieuNhi/CauChuyen/TanUoc/01-ThonNuGapThienThan",
      "isVideo": false,
      "url": "thieu-nhi.cau-chuyen.tan-uoc.01-thon-nu-gap-thien-than",
      "name": "01-Thôn Nữ Gặp Thiên Thần",
      "count": 0,
      "isLeaf": null,
      "keyword": null,
      "hash": "",
      "khash": null,
      "viewCount": null,
      "duration": "12:21",
      "size": 11868773
    },
    {
      "id": "5a7eda1c-535a-4566-8745-6c3e786c79e1",
      "pid": "70051fd5-ea1a-4eb8-b0fe-8718451aae97",
      "dblevel": 5,
      "location": "/VGMA/ThieuNhi/CauChuyen/TanUoc/02-DemGiangSinhDauTien",
      "isVideo": false,
      "url": "thieu-nhi.cau-chuyen.tan-uoc.02-dem-giang-sinh-dau-tien",
      "name": "02-Đêm Giáng Sinh Đầu Tiên",
      "count": 0,
      "isLeaf": null,
      "keyword": null,
      "hash": "U2FsdGVkX19FZA5k4NLxOQ/4eSm96db9mMwbXUchSeZs4JASpxJR63picL1J5pS2MX2L9YCS77cpwFTq2xM2ww==",
      "khash": null,
      "viewCount": null,
      "duration": "11:50",
      "size": 11369314
    },
    {
      "id": "255da3a6-4d02-4c05-8de4-d719895e201a",
      "pid": "70051fd5-ea1a-4eb8-b0fe-8718451aae97",
      "dblevel": 5,
      "location": "/VGMA/ThieuNhi/CauChuyen/TanUoc/03-NhaThongThaiTimChua",
      "isVideo": false,
      "url": "thieu-nhi.cau-chuyen.tan-uoc.03-nha-thong-thai-tim-chua",
      "name": "03-Nhà Thông Thái Tìm Chúa",
      "count": 0,
      "isLeaf": null,
      "keyword": null,
      "hash": "U2FsdGVkX18LMYKcZFFjVQ4gKMbg2F3TP5qwMCjXzJse4LiyN63A6QjJrA0R/gr2b8qMXMxSXBHqqTUlFb1oIw==",
      "khash": null,
      "viewCount": null,
      "duration": "12:52",
      "size": 12354444
    },
    {
      "id": "d38e958a-a093-40f7-88c2-19bf62833a5c",
      "pid": "70051fd5-ea1a-4eb8-b0fe-8718451aae97",
      "dblevel": 5,
      "location": "/VGMA/ThieuNhi/CauChuyen/TanUoc/04-LuoiCaBatNgo",
      "isVideo": false,
      "url": "thieu-nhi.cau-chuyen.tan-uoc.04-luoi-ca-bat-ngo",
      "name": "04-Lưới Cá Bất Ngờ",
      "count": 0,
      "isLeaf": null,
      "keyword": null,
      "hash": "U2FsdGVkX1+6hDDJvk1aOT/n9d/2vQwu344/Z/ifJy4Sl8tjHlaXK0PrydLywoT69czCXHyrtE8rm9RfUK0YeA==",
      "khash": "U2FsdGVkX1/paJNDySoG2sS/tIj3XTjP1JxarTX6VyGQctPGbSLZfMewuZg7IEGIOdw9bFs/n6XuISJwLkg/gQ==",
      "viewCount": null,
      "duration": "9:14",
      "size": 8868230
    },
    {
      "id": "940450d9-467a-4b68-942c-e39f1c7ac2a4",
      "pid": "70051fd5-ea1a-4eb8-b0fe-8718451aae97",
      "dblevel": 5,
      "location": "/VGMA/ThieuNhi/CauChuyen/TanUoc/05-BuaTiecKhongNguoiDu",
      "isVideo": false,
      "url": "thieu-nhi.cau-chuyen.tan-uoc.05-bua-tiec-khong-nguoi-du",
      "name": "05-Bữa Tiệc Không Người Dự",
      "count": 0,
      "isLeaf": null,
      "keyword": null,
      "hash": "U2FsdGVkX1/gy+DH6dpVS/qU72oMziNW6mJGji+WcByZPB31m7Q3+Is72+X6n6OCe9FzyjeWL3kCXJdI6X103g==",
      "khash": null,
      "viewCount": null,
      "duration": "12:5",
      "size": 11612148
    },
    {
      "id": "ced119af-ed83-4c76-949b-9143d7d50d80",
      "pid": "70051fd5-ea1a-4eb8-b0fe-8718451aae97",
      "dblevel": 5,
      "location": "/VGMA/ThieuNhi/CauChuyen/TanUoc/06-BenBoGieng",
      "isVideo": false,
      "url": "thieu-nhi.cau-chuyen.tan-uoc.06-ben-bo-gieng",
      "name": "06-Bên Bờ Giếng",
      "count": 0,
      "isLeaf": null,
      "keyword": null,
      "hash": "U2FsdGVkX18oqsy3mrirpc2EQQbD2N9cwe+YpfD7vvBSEJIZLzQpA78ClZ7EGoql0naHTgufenSAv+5x6Fr9hg==",
      "khash": null,
      "viewCount": null,
      "duration": "12:38",
      "size": 12133739
    },
    {
      "id": "d4804912-359a-483f-a623-c5f1b0955aaa",
      "pid": "70051fd5-ea1a-4eb8-b0fe-8718451aae97",
      "dblevel": 5,
      "location": "/VGMA/ThieuNhi/CauChuyen/TanUoc/07-DangTangVui",
      "isVideo": false,
      "url": "thieu-nhi.cau-chuyen.tan-uoc.07-dang-tang-vui",
      "name": "07-Dang Tang Vui",
      "count": 0,
      "isLeaf": null,
      "keyword": null,
      "hash": "U2FsdGVkX19o0LkaILr8QT5IgWJDwc+1wHGlC8qXNGxAuLiml/v51rpMBsRpwpTRpyojIcuK8wtwN/+XJw3wmQ==",
      "khash": null,
      "viewCount": null,
      "duration": "11:36",
      "size": 11152373
    },
    {
      "id": "dd793353-ff95-46ee-8434-bef919b53919",
      "pid": "70051fd5-ea1a-4eb8-b0fe-8718451aae97",
      "dblevel": 5,
      "location": "/VGMA/ThieuNhi/CauChuyen/TanUoc/08-NguoiSa-ma-riNhonLanh",
      "isVideo": false,
      "url": "thieu-nhi.cau-chuyen.tan-uoc.08-nguoi-sa-ma-ri-nhon-lanh",
      "name": "08-Người Sa-ma-ri Nhơn Lành",
      "count": 0,
      "isLeaf": null,
      "keyword": null,
      "hash": "U2FsdGVkX1+SKL3Vxi3NhtVchp39KV8X0aY7NtBi08DBnSBVA8jglW7i/nU9dDhu+abLhw1K2S+BrneUJqJkHw==",
      "khash": null,
      "viewCount": null,
      "duration": "7:56",
      "size": 7623566
    },
    {
      "id": "744adbf4-d94f-417c-8401-5d684bd16de8",
      "pid": "70051fd5-ea1a-4eb8-b0fe-8718451aae97",
      "dblevel": 5,
      "location": "/VGMA/ThieuNhi/CauChuyen/TanUoc/09-NguoiConHoangDang",
      "isVideo": false,
      "url": "thieu-nhi.cau-chuyen.tan-uoc.09-nguoi-con-hoang-dang",
      "name": "09-Người Con Hoang Đàng",
      "count": 0,
      "isLeaf": null,
      "keyword": null,
      "hash": "U2FsdGVkX1+O1HzkStafhz312Qt1A9o+h2wU4RoLu+tzp/SyH4iWruMgyoYpU57+vDe765XZuPaXkH7LUz/MWg==",
      "khash": null,
      "viewCount": null,
      "duration": "12:3",
      "size": 11578287
    },
    {
      "id": "b59e3841-1389-47bf-b271-447cb83dee71",
      "pid": "70051fd5-ea1a-4eb8-b0fe-8718451aae97",
      "dblevel": 5,
      "location": "/VGMA/ThieuNhi/CauChuyen/TanUoc/10-DuaBeThaoAn",
      "isVideo": false,
      "url": "thieu-nhi.cau-chuyen.tan-uoc.10-dua-be-thao-an",
      "name": "10-Đứa Bé Thảo Ăn",
      "count": 0,
      "isLeaf": null,
      "keyword": null,
      "hash": "U2FsdGVkX19CR+53lhmCjTzcfaasR6BuOIygAsODd7NUJdjNpWtUQ8hMXkKaKUkM4Wos8D2jv8aVGgbC8oh6cA==",
      "khash": null,
      "viewCount": null,
      "duration": "12:2",
      "size": 11568244
    },
    {
      "id": "d0ce2652-63dc-43a6-802b-9bb5e2775983",
      "pid": "70051fd5-ea1a-4eb8-b0fe-8718451aae97",
      "dblevel": 5,
      "location": "/VGMA/ThieuNhi/CauChuyen/TanUoc/11-ChiecThuyenTrongConBao",
      "isVideo": false,
      "url": "thieu-nhi.cau-chuyen.tan-uoc.11-chiec-thuyen-trong-con-bao",
      "name": "11-Chiếc Thuyền Trong Cơn Bão",
      "count": 0,
      "isLeaf": null,
      "keyword": null,
      "hash": "U2FsdGVkX18sEnJPHDhk0ce7uuk/35unw/Z4OBsiD6tA+FnAw9753o6dzouWtGsrQS9EPmY+g5Ff2cL72ayEOQ==",
      "khash": "U2FsdGVkX1+3bF+KypcWMSSaLpb9A/JL9N5MLg3tOB6Q5Ar/EBvWatyCwcPnVolxL0Bu8oWt05k5aq7CDalzXQ==",
      "viewCount": null,
      "duration": "9:43",
      "size": 9334277
    },
    {
      "id": "ea101d94-282d-43d8-92ae-fec0f1c25394",
      "pid": "70051fd5-ea1a-4eb8-b0fe-8718451aae97",
      "dblevel": 5,
      "location": "/VGMA/ThieuNhi/CauChuyen/TanUoc/12-NguoiVeTuCoiChet",
      "isVideo": false,
      "url": "thieu-nhi.cau-chuyen.tan-uoc.12-nguoi-ve-tu-coi-chet",
      "name": "12-Người Về Từ Cõi Chết",
      "count": 0,
      "isLeaf": null,
      "keyword": null,
      "hash": "",
      "khash": null,
      "viewCount": null,
      "duration": "13:8",
      "size": 12621514
    },
    {
      "id": "da38d191-7963-4085-b057-df288ddbb1a2",
      "pid": "70051fd5-ea1a-4eb8-b0fe-8718451aae97",
      "dblevel": 5,
      "location": "/VGMA/ThieuNhi/CauChuyen/TanUoc/13-NguoiHocTroPhanBoi",
      "isVideo": false,
      "url": "thieu-nhi.cau-chuyen.tan-uoc.13-nguoi-hoc-tro-phan-boi",
      "name": "13-Người Học Trò Phản Bội",
      "count": 0,
      "isLeaf": null,
      "keyword": null,
      "hash": "U2FsdGVkX1/NXdx99eUA6ytFmWO3Sz7oc+/tZzV8AO8tnjtDwsh44jjTFJXOKGjcI4H15xvpHA7XP8fDkou4/w==",
      "khash": null,
      "viewCount": null,
      "duration": "12:17",
      "size": 11798556
    },
    {
      "id": "bd6cd608-3189-4e48-894c-8b723fdd9796",
      "pid": "70051fd5-ea1a-4eb8-b0fe-8718451aae97",
      "dblevel": 5,
      "location": "/VGMA/ThieuNhi/CauChuyen/TanUoc/14-ConDuongThapTu",
      "isVideo": false,
      "url": "thieu-nhi.cau-chuyen.tan-uoc.14-con-duong-thap-tu",
      "name": "14-Con Đường Thập Tự",
      "count": 0,
      "isLeaf": null,
      "keyword": null,
      "hash": "U2FsdGVkX1+ERP562y/BMVwxaIUteCzR0krWrB/4NKBvBftEky7DS2KT1K8Lw8Evs4JRiTk+C8x/P8Y54YRtlQ==",
      "khash": null,
      "viewCount": null,
      "duration": "10:54",
      "size": 10480303
    },
    {
      "id": "452c3108-cb87-4222-8fe2-93ea7c5edd94",
      "pid": "70051fd5-ea1a-4eb8-b0fe-8718451aae97",
      "dblevel": 5,
      "location": "/VGMA/ThieuNhi/CauChuyen/TanUoc/15-NgayVinhQuang",
      "isVideo": false,
      "url": "thieu-nhi.cau-chuyen.tan-uoc.15-ngay-vinh-quang",
      "name": "15-Ngày Vinh Quang",
      "count": 0,
      "isLeaf": null,
      "keyword": null,
      "hash": "U2FsdGVkX18ZSA8gSrKYMen8k4Pj0WAc8pnurH4sMVy7p5u4ChybJ0Uxggnarjo2Ct4CP3KPwwmrHbYCNUXEsA==",
      "khash": null,
      "viewCount": null,
      "duration": "11:44",
      "size": 11276929
    }
  ]
}